#CHROM	POS	REF	ALT	QUAL	FORMAT	PDL50	line_number	Region	Position	Ref	Ed	Strand	db	type	dbsnp	repeat	Func.wgEncodeGencodeBasicV34	Gene.wgEncodeGencodeBasicV34	ExonicFunc.wgEncodeGencodeBasicV34	AAChange.wgEncodeGencodeBasicV34	Func.refGene	Gene.refGene	ExonicFunc.refGene	AAChange.refGene	Func.knownGene	Gene.knownGene	ExonicFunc.knownGene	AAChange.knownGene	phastConsElements100way
chr1	1663609	T	C	30.6041	AD:VAF	105,13:0.110169	16825	chr1	1663609	T	C	-	A,R	ALU	-	SINE/AluSg	UTR3	SLC35E2B	-	-	UTR3	SLC35E2B	-	-	UTR3	ENST00000617444.4;SLC35E2B	-	-	-
chr1	1664121	T	C	30.1661	AD:VAF	146,10:0.0641026	16924	chr1	1664121	T	C	-	A,R	ALU	-	SINE/AluJo	UTR3	SLC35E2B	-	-	UTR3	SLC35E2B	-	-	UTR3	ENST00000617444.4;SLC35E2B	-	-	-
chr1	1664136	T	C	30.1173	AD:VAF	128,8:0.0588235	16930	chr1	1664136	T	C	-	A,R	ALU	-	SINE/AluJo	UTR3	SLC35E2B	-	-	UTR3	SLC35E2B	-	-	UTR3	ENST00000617444.4;SLC35E2B	-	-	-
chr1	1729411	T	C	30.1441	AD:VAF	152,10:0.0617284	18778	chr1	1729411	T	C	-	A,R,D	ALU	-	SINE/AluSg	ncRNA_intronic	AL031282.2	-	-	UTR3	SLC35E2A	-	-	ncRNA_intronic	AL031282.1;AL031282.2	-	-	-
chr1	1729416	T	C	30.0363	AD:VAF	152,8:0.05	18779	chr1	1729416	T	C	-	A,R,D	ALU	-	SINE/AluSg	ncRNA_intronic	AL031282.2	-	-	UTR3	SLC35E2A	-	-	ncRNA_intronic	AL031282.1;AL031282.2	-	-	-
chr1	1729599	T	C	30.0701	AD:VAF	141,8:0.0536913	18855	chr1	1729599	T	C	-	A,R	ALU	-	SINE/AluSg	ncRNA_intronic	AL031282.2	-	-	UTR3	SLC35E2A	-	-	ncRNA_intronic	AL031282.1;AL031282.2	-	-	-
chr1	1730032	T	C	30.5234	AD:VAF	97,11:0.101852	18968	chr1	1730032	T	C	-	A,R	ALU	-	SINE/AluJo	ncRNA_intronic	AL031282.2	-	-	UTR3	SLC35E2A	-	-	ncRNA_intronic	AL031282.1;AL031282.2	-	-	-
chr1	1731108	T	C	28.9873	AD:VAF	15,8:0.347826	19027	chr1	1731108	T	C	-	A,R,D	ALU	-	SINE/AluY	ncRNA_intronic	AL031282.2	-	-	UTR3	SLC35E2A	-	-	ncRNA_exonic	AL031282.1	-	-	-
chr1	1731165	T	C	59.3893	AD:VAF	8,9:0.529412	19045	chr1	1731165	T	C	-	A,R,D	ALU	-	SINE/AluY	ncRNA_intronic	AL031282.2	-	-	UTR3	SLC35E2A	-	-	ncRNA_exonic	AL031282.1	-	-	-
chr1	1852583	T	C	31.0502	AD:VAF	48,9:0.157895	23536	chr1	1852583	T	C	-	A,R	ALU	-	SINE/AluJr	intronic	GNB1	-	-	intronic	GNB1	-	-	intronic	ENST00000378609.8;GNB1	-	-	-
chr1	3812753	T	C	33.6938	AD:VAF	25,11:0.305556	35846	chr1	3812753	T	C	-	A,R,D	ALU	rs1245686794	SINE/AluSx3	UTR3	CEP104	-	-	UTR3	CEP104	-	-	UTR3	ENST00000378230.7	-	-	-
chr1	6222177	T	C	30.9479	AD:VAF	65,11:0.144737	42076	chr1	6222177	T	C	-	A,R	ALU	-	SINE/AluSz	UTR3	ICMT	-	-	UTR3	ICMT	-	-	UTR3	ENST00000343813.9	-	-	-
chr1	6222258	T	C	5.64244	AD:VAF	40,14:0.259259	42103	chr1	6222258	T	C	-	A,R,D	ALU	rs947538252	SINE/AluSz	UTR3	ICMT	-	-	UTR3	ICMT	-	-	UTR3	ENST00000343813.9	-	-	-
chr1	6222360	T	C	30.184	AD:VAF	198,14:0.0660377	42150	chr1	6222360	T	C	-	A,R,D	ALU	rs899857779	SINE/AluSz	UTR3	ICMT	-	-	UTR3	ICMT	-	-	UTR3	ENST00000343813.9	-	-	-
chr1	6222366	T	C	29.9234	AD:VAF	205,8:0.0375587	42152	chr1	6222366	T	C	-	A,R	ALU	-	SINE/AluSz	UTR3	ICMT	-	-	UTR3	ICMT	-	-	UTR3	ENST00000343813.9	-	-	-
chr1	6223184	T	C	30.573	AD:VAF	192,23:0.106977	42194	chr1	6223184	T	C	-	A,R,D	ALU	rs1363742300	SINE/AluSx3	UTR3	ICMT	-	-	UTR3	ICMT	-	-	UTR3	ENST00000343813.9	-	-	-
chr1	6223282	T	C	43.8928	AD:VAF	24,12:0.333333	42236	chr1	6223282	T	C	-	A,R,D	ALU	-	SINE/AluSx3	UTR3	ICMT	-	-	UTR3	ICMT	-	-	UTR3	ENST00000343813.9	-	-	-
chr1	6223288	T	C	53.1436	AD:VAF	18,11:0.37931	42242	chr1	6223288	T	C	-	A,R,D	ALU	-	SINE/AluSx3	UTR3	ICMT	-	-	UTR3	ICMT	-	-	UTR3	ENST00000343813.9	-	-	-
chr1	6223304	T	C	67.3266	AD:VAF	17,13:0.433333	42249	chr1	6223304	T	C	-	A,R	ALU	-	SINE/AluSx3	UTR3	ICMT	-	-	UTR3	ICMT	-	-	UTR3	ENST00000343813.9	-	-	-
chr1	6223336	T	C	93.4048	AD:VAF	20,20:0.5	42261	chr1	6223336	T	C	-	A,R	ALU	-	SINE/AluSx3	UTR3	ICMT	-	-	UTR3	ICMT	-	-	UTR3	ENST00000343813.9	-	-	-
chr1	6223341	T	C	60.0259	AD:VAF	29,16:0.355556	42262	chr1	6223341	T	C	-	A,R	ALU	-	SINE/AluSx3	UTR3	ICMT	-	-	UTR3	ICMT	-	-	UTR3	ENST00000343813.9	-	-	-
chr1	6223374	T	C	31.1284	AD:VAF	46,9:0.163636	42269	chr1	6223374	T	C	-	A,R	ALU	-	SINE/AluSx3	UTR3	ICMT	-	-	UTR3	ICMT	-	-	UTR3	ENST00000343813.9	-	-	-
chr1	6223388	T	C	30.8232	AD:VAF	59,9:0.132353	42272	chr1	6223388	T	C	-	A,R	ALU	-	SINE/AluSx3	UTR3	ICMT	-	-	UTR3	ICMT	-	-	UTR3	ENST00000343813.9	-	-	-
chr1	9103328	T	C	55.4043	AD:VAF	10,10:0.5	72634	chr1	9103328	T	C	-	A,R,D	ALU	-	SINE/AluSq2	UTR3	GPR157	-	-	UTR3	GPR157	-	-	UTR3	ENST00000377411.4	-	-	-
chr1	9103383	T	C	33.8943	AD:VAF	18,9:0.333333	72656	chr1	9103383	T	C	-	A,R	ALU	-	SINE/AluSq2	UTR3	GPR157	-	-	UTR3	GPR157	-	-	UTR3	ENST00000377411.4	-	-	-
chr1	9266895	A	G	8.89331	AD:VAF	44,12:0.214286	75631	chr1	9266895	A	G	+	A,R	ALU	-	SINE/AluSx1	UTR3	H6PD	-	-	UTR3	H6PD	-	-	UTR3	H6PD	-	-	-
chr1	9267987	A	G	30.9602	AD:VAF	45,9:0.166667	75680	chr1	9267987	A	G	+	A,R,D	ALU	rs887774006	SINE/AluJr	UTR3	H6PD	-	-	UTR3	H6PD	-	-	UTR3	H6PD	-	-	-
chr1	9268164	A	G	30.926	AD:VAF	48,8:0.142857	75726	chr1	9268164	A	G	+	A,R,D	ALU	-	SINE/AluJr	UTR3	H6PD	-	-	UTR3	H6PD	-	-	UTR3	H6PD	-	-	-
chr1	9271016	A	G	30.945	AD:VAF	77,13:0.144444	75780	chr1	9271016	A	G	+	A,R,D	ALU	-	SINE/AluSx	UTR3	H6PD	-	-	UTR3	H6PD	-	-	UTR3	H6PD	-	-	-
chr1	9271168	A	G	30.6933	AD:VAF	96,13:0.119266	75812	chr1	9271168	A	G	+	A,R	ALU	-	SINE/AluSx	UTR3	H6PD	-	-	UTR3	H6PD	-	-	UTR3	H6PD	-	-	-
chr1	9271195	A	G	30.762	AD:VAF	90,13:0.126214	75816	chr1	9271195	A	G	+	A,R	ALU	-	SINE/AluSx	UTR3	H6PD	-	-	UTR3	H6PD	-	-	UTR3	H6PD	-	-	-
chr1	9928132	T	C	25.4492	AD:VAF	34,13:0.276596	87956	chr1	9928132	T	C	-	A,R	ALU	rs1157380589	SINE/AluSp	UTR3	LZIC	-	-	UTR3	LZIC	-	-	intronic	LZIC	-	-	-
chr1	9982995	A	G	7.86471	AD:VAF	34,11:0.244444	90106	chr1	9982995	A	G	+	A,R,D	ALU	-	SINE/AluSc	UTR3	NMNAT1	-	-	UTR3	NMNAT1	-	-	UTR3	ENST00000377205.5	-	-	-
chr1	9983021	A	G	4.83583	AD:VAF	27,8:0.228571	90113	chr1	9983021	A	G	+	A,R,D	ALU	-	SINE/AluSc	UTR3	NMNAT1	-	-	UTR3	NMNAT1	-	-	UTR3	ENST00000377205.5;NMNAT1	-	-	-
chr1	9984079	A	G	50.3148	AD:VAF	6,8:0.571429	90277	chr1	9984079	A	G	+	A,R,D	ALU	-	SINE/AluSx1	ncRNA_intronic	AL603962.1	-	-	UTR3	NMNAT1	-	-	ncRNA_intronic	AL603962.1	-	-	-
chr1	9984294	A	G	31.2229	AD:VAF	58,12:0.171429	90329	chr1	9984294	A	G	+	A,R	ALU	-	SINE/AluSx1	ncRNA_exonic	AL603962.1	-	-	UTR3	NMNAT1	-	-	ncRNA_exonic	AL603962.1	-	-	-
chr1	9984308	A	G	30.4668	AD:VAF	58,13:0.183099	90331	chr1	9984308	A	G	+	A,R,D	ALU	-	SINE/AluSx1	ncRNA_exonic	AL603962.1	-	-	UTR3	NMNAT1	-	-	ncRNA_exonic	AL603962.1	-	-	-
chr1	9984327	A	G	30.7225	AD:VAF	79,11:0.122222	90336	chr1	9984327	A	G	+	A,R,D	ALU	-	SINE/AluSx1	ncRNA_exonic	AL603962.1	-	-	UTR3	NMNAT1	-	-	ncRNA_exonic	AL603962.1	-	-	-
chr1	10457632	T	C	30.4282	AD:VAF	79,8:0.091954	107584	chr1	10457632	T	C	-	A,R,D	ALU	-	SINE/AluSx1	UTR3	DFFA	-	-	UTR3	DFFA	-	-	UTR3	ENST00000377038.7	-	-	-
chr1	10457941	T	C	30.3536	AD:VAF	196,18:0.0841122	107602	chr1	10457941	T	C	-	A,R,D	ALU	-	SINE/AluJr	UTR3	DFFA	-	-	UTR3	DFFA	-	-	UTR3	ENST00000377038.7	-	-	-
chr1	10457980	T	C	30.1871	AD:VAF	211,15:0.0663717	107612	chr1	10457980	T	C	-	A,R,D	ALU	rs529753972	SINE/AluJr	UTR3	DFFA	-	-	UTR3	DFFA	-	-	UTR3	ENST00000377038.7	-	-	-
chr1	10457995	T	C	30.0363	AD:VAF	209,11:0.05	107617	chr1	10457995	T	C	-	A,R,D	ALU	-	SINE/AluJr	UTR3	DFFA	-	-	UTR3	DFFA	-	-	UTR3	ENST00000377038.7	-	-	-
chr1	10459105	T	C	30.9232	AD:VAF	48,8:0.142857	107852	chr1	10459105	T	C	-	A,R	ALU	rs925098470	SINE/AluSx3	ncRNA_exonic	AL354956.1	-	-	UTR3	DFFA	-	-	ncRNA_exonic	AL354956.1	-	-	-
chr1	10460019	T	C	28.5625	AD:VAF	27,11:0.289474	107941	chr1	10460019	T	C	-	A,R	ALU	rs1465390985	SINE/AluSx	UTR3	DFFA	-	-	UTR3	DFFA	-	-	UTR3	ENST00000377038.7	-	-	-
chr1	10460079	T	C	3.58372	AD:VAF	30,9:0.230769	107954	chr1	10460079	T	C	-	A,R,D	ALU	rs1247429564	SINE/AluSx	UTR3	DFFA	-	-	UTR3	DFFA	-	-	UTR3	ENST00000377038.7	-	-	-
chr1	10460321	T	C	47.385	AD:VAF	16,14:0.466667	108007	chr1	10460321	T	C	-	A,R,D	ALU	rs1295352069	SINE/AluSx1	UTR3	DFFA	-	-	UTR3	DFFA	-	-	UTR3	ENST00000377038.7	-	-	-
chr1	10460430	T	C	8.26978	AD:VAF	39,16:0.290909	108037	chr1	10460430	T	C	-	A,R,D	ALU	rs1392980569	SINE/AluSx1	UTR3	DFFA	-	-	UTR3	DFFA	-	-	UTR3	ENST00000377038.7	-	-	-
chr1	10460615	T	C	30.9588	AD:VAF	46,8:0.148148	108078	chr1	10460615	T	C	-	A,R	ALU	-	SINE/AluSc8	UTR3	DFFA	-	-	UTR3	DFFA	-	-	UTR3	ENST00000377038.7	-	-	-
chr1	10460678	T	C	21.7737	AD:VAF	42,12:0.222222	108092	chr1	10460678	T	C	-	A,R,D	ALU	rs1041525111	SINE/AluSc8	UTR3	DFFA	-	-	UTR3	DFFA	-	-	UTR3	ENST00000377038.7	-	-	-
chr1	10461046	T	C	12.444	AD:VAF	32,9:0.219512	108152	chr1	10461046	T	C	-	A,R	ALU	rs568592153	SINE/AluY	UTR3	DFFA	-	-	UTR3	DFFA	-	-	UTR3	ENST00000377038.7	-	-	-
chr1	11021734	A	G	4.191	AD:VAF	27,8:0.228571	112091	chr1	11021734	A	G	+	A,R,D	ALU	-	SINE/AluJr	intronic	AL109811.3;TARDBP	-	-	intronic	TARDBP	-	-	intronic	AL109811.3;TARDBP	-	-	-
chr1	11021885	A	G	102.157	AD:VAF	7,21:0.75	112116	chr1	11021885	A	G	+	A,R,D	ALU	-	SINE/AluJr	intronic	AL109811.3;TARDBP	-	-	intronic	TARDBP	-	-	intronic	AL109811.3;TARDBP	-	-	-
chr1	11976349	A	G	69.4124	AD:VAF	2,9:0.818182	127155	chr1	11976349	A	G	+	A,R	ALU	rs1212658469	SINE/AluSx	downstream	PLOD1	-	-	downstream	PLOD1	-	-	downstream	ENST00000196061.4	-	-	-
chr1	19215137	T	C	45.3945	AD:VAF	11,10:0.47619	196998	chr1	19215137	T	C	-	A,R	ALU	-	SINE/AluSx	ncRNA_intronic	EMC1-AS1	-	-	ncRNA_intronic	EMC1-AS1	-	-	ncRNA_intronic	EMC1-AS1	-	-	-
chr1	19215243	T	C	46.2044	AD:VAF	20,13:0.393939	197045	chr1	19215243	T	C	-	A,R,D	ALU	-	SINE/AluSx	ncRNA_intronic	EMC1-AS1	-	-	ncRNA_intronic	EMC1-AS1	-	-	ncRNA_intronic	EMC1-AS1	-	-	-
chr1	19215767	T	C	19.9786	AD:VAF	39,11:0.22	197113	chr1	19215767	T	C	-	A,R	ALU	-	SINE/AluSz	ncRNA_intronic	EMC1-AS1	-	-	ncRNA_intronic	EMC1-AS1	-	-	ncRNA_intronic	EMC1-AS1	-	-	-
chr1	19216115	T	C	30.7266	AD:VAF	93,13:0.122642	197227	chr1	19216115	T	C	-	A,R,D	REP	rs1013876010	SINE/FRAM	ncRNA_intronic	EMC1-AS1	-	-	ncRNA_intronic	EMC1-AS1	-	-	ncRNA_intronic	EMC1-AS1	-	-	-
chr1	19216127	T	C	30.5055	AD:VAF	90,10:0.1	197231	chr1	19216127	T	C	-	A,R,D	REP	-	SINE/FRAM	ncRNA_intronic	EMC1-AS1	-	-	ncRNA_intronic	EMC1-AS1	-	-	ncRNA_intronic	EMC1-AS1	-	-	-
chr1	19216199	T	C	30.9497	AD:VAF	59,10:0.144928	197254	chr1	19216199	T	C	-	A,R	REP	-	SINE/FRAM	ncRNA_intronic	EMC1-AS1	-	-	ncRNA_intronic	EMC1-AS1	-	-	ncRNA_intronic	EMC1-AS1	-	-	-
chr1	19216788	T	C	30.6698	AD:VAF	68,9:0.116883	197294	chr1	19216788	T	C	-	A,R,D	ALU	-	SINE/AluJo	ncRNA_intronic	EMC1-AS1	-	-	ncRNA_intronic	EMC1-AS1	-	-	ncRNA_intronic	EMC1-AS1	-	-	-
chr1	19216819	T	C	6.35588	AD:VAF	53,15:0.220588	197306	chr1	19216819	T	C	-	A,R	ALU	-	SINE/AluJo	ncRNA_intronic	EMC1-AS1	-	-	ncRNA_intronic	EMC1-AS1	-	-	ncRNA_intronic	EMC1-AS1	-	-	-
chr1	19216859	T	C	31.113	AD:VAF	52,11:0.174603	197321	chr1	19216859	T	C	-	A,R,D	ALU	-	SINE/AluJo	ncRNA_intronic	EMC1-AS1	-	-	ncRNA_intronic	EMC1-AS1	-	-	ncRNA_intronic	EMC1-AS1	-	-	-
chr1	19216866	T	C	18.2681	AD:VAF	44,15:0.254237	197328	chr1	19216866	T	C	-	A,R,D	ALU	-	SINE/AluJo	ncRNA_intronic	EMC1-AS1	-	-	ncRNA_intronic	EMC1-AS1	-	-	ncRNA_intronic	EMC1-AS1	-	-	-
chr1	19216879	T	C	31.0155	AD:VAF	56,10:0.151515	197337	chr1	19216879	T	C	-	A,R,D	ALU	-	SINE/AluJo	ncRNA_intronic	EMC1-AS1	-	-	ncRNA_intronic	EMC1-AS1	-	-	ncRNA_intronic	EMC1-AS1	-	-	-
chr1	19216918	T	C	30.3462	AD:VAF	88,8:0.0833333	197354	chr1	19216918	T	C	-	A,R	ALU	-	SINE/AluJo	ncRNA_intronic	EMC1-AS1	-	-	ncRNA_intronic	EMC1-AS1	-	-	ncRNA_intronic	EMC1-AS1	-	-	-
chr1	19217289	T	C	30.75	AD:VAF	70,10:0.125	197398	chr1	19217289	T	C	-	A,R	ALU	-	SINE/AluSz	ncRNA_intronic	EMC1-AS1	-	-	ncRNA_intronic	EMC1-AS1	-	-	ncRNA_intronic	EMC1-AS1	-	-	-
chr1	19217304	T	C	30.6606	AD:VAF	61,8:0.115942	197406	chr1	19217304	T	C	-	A,R	ALU	-	SINE/AluSz	ncRNA_intronic	EMC1-AS1	-	-	ncRNA_intronic	EMC1-AS1	-	-	ncRNA_intronic	EMC1-AS1	-	-	-
chr1	19217401	T	C	30.9485	AD:VAF	47,9:0.160714	197444	chr1	19217401	T	C	-	A,R	ALU	-	SINE/AluSz	ncRNA_intronic	EMC1-AS1	-	-	ncRNA_intronic	EMC1-AS1	-	-	ncRNA_intronic	EMC1-AS1	-	-	-
chr1	19293609	T	C	57.4044	AD:VAF	9,9:0.5	201274	chr1	19293609	T	C	-	A,R,D	ALU	-	SINE/AluJo	intergenic	AKR7A3;AKR7A2	-	-	ncRNA_exonic	LOC100506730	-	-	intergenic	ENST00000361640.4;AL035413.1	-	-	-
chr1	19293633	T	C	55.3961	AD:VAF	12,11:0.478261	201279	chr1	19293633	T	C	-	A,R,D	ALU	-	SINE/AluJo	intergenic	AKR7A3;AKR7A2	-	-	ncRNA_exonic	LOC100506730	-	-	intergenic	ENST00000361640.4;AL035413.1	-	-	-
chr1	19293984	T	C	42.7152	AD:VAF	4,9:0.692308	201341	chr1	19293984	T	C	-	A,R,D	ALU	-	SINE/AluJb	intergenic	AKR7A3;AKR7A2	-	-	ncRNA_exonic	LOC100506730	-	-	intergenic	ENST00000361640.4;AL035413.1	-	-	-
chr1	19297480	T	C	33.2288	AD:VAF	12,8:0.4	201597	chr1	19297480	T	C	-	A,R	ALU	-	SINE/AluSx3	intergenic	AKR7A3;AKR7A2	-	-	intergenic	LOC100506730;AKR7A2	-	-	ncRNA_intronic	AL035413.1	-	-	-
chr1	19298542	T	C	43.3923	AD:VAF	10,9:0.473684	201635	chr1	19298542	T	C	-	A,R	ALU	-	SINE/AluSx1	intergenic	AKR7A3;AKR7A2	-	-	intergenic	LOC100506730;AKR7A2	-	-	downstream	AL035413.1	-	-	-
chr1	19298584	T	C	60.3607	AD:VAF	9,11:0.55	201648	chr1	19298584	T	C	-	A,R	ALU	-	SINE/AluSx1	intergenic	AKR7A3;AKR7A2	-	-	intergenic	LOC100506730;AKR7A2	-	-	downstream	AL035413.1	-	-	-
chr1	19298720	T	C	85.2532	AD:VAF	11,16:0.592593	201707	chr1	19298720	T	C	-	A,R,D	ALU	-	SINE/AluSx1	intergenic	AKR7A3;AKR7A2	-	-	intergenic	LOC100506730;AKR7A2	-	-	downstream	AL035413.1	-	-	-
chr1	19298721	T	C	41.0347	AD:VAF	18,10:0.357143	201708	chr1	19298721	T	C	-	A,R	ALU	-	SINE/AluSx1	intergenic	AKR7A3;AKR7A2	-	-	intergenic	LOC100506730;AKR7A2	-	-	downstream	AL035413.1	-	-	-
chr1	19329189	A	G	30.4085	AD:VAF	81,8:0.0898876	202684	chr1	19329189	A	G	+	A,R	ALU	-	SINE/AluSz	UTR3	SLC66A1	-	-	UTR3	SLC66A1	-	-	UTR3	ENST00000375153.7;SLC66A1	-	-	-
chr1	19333233	A	G	87.0348	AD:VAF	1,9:0.9	202864	chr1	19333233	A	G	+	A,R	ALU	-	SINE/AluJb	intergenic	SLC66A1;CAPZB	-	-	intergenic	SLC66A1;CAPZB	-	-	intergenic	SLC66A1;CAPZB	-	-	-
chr1	19333362	A	G	52.3148	AD:VAF	6,8:0.571429	202899	chr1	19333362	A	G	+	A,R	ALU	-	SINE/AluJb	intergenic	SLC66A1;CAPZB	-	-	intergenic	SLC66A1;CAPZB	-	-	intergenic	SLC66A1;CAPZB	-	-	-
chr1	20648033	T	C	36.2591	AD:VAF	13,9:0.409091	217027	chr1	20648033	T	C	-	A,R	ALU	-	SINE/AluSx	ncRNA_intronic	PINK1-AS	-	-	ncRNA_intronic	PINK1-AS	-	-	ncRNA_intronic	PINK1;PINK1-AS	-	-	-
chr1	20648088	T	C	5.63295	AD:VAF	23,8:0.258065	217047	chr1	20648088	T	C	-	A,R	ALU	-	SINE/AluSx	ncRNA_intronic	PINK1-AS	-	-	ncRNA_intronic	PINK1-AS	-	-	ncRNA_intronic	PINK1;PINK1-AS	-	-	-
chr1	20651954	T	C	29.6906	AD:VAF	868,10:0.0113895	217327	chr1	20651954	T	C	-	A	ALU	rs1004823335	SINE/AluY	ncRNA_exonic	PINK1-AS	-	-	ncRNA_exonic	PINK1-AS	-	-	ncRNA_exonic	PINK1-AS	-	-	-
chr1	20652003	T	C	29.7607	AD:VAF	1014,20:0.0193424	217339	chr1	20652003	T	C	-	A,R	ALU	-	SINE/AluY	ncRNA_exonic	PINK1-AS	-	-	ncRNA_exonic	PINK1-AS	-	-	ncRNA_exonic	PINK1-AS	-	-	-
chr1	20652004	T	C	29.6825	AD:VAF	1040,11:0.0104662	217340	chr1	20652004	T	C	-	A,R	ALU	-	SINE/AluY	ncRNA_exonic	PINK1-AS	-	-	ncRNA_exonic	PINK1-AS	-	-	ncRNA_exonic	PINK1-AS	-	-	-
chr1	20652006	T	C	29.7199	AD:VAF	1071,16:0.0147194	217342	chr1	20652006	T	C	-	A,R	ALU	-	SINE/AluY	ncRNA_exonic	PINK1-AS	-	-	ncRNA_exonic	PINK1-AS	-	-	ncRNA_exonic	PINK1-AS	-	-	-
chr1	20652022	T	C	29.7239	AD:VAF	1038,16:0.0151803	217346	chr1	20652022	T	C	-	A,R	ALU	-	SINE/AluY	ncRNA_exonic	PINK1-AS	-	-	ncRNA_exonic	PINK1-AS	-	-	ncRNA_exonic	PINK1-AS	-	-	-
chr1	20652092	T	C	29.7429	AD:VAF	1134,20:0.017331	217363	chr1	20652092	T	C	-	A,R	ALU	-	SINE/AluY	ncRNA_exonic	PINK1-AS	-	-	ncRNA_exonic	PINK1-AS	-	-	ncRNA_exonic	PINK1-AS	-	-	-
chr1	20652120	T	C	29.7376	AD:VAF	1117,19:0.0167254	217368	chr1	20652120	T	C	-	A,R	ALU	-	SINE/AluY	ncRNA_exonic	PINK1-AS	-	-	ncRNA_exonic	PINK1-AS	-	-	ncRNA_exonic	PINK1-AS	-	-	-
chr1	21423824	T	C	78.3726	AD:VAF	16,19:0.542857	231967	chr1	21423824	T	C	-	A,D	REP	-	LINE/L1MC4	intergenic	AL592309.2;NBPF3	-	-	intergenic	ECE1;NBPF3	-	-	downstream	NBPF2P	-	-	-
chr1	21484370	A	G	31.6746	AD:VAF	23,10:0.30303	232165	chr1	21484370	A	G	+	A,R	REP	rs1157097809	LINE/L1MC4	UTR3	NBPF3	-	-	UTR3	NBPF3	-	-	UTR3	NBPF3	-	-	-
chr1	21484410	A	G	97.3728	AD:VAF	16,19:0.542857	232171	chr1	21484410	A	G	+	A,D	REP	rs1377696436	LINE/L1MC4	UTR3	NBPF3	-	-	UTR3	NBPF3	-	-	UTR3	NBPF3	-	-	-
chr1	24474158	A	G	27.8084	AD:VAF	17,8:0.32	266577	chr1	24474158	A	G	+	A,R	ALU	-	SINE/AluJr	intergenic	NIPAL3;RCAN3AS	-	-	intergenic	NIPAL3;RCAN3AS	-	-	intergenic	NIPAL3;ENST00000538532.5	-	-	-
chr1	24474354	A	G	17.5987	AD:VAF	20,8:0.285714	266662	chr1	24474354	A	G	+	A,R	ALU	-	SINE/AluJr	intergenic	NIPAL3;RCAN3AS	-	-	intergenic	NIPAL3;RCAN3AS	-	-	intergenic	NIPAL3;ENST00000538532.5	-	-	-
chr1	26876353	T	C	30.8402	AD:VAF	40,8:0.166667	302681	chr1	26876353	T	C	-	A,R,D	ALU	-	SINE/AluSq2	ncRNA_intronic	AL034380.1	-	-	UTR3	GPN2	-	-	ncRNA_intronic	AL034380.1	-	-	-
chr1	26878374	T	C	63.4044	AD:VAF	10,10:0.5	302871	chr1	26878374	T	C	-	A,R	ALU	rs1211594925	SINE/AluSx	UTR3	GPN2	-	-	UTR3	GPN2	-	-	UTR3	ENST00000374135.8	-	-	-
chr1	28335183	A	G	30.3302	AD:VAF	90,8:0.0816327	330329	chr1	28335183	A	G	+	A,R,D	ALU	-	SINE/AluSg	UTR3	MED18	-	-	UTR3	MED18	-	-	UTR3	ENST00000373842.8	-	-	-
chr1	28335320	A	G	30.3584	AD:VAF	119,11:0.0846154	330360	chr1	28335320	A	G	+	A,R	ALU	-	SINE/AluSg	UTR3	MED18	-	-	UTR3	MED18	-	-	UTR3	ENST00000373842.8	-	-	-
chr1	28335561	A	G	30.4707	AD:VAF	75,8:0.0963855	330371	chr1	28335561	A	G	+	A,R,D	ALU	-	SINE/AluSq2	UTR3	MED18	-	-	UTR3	MED18	-	-	UTR3	ENST00000373842.8	-	-	-
chr1	28498917	A	G	10.6057	AD:VAF	38,13:0.254902	335096	chr1	28498917	A	G	+	A,R	ALU	-	SINE/AluSg	UTR3	PHACTR4	-	-	UTR3	PHACTR4	-	-	UTR3	ENST00000373839.7	-	-	-
chr1	28499275	A	G	36.1517	AD:VAF	13,8:0.380952	335159	chr1	28499275	A	G	+	A,R,D	ALU	-	SINE/AluSp	UTR3	PHACTR4	-	-	UTR3	PHACTR4	-	-	UTR3	ENST00000373839.7	-	-	-
chr1	28499503	A	G	4.89413	AD:VAF	28,8:0.222222	335197	chr1	28499503	A	G	+	A,R,D	ALU	rs1260073684	SINE/AluJb	UTR3	PHACTR4	-	-	UTR3	PHACTR4	-	-	UTR3	ENST00000373839.7	-	-	-
chr1	28499573	A	G	4.2448	AD:VAF	49,14:0.222222	335210	chr1	28499573	A	G	+	A,R,D	ALU	-	SINE/AluJb	UTR3	PHACTR4	-	-	UTR3	PHACTR4	-	-	UTR3	ENST00000373839.7	-	-	-
chr1	30870168	T	C	29.792	AD:VAF	1837,43:0.0228723	358012	chr1	30870168	T	C	-	A,R	NONREP	rs1241442417	-/-	UTR3	SDC3	-	-	UTR3	SDC3	-	-	UTR3	SDC3	-	-	-
chr1	30870536	T	C	29.7027	AD:VAF	1856,24:0.012766	358013	chr1	30870536	T	C	-	A,R	NONREP	-	-/-	UTR3	SDC3	-	-	UTR3	SDC3	-	-	UTR3	SDC3	-	-	-
chr1	31422439	A	G	38.2275	AD:VAF	12,8:0.4	366184	chr1	31422439	A	G	+	A,R	REP	-	SINE/FLAM_C	intronic	SERINC2	-	-	intronic	SERINC2	-	-	intronic	ENST00000373709.7;SERINC2	-	-	-
chr1	32231348	A	G	29.7887	AD:VAF	999,23:0.0225049	379435	chr1	32231348	A	G	+	A,R,D	ALU	rs1186951797	SINE/AluSp	UTR3	EIF3I	-	-	UTR3	EIF3I	-	-	UTR3	EIF3I	-	-	-
chr1	32231384	A	G	29.6899	AD:VAF	1049,12:0.0113101	379445	chr1	32231384	A	G	+	A	ALU	-	SINE/AluSp	UTR3	EIF3I	-	-	UTR3	EIF3I	-	-	UTR3	EIF3I	-	-	-
chr1	32621153	T	C	30.8949	AD:VAF	53,12:0.184615	391289	chr1	32621153	T	C	-	A,R,D	ALU	rs532764897	SINE/AluY	UTR3	ZBTB8OS	-	-	UTR3	ZBTB8OS	-	-	UTR3	ZBTB8OS	-	-	-
chr1	32621251	T	C	24.7321	AD:VAF	35,8:0.186047	391306	chr1	32621251	T	C	-	A,R	ALU	-	SINE/AluY	UTR3	ZBTB8OS	-	-	UTR3	ZBTB8OS	-	-	UTR3	ZBTB8OS	-	-	-
chr1	32683115	T	C	79.3515	AD:VAF	4,11:0.733333	395852	chr1	32683115	T	C	-	A	ALU	-	SINE/AluSc	UTR3	RBBP4	-	-	UTR3	RBBP4	-	-	UTR3	ENST00000373493.9	-	-	-
chr1	35101786	A	G	95.0509	AD:VAF	1,10:0.909091	414530	chr1	35101786	A	G	+	A	ALU	rs186935028	SINE/AluSz	intronic	ZMYM1	-	-	intronic	ZMYM1	-	-	intronic	ENST00000359858.8;ZMYM1	-	-	-
chr1	35600137	T	C	27.1747	AD:VAF	5,8:0.615385	423493	chr1	35600137	T	C	-	A,R,D	ALU	-	SINE/AluJr	UTR3	PSMB2	-	-	UTR3	PSMB2	-	-	UTR3	PSMB2	-	-	-
chr1	35602275	T	C	30.2069	AD:VAF	136,10:0.0684932	423605	chr1	35602275	T	C	-	A,R	ALU	-	SINE/AluJb	UTR3	PSMB2	-	-	UTR3	PSMB2	-	-	UTR3	ENST00000373237.3;PSMB2	-	-	-
chr1	35602595	T	C	30.2226	AD:VAF	159,12:0.0701754	423639	chr1	35602595	T	C	-	A,R,D	ALU	-	SINE/AluSc	UTR3	PSMB2	-	-	UTR3	PSMB2	-	-	UTR3	ENST00000373237.3;PSMB2	-	-	-
chr1	35602642	T	C	30.0872	AD:VAF	153,9:0.0555556	423650	chr1	35602642	T	C	-	A,R,D	ALU	-	SINE/AluSc	UTR3	PSMB2	-	-	UTR3	PSMB2	-	-	UTR3	ENST00000373237.3;PSMB2	-	-	-
chr1	36069181	A	G	68.2678	AD:VAF	3,9:0.75	432247	chr1	36069181	A	G	+	A,R	ALU	rs920978028	SINE/AluJo	UTR3	AGO3	-	-	UTR3	AGO3	-	-	UTR3	ENST00000373191.8	-	-	-
chr1	36069205	A	G	64.7122	AD:VAF	4,9:0.692308	432253	chr1	36069205	A	G	+	A,R	ALU	-	SINE/AluJo	UTR3	AGO3	-	-	UTR3	AGO3	-	-	UTR3	ENST00000373191.8	-	-	-
chr1	38915226	A	G	30.8204	AD:VAF	92,14:0.132075	458421	chr1	38915226	A	G	+	A	ALU	rs1243808735	SINE/AluSz	ncRNA_intronic	AL139260.1	-	-	intronic	RHBDL2	-	-	ncRNA_intronic	AL139260.1	-	-	-
chr1	38915233	A	G	31.3938	AD:VAF	95,22:0.188034	458425	chr1	38915233	A	G	+	A,R	ALU	-	SINE/AluSz	ncRNA_intronic	AL139260.1	-	-	intronic	RHBDL2	-	-	ncRNA_intronic	AL139260.1	-	-	-
chr1	42780236	A	G	62.4124	AD:VAF	2,9:0.818182	506885	chr1	42780236	A	G	+	A,R	ALU	-	SINE/AluJr	intronic	AC098484.3	-	-	ncRNA_intronic	LOC105378683	-	-	intronic	AC098484.3	-	-	-
chr1	44815633	A	G	72.2949	AD:VAF	8,11:0.578947	531137	chr1	44815633	A	G	+	A,R	ALU	rs1199026420	SINE/AluJb	intergenic	BTBD19;PTCH2	-	-	intergenic	BTBD19;PTCH2	-	-	intergenic	BTBD19;PTCH2	-	-	-
chr1	44815648	A	G	36.2278	AD:VAF	12,8:0.4	531142	chr1	44815648	A	G	+	A,R	ALU	-	SINE/AluJb	intergenic	BTBD19;PTCH2	-	-	intergenic	BTBD19;PTCH2	-	-	intergenic	BTBD19;PTCH2	-	-	-
chr1	44815708	A	G	109.096	AD:VAF	1,12:0.923077	531166	chr1	44815708	A	G	+	A,R,D	ALU	-	SINE/AluJb	intergenic	BTBD19;PTCH2	-	-	intergenic	BTBD19;PTCH2	-	-	intergenic	BTBD19;PTCH2	-	-	-
chr1	44816193	A	G	88.0729	AD:VAF	1,11:0.916667	531295	chr1	44816193	A	G	+	A,R	ALU	-	SINE/AluSz6	intergenic	BTBD19;PTCH2	-	-	intergenic	BTBD19;PTCH2	-	-	intergenic	BTBD19;PTCH2	-	-	-
chr1	44819064	A	G	46.3893	AD:VAF	9,8:0.470588	531727	chr1	44819064	A	G	+	A,R	ALU	-	SINE/AluSc8	downstream	PTCH2;RNU5E-6P	-	-	downstream	PTCH2	-	-	downstream	PTCH2;RNU5E-6P	-	-	-
chr1	45694928	T	C	52.1844	AD:VAF	22,14:0.388889	549489	chr1	45694928	T	C	-	A,R,D	ALU	-	SINE/AluSx3	ncRNA_exonic	AL604028.1	-	-	intronic	IPP	-	-	ncRNA_exonic	AL604028.1	-	-	-
chr1	45694953	T	C	20.9666	AD:VAF	33,9:0.214286	549496	chr1	45694953	T	C	-	A,R	ALU	-	SINE/AluSx3	ncRNA_exonic	AL604028.1	-	-	intronic	IPP	-	-	ncRNA_exonic	AL604028.1	-	-	-
chr1	45694997	T	C	20.4605	AD:VAF	29,11:0.275	549511	chr1	45694997	T	C	-	A,R,D	ALU	-	SINE/AluSx3	ncRNA_intronic	AL604028.1	-	-	intronic	IPP	-	-	ncRNA_intronic	AL604028.1	-	-	-
chr1	45695219	T	C	5.3817	AD:VAF	37,11:0.229167	549582	chr1	45695219	T	C	-	A,R,D	ALU	-	SINE/AluJo	ncRNA_intronic	AL604028.1	-	-	intronic	IPP	-	-	ncRNA_intronic	AL604028.1	-	-	-
chr1	45695319	T	C	10.8051	AD:VAF	35,9:0.204545	549615	chr1	45695319	T	C	-	A,R,D	ALU	-	SINE/AluJo	ncRNA_intronic	AL604028.1	-	-	intronic	IPP	-	-	ncRNA_intronic	AL604028.1	-	-	-
chr1	45695364	T	C	66.29	AD:VAF	18,13:0.419355	549635	chr1	45695364	T	C	-	A,R,D	ALU	-	SINE/AluJo	ncRNA_intronic	AL604028.1	-	-	intronic	IPP	-	-	ncRNA_intronic	AL604028.1	-	-	-
chr1	45696668	T	C	51.3607	AD:VAF	11,9:0.45	549814	chr1	45696668	T	C	-	A,R	ALU	-	SINE/AluSp	ncRNA_intronic	AL604028.1	-	-	intronic	IPP	-	-	ncRNA_intronic	AL604028.1	-	-	-
chr1	45697389	T	C	30.9508	AD:VAF	53,9:0.145161	549916	chr1	45697389	T	C	-	A,R,D	ALU	-	SINE/AluSz	upstream	AL604028.1	-	-	intronic	IPP	-	-	intronic	IPP	-	-	-
chr1	45697875	T	C	4.81631	AD:VAF	30,9:0.230769	550024	chr1	45697875	T	C	-	A,R,D	ALU	-	SINE/AluSx3	upstream	AL604028.1;IPP	-	-	intronic	IPP	-	-	intronic	IPP	-	-	-
chr1	45698999	T	C	30.8232	AD:VAF	59,9:0.132353	550183	chr1	45698999	T	C	-	A,R,D	ALU	-	SINE/AluJb	UTR3	IPP	-	-	UTR3	IPP	-	-	UTR3	ENST00000396478.3	-	-	-
chr1	46593744	T	C	71.4125	AD:VAF	2,9:0.818182	567321	chr1	46593744	T	C	-	A,R,D	ALU	-	SINE/AluSz	intronic	MKNK1	-	-	intronic	MKNK1	-	-	intronic	ENST00000474868.1;ENST00000526513.5;ENST00000528077.5;ENST00000531355.5;MKNK1	-	-	-
chr1	46593780	T	C	62.2271	AD:VAF	6,9:0.6	567327	chr1	46593780	T	C	-	A,R	ALU	rs1007151299	SINE/AluSz	intronic	MKNK1	-	-	intronic	MKNK1	-	-	intronic	ENST00000474868.1;ENST00000526513.5;ENST00000528077.5;ENST00000531355.5;MKNK1	-	-	-
chr1	46593793	T	C	54.3893	AD:VAF	8,9:0.529412	567328	chr1	46593793	T	C	-	A,R,D	ALU	-	SINE/AluSz	intronic	MKNK1	-	-	intronic	MKNK1	-	-	intronic	ENST00000474868.1;ENST00000526513.5;ENST00000528077.5;ENST00000531355.5;MKNK1	-	-	-
chr1	46593809	T	C	50.385	AD:VAF	7,8:0.533333	567331	chr1	46593809	T	C	-	A,R,D	ALU	-	SINE/AluSz	intronic	MKNK1	-	-	intronic	MKNK1	-	-	intronic	ENST00000474868.1;ENST00000526513.5;ENST00000528077.5;ENST00000531355.5;MKNK1	-	-	-
chr1	51912261	T	C	29.7804	AD:VAF	363,8:0.0215633	597275	chr1	51912261	T	C	-	A,R	ALU	rs888421308	SINE/AluJb	UTR3	RAB3B	-	-	UTR3	RAB3B	-	-	UTR3	ENST00000371655.3	-	-	-
chr1	51912490	T	C	30.2423	AD:VAF	154,12:0.0722892	597289	chr1	51912490	T	C	-	A,R	REP	-	SINE/FLAM_C	UTR3	RAB3B	-	-	UTR3	RAB3B	-	-	UTR3	ENST00000371655.3	-	-	-
chr1	51912491	T	C	30.0279	AD:VAF	155,8:0.0490798	597290	chr1	51912491	T	C	-	A	REP	-	SINE/FLAM_C	UTR3	RAB3B	-	-	UTR3	RAB3B	-	-	UTR3	ENST00000371655.3	-	-	-
chr1	51913722	T	C	29.6924	AD:VAF	682,8:0.0115942	597328	chr1	51913722	T	C	-	A	ALU	-	SINE/AluSx1	UTR3	RAB3B	-	-	UTR3	RAB3B	-	-	UTR3	ENST00000371655.3	-	-	-
chr1	52823190	A	G	30.9435	AD:VAF	47,8:0.145455	615408	chr1	52823190	A	G	+	A,R,D	REP	-	SINE/FLAM_C	UTR3	ZYG11B	-	-	UTR3	ZYG11B	-	-	UTR3	ENST00000294353.6	-	-	-
chr1	52823244	A	G	30.0017	AD:VAF	47,10:0.175439	615429	chr1	52823244	A	G	+	A,R,D	REP	-	SINE/FLAM_C	UTR3	ZYG11B	-	-	UTR3	ZYG11B	-	-	UTR3	ENST00000294353.6	-	-	-
chr1	52824016	A	G	30.7005	AD:VAF	88,12:0.12	615481	chr1	52824016	A	G	+	A,R,D	ALU	-	SINE/AluSz	UTR3	ZYG11B	-	-	UTR3	ZYG11B	-	-	UTR3	ENST00000294353.6	-	-	-
chr1	54030539	T	C	84.3268	AD:VAF	13,17:0.566667	626823	chr1	54030539	T	C	-	A,R	ALU	-	SINE/AluJr	UTR3	TMEM59	-	-	UTR3	TMEM59	-	-	UTR3	ENST00000234831.9	-	-	-
chr1	54101736	A	G	37.4049	AD:VAF	8,8:0.5	628071	chr1	54101736	A	G	+	A,R	ALU	-	SINE/AluJb	UTR3	TCEANC2	-	-	UTR3	TCEANC2	-	-	UTR3	ENST00000234827.5	-	-	-
chr1	67409013	T	C	24.7825	AD:VAF	36,8:0.181818	687813	chr1	67409013	T	C	-	A,R,D	ALU	rs911664406	SINE/AluSz6	UTR3	SERBP1	-	-	UTR3	SERBP1	-	-	UTR3	SERBP1	-	-	-
chr1	67409014	T	C	14.2244	AD:VAF	34,10:0.227273	687814	chr1	67409014	T	C	-	A,R,D	ALU	-	SINE/AluSz6	UTR3	SERBP1	-	-	UTR3	SERBP1	-	-	UTR3	SERBP1	-	-	-
chr1	67409048	T	C	14.3961	AD:VAF	26,9:0.257143	687820	chr1	67409048	T	C	-	A,R,D	ALU	rs1001619199	SINE/AluSz6	UTR3	SERBP1	-	-	UTR3	SERBP1	-	-	UTR3	SERBP1	-	-	-
chr1	67409176	T	C	13.4368	AD:VAF	26,9:0.257143	687843	chr1	67409176	T	C	-	A,R,D	ALU	-	SINE/AluSz6	UTR3	SERBP1	-	-	UTR3	SERBP1	-	-	UTR3	SERBP1	-	-	-
chr1	77503644	A	G	31.0109	AD:VAF	56,10:0.151515	711752	chr1	77503644	A	G	+	A	ALU	-	SINE/AluSx1	intronic	AK5	-	-	intronic	AK5	-	-	intronic	AK5;ENST00000354567.6	-	-	-
chr1	77503711	A	G	30.855	AD:VAF	51,8:0.135593	711762	chr1	77503711	A	G	+	A	ALU	-	SINE/AluSx1	intronic	AK5	-	-	intronic	AK5	-	-	intronic	AK5;ENST00000354567.6	-	-	-
chr1	77877044	A	G	30.7854	AD:VAF	61,9:0.128571	717889	chr1	77877044	A	G	+	A,R,D	REP	rs1239023982	SINE/FRAM	UTR3	MIGA1	-	-	UTR3	MIGA1	-	-	UTR3	MIGA1	-	-	-
chr1	100024436	A	G	15.9138	AD:VAF	17,8:0.32	795081	chr1	100024436	A	G	+	A,R,D	ALU	-	SINE/AluSg	UTR3	SLC35A3	-	-	UTR3	SLC35A3	-	-	UTR3	ENST00000533028.7;SLC35A3	-	-	-
chr1	101075608	A	G	16.5726	AD:VAF	33,8:0.195122	803081	chr1	101075608	A	G	+	A	REP	rs187349962	LTR/MLT1K	ncRNA_exonic	AC093157.1	-	-	ncRNA_exonic	LOC102606465	-	-	ncRNA_exonic	AC093157.1;ENST00000454721.5	-	-	-
chr1	109063518	T	C	29.7597	AD:VAF	408,8:0.0192308	815855	chr1	109063518	T	C	-	A	ALU	rs1388926725	SINE/AluSz6	downstream	TAF13	-	-	downstream	TAF13	-	-	intronic	TAF13	-	-	-
chr1	109063538	T	C	29.7935	AD:VAF	424,10:0.0230415	815861	chr1	109063538	T	C	-	A,R	ALU	-	SINE/AluSz6	downstream	TAF13	-	-	downstream	TAF13	-	-	intronic	TAF13	-	-	-
chr1	109063547	T	C	29.8211	AD:VAF	447,12:0.0261438	815863	chr1	109063547	T	C	-	A,R	ALU	-	SINE/AluSz6	downstream	TAF13	-	-	downstream	TAF13	-	-	intronic	TAF13	-	-	-
chr1	109063574	T	C	29.7612	AD:VAF	455,9:0.0193966	815871	chr1	109063574	T	C	-	A,R	ALU	-	SINE/AluSz6	downstream	TAF13	-	-	downstream	TAF13	-	-	intronic	TAF13	-	-	-
chr1	109063598	T	C	30.1831	AD:VAF	425,30:0.0659341	815876	chr1	109063598	T	C	-	A,R	ALU	-	SINE/AluSz6	downstream	TAF13	-	-	downstream	TAF13	-	-	intronic	TAF13	-	-	-
chr1	109063606	T	C	29.938	AD:VAF	466,19:0.0391753	815878	chr1	109063606	T	C	-	A,R	ALU	-	SINE/AluSz6	downstream	TAF13	-	-	downstream	TAF13	-	-	intronic	TAF13	-	-	-
chr1	109063611	T	C	29.7762	AD:VAF	464,10:0.021097	815881	chr1	109063611	T	C	-	A,R	ALU	-	SINE/AluSz6	downstream	TAF13	-	-	downstream	TAF13	-	-	intronic	TAF13	-	-	-
chr1	109063619	T	C	29.8031	AD:VAF	445,11:0.0241228	815887	chr1	109063619	T	C	-	A,R	ALU	-	SINE/AluSz6	downstream	TAF13	-	-	downstream	TAF13	-	-	intronic	TAF13	-	-	-
chr1	109063645	T	C	29.7383	AD:VAF	468,8:0.0168067	815897	chr1	109063645	T	C	-	A,R	ALU	-	SINE/AluSz6	downstream	TAF13	-	-	downstream	TAF13	-	-	intronic	TAF13	-	-	-
chr1	109063684	T	C	30.1453	AD:VAF	364,24:0.0618557	815907	chr1	109063684	T	C	-	A,R	ALU	rs940365932	SINE/AluSz6	downstream	TAF13	-	-	downstream	TAF13	-	-	intronic	TAF13	-	-	-
chr1	109063901	T	C	28.8981	AD:VAF	18,9:0.333333	815931	chr1	109063901	T	C	-	A,R	ALU	-	SINE/AluSc	downstream	TAF13	-	-	downstream	TAF13	-	-	intronic	TAF13	-	-	-
chr1	109063990	T	C	51.3607	AD:VAF	11,9:0.45	815948	chr1	109063990	T	C	-	A,R	ALU	rs888581130	SINE/AluSc	downstream	TAF13	-	-	downstream	TAF13	-	-	intronic	TAF13	-	-	-
chr1	109064035	T	C	70.3578	AD:VAF	16,13:0.448276	815957	chr1	109064035	T	C	-	A,R	ALU	rs1035289010	SINE/AluSc	downstream	TAF13	-	-	downstream	TAF13	-	-	intronic	TAF13	-	-	-
chr1	145573151	T	C	30.0523	AD:VAF	2,8:0.8	908840	chr1	145573151	T	C	-	A	NONREP	-	-/-	intergenic	AC239860.4;GPR89A	-	-	ncRNA_intronic	NBPF25P	-	-	ncRNA_intronic	NBPF25P	-	-	-
chr1	146995600	A	G	21.3857	AD:VAF	30,11:0.268293	909707	chr1	146995600	A	G	+	A,R,D	REP	-	LINE/L1MC4	UTR3	NBPF12	-	-	UTR3	NBPF12	-	-	UTR3	NBPF12	-	-	-
chr1	148102873	T	C	43.0484	AD:VAF	2,8:0.8	913422	chr1	148102873	T	C	-	A,R,D	REP	-	LINE/L1MC4	UTR3	NBPF11	-	-	UTR3	NBPF11	-	-	UTR3	NBPF11	-	-	-
chr1	148532200	T	C	30.2343	AD:VAF	156,12:0.0714286	914639	chr1	148532200	T	C	-	A	REP	-	LINE/L1MC4	UTR3	NBPF14	-	-	UTR3	NBPF14	-	-	UTR3	NBPF14	-	-	-
chr1	149847987	T	C	87.4516	AD:VAF	5,13:0.722222	918796	chr1	149847987	T	C	-	A,R	REP	-	LTR/MLT1C	intergenic	H2AC18;H2AC19	-	-	intergenic	HIST2H2AA4;HIST2H2BC	-	-	ncRNA_exonic	HIST2H2BC	-	-	-
chr1	149887298	T	C	27.4119	AD:VAF	12,12:0.5	919156	chr1	149887298	T	C	-	A	NONREP	rs781907745	-/-	exonic	H2AC20	synonymous SNV	H2AC20:ENST00000331380.4:exon1:c.T324C:p.V108V	exonic	HIST2H2AC	synonymous SNV	HIST2H2AC:NM_003517:exon1:c.T324C:p.V108V	exonic	HIST2H2AC	synonymous SNV	HIST2H2AC:ENST00000331380.3:exon1:c.T324C:p.V108V	-
chr1	150993382	T	C	55.4043	AD:VAF	10,10:0.5	956791	chr1	150993382	T	C	-	A,R,D	ALU	-	SINE/AluSx1	intronic	ANXA9	-	-	intronic	ANXA9	-	-	intronic	ENST00000368947.8	-	-	-
chr1	150994849	T	C	62.4044	AD:VAF	11,11:0.5	957067	chr1	150994849	T	C	-	A,R,D	ALU	-	SINE/AluSg	intronic	ANXA9	-	-	intronic	ANXA9	-	-	intronic	ENST00000368947.8	-	-	-
chr1	150994970	T	C	99.0259	AD:VAF	2,13:0.866667	957108	chr1	150994970	T	C	-	A,R,D	ALU	-	SINE/AluSg	intronic	ANXA9	-	-	intronic	ANXA9	-	-	intronic	ENST00000368947.8	-	-	-
chr1	150995048	T	C	17.3745	AD:VAF	11,8:0.421053	957133	chr1	150995048	T	C	-	A,R,D	ALU	-	SINE/AluSg	intronic	ANXA9	-	-	intronic	ANXA9	-	-	intronic	ENST00000368947.8	-	-	-
chr1	150996185	T	C	58.3893	AD:VAF	8,9:0.529412	957186	chr1	150996185	T	C	-	A,R,D	ALU	-	SINE/AluSz	UTR3	MINDY1	-	-	downstream	ANXA9;MINDY1	-	-	UTR3	MINDY1	-	-	-
chr1	150996723	T	C	56.4044	AD:VAF	9,9:0.5	957326	chr1	150996723	T	C	-	A,R,D	ALU	-	SINE/AluSq2	UTR3	MINDY1	-	-	UTR3	MINDY1	-	-	UTR3	MINDY1	-	-	-
chr1	151123231	A	G	73.5634	AD:VAF	4,10:0.714286	963552	chr1	151123231	A	G	+	A,R,D	ALU	rs1173736024	SINE/AluSz6	UTR3	GABPB2	-	-	UTR3	GABPB2	-	-	UTR3	ENST00000368918.7	-	-	-
chr1	151874634	T	C	31.0236	AD:VAF	50,9:0.152542	981043	chr1	151874634	T	C	-	A,R,D	ALU	-	SINE/AluSx	UTR3	THEM4	-	-	UTR3	THEM4	-	-	UTR3	ENST00000368814.7;THEM4	-	-	-
chr1	155244215	T	C	30.051	AD:VAF	147,8:0.0516129	1016308	chr1	155244215	T	C	-	A	ALU	rs979582171	SINE/AluSx3	intronic	GBA	-	-	intronic	GBA	-	-	intronic	GBA	-	-	-
chr1	155881785	A	G	19.0933	AD:VAF	76,21:0.216495	1038252	chr1	155881785	A	G	+	A,R,D	ALU	rs1218515356	SINE/AluSq2	UTR3	SYT11	-	-	UTR3	SYT11	-	-	UTR3	ENST00000368324.4	-	-	-
chr1	155881822	A	G	30.2527	AD:VAF	101,8:0.0733945	1038260	chr1	155881822	A	G	+	A,R,D	ALU	-	SINE/AluSq2	UTR3	SYT11	-	-	UTR3	SYT11	-	-	UTR3	ENST00000368324.4	-	-	-
chr1	155881846	A	G	31.4105	AD:VAF	91,23:0.201754	1038264	chr1	155881846	A	G	+	A,R,D	ALU	-	SINE/AluSq2	UTR3	SYT11	-	-	UTR3	SYT11	-	-	UTR3	ENST00000368324.4	-	-	-
chr1	155881854	A	G	30.7611	AD:VAF	97,14:0.126126	1038265	chr1	155881854	A	G	+	A,R,D	ALU	-	SINE/AluSq2	UTR3	SYT11	-	-	UTR3	SYT11	-	-	UTR3	ENST00000368324.4	-	-	-
chr1	155883270	A	G	4.69538	AD:VAF	80,26:0.245283	1038299	chr1	155883270	A	G	+	A,R,D	ALU	-	SINE/AluJb	UTR3	SYT11	-	-	UTR3	SYT11	-	-	UTR3	ENST00000368324.4	-	-	-
chr1	155883278	A	G	30.2789	AD:VAF	97,8:0.0761905	1038300	chr1	155883278	A	G	+	A,R,D	ALU	-	SINE/AluJb	UTR3	SYT11	-	-	UTR3	SYT11	-	-	UTR3	ENST00000368324.4	-	-	-
chr1	155883279	A	G	30.3928	AD:VAF	93,9:0.0882353	1038301	chr1	155883279	A	G	+	A,R	ALU	-	SINE/AluJb	UTR3	SYT11	-	-	UTR3	SYT11	-	-	UTR3	ENST00000368324.4	-	-	-
chr1	155883428	A	G	31.2697	AD:VAF	89,19:0.175926	1038343	chr1	155883428	A	G	+	A,R,D	ALU	-	SINE/AluJb	UTR3	SYT11	-	-	UTR3	SYT11	-	-	UTR3	ENST00000368324.4	-	-	-
chr1	155883455	A	G	30.9289	AD:VAF	96,16:0.142857	1038349	chr1	155883455	A	G	+	A,R,D	ALU	-	SINE/AluJb	UTR3	SYT11	-	-	UTR3	SYT11	-	-	UTR3	ENST00000368324.4	-	-	-
chr1	155883460	A	G	30.957	AD:VAF	88,15:0.145631	1038350	chr1	155883460	A	G	+	A,R,D	ALU	-	SINE/AluJb	UTR3	SYT11	-	-	UTR3	SYT11	-	-	UTR3	ENST00000368324.4	-	-	-
chr1	160026785	T	C	163.416	AD:VAF	0,21:1	1070551	chr1	160026785	T	C	-	A,R,D	ALU	-	SINE/AluJr	UTR3	PIGM	-	-	UTR3	PIGM	-	-	UTR3	ENST00000368090.4	-	-	-
chr1	160026819	T	C	57.1668	AD:VAF	5,8:0.615385	1070560	chr1	160026819	T	C	-	A,R	ALU	-	SINE/AluJr	UTR3	PIGM	-	-	UTR3	PIGM	-	-	UTR3	ENST00000368090.4	-	-	-
chr1	160026966	T	C	100.415	AD:VAF	0,11:1	1070604	chr1	160026966	T	C	-	A,R	ALU	-	SINE/AluJr4	UTR3	PIGM	-	-	UTR3	PIGM	-	-	UTR3	ENST00000368090.4	-	-	-
chr1	160996561	T	C	38.9649	AD:VAF	19,10:0.344828	1078646	chr1	160996561	T	C	-	A,R,D	ALU	-	SINE/AluSg	UTR3	F11R	-	-	UTR3	F11R	-	-	UTR3	ENST00000368026.10;F11R	-	-	-
chr1	160996562	T	C	53.124	AD:VAF	20,12:0.375	1078647	chr1	160996562	T	C	-	A,R,D	ALU	-	SINE/AluSg	UTR3	F11R	-	-	UTR3	F11R	-	-	UTR3	ENST00000368026.10;F11R	-	-	-
chr1	160996644	T	C	165.295	AD:VAF	1,32:0.969697	1078660	chr1	160996644	T	C	-	A,R,D	ALU	rs879209469	SINE/AluSg	UTR3	F11R	-	-	UTR3	F11R	-	-	UTR3	ENST00000368026.10;F11R	-	-	-
chr1	160998043	T	C	103.261	AD:VAF	7,20:0.740741	1078712	chr1	160998043	T	C	-	A,R,D	ALU	-	SINE/AluSp	UTR3	AL591806.4;F11R	-	-	UTR3	F11R	-	-	UTR3	AL591806.4;ENST00000368026.10;F11R	-	-	-
chr1	160998065	T	C	9.73381	AD:VAF	23,8:0.258065	1078722	chr1	160998065	T	C	-	A,R,D	ALU	-	SINE/AluSp	UTR3	AL591806.4;F11R	-	-	UTR3	F11R	-	-	UTR3	AL591806.4;ENST00000368026.10;F11R	-	-	-
chr1	160998066	T	C	22.8421	AD:VAF	21,10:0.322581	1078723	chr1	160998066	T	C	-	A,R,D	ALU	-	SINE/AluSp	UTR3	AL591806.4;F11R	-	-	UTR3	F11R	-	-	UTR3	AL591806.4;ENST00000368026.10;F11R	-	-	-
chr1	160998067	T	C	99.0225	AD:VAF	11,20:0.645161	1078724	chr1	160998067	T	C	-	A,R,D	ALU	-	SINE/AluSp	UTR3	AL591806.4;F11R	-	-	UTR3	F11R	-	-	UTR3	AL591806.4;ENST00000368026.10;F11R	-	-	-
chr1	160998101	T	C	48.246	AD:VAF	22,15:0.405405	1078737	chr1	160998101	T	C	-	A,R,D	ALU	-	SINE/AluSp	UTR3	AL591806.4;F11R	-	-	UTR3	F11R	-	-	UTR3	AL591806.4;ENST00000368026.10;F11R	-	-	-
chr1	160998109	T	C	6.42564	AD:VAF	33,9:0.214286	1078739	chr1	160998109	T	C	-	A,R,D	ALU	-	SINE/AluSp	UTR3	AL591806.4;F11R	-	-	UTR3	F11R	-	-	UTR3	AL591806.4;ENST00000368026.10;F11R	-	-	-
chr1	161367027	A	G	7.21521	AD:VAF	33,9:0.214286	1090927	chr1	161367027	A	G	+	A,R,D	ALU	-	SINE/AluJr	intronic	CFAP126	-	-	UTR3	SDHC	-	-	UTR3	SDHC	-	-	-
chr1	168244389	A	G	14.3961	AD:VAF	26,9:0.257143	1115846	chr1	168244389	A	G	+	A,R	ALU	-	SINE/AluSx1	UTR3	SFT2D2	-	-	UTR3	SFT2D2	-	-	UTR3	ENST00000271375.6	-	-	-
chr1	168244413	A	G	12.4875	AD:VAF	26,9:0.257143	1115850	chr1	168244413	A	G	+	A,R,D	ALU	-	SINE/AluSx1	UTR3	SFT2D2	-	-	UTR3	SFT2D2	-	-	UTR3	ENST00000271375.6	-	-	-
chr1	168251102	A	G	8.05601	AD:VAF	25,9:0.264706	1115973	chr1	168251102	A	G	+	A,R,D	ALU	-	SINE/AluSz6	UTR3	SFT2D2	-	-	UTR3	SFT2D2	-	-	UTR3	ENST00000271375.6	-	-	-
chr1	179073409	A	G	53.2098	AD:VAF	26,17:0.395349	1160841	chr1	179073409	A	G	+	A,R,D	ALU	-	SINE/AluSx1	UTR3	FAM20B	-	-	UTR3	FAM20B	-	-	UTR3	ENST00000263733.4	-	-	-
chr1	179073415	A	G	11.7222	AD:VAF	35,9:0.204545	1160842	chr1	179073415	A	G	+	A,R	ALU	rs1040616440	SINE/AluSx1	UTR3	FAM20B	-	-	UTR3	FAM20B	-	-	UTR3	ENST00000263733.4	-	-	-
chr1	179073455	A	G	56.0776	AD:VAF	33,19:0.365385	1160853	chr1	179073455	A	G	+	A,R,D	ALU	-	SINE/AluSx1	UTR3	FAM20B	-	-	UTR3	FAM20B	-	-	UTR3	ENST00000263733.4	-	-	-
chr1	179074961	A	G	30.3345	AD:VAF	123,11:0.0820896	1160897	chr1	179074961	A	G	+	A,R,D	ALU	rs986906481	SINE/AluSx	UTR3	FAM20B	-	-	UTR3	FAM20B	-	-	UTR3	ENST00000263733.4	-	-	-
chr1	179075061	A	G	9.72175	AD:VAF	43,12:0.218182	1160926	chr1	179075061	A	G	+	A,R,D	ALU	-	SINE/AluSx	UTR3	FAM20B	-	-	UTR3	FAM20B	-	-	UTR3	ENST00000263733.4	-	-	-
chr1	179075098	A	G	25.5188	AD:VAF	40,9:0.183673	1160932	chr1	179075098	A	G	+	A,R	ALU	rs1296215636	SINE/AluSx	UTR3	FAM20B	-	-	UTR3	FAM20B	-	-	UTR3	ENST00000263733.4	-	-	-
chr1	179101660	T	C	30.1721	AD:VAF	130,9:0.0647482	1161690	chr1	179101660	T	C	-	A,R	ALU	-	SINE/AluSz	UTR3	ABL2	-	-	UTR3	ABL2	-	-	UTR3	ENST00000502732.5	-	-	-
chr1	179860460	T	C	29.3551	AD:VAF	10,8:0.444444	1167322	chr1	179860460	T	C	-	A,R	ALU	-	SINE/AluJr	UTR3	TOR1AIP2	-	-	UTR3	TOR1AIP2	-	-	UTR3	TOR1AIP2	-	-	-
chr1	214350763	T	C	60.267	AD:VAF	7,10:0.588235	1304626	chr1	214350763	T	C	-	A,R,D	ALU	-	SINE/AluSx	ncRNA_intronic	AL929236.1	-	-	UTR3	PTPN14	-	-	ncRNA_intronic	AL929236.1	-	-	-
chr1	214350778	T	C	31.1539	AD:VAF	13,8:0.380952	1304630	chr1	214350778	T	C	-	A,R,D	ALU	-	SINE/AluSx	ncRNA_intronic	AL929236.1	-	-	UTR3	PTPN14	-	-	ncRNA_intronic	AL929236.1	-	-	-
chr1	214350786	T	C	11.0628	AD:VAF	18,8:0.307692	1304631	chr1	214350786	T	C	-	A,R,D	ALU	rs1425376330	SINE/AluSx	ncRNA_intronic	AL929236.1	-	-	UTR3	PTPN14	-	-	ncRNA_intronic	AL929236.1	-	-	-
chr1	214351233	T	C	29.737	AD:VAF	36,8:0.181818	1304690	chr1	214351233	T	C	-	A,R	ALU	rs1403191934	SINE/AluSg	ncRNA_intronic	AL929236.1	-	-	UTR3	PTPN14	-	-	ncRNA_intronic	AL929236.1	-	-	-
chr1	214355823	T	C	30.081	AD:VAF	155,9:0.054878	1304728	chr1	214355823	T	C	-	A,R	NONREP	-	-/-	ncRNA_intronic	AL929236.1	-	-	UTR3	PTPN14	-	-	ncRNA_intronic	AL929236.1	-	-	-
chr1	214355910	T	C	30.6698	AD:VAF	68,9:0.116883	1304748	chr1	214355910	T	C	-	A,R,D	NONREP	-	-/-	ncRNA_intronic	AL929236.1	-	-	UTR3	PTPN14	-	-	ncRNA_intronic	AL929236.1	-	-	-
chr1	214356337	T	C	30.2807	AD:VAF	133,11:0.0763889	1304830	chr1	214356337	T	C	-	A,R	NONREP	-	-/-	ncRNA_intronic	AL929236.1	-	-	UTR3	PTPN14	-	-	ncRNA_intronic	AL929236.1	-	-	-
chr1	220057919	T	C	30.5475	AD:VAF	103,12:0.104348	1313139	chr1	220057919	T	C	-	A,R,D	ALU	-	SINE/AluY	splicing	BPNT1	-	-	UTR3	BPNT1	-	-	splicing	BPNT1	-	-	-
chr1	220058114	T	C	30.0604	AD:VAF	144,8:0.0526316	1313173	chr1	220058114	T	C	-	A,R,D	ALU	-	SINE/AluY	UTR3	BPNT1	-	-	UTR3	BPNT1	-	-	UTR3	BPNT1;ENST00000322067.11	-	-	-
chr1	220058604	T	C	30.3928	AD:VAF	93,9:0.0882353	1313199	chr1	220058604	T	C	-	A,R,D	ALU	-	SINE/AluSz	UTR3	BPNT1	-	-	UTR3	BPNT1	-	-	UTR3	BPNT1;ENST00000322067.11	-	-	-
chr1	220058655	T	C	30.4262	AD:VAF	99,10:0.0917431	1313214	chr1	220058655	T	C	-	A,R,D	ALU	-	SINE/AluSz	UTR3	BPNT1	-	-	UTR3	BPNT1	-	-	UTR3	BPNT1;ENST00000322067.11	-	-	-
chr1	224192834	A	G	29.7426	AD:VAF	1250,22:0.0172956	1330830	chr1	224192834	A	G	+	A,R	ALU	-	SINE/AluSx	UTR3	DEGS1	-	-	UTR3	DEGS1	-	-	UTR3	ENST00000323699.8	-	-	-
chr1	224192868	A	G	29.7087	AD:VAF	1394,19:0.0134466	1330837	chr1	224192868	A	G	+	A,R	ALU	-	SINE/AluSx	UTR3	DEGS1	-	-	UTR3	DEGS1	-	-	UTR3	ENST00000323699.8	-	-	-
chr1	225786942	A	G	29.8013	AD:VAF	408,10:0.0239234	1345206	chr1	225786942	A	G	+	A,R	ALU	-	SINE/AluJo	exonic	SRP9	synonymous SNV	SRP9:ENST00000366839.8:exon3:c.A222G:p.S74S,SRP9:ENST00000619790.4:exon3:c.A222G:p.S74S	exonic	SRP9	synonymous SNV	SRP9:NM_001130440:exon3:c.A222G:p.S74S	exonic	SRP9	synonymous SNV	SRP9:ENST00000366839.8:exon3:c.A222G:p.S74S,SRP9:ENST00000619790.4:exon3:c.A222G:p.S74S	-
chr1	225786970	A	G	29.8535	AD:VAF	391,12:0.0297767	1345213	chr1	225786970	A	G	+	A,R	ALU	rs1461758875	SINE/AluJo	UTR3	SRP9	-	-	UTR3	SRP9	-	-	UTR3	SRP9	-	-	-
chr1	225787033	A	G	44.2271	AD:VAF	15,10:0.4	1345234	chr1	225787033	A	G	+	A,R,D	ALU	-	SINE/AluJo	intronic	SRP9	-	-	intronic	SRP9	-	-	intronic	SRP9	-	-	-
chr1	225788239	A	G	70.2822	AD:VAF	21,15:0.416667	1345347	chr1	225788239	A	G	+	A,R,D	ALU	-	SINE/AluSx	UTR3	SRP9	-	-	intronic	SRP9	-	-	intronic	SRP9	-	-	-
chr1	225788358	A	G	55.3148	AD:VAF	6,8:0.571429	1345380	chr1	225788358	A	G	+	A,R,D	ALU	rs1002426753	SINE/AluSx	intronic	SRP9	-	-	intronic	SRP9	-	-	intronic	SRP9	-	-	-
chr1	225788555	A	G	18.0503	AD:VAF	15,8:0.347826	1345411	chr1	225788555	A	G	+	A,R	ALU	-	SINE/AluSg	intronic	SRP9	-	-	intronic	SRP9	-	-	intronic	SRP9	-	-	-
chr1	225983699	T	C	26.881	AD:VAF	35,8:0.186047	1348774	chr1	225983699	T	C	-	A,R,D	ALU	-	SINE/AluSz6	UTR3	SDE2	-	-	UTR3	SDE2	-	-	UTR3	ENST00000272091.7	-	-	-
chr1	235826822	T	C	65.4328	AD:VAF	3,9:0.75	1410349	chr1	235826822	T	C	-	A,D	ALU	rs185756820	SINE/AluJb	intronic	LYST	-	-	intronic	LYST	-	-	intronic	LYST	-	-	-
chr1	243612956	T	C	5.5023	AD:VAF	25,8:0.242424	1444679	chr1	243612956	T	C	-	A,R,D	ALU	rs1046480946	SINE/AluSc	intronic	AKT3	-	-	intronic	AKT3	-	-	intronic	AKT3;ENST00000263826.9;ENST00000366539.5	-	-	-
chr1	243612979	T	C	51.3034	AD:VAF	19,14:0.424242	1444682	chr1	243612979	T	C	-	A,R,D	ALU	-	SINE/AluSc	intronic	AKT3	-	-	intronic	AKT3	-	-	intronic	AKT3;ENST00000263826.9;ENST00000366539.5	-	-	-
chr2	24001264	A	G	49.3148	AD:VAF	12,9:0.428571	8398370	chr2	24001264	A	G	+	A,R,D	ALU	-	SINE/AluSp	UTR3	UBXN2A	-	-	UTR3	UBXN2A	-	-	UTR3	ENST00000309033.4	-	-	-
chr2	24002672	A	G	4.16504	AD:VAF	25,8:0.242424	8398596	chr2	24002672	A	G	+	A,R,D	ALU	-	SINE/AluSq2	UTR3	UBXN2A	-	-	UTR3	UBXN2A	-	-	UTR3	ENST00000309033.4	-	-	-
chr2	26780059	A	G	29.7954	AD:VAF	336,8:0.0232558	8435744	chr2	26780059	A	G	+	A,R	ALU	-	SINE/AluJr	UTR3	SLC35F6	-	-	UTR3	SLC35F6	-	-	UTR3	ENST00000344420.9;SLC35F6	-	-	-
chr2	32309326	A	G	43.7462	AD:VAF	33,15:0.3125	8484450	chr2	32309326	A	G	+	A,R,D	REP	-	DNA/Tigger4a	UTR3	YIPF4	-	-	UTR3	YIPF4	-	-	UTR3	ENST00000238831.8	-	-	-
chr2	32310622	A	G	70.2462	AD:VAF	22,15:0.405405	8484540	chr2	32310622	A	G	+	A,R,D	ALU	-	SINE/AluJb	UTR3	YIPF4	-	-	UTR3	YIPF4	-	-	UTR3	ENST00000238831.8	-	-	-
chr2	32310623	A	G	23.5418	AD:VAF	25,10:0.285714	8484541	chr2	32310623	A	G	+	A,R,D	ALU	-	SINE/AluJb	UTR3	YIPF4	-	-	UTR3	YIPF4	-	-	UTR3	ENST00000238831.8	-	-	-
chr2	32310678	A	G	28.1189	AD:VAF	38,8:0.173913	8484552	chr2	32310678	A	G	+	A,R,D	ALU	-	SINE/AluJb	UTR3	YIPF4	-	-	UTR3	YIPF4	-	-	UTR3	ENST00000238831.8	-	-	-
chr2	32310767	A	G	84.3073	AD:VAF	27,20:0.425532	8484575	chr2	32310767	A	G	+	A,R,D	ALU	-	SINE/AluJb	UTR3	YIPF4	-	-	UTR3	YIPF4	-	-	UTR3	ENST00000238831.8	-	-	-
chr2	32310796	A	G	30.9913	AD:VAF	44,8:0.153846	8484582	chr2	32310796	A	G	+	A,R,D	ALU	-	SINE/AluJb	UTR3	YIPF4	-	-	UTR3	YIPF4	-	-	UTR3	ENST00000238831.8	-	-	-
chr2	36523094	A	G	29.2679	AD:VAF	2,8:0.8	8499735	chr2	36523094	A	G	+	A,R	ALU	rs1037834207	SINE/AluSg4	intronic	CRIM1	-	-	intronic	CRIM1	-	-	intronic	CRIM1;ENST00000280527.6	-	-	-
chr2	37100527	T	C	31.0328	AD:VAF	83,15:0.153061	8504576	chr2	37100527	T	C	-	A,R	NONREP	-	-/-	UTR3	EIF2AK2	-	-	UTR3	EIF2AK2	-	-	UTR3	ENST00000233057.8	-	-	-
chr2	37100534	T	C	30.6244	AD:VAF	87,11:0.112245	8504579	chr2	37100534	T	C	-	A,R	NONREP	rs905798033	-/-	UTR3	EIF2AK2	-	-	UTR3	EIF2AK2	-	-	UTR3	ENST00000233057.8	-	-	-
chr2	37100939	T	C	30.512	AD:VAF	134,15:0.100671	8504654	chr2	37100939	T	C	-	A,R,D	NONREP	-	-/-	UTR3	EIF2AK2	-	-	UTR3	EIF2AK2	-	-	UTR3	ENST00000233057.8	-	-	255;14
chr2	37100944	T	C	30.5595	AD:VAF	144,17:0.10559	8504656	chr2	37100944	T	C	-	A,D	NONREP	rs112433864	-/-	UTR3	EIF2AK2	-	-	UTR3	EIF2AK2	-	-	UTR3	ENST00000233057.8	-	-	-
chr2	37102118	T	C	7.09755	AD:VAF	54,18:0.25	8504771	chr2	37102118	T	C	-	A,R,D	ALU	-	SINE/AluJr4	UTR3	EIF2AK2	-	-	UTR3	EIF2AK2	-	-	UTR3	EIF2AK2;ENST00000233057.8	-	-	-
chr2	37104471	T	C	11.7222	AD:VAF	35,9:0.204545	8505042	chr2	37104471	T	C	-	A,R,D	ALU	-	SINE/AluJo	UTR3	EIF2AK2	-	-	UTR3	EIF2AK2	-	-	UTR3	ENST00000233057.8	-	-	-
chr2	37104499	T	C	30.762	AD:VAF	45,10:0.181818	8505054	chr2	37104499	T	C	-	A,R,D	ALU	rs1340126534	SINE/AluJo	UTR3	EIF2AK2	-	-	UTR3	EIF2AK2	-	-	UTR3	ENST00000233057.8	-	-	-
chr2	37202486	A	G	30.1467	AD:VAF	121,8:0.0620155	8506655	chr2	37202486	A	G	+	A,R,D	ALU	-	SINE/AluSz	UTR3	CEBPZOS	-	-	UTR3	CEBPZOS	-	-	UTR3	CEBPZOS;ENST00000402297.5	-	-	-
chr2	37202525	A	G	30.2984	AD:VAF	106,9:0.0782609	8506674	chr2	37202525	A	G	+	A,R,D	ALU	-	SINE/AluSz	UTR3	CEBPZOS	-	-	UTR3	CEBPZOS	-	-	UTR3	CEBPZOS;ENST00000402297.5	-	-	-
chr2	38566185	T	C	67.2003	AD:VAF	4,12:0.75	8515892	chr2	38566185	T	C	-	A,R,D	ALU	-	SINE/AluSx1	intronic	HNRNPLL	-	-	intronic	HNRNPLL	-	-	intronic	ENST00000449105.7;HNRNPLL	-	-	-
chr2	46910805	T	C	30.2295	AD:VAF	131,10:0.070922	8572358	chr2	46910805	T	C	-	A,R	ALU	-	SINE/AluJr	UTR5	MCFD2	-	-	UTR5	MCFD2	-	-	UTR5	MCFD2	-	-	-
chr2	61049653	A	G	30.815	AD:VAF	19,9:0.321429	8638381	chr2	61049653	A	G	+	A,R,D	ALU	rs1361509118	SINE/AluSp	UTR3	PEX13	-	-	UTR3	PEX13	-	-	UTR3	ENST00000295030.5	-	-	-
chr2	61050269	A	G	67.4045	AD:VAF	11,11:0.5	8638450	chr2	61050269	A	G	+	A,R,D	ALU	-	SINE/AluSx	UTR3	PEX13	-	-	UTR3	PEX13	-	-	UTR3	ENST00000295030.5	-	-	-
chr2	61141890	T	C	3.06553	AD:VAF	27,8:0.228571	8642206	chr2	61141890	T	C	-	A,R,D	ALU	-	SINE/AluSx	ncRNA_exonic	AC016747.1	-	-	ncRNA_exonic	LOC339803	-	-	ncRNA_exonic	AC016747.1	-	-	-
chr2	69461622	T	C	17.5987	AD:VAF	20,8:0.285714	8703552	chr2	69461622	T	C	-	A,R,D	ALU	-	SINE/AluSq2	UTR3	AAK1	-	-	UTR3	AAK1	-	-	UTR3	AAK1	-	-	-
chr2	69461720	T	C	7.05423	AD:VAF	27,8:0.228571	8703578	chr2	69461720	T	C	-	A,R,D	ALU	-	SINE/AluSq2	UTR3	AAK1	-	-	UTR3	AAK1	-	-	UTR3	AAK1	-	-	-
chr2	69461774	T	C	15.3556	AD:VAF	29,10:0.25641	8703596	chr2	69461774	T	C	-	A,R,D	ALU	-	SINE/AluSq2	UTR3	AAK1	-	-	UTR3	AAK1	-	-	UTR3	AAK1	-	-	-
chr2	69463445	T	C	11.4145	AD:VAF	34,11:0.244444	8703692	chr2	69463445	T	C	-	A,R,D	ALU	-	SINE/AluJr	UTR3	AAK1	-	-	UTR3	AAK1	-	-	UTR3	AAK1	-	-	-
chr2	70279508	A	G	29.6967	AD:VAF	654,8:0.0120846	8720935	chr2	70279508	A	G	+	A	ALU	-	SINE/AluSc5	UTR3	PCYOX1	-	-	UTR3	PCYOX1	-	-	UTR3	ENST00000433351.6	-	-	-
chr2	70279516	A	G	29.7007	AD:VAF	709,9:0.0125348	8720936	chr2	70279516	A	G	+	A,R	ALU	-	SINE/AluSc5	UTR3	PCYOX1	-	-	UTR3	PCYOX1	-	-	UTR3	ENST00000433351.6	-	-	-
chr2	70279665	A	G	29.7016	AD:VAF	703,9:0.0126404	8720979	chr2	70279665	A	G	+	A,R	ALU	-	SINE/AluSc5	UTR3	PCYOX1	-	-	UTR3	PCYOX1	-	-	UTR3	ENST00000433351.6	-	-	-
chr2	70279733	A	G	29.6835	AD:VAF	748,8:0.010582	8720994	chr2	70279733	A	G	+	A,R	ALU	rs1209165300	SINE/AluSc5	UTR3	PCYOX1	-	-	UTR3	PCYOX1	-	-	UTR3	ENST00000433351.6	-	-	-
chr2	70279734	A	G	29.7208	AD:VAF	731,11:0.0148248	8720995	chr2	70279734	A	G	+	A,R	ALU	rs1416259958	SINE/AluSc5	UTR3	PCYOX1	-	-	UTR3	PCYOX1	-	-	UTR3	ENST00000433351.6	-	-	-
chr2	70279741	A	G	29.7004	AD:VAF	632,8:0.0125	8720997	chr2	70279741	A	G	+	A	ALU	-	SINE/AluSc5	UTR3	PCYOX1	-	-	UTR3	PCYOX1	-	-	UTR3	ENST00000433351.6	-	-	-
chr2	70279851	A	G	29.7323	AD:VAF	488,8:0.016129	8721018	chr2	70279851	A	G	+	A	ALU	-	SINE/AluSz	UTR3	PCYOX1	-	-	UTR3	PCYOX1	-	-	UTR3	ENST00000433351.6	-	-	-
chr2	70279960	A	G	29.7217	AD:VAF	594,9:0.0149254	8721048	chr2	70279960	A	G	+	A	ALU	-	SINE/AluSz	UTR3	PCYOX1	-	-	UTR3	PCYOX1	-	-	UTR3	ENST00000433351.6	-	-	-
chr2	75668318	A	G	28.4577	AD:VAF	3,8:0.727273	8753776	chr2	75668318	A	G	+	A,R,D	REP	rs1414090921	LTR/PABL_B	intronic	GCFC2;MRPL19	-	-	intronic	GCFC2	-	-	intronic	ENST00000321027.7;GCFC2;MRPL19	-	-	-
chr2	75668511	A	G	32.3526	AD:VAF	10,8:0.444444	8753807	chr2	75668511	A	G	+	A,R	REP	-	LTR/PABL_B	intronic	GCFC2;MRPL19	-	-	intronic	GCFC2	-	-	intronic	ENST00000321027.7;GCFC2;MRPL19	-	-	-
chr2	85319404	T	C	29.7379	AD:VAF	645,11:0.0167683	8770415	chr2	85319404	T	C	-	A,R	ALU	-	SINE/AluSc	UTR3	TGOLN2	-	-	UTR3	TGOLN2	-	-	UTR3	ENST00000377386.7;TGOLN2	-	-	-
chr2	85319448	T	C	29.7476	AD:VAF	660,12:0.0178571	8770423	chr2	85319448	T	C	-	A,R,D	ALU	-	SINE/AluSc	UTR3	TGOLN2	-	-	UTR3	TGOLN2	-	-	UTR3	ENST00000377386.7;TGOLN2	-	-	-
chr2	85319449	T	C	29.8408	AD:VAF	651,19:0.0283582	8770424	chr2	85319449	T	C	-	A,R,D	ALU	-	SINE/AluSc	UTR3	TGOLN2	-	-	UTR3	TGOLN2	-	-	UTR3	ENST00000377386.7;TGOLN2	-	-	-
chr2	85546253	T	C	11.5599	AD:VAF	23,8:0.258065	8775078	chr2	85546253	T	C	-	A,R	ALU	-	SINE/AluY	UTR3	GGCX	-	-	UTR3	GGCX	-	-	UTR3	ENST00000233838.8	-	-	-
chr2	85546278	T	C	71.3986	AD:VAF	14,13:0.481481	8775093	chr2	85546278	T	C	-	A,R,D	ALU	rs1011429519	SINE/AluY	UTR3	GGCX	-	-	UTR3	GGCX	-	-	UTR3	ENST00000233838.8	-	-	-
chr2	85548013	T	C	30.5114	AD:VAF	41,8:0.163265	8775241	chr2	85548013	T	C	-	A,R,D	ALU	-	SINE/AluSx1	UTR3	GGCX	-	-	UTR3	GGCX	-	-	UTR3	ENST00000233838.8	-	-	-
chr2	85549521	T	C	30.4426	AD:VAF	97,10:0.0934579	8775387	chr2	85549521	T	C	-	A,R	ALU	-	SINE/AluSz6	UTR3	GGCX	-	-	UTR3	GGCX	-	-	UTR3	ENST00000233838.8	-	-	-
chr2	86022838	T	C	31.0594	AD:VAF	47,9:0.160714	8784313	chr2	86022838	T	C	-	A,R,D	ALU	-	SINE/AluJo	UTR3	POLR1A	-	-	UTR3	POLR1A	-	-	UTR3	ENST00000263857.10	-	-	-
chr2	86502606	T	C	30.993	AD:VAF	57,10:0.149254	8789595	chr2	86502606	T	C	-	A,R	ALU	rs986647139	SINE/AluJb	downstream	CHMP3	-	-	downstream	CHMP3;RNF103-CHMP3	-	-	downstream	ENST00000263856.8	-	-	-
chr2	99195935	A	G	30.1213	AD:VAF	127,8:0.0592593	8835894	chr2	99195935	A	G	+	A,R,D	ALU	-	SINE/AluSx	UTR3	MRPL30	-	-	UTR3	MRPL30	-	-	UTR3	ENST00000338148.7	-	-	-
chr2	99204223	A	G	48.1667	AD:VAF	5,8:0.615385	8836215	chr2	99204223	A	G	+	A,R,D	ALU	-	SINE/AluJr	intronic	AC079447.1	-	-	intergenic	MRPL30;LYG2	-	-	intronic	AC079447.1	-	-	-
chr2	99313110	T	C	74.4933	AD:VAF	3,10:0.769231	8839192	chr2	99313110	T	C	-	A,R	ALU	-	SINE/AluSp	intronic	AC079447.1	-	-	intergenic	LYG1;TXNDC9	-	-	intronic	AC079447.1	-	-	-
chr2	99316372	T	C	59.0347	AD:VAF	5,9:0.642857	8839415	chr2	99316372	T	C	-	A,R	ALU	rs1461858789	SINE/AluJr4	intronic	AC079447.1	-	-	intergenic	LYG1;TXNDC9	-	-	intronic	AC079447.1	-	-	-
chr2	105360144	T	C	87.3422	AD:VAF	4,13:0.764706	8863663	chr2	105360144	T	C	-	A,R	ALU	-	SINE/AluSx1	UTR3	FHL2	-	-	UTR3	FHL2	-	-	UTR3	ENST00000409177.5	-	-	-
chr2	112576664	A	G	55.4043	AD:VAF	9,9:0.5	8891547	chr2	112576664	A	G	+	A,R,D	NONREP	-	-/-	UTR3	POLR1B	-	-	UTR3	POLR1B	-	-	UTR3	POLR1B	-	-	-
chr2	113707568	T	C	30.3048	AD:VAF	105,9:0.0789474	8899035	chr2	113707568	T	C	-	A,R	ALU	-	SINE/AluSx3	UTR3	SLC35F5	-	-	UTR3	SLC35F5	-	-	intergenic	AC017074.1;ENST00000245680.6	-	-	-
chr2	113707595	T	C	30.9019	AD:VAF	92,15:0.140187	8899047	chr2	113707595	T	C	-	A,R,D	ALU	-	SINE/AluSx3	UTR3	SLC35F5	-	-	UTR3	SLC35F5	-	-	intergenic	AC017074.1;ENST00000245680.6	-	-	-
chr2	113707632	T	C	84.2795	AD:VAF	52,37:0.41573	8899056	chr2	113707632	T	C	-	A,R,D	ALU	-	SINE/AluSx3	UTR3	SLC35F5	-	-	UTR3	SLC35F5	-	-	intergenic	AC017074.1;ENST00000245680.6	-	-	-
chr2	113707657	T	C	17.8834	AD:VAF	67,21:0.238636	8899064	chr2	113707657	T	C	-	A,R,D	ALU	-	SINE/AluSx3	UTR3	SLC35F5	-	-	UTR3	SLC35F5	-	-	intergenic	AC017074.1;ENST00000245680.6	-	-	-
chr2	113707671	T	C	30.9909	AD:VAF	57,10:0.149254	8899068	chr2	113707671	T	C	-	A,R,D	ALU	-	SINE/AluSx3	UTR3	SLC35F5	-	-	UTR3	SLC35F5	-	-	intergenic	AC017074.1;ENST00000245680.6	-	-	-
chr2	113707688	T	C	30.804	AD:VAF	60,9:0.130435	8899071	chr2	113707688	T	C	-	A,R,D	ALU	rs1253502170	SINE/AluSx3	UTR3	SLC35F5	-	-	UTR3	SLC35F5	-	-	intergenic	AC017074.1;ENST00000245680.6	-	-	-
chr2	113707692	T	C	31.0776	AD:VAF	58,11:0.15942	8899072	chr2	113707692	T	C	-	A,R,D	ALU	-	SINE/AluSx3	UTR3	SLC35F5	-	-	UTR3	SLC35F5	-	-	intergenic	AC017074.1;ENST00000245680.6	-	-	-
chr2	113707698	T	C	23.3573	AD:VAF	55,20:0.266667	8899073	chr2	113707698	T	C	-	A,D	ALU	rs142753958	SINE/AluSx3	UTR3	SLC35F5	-	-	UTR3	SLC35F5	-	-	intergenic	AC017074.1;ENST00000245680.6	-	-	-
chr2	113707720	T	C	30.8109	AD:VAF	53,8:0.131148	8899076	chr2	113707720	T	C	-	A,R,D	ALU	-	SINE/AluSx3	UTR3	SLC35F5	-	-	UTR3	SLC35F5	-	-	intergenic	AC017074.1;ENST00000245680.6	-	-	-
chr2	113707739	T	C	31.0418	AD:VAF	48,9:0.157895	8899088	chr2	113707739	T	C	-	A,R,D	ALU	-	SINE/AluSx3	UTR3	SLC35F5	-	-	UTR3	SLC35F5	-	-	intergenic	AC017074.1;ENST00000245680.6	-	-	-
chr2	113707743	T	C	21.9572	AD:VAF	46,12:0.206897	8899090	chr2	113707743	T	C	-	A,R,D	ALU	-	SINE/AluSx3	UTR3	SLC35F5	-	-	UTR3	SLC35F5	-	-	intergenic	AC017074.1;ENST00000245680.6	-	-	-
chr2	113707779	T	C	19.2968	AD:VAF	46,16:0.258065	8899102	chr2	113707779	T	C	-	A,R,D	ALU	-	SINE/AluSx3	UTR3	SLC35F5	-	-	UTR3	SLC35F5	-	-	intergenic	AC017074.1;ENST00000245680.6	-	-	-
chr2	113707798	T	C	17.5033	AD:VAF	41,10:0.196078	8899108	chr2	113707798	T	C	-	A,R	ALU	-	SINE/AluSx3	UTR3	SLC35F5	-	-	UTR3	SLC35F5	-	-	intergenic	AC017074.1;ENST00000245680.6	-	-	-
chr2	113707833	T	C	30.8787	AD:VAF	50,8:0.137931	8899114	chr2	113707833	T	C	-	A,R,D	ALU	-	SINE/AluSx3	UTR3	SLC35F5	-	-	UTR3	SLC35F5	-	-	intergenic	AC017074.1;ENST00000245680.6	-	-	-
chr2	113708460	T	C	30.6473	AD:VAF	85,11:0.114583	8899127	chr2	113708460	T	C	-	A,R	ALU	-	SINE/AluSz	UTR3	SLC35F5	-	-	UTR3	SLC35F5	-	-	intergenic	AC017074.1;ENST00000245680.6	-	-	-
chr2	113708461	T	C	30.3717	AD:VAF	85,8:0.0860215	8899128	chr2	113708461	T	C	-	A,R	ALU	-	SINE/AluSz	UTR3	SLC35F5	-	-	UTR3	SLC35F5	-	-	intergenic	AC017074.1;ENST00000245680.6	-	-	-
chr2	113708488	T	C	30.5177	AD:VAF	71,8:0.101266	8899134	chr2	113708488	T	C	-	A,R	ALU	-	SINE/AluSz	UTR3	SLC35F5	-	-	UTR3	SLC35F5	-	-	intergenic	AC017074.1;ENST00000245680.6	-	-	-
chr2	113708513	T	C	31.0044	AD:VAF	49,9:0.155172	8899141	chr2	113708513	T	C	-	A,R,D	ALU	rs1444201370	SINE/AluSz	UTR3	SLC35F5	-	-	UTR3	SLC35F5	-	-	intergenic	AC017074.1;ENST00000245680.6	-	-	-
chr2	113708539	T	C	81.3151	AD:VAF	32,24:0.428571	8899150	chr2	113708539	T	C	-	A,R	ALU	-	SINE/AluSz	UTR3	SLC35F5	-	-	UTR3	SLC35F5	-	-	intergenic	AC017074.1;ENST00000245680.6	-	-	-
chr2	113708544	T	C	30.8843	AD:VAF	56,9:0.138462	8899152	chr2	113708544	T	C	-	A,R,D	ALU	-	SINE/AluSz	UTR3	SLC35F5	-	-	UTR3	SLC35F5	-	-	intergenic	AC017074.1;ENST00000245680.6	-	-	-
chr2	113708557	T	C	12.4484	AD:VAF	57,16:0.219178	8899162	chr2	113708557	T	C	-	A,R	ALU	-	SINE/AluSz	UTR3	SLC35F5	-	-	UTR3	SLC35F5	-	-	intergenic	AC017074.1;ENST00000245680.6	-	-	-
chr2	113708558	T	C	30.833	AD:VAF	65,10:0.133333	8899163	chr2	113708558	T	C	-	A,R	ALU	-	SINE/AluSz	UTR3	SLC35F5	-	-	UTR3	SLC35F5	-	-	intergenic	AC017074.1;ENST00000245680.6	-	-	-
chr2	113708562	T	C	15.385	AD:VAF	56,15:0.211268	8899165	chr2	113708562	T	C	-	A,R	ALU	-	SINE/AluSz	UTR3	SLC35F5	-	-	UTR3	SLC35F5	-	-	intergenic	AC017074.1;ENST00000245680.6	-	-	-
chr2	113708578	T	C	25.2414	AD:VAF	67,18:0.211765	8899169	chr2	113708578	T	C	-	A,R	ALU	-	SINE/AluSz	UTR3	SLC35F5	-	-	UTR3	SLC35F5	-	-	intergenic	AC017074.1;ENST00000245680.6	-	-	-
chr2	113708584	T	C	4.19699	AD:VAF	61,18:0.227848	8899172	chr2	113708584	T	C	-	A,R	ALU	-	SINE/AluSz	UTR3	SLC35F5	-	-	UTR3	SLC35F5	-	-	intergenic	AC017074.1;ENST00000245680.6	-	-	-
chr2	113708623	T	C	30.7642	AD:VAF	76,11:0.126437	8899184	chr2	113708623	T	C	-	A,R	ALU	-	SINE/AluSz	UTR3	SLC35F5	-	-	UTR3	SLC35F5	-	-	intergenic	AC017074.1;ENST00000245680.6	-	-	-
chr2	113708624	T	C	30.4385	AD:VAF	78,8:0.0930233	8899185	chr2	113708624	T	C	-	A,R	ALU	-	SINE/AluSz	UTR3	SLC35F5	-	-	UTR3	SLC35F5	-	-	intergenic	AC017074.1;ENST00000245680.6	-	-	-
chr2	113708649	T	C	30.4549	AD:VAF	86,9:0.0947368	8899188	chr2	113708649	T	C	-	A,R	ALU	-	SINE/AluSz	UTR3	SLC35F5	-	-	UTR3	SLC35F5	-	-	intergenic	AC017074.1;ENST00000245680.6	-	-	-
chr2	113708714	T	C	30.7674	AD:VAF	62,9:0.126761	8899201	chr2	113708714	T	C	-	A,D	ALU	rs182206747	SINE/AluSz	UTR3	SLC35F5	-	-	UTR3	SLC35F5	-	-	intergenic	AC017074.1;ENST00000245680.6	-	-	-
chr2	113709846	T	C	30.4433	AD:VAF	126,13:0.0935252	8899214	chr2	113709846	T	C	-	A,R	ALU	-	SINE/AluJo	UTR3	SLC35F5	-	-	UTR3	SLC35F5	-	-	intergenic	AC017074.1;ENST00000245680.6	-	-	-
chr2	113709923	T	C	30.5388	AD:VAF	104,12:0.103448	8899232	chr2	113709923	T	C	-	A,R	ALU	-	SINE/AluJo	UTR3	SLC35F5	-	-	UTR3	SLC35F5	-	-	intergenic	AC017074.1;ENST00000245680.6	-	-	-
chr2	113709950	T	C	30.6058	AD:VAF	129,16:0.110345	8899236	chr2	113709950	T	C	-	A,R,D	ALU	-	SINE/AluJo	UTR3	SLC35F5	-	-	UTR3	SLC35F5	-	-	intergenic	AC017074.1;ENST00000245680.6	-	-	-
chr2	113709979	T	C	28.4731	AD:VAF	95,27:0.221311	8899246	chr2	113709979	T	C	-	A,R,D	ALU	-	SINE/AluJo	UTR3	SLC35F5	-	-	UTR3	SLC35F5	-	-	intergenic	AC017074.1;ENST00000245680.6	-	-	-
chr2	113709980	T	C	31.0473	AD:VAF	104,19:0.154472	8899247	chr2	113709980	T	C	-	A,R,D	ALU	-	SINE/AluJo	UTR3	SLC35F5	-	-	UTR3	SLC35F5	-	-	intergenic	AC017074.1;ENST00000245680.6	-	-	-
chr2	113710053	T	C	31.5273	AD:VAF	116,29:0.2	8899276	chr2	113710053	T	C	-	A,R,D	ALU	-	SINE/AluJo	UTR3	SLC35F5	-	-	UTR3	SLC35F5	-	-	intergenic	AC017074.1;ENST00000245680.6	-	-	-
chr2	113710473	T	C	28.0318	AD:VAF	63,15:0.192308	8899296	chr2	113710473	T	C	-	A,R	ALU	-	SINE/AluSz	UTR3	SLC35F5	-	-	UTR3	SLC35F5	-	-	intergenic	AC017074.1;ENST00000245680.6	-	-	-
chr2	113710485	T	C	107.396	AD:VAF	32,35:0.522388	8899298	chr2	113710485	T	C	-	A,R,D	ALU	-	SINE/AluSz	UTR3	SLC35F5	-	-	UTR3	SLC35F5	-	-	intergenic	AC017074.1;ENST00000245680.6	-	-	-
chr2	113710486	T	C	7.79909	AD:VAF	52,16:0.235294	8899299	chr2	113710486	T	C	-	A,R,D	ALU	-	SINE/AluSz	UTR3	SLC35F5	-	-	UTR3	SLC35F5	-	-	intergenic	AC017074.1;ENST00000245680.6	-	-	-
chr2	113710547	T	C	86.2587	AD:VAF	39,27:0.409091	8899309	chr2	113710547	T	C	-	A,R,D	ALU	-	SINE/AluSz	UTR3	SLC35F5	-	-	UTR3	SLC35F5	-	-	intergenic	AC017074.1;ENST00000245680.6	-	-	-
chr2	113710591	T	C	30.833	AD:VAF	65,10:0.133333	8899318	chr2	113710591	T	C	-	A,R	ALU	-	SINE/AluSz	UTR3	SLC35F5	-	-	UTR3	SLC35F5	-	-	intergenic	AC017074.1;ENST00000245680.6	-	-	-
chr2	113710693	T	C	30.926	AD:VAF	48,8:0.142857	8899343	chr2	113710693	T	C	-	A,R	ALU	-	SINE/AluSz	UTR3	SLC35F5	-	-	UTR3	SLC35F5	-	-	intergenic	AC017074.1;ENST00000245680.6	-	-	-
chr2	113710726	T	C	61.1241	AD:VAF	25,15:0.375	8899353	chr2	113710726	T	C	-	A,R	ALU	-	SINE/AluSz	UTR3	SLC35F5	-	-	UTR3	SLC35F5	-	-	intergenic	AC017074.1;ENST00000245680.6	-	-	-
chr2	113710748	T	C	6.3117	AD:VAF	24,8:0.25	8899358	chr2	113710748	T	C	-	A,R	ALU	-	SINE/AluSz	UTR3	SLC35F5	-	-	UTR3	SLC35F5	-	-	intergenic	AC017074.1;ENST00000245680.6	-	-	-
chr2	113712428	T	C	8.26978	AD:VAF	39,16:0.290909	8899385	chr2	113712428	T	C	-	A,R	ALU	rs1259683099	SINE/AluYe5	UTR3	SLC35F5	-	-	UTR3	SLC35F5	-	-	downstream	ENST00000245680.6	-	-	-
chr2	113712455	T	C	31.0885	AD:VAF	46,9:0.163636	8899389	chr2	113712455	T	C	-	A,R	ALU	-	SINE/AluYe5	UTR3	SLC35F5	-	-	UTR3	SLC35F5	-	-	downstream	ENST00000245680.6	-	-	-
chr2	113712510	T	C	31.146	AD:VAF	50,10:0.166667	8899401	chr2	113712510	T	C	-	A,R	ALU	-	SINE/AluYe5	UTR3	SLC35F5	-	-	UTR3	SLC35F5	-	-	downstream	ENST00000245680.6	-	-	-
chr2	113712516	T	C	60.2386	AD:VAF	37,25:0.403226	8899404	chr2	113712516	T	C	-	A,R,D	ALU	-	SINE/AluYe5	UTR3	SLC35F5	-	-	UTR3	SLC35F5	-	-	downstream	ENST00000245680.6	-	-	-
chr2	113712588	T	C	103.389	AD:VAF	35,31:0.469697	8899421	chr2	113712588	T	C	-	A,R,D	ALU	-	SINE/AluYe5	UTR3	SLC35F5	-	-	UTR3	SLC35F5	-	-	downstream	ENST00000245680.6	-	-	-
chr2	121725674	T	C	40.9582	AD:VAF	21,11:0.34375	8921084	chr2	121725674	T	C	-	A,R,D	ALU	-	SINE/AluSz	ncRNA_intronic	NIFK-AS1	-	-	ncRNA_intronic	NIFK-AS1	-	-	ncRNA_intronic	ENST00000419902.2	-	-	-
chr2	127846196	T	C	10.5547	AD:VAF	27,9:0.25	8933554	chr2	127846196	T	C	-	A,R,D	ALU	-	SINE/AluSx1	UTR3	POLR2D	-	-	UTR3	POLR2D	-	-	UTR3	ENST00000272645.8	-	-	-
chr2	128191603	A	G	30.0734	AD:VAF	140,8:0.0540541	8938034	chr2	128191603	A	G	+	A,R	ALU	rs1485801338	SINE/AluSg	UTR3	UGGT1	-	-	UTR3	UGGT1	-	-	UTR3	ENST00000259253.10	-	-	-
chr2	128191656	A	G	30.1512	AD:VAF	120,8:0.0625	8938045	chr2	128191656	A	G	+	A	ALU	-	SINE/AluSg	UTR3	UGGT1	-	-	UTR3	UGGT1	-	-	UTR3	ENST00000259253.10	-	-	-
chr2	128191801	A	G	30.1018	AD:VAF	132,8:0.0571429	8938086	chr2	128191801	A	G	+	A,R	ALU	-	SINE/AluSg	UTR3	UGGT1	-	-	UTR3	UGGT1	-	-	UTR3	ENST00000259253.10	-	-	-
chr2	128192907	A	G	30.3879	AD:VAF	104,10:0.0877193	8938119	chr2	128192907	A	G	+	A,R,D	ALU	-	SINE/AluSc	UTR3	UGGT1	-	-	UTR3	UGGT1	-	-	UTR3	ENST00000259253.10	-	-	-
chr2	128193452	A	G	22.5931	AD:VAF	39,16:0.290909	8938257	chr2	128193452	A	G	+	A,R,D	ALU	-	SINE/AluSx1	UTR3	UGGT1	-	-	UTR3	UGGT1	-	-	UTR3	ENST00000259253.10	-	-	-
chr2	128193549	A	G	30.1699	AD:VAF	116,8:0.0645161	8938282	chr2	128193549	A	G	+	A,R,D	ALU	-	SINE/AluSx1	UTR3	UGGT1	-	-	UTR3	UGGT1	-	-	UTR3	ENST00000259253.10	-	-	-
chr2	128194149	A	G	3.38204	AD:VAF	48,17:0.261538	8938296	chr2	128194149	A	G	+	A,R,D	ALU	rs945186145	SINE/AluSp	UTR3	UGGT1	-	-	UTR3	UGGT1	-	-	UTR3	ENST00000259253.10	-	-	-
chr2	128194476	A	G	30.7974	AD:VAF	53,11:0.171875	8938357	chr2	128194476	A	G	+	A,R,D	ALU	-	SINE/AluSx1	UTR3	UGGT1	-	-	UTR3	UGGT1	-	-	UTR3	ENST00000259253.10	-	-	-
chr2	128194541	A	G	30.6698	AD:VAF	68,9:0.116883	8938370	chr2	128194541	A	G	+	A,R,D	ALU	-	SINE/AluSx1	UTR3	UGGT1	-	-	UTR3	UGGT1	-	-	UTR3	ENST00000259253.10	-	-	-
chr2	128195103	A	G	30.1173	AD:VAF	144,9:0.0588235	8938381	chr2	128195103	A	G	+	A,R,D	ALU	-	SINE/AluSx	UTR3	UGGT1	-	-	UTR3	UGGT1	-	-	UTR3	ENST00000259253.10	-	-	-
chr2	128195104	A	G	30.2174	AD:VAF	147,11:0.0696203	8938382	chr2	128195104	A	G	+	A,R,D	ALU	-	SINE/AluSx	UTR3	UGGT1	-	-	UTR3	UGGT1	-	-	UTR3	ENST00000259253.10	-	-	-
chr2	128195126	A	G	30.4763	AD:VAF	149,16:0.0969697	8938387	chr2	128195126	A	G	+	A,R,D	ALU	-	SINE/AluSx	UTR3	UGGT1	-	-	UTR3	UGGT1	-	-	UTR3	ENST00000259253.10	-	-	-
chr2	131147587	A	G	29.7266	AD:VAF	636,10:0.0154799	8950624	chr2	131147587	A	G	+	A	ALU	-	SINE/AluY	UTR3	PLEKHB2	-	-	UTR3	PLEKHB2	-	-	UTR3	PLEKHB2	-	-	-
chr2	131513458	A	G	50.4518	AD:VAF	3,8:0.727273	8953115	chr2	131513458	A	G	+	A,R	ALU	-	SINE/AluSz	intergenic	MZT2A;CCDC74A	-	-	ncRNA_intronic	LOC150776	-	-	ncRNA_intronic	AC073869.1	-	-	-
chr2	131513528	A	G	68.8933	AD:VAF	5,10:0.666667	8953138	chr2	131513528	A	G	+	A,R	ALU	-	SINE/AluSz	intergenic	MZT2A;CCDC74A	-	-	ncRNA_intronic	LOC150776	-	-	ncRNA_intronic	AC073869.1	-	-	-
chr2	131513824	A	G	86.4542	AD:VAF	5,13:0.722222	8953202	chr2	131513824	A	G	+	A,R	ALU	-	SINE/AluJb	intergenic	MZT2A;CCDC74A	-	-	ncRNA_intronic	LOC150776	-	-	ncRNA_intronic	AC073869.1	-	-	-
chr2	131513959	A	G	50.3148	AD:VAF	6,8:0.571429	8953228	chr2	131513959	A	G	+	A,R	ALU	-	SINE/AluJb	intergenic	MZT2A;CCDC74A	-	-	ncRNA_intronic	LOC150776	-	-	ncRNA_intronic	AC073869.1	-	-	-
chr2	157314838	A	G	29.8137	AD:VAF	308,8:0.0253165	9010532	chr2	157314838	A	G	+	A	ALU	-	SINE/AluSx1	UTR3	GALNT5	-	-	UTR3	GALNT5	-	-	downstream	ENST00000259056.4	-	-	-
chr2	161991254	T	C	79.2586	AD:VAF	9,13:0.590909	9032601	chr2	161991254	T	C	-	A,R	ALU	-	SINE/AluSx	downstream	DPP4	-	-	downstream	DPP4	-	-	downstream	ENST00000360534.7	-	-	-
chr2	161991260	T	C	62.4044	AD:VAF	11,11:0.5	9032602	chr2	161991260	T	C	-	A,R	ALU	-	SINE/AluSx	downstream	DPP4	-	-	downstream	DPP4	-	-	downstream	ENST00000360534.7	-	-	-
chr2	161991261	T	C	48.3148	AD:VAF	12,9:0.428571	9032603	chr2	161991261	T	C	-	A,R	ALU	-	SINE/AluSx	downstream	DPP4	-	-	downstream	DPP4	-	-	downstream	ENST00000360534.7	-	-	-
chr2	161991357	T	C	90.1245	AD:VAF	9,15:0.625	9032633	chr2	161991357	T	C	-	A,R	ALU	-	SINE/AluSx	downstream	DPP4	-	-	downstream	DPP4	-	-	downstream	ENST00000360534.7	-	-	-
chr2	161991684	T	C	48.3298	AD:VAF	13,10:0.434783	9032687	chr2	161991684	T	C	-	A,R	ALU	-	SINE/AluY	downstream	DPP4	-	-	downstream	DPP4	-	-	downstream	ENST00000360534.7	-	-	-
chr2	161991748	T	C	65.3149	AD:VAF	20,15:0.428571	9032711	chr2	161991748	T	C	-	A	ALU	rs953139621	SINE/AluY	downstream	DPP4	-	-	downstream	DPP4	-	-	downstream	ENST00000360534.7	-	-	-
chr2	161991753	T	C	78.4006	AD:VAF	17,16:0.484848	9032712	chr2	161991753	T	C	-	A,R	ALU	-	SINE/AluY	downstream	DPP4	-	-	downstream	DPP4	-	-	downstream	ENST00000360534.7	-	-	-
chr2	161991761	T	C	80.1573	AD:VAF	13,21:0.617647	9032714	chr2	161991761	T	C	-	A	ALU	-	SINE/AluY	downstream	DPP4	-	-	downstream	DPP4	-	-	downstream	ENST00000360534.7	-	-	-
chr2	161991765	T	C	107.693	AD:VAF	11,25:0.694444	9032715	chr2	161991765	T	C	-	A	ALU	-	SINE/AluY	downstream	DPP4	-	-	downstream	DPP4	-	-	downstream	ENST00000360534.7	-	-	-
chr2	171322159	T	C	48.3893	AD:VAF	9,8:0.470588	9062510	chr2	171322159	T	C	-	A,R,D	ALU	-	SINE/AluSx1	UTR3	METTL8	-	-	UTR3	METTL8	-	-	UTR3	METTL8	-	-	-
chr2	171322170	T	C	58.3945	AD:VAF	11,10:0.47619	9062515	chr2	171322170	T	C	-	A,R,D	ALU	-	SINE/AluSx1	UTR3	METTL8	-	-	UTR3	METTL8	-	-	UTR3	METTL8	-	-	-
chr2	171322236	T	C	17.5987	AD:VAF	20,8:0.285714	9062532	chr2	171322236	T	C	-	A,R,D	ALU	-	SINE/AluSx1	UTR3	METTL8	-	-	UTR3	METTL8	-	-	UTR3	METTL8	-	-	-
chr2	171322478	T	C	88.5768	AD:VAF	7,17:0.708333	9062542	chr2	171322478	T	C	-	A,R,D	ALU	-	SINE/AluY	UTR3	METTL8	-	-	UTR3	METTL8	-	-	UTR3	METTL8	-	-	-
chr2	171322493	T	C	55.4043	AD:VAF	9,9:0.5	9062546	chr2	171322493	T	C	-	A,R,D	ALU	rs1359469298	SINE/AluY	UTR3	METTL8	-	-	UTR3	METTL8	-	-	UTR3	METTL8	-	-	-
chr2	200885271	T	C	12.6185	AD:VAF	27,10:0.27027	9162525	chr2	200885271	T	C	-	A,R,D	ALU	-	SINE/AluSx	exonic	PPIL3	nonsynonymous SNV	PPIL3:ENST00000286175.12:exon4:c.A175G:p.S59G,PPIL3:ENST00000409361.5:exon4:c.A151G:p.S51G,PPIL3:ENST00000409449.5:exon4:c.A175G:p.S59G	exonic	PPIL3	nonsynonymous SNV	PPIL3:NM_032472:exon4:c.A175G:p.S59G	exonic	PPIL3	nonsynonymous SNV	PPIL3:ENST00000286175.12:exon4:c.A175G:p.S59G,PPIL3:ENST00000409361.5:exon4:c.A151G:p.S51G,PPIL3:ENST00000409449.5:exon4:c.A175G:p.S59G	-
chr2	201164002	A	G	30.6849	AD:VAF	67,9:0.118421	9174321	chr2	201164002	A	G	+	A,R,D	ALU	-	SINE/AluSx1	UTR3	CFLAR	-	-	UTR3	CFLAR	-	-	UTR3	CFLAR;ENST00000309955.7	-	-	-
chr2	201164004	A	G	3.05773	AD:VAF	57,17:0.22973	9174322	chr2	201164004	A	G	+	A,R,D	ALU	-	SINE/AluSx1	UTR3	CFLAR	-	-	UTR3	CFLAR	-	-	UTR3	CFLAR;ENST00000309955.7	-	-	-
chr2	201164010	A	G	30.0378	AD:VAF	65,15:0.1875	9174323	chr2	201164010	A	G	+	A,R,D	ALU	-	SINE/AluSx1	UTR3	CFLAR	-	-	UTR3	CFLAR	-	-	UTR3	CFLAR;ENST00000309955.7	-	-	-
chr2	201164011	A	G	30.6269	AD:VAF	71,9:0.1125	9174324	chr2	201164011	A	G	+	A,R,D	ALU	-	SINE/AluSx1	UTR3	CFLAR	-	-	UTR3	CFLAR	-	-	UTR3	CFLAR;ENST00000309955.7	-	-	-
chr2	201164032	A	G	30.8578	AD:VAF	70,11:0.135802	9174328	chr2	201164032	A	G	+	A,R,D	ALU	-	SINE/AluSx1	UTR3	CFLAR	-	-	UTR3	CFLAR	-	-	UTR3	CFLAR;ENST00000309955.7	-	-	-
chr2	201164109	A	G	30.5872	AD:VAF	74,9:0.108434	9174352	chr2	201164109	A	G	+	A,R,D	ALU	-	SINE/AluSx1	UTR3	CFLAR	-	-	UTR3	CFLAR	-	-	UTR3	CFLAR;ENST00000309955.7	-	-	-
chr2	201165371	A	G	25.4113	AD:VAF	32,12:0.272727	9174425	chr2	201165371	A	G	+	A,R,D	ALU	rs1273990723	SINE/AluSx1	UTR3	CFLAR	-	-	UTR3	CFLAR	-	-	UTR3	ENST00000309955.7	-	-	-
chr2	201165388	A	G	77.288	AD:VAF	25,18:0.418605	9174427	chr2	201165388	A	G	+	A,R,D	ALU	-	SINE/AluSx1	UTR3	CFLAR	-	-	UTR3	CFLAR	-	-	UTR3	ENST00000309955.7	-	-	-
chr2	201165451	A	G	14.3961	AD:VAF	26,9:0.257143	9174439	chr2	201165451	A	G	+	A,R	ALU	rs1414193326	SINE/AluSx1	UTR3	CFLAR	-	-	UTR3	CFLAR	-	-	UTR3	ENST00000309955.7	-	-	-
chr2	201167246	A	G	30.733	AD:VAF	64,9:0.123288	9174545	chr2	201167246	A	G	+	A,R,D	ALU	-	SINE/AluJo	ncRNA_exonic	AC007283.1	-	-	UTR3	CFLAR	-	-	ncRNA_exonic	AC007283.1	-	-	-
chr2	201287383	A	G	7.85259	AD:VAF	28,9:0.243243	9178121	chr2	201287383	A	G	+	A,R,D	ALU	rs1128423	SINE/AluJr	UTR3	CASP8	-	-	UTR3	CASP8	-	-	UTR3	CASP8	-	-	-
chr2	202879906	T	C	41.2272	AD:VAF	12,8:0.4	9202146	chr2	202879906	T	C	-	A,R	ALU	-	SINE/AluSx1	UTR3	WDR12	-	-	downstream	WDR12	-	-	UTR3	WDR12	-	-	-
chr2	206116765	T	C	28.0904	AD:VAF	19,11:0.366667	9225751	chr2	206116765	T	C	-	A,R	ALU	rs1447149182	SINE/AluSg	ncRNA_intronic	AC007383.2	-	-	UTR3	NDUFS1	-	-	ncRNA_intronic	AC007383.3	-	-	-
chr2	206116792	T	C	10.7216	AD:VAF	22,8:0.266667	9225762	chr2	206116792	T	C	-	A,R,D	ALU	-	SINE/AluSg	ncRNA_intronic	AC007383.2	-	-	UTR3	NDUFS1	-	-	ncRNA_intronic	AC007383.3	-	-	-
chr2	206116967	T	C	36.1517	AD:VAF	13,8:0.380952	9225833	chr2	206116967	T	C	-	A,R,D	ALU	rs1413930918	SINE/AluSg	ncRNA_intronic	AC007383.2	-	-	UTR3	NDUFS1	-	-	ncRNA_intronic	AC007383.3	-	-	-
chr2	206116975	T	C	33.0705	AD:VAF	14,8:0.363636	9225838	chr2	206116975	T	C	-	A,R	ALU	-	SINE/AluSg	ncRNA_intronic	AC007383.2	-	-	UTR3	NDUFS1	-	-	ncRNA_intronic	AC007383.3	-	-	-
chr2	206117072	T	C	20.2434	AD:VAF	40,10:0.2	9225877	chr2	206117072	T	C	-	A,R	ALU	-	SINE/AluJb	ncRNA_intronic	AC007383.2	-	-	UTR3	NDUFS1	-	-	ncRNA_intronic	AC007383.3	-	-	-
chr2	206117150	T	C	30.733	AD:VAF	64,9:0.123288	9225911	chr2	206117150	T	C	-	A,R	ALU	-	SINE/AluJb	ncRNA_intronic	AC007383.2	-	-	UTR3	NDUFS1	-	-	ncRNA_intronic	AC007383.3	-	-	-
chr2	206117172	T	C	30.7005	AD:VAF	66,9:0.12	9225918	chr2	206117172	T	C	-	A,R	ALU	rs1257362656	SINE/AluJb	ncRNA_intronic	AC007383.2	-	-	UTR3	NDUFS1	-	-	ncRNA_intronic	AC007383.3	-	-	-
chr2	206117571	T	C	21.4792	AD:VAF	26,10:0.277778	9225973	chr2	206117571	T	C	-	A,R,D	ALU	-	SINE/AluSg7	ncRNA_intronic	AC007383.2	-	-	UTR3	NDUFS1	-	-	ncRNA_intronic	AC007383.3	-	-	-
chr2	206117572	T	C	4.07462	AD:VAF	30,9:0.230769	9225974	chr2	206117572	T	C	-	A,R	ALU	-	SINE/AluSg7	ncRNA_intronic	AC007383.2	-	-	UTR3	NDUFS1	-	-	ncRNA_intronic	AC007383.3	-	-	-
chr2	206117612	T	C	49.0024	AD:VAF	24,13:0.351351	9225994	chr2	206117612	T	C	-	A,R	ALU	-	SINE/AluSg7	ncRNA_intronic	AC007383.2	-	-	UTR3	NDUFS1	-	-	ncRNA_intronic	AC007383.3	-	-	-
chr2	206117628	T	C	3.06553	AD:VAF	27,8:0.228571	9226003	chr2	206117628	T	C	-	A,R	ALU	-	SINE/AluSg7	ncRNA_intronic	AC007383.2	-	-	UTR3	NDUFS1	-	-	ncRNA_intronic	AC007383.3	-	-	-
chr2	206118543	T	C	31.0079	AD:VAF	50,9:0.152542	9226109	chr2	206118543	T	C	-	A,R	ALU	-	SINE/AluJb	ncRNA_intronic	AC007383.2	-	-	UTR3	NDUFS1	-	-	ncRNA_intronic	AC007383.3	-	-	-
chr2	206118966	T	C	25.5389	AD:VAF	36,8:0.181818	9226249	chr2	206118966	T	C	-	A,R,D	ALU	rs1003698072	SINE/AluSx	ncRNA_intronic	AC007383.2	-	-	UTR3	NDUFS1	-	-	ncRNA_intronic	AC007383.3	-	-	-
chr2	206119036	T	C	29.0312	AD:VAF	38,8:0.173913	9226274	chr2	206119036	T	C	-	A,R,D	ALU	-	SINE/AluSx	ncRNA_intronic	AC007383.2	-	-	UTR3	NDUFS1	-	-	ncRNA_intronic	AC007383.3	-	-	-
chr2	206119701	T	C	58.2271	AD:VAF	6,9:0.6	9226427	chr2	206119701	T	C	-	A,R,D	ALU	-	SINE/AluSx	ncRNA_intronic	AC007383.2	-	-	UTR3	NDUFS1	-	-	ncRNA_intronic	AC007383.3	-	-	-
chr2	206122507	T	C	45.1941	AD:VAF	14,9:0.391304	9226709	chr2	206122507	T	C	-	A,R,D	ALU	-	SINE/AluSx	UTR3	NDUFS1	-	-	UTR3	NDUFS1	-	-	UTR3	ENST00000233190.10	-	-	-
chr2	206122903	T	C	3.49403	AD:VAF	30,9:0.230769	9226791	chr2	206122903	T	C	-	A,R,D	ALU	-	SINE/AluJb	UTR3	NDUFS1	-	-	UTR3	NDUFS1	-	-	UTR3	ENST00000233190.10	-	-	-
chr2	207754653	A	G	30.9783	AD:VAF	75,13:0.147727	9236016	chr2	207754653	A	G	+	A,R,D	REP	-	SINE/FAM	UTR3	CCNYL1	-	-	UTR3	CCNYL1	-	-	UTR3	CCNYL1	-	-	-
chr2	207754697	A	G	31.1189	AD:VAF	60,12:0.166667	9236030	chr2	207754697	A	G	+	A,R	REP	rs373543462	SINE/FAM	UTR3	CCNYL1	-	-	UTR3	CCNYL1	-	-	UTR3	CCNYL1	-	-	-
chr2	207754807	A	G	40.5909	AD:VAF	53,22:0.293333	9236074	chr2	207754807	A	G	+	A,R	NONREP	rs1187453694	-/-	ncRNA_exonic	MIR4775	-	-	ncRNA_exonic	MIR4775	-	-	ncRNA_exonic	MIR4775	-	-	-
chr2	207754861	A	G	33.5778	AD:VAF	34,14:0.291667	9236105	chr2	207754861	A	G	+	A,R,D	NONREP	-	-/-	ncRNA_exonic	MIR4775	-	-	ncRNA_exonic	MIR4775	-	-	ncRNA_exonic	MIR4775	-	-	340;33
chr2	207754926	A	G	24.5748	AD:VAF	60,15:0.2	9236131	chr2	207754926	A	G	+	A,R,D	ALU	-	SINE/AluJo	UTR3	CCNYL1	-	-	UTR3	CCNYL1	-	-	UTR3	CCNYL1	-	-	-
chr2	215943652	T	C	29.7372	AD:VAF	4,9:0.692308	9256241	chr2	215943652	T	C	-	A,R,D	ALU	-	SINE/AluSc8	UTR3	MREG	-	-	UTR3	MREG	-	-	UTR3	MREG	-	-	-
chr2	216501951	A	G	29.9665	AD:VAF	181,8:0.042328	9260762	chr2	216501951	A	G	+	A,R,D	ALU	-	SINE/AluSz	UTR3	RPL37A	-	-	UTR3	RPL37A	-	-	UTR3	ENST00000491306.5	-	-	-
chr2	216502080	A	G	30.1858	AD:VAF	141,10:0.0662252	9260787	chr2	216502080	A	G	+	A,R,D	ALU	-	SINE/AluSz6	UTR3	RPL37A	-	-	UTR3	RPL37A	-	-	UTR3	ENST00000491306.5	-	-	-
chr2	216502145	A	G	30.2677	AD:VAF	185,15:0.075	9260802	chr2	216502145	A	G	+	A,R,D	ALU	-	SINE/AluSz6	UTR3	RPL37A	-	-	UTR3	RPL37A	-	-	UTR3	ENST00000491306.5	-	-	-
chr2	216502180	A	G	29.9141	AD:VAF	211,8:0.0365297	9260821	chr2	216502180	A	G	+	A,R,D	ALU	rs1218559702	SINE/AluSz6	UTR3	RPL37A	-	-	UTR3	RPL37A	-	-	UTR3	ENST00000491306.5	-	-	-
chr2	223755707	T	C	79.0347	AD:VAF	1,9:0.9	9297196	chr2	223755707	T	C	-	A,R,D	ALU	-	SINE/AluSx	UTR3	AP1S3	-	-	UTR3	AP1S3	-	-	intronic	AP1S3	-	-	-
chr2	223757560	T	C	31.0854	AD:VAF	47,9:0.160714	9297418	chr2	223757560	T	C	-	A,R	ALU	-	SINE/AluSx1	UTR3	AC093884.1;AP1S3	-	-	UTR3	AP1S3	-	-	UTR3	AP1S3	-	-	-
chr2	226811441	A	G	90.3152	AD:VAF	12,16:0.571429	9305611	chr2	226811441	A	G	+	A,R,D	ALU	-	SINE/AluSz6	ncRNA_exonic	AC010735.2	-	-	intronic	RHBDD1	-	-	downstream	ENST00000607970.1	-	-	-
chr2	226811538	A	G	25.9036	AD:VAF	16,8:0.333333	9305638	chr2	226811538	A	G	+	A,R,D	ALU	-	SINE/AluSz6	ncRNA_exonic	AC010735.2	-	-	intronic	RHBDD1	-	-	downstream	ENST00000607970.1	-	-	-
chr2	231304426	A	G	64.1776	AD:VAF	2,12:0.857143	9329849	chr2	231304426	A	G	+	A,R	ALU	rs1211801682	SINE/AluSx	intronic	ARMC9	-	-	intronic	ARMC9	-	-	intronic	ARMC9	-	-	-
chr2	231304431	A	G	60.7081	AD:VAF	2,10:0.833333	9329850	chr2	231304431	A	G	+	A,R,D	ALU	rs1006821207	SINE/AluSx	intronic	ARMC9	-	-	intronic	ARMC9	-	-	intronic	ARMC9	-	-	-
chr2	237383071	T	C	36.0506	AD:VAF	16,9:0.36	9363599	chr2	237383071	T	C	-	A,R	ALU	-	SINE/AluSz	intronic	COL6A3	-	-	intronic	COL6A3	-	-	intronic	COL6A3	-	-	-
chr2	241574478	A	G	69.3947	AD:VAF	10,11:0.52381	9390119	chr2	241574478	A	G	+	A,R	ALU	-	SINE/AluJr	downstream	BOK	-	-	downstream	BOK	-	-	downstream	ENST00000318407.4	-	-	-
chr2	241574543	A	G	35.3903	AD:VAF	9,8:0.470588	9390141	chr2	241574543	A	G	+	A,R	ALU	-	SINE/AluJr	downstream	BOK	-	-	downstream	BOK	-	-	downstream	ENST00000318407.4	-	-	-
chr2	241574602	A	G	45.1941	AD:VAF	14,9:0.391304	9390174	chr2	241574602	A	G	+	A,R	ALU	-	SINE/AluJr	downstream	BOK	-	-	downstream	BOK	-	-	downstream	ENST00000318407.4	-	-	-
chr2	241746496	A	G	70.1559	AD:VAF	3,10:0.769231	9394828	chr2	241746496	A	G	+	A,R,D	ALU	rs772784618	SINE/AluSz	intronic	D2HGDH	-	-	intronic	D2HGDH	-	-	intronic	D2HGDH;ENST00000321264.8	-	-	-
chr3	10152689	A	G	6.16312	AD:VAF	36,11:0.234043	10421717	chr3	10152689	A	G	+	A,R	ALU	-	SINE/AluSc8	ncRNA_intronic	AC034193.1	-	-	UTR3	VHL	-	-	downstream	VHL	-	-	-
chr3	10152733	A	G	6.40985	AD:VAF	40,11:0.215686	10421724	chr3	10152733	A	G	+	A,R	ALU	-	SINE/AluSc8	ncRNA_intronic	AC034193.1	-	-	UTR3	VHL	-	-	downstream	VHL	-	-	-
chr3	10152909	A	G	31.087	AD:VAF	53,10:0.15873	10421757	chr3	10152909	A	G	+	A,R,D	ALU	-	SINE/AluSq2	ncRNA_intronic	AC034193.1	-	-	UTR3	VHL	-	-	downstream	VHL	-	-	-
chr3	10153198	A	G	30.8157	AD:VAF	46,9:0.163636	10421837	chr3	10153198	A	G	+	A,R,D	ALU	-	SINE/AluY	ncRNA_exonic	AC034193.1	-	-	UTR3	VHL	-	-	downstream	VHL	-	-	-
chr3	10153378	A	G	8.90828	AD:VAF	48,13:0.213115	10421888	chr3	10153378	A	G	+	A,R	ALU	-	SINE/AluSq2	UTR3	VHL	-	-	UTR3	VHL	-	-	intergenic	VHL;ENST00000256458.4	-	-	-
chr3	10153386	A	G	31.0147	AD:VAF	49,9:0.155172	10421892	chr3	10153386	A	G	+	A,R	ALU	rs1008891698	SINE/AluSq2	UTR3	VHL	-	-	UTR3	VHL	-	-	intergenic	VHL;ENST00000256458.4	-	-	-
chr3	14944940	T	C	30.4597	AD:VAF	76,8:0.0952381	10455065	chr3	14944940	T	C	-	A,R,D	ALU	-	SINE/AluSq2	ncRNA_exonic	FGD5-AS1	-	-	ncRNA_exonic	FGD5-AS1	-	-	ncRNA_exonic	FGD5-AS1	-	-	-
chr3	15072229	T	C	8.86325	AD:VAF	47,13:0.216667	10458951	chr3	15072229	T	C	-	A,R,D	ALU	-	SINE/AluSz6	UTR3	RBSN	-	-	UTR3	RBSN	-	-	UTR3	RBSN	-	-	-
chr3	15072292	T	C	28.04	AD:VAF	51,12:0.190476	10458975	chr3	15072292	T	C	-	A,R,D	ALU	-	SINE/AluSz6	UTR3	RBSN	-	-	UTR3	RBSN	-	-	UTR3	RBSN	-	-	-
chr3	15410396	T	C	6.19023	AD:VAF	29,9:0.236842	10463654	chr3	15410396	T	C	-	A,R,D	ALU	-	SINE/AluJb	intronic	METTL6	-	-	UTR3	METTL6	-	-	intronic	METTL6	-	-	-
chr3	15410787	T	C	33.6938	AD:VAF	25,11:0.305556	10463724	chr3	15410787	T	C	-	A,R,D	ALU	-	SINE/AluJb	intronic	METTL6	-	-	UTR3	METTL6	-	-	intronic	METTL6	-	-	-
chr3	15411003	T	C	12.9706	AD:VAF	22,10:0.3125	10463773	chr3	15411003	T	C	-	A,R	ALU	-	SINE/AluSx1	intronic	METTL6	-	-	UTR3	METTL6	-	-	intronic	METTL6	-	-	-
chr3	15650975	A	G	81.2005	AD:VAF	4,12:0.75	10467278	chr3	15650975	A	G	+	A	ALU	rs139199734	SINE/AluSc8	UTR3	BTD	-	-	UTR3	BTD	-	-	intergenic	ENST00000643237.1;ANKRD28	-	-	-
chr3	15651030	A	G	31.1539	AD:VAF	13,8:0.380952	10467288	chr3	15651030	A	G	+	A,R	ALU	-	SINE/AluSc8	UTR3	BTD	-	-	UTR3	BTD	-	-	intergenic	ENST00000643237.1;ANKRD28	-	-	-
chr3	15651042	A	G	68.3685	AD:VAF	10,12:0.545455	10467293	chr3	15651042	A	G	+	A,R	ALU	-	SINE/AluSc8	UTR3	BTD	-	-	UTR3	BTD	-	-	intergenic	ENST00000643237.1;ANKRD28	-	-	-
chr3	19952093	A	G	29.232	AD:VAF	6,9:0.6	10478556	chr3	19952093	A	G	+	A,R,D	REP	-	SINE/FLAM_A	intronic	RAB5A	-	-	intronic	RAB5A	-	-	intronic	ENST00000273047.8;RAB5A	-	-	-
chr3	33142724	A	G	29.6849	AD:VAF	1382,15:0.0107373	10520402	chr3	33142724	A	G	+	A,R	ALU	-	SINE/AluSx	UTR3	CRTAP	-	-	UTR3	CRTAP	-	-	UTR3	CRTAP	-	-	-
chr3	33142928	A	G	29.6852	AD:VAF	1836,20:0.0107759	10520444	chr3	33142928	A	G	+	A,R	ALU	-	SINE/AluSx	UTR3	CRTAP	-	-	UTR3	CRTAP	-	-	UTR3	CRTAP	-	-	-
chr3	38524535	A	G	30.5055	AD:VAF	90,10:0.1	10549366	chr3	38524535	A	G	+	A,R,D	ALU	-	SINE/AluJo	UTR3	EXOG	-	-	UTR3	EXOG	-	-	UTR3	ENST00000287675.9;EXOG	-	-	-
chr3	38540092	A	G	36.2591	AD:VAF	13,9:0.409091	10549599	chr3	38540092	A	G	+	A,R,D	ALU	-	SINE/AluJr4	intergenic	EXOG;SCN5A	-	-	intergenic	EXOG;SCN5A	-	-	intergenic	RPL18AP7;SCN5A	-	-	-
chr3	40465947	A	G	26.6562	AD:VAF	21,9:0.3	10556549	chr3	40465947	A	G	+	A,R,D	ALU	rs1049887909	SINE/AluSx	UTR3	RPL14	-	-	UTR3	RPL14	-	-	UTR3	RPL14	-	-	-
chr3	40466434	A	G	31.096	AD:VAF	63,12:0.16	10556628	chr3	40466434	A	G	+	A,R,D	ALU	-	SINE/AluSg7	UTR3	RPL14	-	-	UTR3	RPL14	-	-	UTR3	RPL14	-	-	-
chr3	40536255	A	G	10.7216	AD:VAF	22,8:0.266667	10558031	chr3	40536255	A	G	+	A,R,D	ALU	-	SINE/AluSz	UTR3	ZNF621	-	-	UTR3	ZNF621	-	-	UTR3	ENST00000339296.9	-	-	-
chr3	40537340	A	G	30.0017	AD:VAF	47,10:0.175439	10558061	chr3	40537340	A	G	+	A,R,D	ALU	-	SINE/AluJr	UTR3	ZNF621	-	-	UTR3	ZNF621	-	-	UTR3	ENST00000339296.9	-	-	-
chr3	40537440	A	G	17.3021	AD:VAF	32,11:0.255814	10558086	chr3	40537440	A	G	+	A,R,D	ALU	-	SINE/AluJr	UTR3	ZNF621	-	-	UTR3	ZNF621	-	-	UTR3	ENST00000339296.9	-	-	-
chr3	44749367	T	C	30.0017	AD:VAF	47,10:0.175439	10583375	chr3	44749367	T	C	-	A,R,D	ALU	rs1165766029	SINE/AluY	UTR3	KIAA1143	-	-	UTR3	KIAA1143	-	-	ncRNA_intronic	KIAA1143	-	-	-
chr3	45680895	A	G	31.0373	AD:VAF	45,10:0.181818	10590099	chr3	45680895	A	G	+	A,R,D	ALU	rs1487057572	SINE/AluSz	ncRNA_intronic	LIMD1-AS1	-	-	ncRNA_intronic	LIMD1-AS1	-	-	ncRNA_intronic	LIMD1-AS1	-	-	345;35
chr3	49415288	A	G	29.8468	AD:VAF	368,11:0.0290237	10658899	chr3	49415288	A	G	+	A,R	ALU	rs1362980170	SINE/AluSg	UTR3	TCTA	-	-	UTR3	TCTA	-	-	UTR3	TCTA	-	-	-
chr3	49415355	A	G	29.873	AD:VAF	303,10:0.0319489	10658921	chr3	49415355	A	G	+	A,R,D	ALU	-	SINE/AluSg	UTR3	TCTA	-	-	UTR3	TCTA	-	-	UTR3	TCTA	-	-	-
chr3	49415395	A	G	29.7986	AD:VAF	372,9:0.023622	10658939	chr3	49415395	A	G	+	A,R	ALU	-	SINE/AluSg	UTR3	TCTA	-	-	UTR3	TCTA	-	-	UTR3	TCTA	-	-	-
chr3	49423513	T	C	65.3985	AD:VAF	14,13:0.481481	10659132	chr3	49423513	T	C	-	A,R,D	ALU	-	SINE/AluSp	UTR3	NICN1	-	-	UTR3	NICN1	-	-	UTR3	AC104452.1;NICN1	-	-	-
chr3	49423553	T	C	14.2885	AD:VAF	15,9:0.375	10659142	chr3	49423553	T	C	-	A,R,D	ALU	-	SINE/AluSp	UTR3	NICN1	-	-	UTR3	NICN1	-	-	UTR3	AC104452.1;NICN1	-	-	-
chr3	49423656	T	C	31.1539	AD:VAF	13,8:0.380952	10659176	chr3	49423656	T	C	-	A,R,D	ALU	-	SINE/AluSp	UTR3	NICN1	-	-	UTR3	NICN1	-	-	UTR3	AC104452.1;NICN1	-	-	-
chr3	49424069	T	C	41.3608	AD:VAF	11,9:0.45	10659295	chr3	49424069	T	C	-	A,R	ALU	-	SINE/AluSp	UTR3	NICN1	-	-	UTR3	NICN1	-	-	UTR3	AC104452.1;NICN1	-	-	-
chr3	49424070	T	C	46.3504	AD:VAF	10,8:0.444444	10659296	chr3	49424070	T	C	-	A,R,D	ALU	-	SINE/AluSp	UTR3	NICN1	-	-	UTR3	NICN1	-	-	UTR3	AC104452.1;NICN1	-	-	-
chr3	49424124	T	C	21.8398	AD:VAF	19,9:0.321429	10659310	chr3	49424124	T	C	-	A,R,D	ALU	-	SINE/AluSp	UTR3	NICN1	-	-	UTR3	NICN1	-	-	UTR3	AC104452.1;NICN1	-	-	-
chr3	53864378	T	C	38.2275	AD:VAF	12,8:0.4	10712874	chr3	53864378	T	C	-	A,R,D	ALU	-	SINE/AluY	intronic	IL17RB	-	-	intronic	IL17RB	-	-	intronic	ENST00000288167.7;IL17RB	-	-	-
chr3	53866262	T	C	59.2733	AD:VAF	17,12:0.413793	10713015	chr3	53866262	T	C	-	A,R,D	ALU	-	SINE/AluJr	downstream	ACTR8;IL17RB	-	-	downstream	ACTR8;IL17RB	-	-	downstream	ENST00000288167.7;ENST00000335754.7	-	-	-
chr3	53866375	T	C	31.8143	AD:VAF	19,9:0.321429	10713059	chr3	53866375	T	C	-	A,R	ALU	-	SINE/AluJr	downstream	ACTR8;IL17RB	-	-	downstream	ACTR8;IL17RB	-	-	downstream	ENST00000288167.7;ENST00000335754.7	-	-	-
chr3	57563777	A	G	46.3893	AD:VAF	9,8:0.470588	10725977	chr3	57563777	A	G	+	A,R,D	ALU	rs938557107	SINE/AluJb	UTR3	PDE12	-	-	UTR3	PDE12	-	-	UTR3	ENST00000311180.8	-	-	-
chr3	75681599	A	G	90.4151	AD:VAF	0,12:1	10799746	chr3	75681599	A	G	+	A,R	REP	-	LINE/L1PREC2	ncRNA_intronic	LINC00960	-	-	intergenic	LINC00960;ZNF717	-	-	intergenic	ENST00000463183.1;ZNF717	-	-	-
chr3	75681605	A	G	57.5815	AD:VAF	2,9:0.818182	10799749	chr3	75681605	A	G	+	A,R	REP	-	LINE/L1PREC2	ncRNA_intronic	LINC00960	-	-	intergenic	LINC00960;ZNF717	-	-	intergenic	ENST00000463183.1;ZNF717	-	-	-
chr3	101823666	A	G	31.0502	AD:VAF	53,10:0.15873	10842100	chr3	101823666	A	G	+	A,R	ALU	rs1426696328	SINE/AluJr	UTR3	NXPE3	-	-	UTR3	NXPE3	-	-	UTR3	NXPE3	-	-	-
chr3	101823926	A	G	22.955	AD:VAF	53,13:0.19697	10842172	chr3	101823926	A	G	+	A,R	ALU	-	SINE/AluJb	ncRNA_intronic	AC020651.1	-	-	UTR3	NXPE3	-	-	ncRNA_intronic	AC020651.1	-	-	-
chr3	101823980	A	G	28.067	AD:VAF	53,12:0.184615	10842199	chr3	101823980	A	G	+	A,R	ALU	rs1035105588	SINE/AluJb	ncRNA_intronic	AC020651.1	-	-	UTR3	NXPE3	-	-	ncRNA_intronic	AC020651.1	-	-	-
chr3	101824543	A	G	30.1764	AD:VAF	129,9:0.0652174	10842289	chr3	101824543	A	G	+	A,R	ALU	-	SINE/AluJb	ncRNA_intronic	AC020651.1	-	-	UTR3	NXPE3	-	-	ncRNA_intronic	AC020651.1	-	-	-
chr3	101824582	A	G	30.6677	AD:VAF	106,14:0.116667	10842303	chr3	101824582	A	G	+	A,R	ALU	-	SINE/AluJb	ncRNA_intronic	AC020651.1	-	-	UTR3	NXPE3	-	-	ncRNA_intronic	AC020651.1	-	-	-
chr3	101824627	A	G	30.6773	AD:VAF	105,14:0.117647	10842320	chr3	101824627	A	G	+	A,R	ALU	-	SINE/AluJb	ncRNA_intronic	AC020651.1	-	-	UTR3	NXPE3	-	-	ncRNA_intronic	AC020651.1	-	-	-
chr3	101824673	A	G	30.6888	AD:VAF	89,12:0.118812	10842345	chr3	101824673	A	G	+	A,R	ALU	-	SINE/AluJb	ncRNA_intronic	AC020651.1	-	-	UTR3	NXPE3	-	-	ncRNA_intronic	AC020651.1	-	-	-
chr3	101824695	A	G	30.4085	AD:VAF	81,8:0.0898876	10842353	chr3	101824695	A	G	+	A,R	ALU	-	SINE/AluJb	ncRNA_exonic	AC020651.1	-	-	UTR3	NXPE3	-	-	ncRNA_exonic	AC020651.1	-	-	-
chr3	101826825	A	G	9.75762	AD:VAF	51,14:0.215385	10842385	chr3	101826825	A	G	+	A,R,D	ALU	rs760191363	SINE/AluSq2	UTR3	NXPE3	-	-	UTR3	NXPE3	-	-	UTR3	NXPE3	-	-	-
chr3	101826878	A	G	31.0854	AD:VAF	47,9:0.160714	10842405	chr3	101826878	A	G	+	A,R	ALU	-	SINE/AluSq2	UTR3	NXPE3	-	-	UTR3	NXPE3	-	-	UTR3	NXPE3	-	-	-
chr3	101826883	A	G	3.64912	AD:VAF	42,12:0.222222	10842409	chr3	101826883	A	G	+	A,R,D	ALU	-	SINE/AluSq2	UTR3	NXPE3	-	-	UTR3	NXPE3	-	-	UTR3	NXPE3	-	-	-
chr3	101826913	A	G	30.7696	AD:VAF	55,8:0.126984	10842415	chr3	101826913	A	G	+	A,R	ALU	-	SINE/AluSq2	UTR3	NXPE3	-	-	UTR3	NXPE3	-	-	UTR3	NXPE3	-	-	-
chr3	112600700	T	C	30.4767	AD:VAF	121,13:0.0970149	10858046	chr3	112600700	T	C	-	A,R	ALU	-	SINE/AluJb	UTR3	CCDC80	-	-	ncRNA_exonic	LINC01279	-	-	UTR3	CCDC80	-	-	-
chr3	129201575	A	G	41.3505	AD:VAF	10,8:0.444444	10950256	chr3	129201575	A	G	+	A,R	ALU	rs1445677874	SINE/AluJb	intergenic	CNBP;COPG1	-	-	intergenic	CNBP;COPG1	-	-	intergenic	CNBP;RPS27P12	-	-	-
chr3	136331533	A	G	34.3936	AD:VAF	10,9:0.473684	10982181	chr3	136331533	A	G	+	A,R,D	ALU	-	SINE/AluSx	intronic	PCCB	-	-	intergenic	PCCB;STAG1	-	-	intronic	PCCB	-	-	-
chr3	136331561	A	G	67.4815	AD:VAF	5,13:0.722222	10982191	chr3	136331561	A	G	+	A	ALU	rs112768868	SINE/AluSx	intronic	PCCB	-	-	intergenic	PCCB;STAG1	-	-	intronic	PCCB	-	-	-
chr3	136331964	A	G	60.7152	AD:VAF	4,9:0.692308	10982252	chr3	136331964	A	G	+	A,R	ALU	rs1038626156	SINE/AluSc	intronic	PCCB	-	-	intergenic	PCCB;STAG1	-	-	intronic	PCCB	-	-	-
chr3	141947588	T	C	53.8984	AD:VAF	5,10:0.666667	11017649	chr3	141947588	T	C	-	A,R,D	ALU	rs554715012	SINE/AluSc8	UTR3	TFDP2	-	-	UTR3	TFDP2	-	-	UTR3	TFDP2	-	-	-
chr3	141949989	T	C	22.9147	AD:VAF	16,8:0.333333	11017815	chr3	141949989	T	C	-	A,R,D	ALU	-	SINE/AluJb	UTR3	TFDP2	-	-	UTR3	TFDP2	-	-	UTR3	TFDP2	-	-	-
chr3	141950026	T	C	49.0839	AD:VAF	19,11:0.366667	11017827	chr3	141950026	T	C	-	A,R,D	ALU	-	SINE/AluJb	UTR3	TFDP2	-	-	UTR3	TFDP2	-	-	UTR3	TFDP2	-	-	-
chr3	141950034	T	C	88.4002	AD:VAF	15,16:0.516129	11017829	chr3	141950034	T	C	-	A,R,D	ALU	-	SINE/AluJb	UTR3	TFDP2	-	-	UTR3	TFDP2	-	-	UTR3	TFDP2	-	-	-
chr3	141950039	T	C	14.4943	AD:VAF	22,8:0.266667	11017830	chr3	141950039	T	C	-	A,R	ALU	-	SINE/AluJb	UTR3	TFDP2	-	-	UTR3	TFDP2	-	-	UTR3	TFDP2	-	-	-
chr3	155821937	T	C	69.5295	AD:VAF	4,10:0.714286	11062907	chr3	155821937	T	C	-	A,R	ALU	rs1327289968	SINE/AluSx1	UTR3	SLC33A1	-	-	UTR3	SLC33A1	-	-	UTR3	ENST00000392845.7	-	-	-
chr3	155823425	T	C	54.4518	AD:VAF	3,8:0.727273	11062999	chr3	155823425	T	C	-	A,R	ALU	-	SINE/AluSx	UTR3	SLC33A1	-	-	UTR3	SLC33A1	-	-	UTR3	ENST00000392845.7	-	-	-
chr3	155943111	A	G	57.0349	AD:VAF	5,9:0.642857	11065651	chr3	155943111	A	G	+	A,R	ALU	-	SINE/AluSz	UTR3	GMPS	-	-	UTR3	GMPS	-	-	UTR3	ENST00000496455.6	-	-	-
chr3	156540447	T	C	29.8344	AD:VAF	387,11:0.0276382	11067769	chr3	156540447	T	C	-	A,R	ALU	-	SINE/AluY	ncRNA_exonic	AC091607.2	-	-	UTR3	SSR3	-	-	UTR3	SSR3	-	-	-
chr3	156541510	T	C	29.6843	AD:VAF	1206,13:0.0106645	11067840	chr3	156541510	T	C	-	A,R,D	ALU	-	SINE/AluSq2	UTR3	SSR3	-	-	UTR3	SSR3	-	-	UTR3	SSR3	-	-	-
chr3	156541574	T	C	31.8069	AD:VAF	777,226:0.225324	11067864	chr3	156541574	T	C	-	A,R,D	ALU	-	SINE/AluSq2	UTR3	SSR3	-	-	UTR3	SSR3	-	-	UTR3	SSR3	-	-	-
chr3	156541581	T	C	29.7691	AD:VAF	1159,24:0.0202874	11067867	chr3	156541581	T	C	-	A,R	ALU	-	SINE/AluSq2	UTR3	SSR3	-	-	UTR3	SSR3	-	-	UTR3	SSR3	-	-	-
chr3	156541587	T	C	29.6936	AD:VAF	1179,14:0.0117351	11067871	chr3	156541587	T	C	-	A,R,D	ALU	rs1203607767	SINE/AluSq2	UTR3	SSR3	-	-	UTR3	SSR3	-	-	UTR3	SSR3	-	-	-
chr3	156541590	T	C	29.6869	AD:VAF	1173,13:0.0109612	11067873	chr3	156541590	T	C	-	A,R	ALU	-	SINE/AluSq2	UTR3	SSR3	-	-	UTR3	SSR3	-	-	UTR3	SSR3	-	-	-
chr3	156541591	T	C	29.6942	AD:VAF	1173,14:0.0117944	11067874	chr3	156541591	T	C	-	A,R	ALU	-	SINE/AluSq2	UTR3	SSR3	-	-	UTR3	SSR3	-	-	UTR3	SSR3	-	-	-
chr3	170463610	T	C	109.108	AD:VAF	13,22:0.628571	11102536	chr3	170463610	T	C	-	A,R	ALU	-	SINE/AluJo	ncRNA_intronic	SLC7A14-AS1	-	-	UTR3	SLC7A14	-	-	ncRNA_intronic	SLC7A14-AS1	-	-	-
chr3	170463615	T	C	69.2462	AD:VAF	22,15:0.405405	11102537	chr3	170463615	T	C	-	A,R	ALU	-	SINE/AluJo	ncRNA_intronic	SLC7A14-AS1	-	-	UTR3	SLC7A14	-	-	ncRNA_intronic	SLC7A14-AS1	-	-	-
chr3	188880911	A	G	34.1523	AD:VAF	13,8:0.380952	11190806	chr3	188880911	A	G	+	A,R,D	ALU	-	SINE/AluYk4	UTR3	LPP	-	-	UTR3	LPP	-	-	UTR3	LPP	-	-	-
chr3	188880942	A	G	24.4004	AD:VAF	7,8:0.533333	11190814	chr3	188880942	A	G	+	A,R,D	ALU	rs1162698741	SINE/AluYk4	UTR3	LPP	-	-	UTR3	LPP	-	-	UTR3	LPP	-	-	-
chr3	188882967	A	G	47.3961	AD:VAF	12,11:0.478261	11190916	chr3	188882967	A	G	+	A,R,D	ALU	-	SINE/AluYc	UTR3	LPP	-	-	UTR3	LPP	-	-	UTR3	LPP	-	-	-
chr3	195179183	T	C	84.1839	AD:VAF	4,12:0.75	11208288	chr3	195179183	T	C	-	A	ALU	-	SINE/AluSc5	intronic	XXYLT1	-	-	intronic	XXYLT1	-	-	intronic	ENST00000310380.10;XXYLT1	-	-	-
chr3	195179293	T	C	79.2029	AD:VAF	2,10:0.833333	11208302	chr3	195179293	T	C	-	A,R	ALU	-	SINE/AluSc5	intronic	XXYLT1	-	-	intronic	XXYLT1	-	-	intronic	ENST00000310380.10;XXYLT1	-	-	-
chr3	196233551	T	C	6.14856	AD:VAF	33,10:0.232558	11224495	chr3	196233551	T	C	-	A,R	REP	-	SINE/FRAM	intronic	PCYT1A	-	-	downstream	PCYT1A;SLC51A	-	-	intronic	PCYT1A;SLC51A	-	-	-
chr3	196233572	T	C	29.4037	AD:VAF	39,8:0.170213	11224499	chr3	196233572	T	C	-	A,R	REP	-	SINE/FRAM	intronic	PCYT1A	-	-	downstream	PCYT1A;SLC51A	-	-	intronic	PCYT1A;SLC51A	-	-	-
chr3	196234245	T	C	55.1241	AD:VAF	20,12:0.375	11224584	chr3	196234245	T	C	-	A,R	ALU	-	SINE/AluSp	intronic	PCYT1A	-	-	downstream	PCYT1A;SLC51A	-	-	intronic	PCYT1A;SLC51A	-	-	-
chr3	196236759	T	C	29.9293	AD:VAF	302,12:0.0382166	11224646	chr3	196236759	T	C	-	A,R	ALU	-	SINE/AluSx1	UTR3	PCYT1A	-	-	UTR3	PCYT1A	-	-	UTR3	PCYT1A	-	-	-
chr3	196236764	T	C	30.0146	AD:VAF	280,14:0.047619	11224648	chr3	196236764	T	C	-	A,R	ALU	-	SINE/AluSx1	UTR3	PCYT1A	-	-	UTR3	PCYT1A	-	-	UTR3	PCYT1A	-	-	-
chr3	196352418	T	C	30.9435	AD:VAF	47,8:0.145455	11229279	chr3	196352418	T	C	-	A,R,D	ALU	-	SINE/AluSx1	UTR3	UBXN7	-	-	UTR3	UBXN7	-	-	UTR3	ENST00000296328.8	-	-	-
chr3	196352820	T	C	31.7488	AD:VAF	22,10:0.3125	11229323	chr3	196352820	T	C	-	A,R,D	ALU	-	SINE/AluSc	UTR3	UBXN7	-	-	UTR3	UBXN7	-	-	UTR3	ENST00000296328.8	-	-	-
chr3	196353729	T	C	47.1021	AD:VAF	17,10:0.37037	11229398	chr3	196353729	T	C	-	A,R,D	ALU	-	SINE/AluSx	UTR3	UBXN7	-	-	UTR3	UBXN7	-	-	UTR3	ENST00000296328.8	-	-	-
chr3	197884337	A	G	9.65265	AD:VAF	24,8:0.25	11255611	chr3	197884337	A	G	+	A,R,D	ALU	-	SINE/AluSx1	UTR3	LRCH3	-	-	UTR3	LRCH3	-	-	UTR3	LRCH3	-	-	-
chr3	197885355	A	G	30.3735	AD:VAF	106,10:0.0862069	11255680	chr3	197885355	A	G	+	A,R,D	ALU	-	SINE/AluSp	UTR3	LRCH3	-	-	UTR3	LRCH3	-	-	UTR3	LRCH3	-	-	-
chr3	197885386	A	G	30.8459	AD:VAF	90,14:0.134615	11255686	chr3	197885386	A	G	+	A,R	ALU	rs1398600179	SINE/AluSp	UTR3	LRCH3	-	-	UTR3	LRCH3	-	-	UTR3	LRCH3	-	-	-
chr3	197885499	A	G	36.6478	AD:VAF	35,15:0.3	11255719	chr3	197885499	A	G	+	A,R,D	ALU	-	SINE/AluSp	UTR3	LRCH3	-	-	UTR3	LRCH3	-	-	UTR3	LRCH3	-	-	-
chr3	197885559	A	G	30.8231	AD:VAF	59,9:0.132353	11255732	chr3	197885559	A	G	+	A,R,D	ALU	rs372007347	SINE/AluSp	UTR3	LRCH3	-	-	UTR3	LRCH3	-	-	UTR3	LRCH3	-	-	-
chr3	197885560	A	G	31.1561	AD:VAF	55,12:0.179104	11255733	chr3	197885560	A	G	+	A,R,D	ALU	-	SINE/AluSp	UTR3	LRCH3	-	-	UTR3	LRCH3	-	-	UTR3	LRCH3	-	-	-
chr3	197886111	A	G	13.9784	AD:VAF	17,8:0.32	11255761	chr3	197886111	A	G	+	A,R,D	ALU	-	SINE/AluJb	UTR3	LRCH3	-	-	UTR3	LRCH3	-	-	UTR3	LRCH3	-	-	-
chr4	470948	T	C	85.5193	AD:VAF	2,11:0.846154	11269695	chr4	470948	T	C	-	A,R	ALU	-	SINE/AluSc	intronic	ZNF721	-	-	ncRNA_intronic	ABCA11P	-	-	ncRNA_intronic	ABCA11P	-	-	-
chr4	2938408	T	C	30.1141	AD:VAF	161,10:0.0584795	11305969	chr4	2938408	T	C	-	A,R	ALU	-	SINE/AluSp	ncRNA_intronic	NOP14-AS1	-	-	ncRNA_intronic	NOP14-AS1	-	-	ncRNA_intronic	ENST00000507702.1;ENST00000515194.5;NOP14-AS1	-	-	-
chr4	2938673	T	C	30.1553	AD:VAF	134,9:0.0629371	11306072	chr4	2938673	T	C	-	A,R	ALU	-	SINE/AluJo	ncRNA_intronic	NOP14-AS1	-	-	ncRNA_intronic	NOP14-AS1	-	-	ncRNA_intronic	ENST00000507702.1;ENST00000515194.5;NOP14-AS1	-	-	-
chr4	3506906	T	C	44.9948	AD:VAF	7,13:0.65	11312918	chr4	3506906	T	C	-	A,R,D	REP	rs879076318	LINE/L1M4	UTR3	LRPAP1	-	-	UTR3	LRPAP1	-	-	UTR3	ENST00000500728.3;LRPAP1	-	-	-
chr4	3506966	T	C	48.3893	AD:VAF	9,8:0.470588	11312925	chr4	3506966	T	C	-	A,R	ALU	-	SINE/AluJr	UTR3	LRPAP1	-	-	UTR3	LRPAP1	-	-	UTR3	ENST00000500728.3;LRPAP1	-	-	-
chr4	3507102	T	C	76.3066	AD:VAF	5,14:0.736842	11312964	chr4	3507102	T	C	-	A,R,D	ALU	-	SINE/AluJr	UTR3	LRPAP1	-	-	UTR3	LRPAP1	-	-	UTR3	ENST00000500728.3;LRPAP1	-	-	-
chr4	3507112	T	C	63.5633	AD:VAF	4,10:0.714286	11312968	chr4	3507112	T	C	-	A,R,D	ALU	-	SINE/AluJr	UTR3	LRPAP1	-	-	UTR3	LRPAP1	-	-	UTR3	ENST00000500728.3;LRPAP1	-	-	-
chr4	3507129	T	C	61.2677	AD:VAF	3,9:0.75	11312975	chr4	3507129	T	C	-	A,R	ALU	-	SINE/AluJr	UTR3	LRPAP1	-	-	UTR3	LRPAP1	-	-	UTR3	ENST00000500728.3;LRPAP1	-	-	-
chr4	3508143	T	C	53.8946	AD:VAF	4,8:0.666667	11313030	chr4	3508143	T	C	-	A,R,D	ALU	-	SINE/AluSx	UTR3	LRPAP1	-	-	UTR3	LRPAP1	-	-	UTR3	ENST00000500728.3;LRPAP1	-	-	-
chr4	3510405	T	C	31.0495	AD:VAF	54,10:0.15625	11313122	chr4	3510405	T	C	-	A,R	ALU	-	SINE/AluJb	UTR3	LRPAP1	-	-	UTR3	LRPAP1	-	-	UTR3	ENST00000500728.3;LRPAP1	-	-	-
chr4	3510439	T	C	30.6286	AD:VAF	63,8:0.112676	11313126	chr4	3510439	T	C	-	A,R	ALU	-	SINE/AluJb	UTR3	LRPAP1	-	-	UTR3	LRPAP1	-	-	UTR3	ENST00000500728.3;LRPAP1	-	-	-
chr4	26757198	A	G	29.2576	AD:VAF	16,11:0.407407	11392618	chr4	26757198	A	G	+	A,R	ALU	rs766697905	SINE/AluSz	downstream	TBC1D19	-	-	downstream	TBC1D19	-	-	intergenic	ENST00000264866.8;STIM2	-	-	-
chr4	26757254	A	G	28.0802	AD:VAF	36,8:0.181818	11392636	chr4	26757254	A	G	+	A,R	ALU	-	SINE/AluSz	intergenic	TBC1D19;STIM2-AS1	-	-	intergenic	TBC1D19;STIM2-AS1	-	-	intergenic	ENST00000264866.8;STIM2	-	-	-
chr4	26757258	A	G	21.2882	AD:VAF	34,8:0.190476	11392638	chr4	26757258	A	G	+	A	ALU	rs982143170	SINE/AluSz	intergenic	TBC1D19;STIM2-AS1	-	-	intergenic	TBC1D19;STIM2-AS1	-	-	intergenic	ENST00000264866.8;STIM2	-	-	-
chr4	26757267	A	G	19.3379	AD:VAF	31,11:0.261905	11392640	chr4	26757267	A	G	+	A,R	ALU	-	SINE/AluSz	intergenic	TBC1D19;STIM2-AS1	-	-	intergenic	TBC1D19;STIM2-AS1	-	-	intergenic	ENST00000264866.8;STIM2	-	-	-
chr4	26760301	A	G	40.2273	AD:VAF	12,8:0.4	11392659	chr4	26760301	A	G	+	A,R	ALU	-	SINE/AluJb	intergenic	TBC1D19;STIM2-AS1	-	-	intergenic	TBC1D19;STIM2-AS1	-	-	intergenic	ENST00000264866.8;STIM2	-	-	-
chr4	26760334	A	G	88.1945	AD:VAF	9,14:0.608696	11392671	chr4	26760334	A	G	+	A,R,D	ALU	-	SINE/AluJb	intergenic	TBC1D19;STIM2-AS1	-	-	intergenic	TBC1D19;STIM2-AS1	-	-	intergenic	ENST00000264866.8;STIM2	-	-	-
chr4	26760481	A	G	17.7816	AD:VAF	18,8:0.307692	11392732	chr4	26760481	A	G	+	A,R,D	ALU	-	SINE/AluJb	intergenic	TBC1D19;STIM2-AS1	-	-	intergenic	TBC1D19;STIM2-AS1	-	-	intergenic	ENST00000264866.8;STIM2	-	-	-
chr4	26760498	A	G	16.5273	AD:VAF	21,8:0.275862	11392738	chr4	26760498	A	G	+	A,R	ALU	-	SINE/AluJb	intergenic	TBC1D19;STIM2-AS1	-	-	intergenic	TBC1D19;STIM2-AS1	-	-	intergenic	ENST00000264866.8;STIM2	-	-	-
chr4	39548084	T	C	30.5234	AD:VAF	97,11:0.101852	11419167	chr4	39548084	T	C	-	A,R	ALU	-	SINE/AluSp	ncRNA_intronic	UGDH-AS1	-	-	ncRNA_intronic	UGDH-AS1	-	-	ncRNA_intronic	UGDH-AS1	-	-	-
chr4	39548393	T	C	30.339	AD:VAF	100,9:0.0825688	11419222	chr4	39548393	T	C	-	A,R	REP	-	SINE/FLAM_C	ncRNA_intronic	UGDH-AS1	-	-	ncRNA_intronic	UGDH-AS1	-	-	ncRNA_intronic	UGDH-AS1	-	-	-
chr4	39548473	T	C	30.363	AD:VAF	86,8:0.0851064	11419238	chr4	39548473	T	C	-	A,R	REP	-	SINE/FLAM_C	ncRNA_intronic	UGDH-AS1	-	-	ncRNA_intronic	UGDH-AS1	-	-	ncRNA_intronic	UGDH-AS1	-	-	-
chr4	39548951	T	C	12.2707	AD:VAF	69,21:0.233333	11419262	chr4	39548951	T	C	-	A,R	ALU	-	SINE/AluSx1	ncRNA_intronic	UGDH-AS1	-	-	ncRNA_intronic	UGDH-AS1	-	-	ncRNA_intronic	UGDH-AS1	-	-	-
chr4	39548965	T	C	30.5354	AD:VAF	87,10:0.103093	11419268	chr4	39548965	T	C	-	A,R,D	ALU	-	SINE/AluSx1	ncRNA_intronic	UGDH-AS1	-	-	ncRNA_intronic	UGDH-AS1	-	-	ncRNA_intronic	UGDH-AS1	-	-	-
chr4	39548990	T	C	30.5177	AD:VAF	71,8:0.101266	11419278	chr4	39548990	T	C	-	A,R	ALU	-	SINE/AluSx1	ncRNA_intronic	UGDH-AS1	-	-	ncRNA_intronic	UGDH-AS1	-	-	ncRNA_intronic	UGDH-AS1	-	-	-
chr4	39549008	T	C	31.0028	AD:VAF	58,12:0.171429	11419284	chr4	39549008	T	C	-	A,R	ALU	-	SINE/AluSx1	ncRNA_intronic	UGDH-AS1	-	-	ncRNA_intronic	UGDH-AS1	-	-	ncRNA_intronic	UGDH-AS1	-	-	-
chr4	39549051	T	C	3.55607	AD:VAF	62,19:0.234568	11419304	chr4	39549051	T	C	-	A,R,D	ALU	-	SINE/AluSx1	ncRNA_intronic	UGDH-AS1	-	-	ncRNA_intronic	UGDH-AS1	-	-	ncRNA_intronic	UGDH-AS1	-	-	-
chr4	39549137	T	C	30.6773	AD:VAF	105,14:0.117647	11419340	chr4	39549137	T	C	-	A,R,D	ALU	-	SINE/AluSx1	ncRNA_intronic	UGDH-AS1	-	-	ncRNA_intronic	UGDH-AS1	-	-	ncRNA_intronic	UGDH-AS1	-	-	-
chr4	39549167	T	C	30.6419	AD:VAF	101,13:0.114035	11419351	chr4	39549167	T	C	-	A,R	ALU	-	SINE/AluSx1	ncRNA_intronic	UGDH-AS1	-	-	ncRNA_intronic	UGDH-AS1	-	-	ncRNA_intronic	UGDH-AS1	-	-	-
chr4	39549352	T	C	30.051	AD:VAF	147,8:0.0516129	11419397	chr4	39549352	T	C	-	A,R,D	ALU	-	SINE/AluSz	ncRNA_intronic	UGDH-AS1	-	-	ncRNA_intronic	UGDH-AS1	-	-	ncRNA_intronic	UGDH-AS1	-	-	-
chr4	39549398	T	C	30.09	AD:VAF	169,10:0.0558659	11419417	chr4	39549398	T	C	-	A,R,D	ALU	-	SINE/AluSz	ncRNA_intronic	UGDH-AS1	-	-	ncRNA_intronic	UGDH-AS1	-	-	ncRNA_intronic	UGDH-AS1	-	-	-
chr4	39549404	T	C	29.9586	AD:VAF	185,8:0.0414508	11419419	chr4	39549404	T	C	-	A,R	ALU	-	SINE/AluSz	ncRNA_intronic	UGDH-AS1	-	-	ncRNA_intronic	UGDH-AS1	-	-	ncRNA_intronic	UGDH-AS1	-	-	-
chr4	39549411	T	C	30.2691	AD:VAF	160,13:0.0751445	11419420	chr4	39549411	T	C	-	A,R	ALU	-	SINE/AluSz	ncRNA_intronic	UGDH-AS1	-	-	ncRNA_intronic	UGDH-AS1	-	-	ncRNA_intronic	UGDH-AS1	-	-	-
chr4	39549492	T	C	30.0604	AD:VAF	198,11:0.0526316	11419457	chr4	39549492	T	C	-	A,R	ALU	-	SINE/AluSz	ncRNA_intronic	UGDH-AS1	-	-	ncRNA_intronic	UGDH-AS1	-	-	ncRNA_intronic	UGDH-AS1	-	-	-
chr4	39549501	T	C	30.1309	AD:VAF	187,12:0.0603015	11419461	chr4	39549501	T	C	-	A,R	ALU	rs995906090	SINE/AluSz	ncRNA_intronic	UGDH-AS1	-	-	ncRNA_intronic	UGDH-AS1	-	-	ncRNA_intronic	UGDH-AS1	-	-	-
chr4	39550356	T	C	30.1861	AD:VAF	155,11:0.0662651	11419542	chr4	39550356	T	C	-	A,R,D	ALU	-	SINE/AluSx	ncRNA_intronic	UGDH-AS1	-	-	ncRNA_intronic	UGDH-AS1	-	-	ncRNA_intronic	UGDH-AS1	-	-	-
chr4	39550442	T	C	30.389	AD:VAF	135,13:0.0878378	11419578	chr4	39550442	T	C	-	A,R,D	ALU	-	SINE/AluSx	ncRNA_intronic	UGDH-AS1	-	-	ncRNA_intronic	UGDH-AS1	-	-	ncRNA_intronic	UGDH-AS1	-	-	-
chr4	39550446	T	C	30.4535	AD:VAF	134,14:0.0945946	11419579	chr4	39550446	T	C	-	A,R,D	ALU	-	SINE/AluSx	ncRNA_intronic	UGDH-AS1	-	-	ncRNA_intronic	UGDH-AS1	-	-	ncRNA_intronic	UGDH-AS1	-	-	-
chr4	39550554	T	C	30.1808	AD:VAF	128,9:0.0656934	11419631	chr4	39550554	T	C	-	A,R,D	ALU	-	SINE/AluSx	ncRNA_intronic	UGDH-AS1	-	-	ncRNA_intronic	UGDH-AS1	-	-	ncRNA_intronic	UGDH-AS1	-	-	-
chr4	39550555	T	C	30.81	AD:VAF	126,19:0.131034	11419632	chr4	39550555	T	C	-	A,R,D	ALU	rs977375346	SINE/AluSx	ncRNA_intronic	UGDH-AS1	-	-	ncRNA_intronic	UGDH-AS1	-	-	ncRNA_intronic	UGDH-AS1	-	-	-
chr4	39550563	T	C	30.732	AD:VAF	121,17:0.123188	11419635	chr4	39550563	T	C	-	A,R,D	ALU	rs1361717140	SINE/AluSx	ncRNA_intronic	UGDH-AS1	-	-	ncRNA_intronic	UGDH-AS1	-	-	ncRNA_intronic	UGDH-AS1	-	-	-
chr4	39551114	T	C	30.2069	AD:VAF	136,10:0.0684932	11419731	chr4	39551114	T	C	-	A,R	ALU	-	SINE/AluSz	ncRNA_intronic	UGDH-AS1	-	-	ncRNA_intronic	UGDH-AS1	-	-	ncRNA_intronic	UGDH-AS1	-	-	-
chr4	49234602	T	C	72.2822	AD:VAF	21,15:0.416667	11468304	chr4	49234602	T	C	-	A,R	NONREP	-	-/-	intergenic	AC118282.4;NONE	-	-	intergenic	CWH43;NONE	-	-	upstream	SNX18P23	-	-	-
chr4	49234613	T	C	111.827	AD:VAF	11,23:0.676471	11468307	chr4	49234613	T	C	-	A	NONREP	rs9985713	-/-	intergenic	AC118282.4;NONE	-	-	intergenic	CWH43;NONE	-	-	upstream	SNX18P23	-	-	-
chr4	49234619	T	C	4.83583	AD:VAF	27,8:0.228571	11468309	chr4	49234619	T	C	-	A,R	NONREP	-	-/-	intergenic	AC118282.4;NONE	-	-	intergenic	CWH43;NONE	-	-	upstream	SNX18P23	-	-	-
chr4	52021491	T	C	29.865	AD:VAF	312,10:0.0310559	11469567	chr4	52021491	T	C	-	A,R	ALU	rs1319151557	SINE/AluSc	UTR3	SGCB	-	-	UTR3	SGCB	-	-	UTR3	SGCB	-	-	-
chr4	52021581	T	C	29.8298	AD:VAF	287,8:0.0271186	11469584	chr4	52021581	T	C	-	A,R	ALU	-	SINE/AluSc	UTR3	SGCB	-	-	UTR3	SGCB	-	-	UTR3	SGCB	-	-	-
chr4	52662563	A	G	98.0592	AD:VAF	5,16:0.761905	11470681	chr4	52662563	A	G	+	A,R,D	REP	-	LTR/MSTA-int	downstream	USP46-AS1	-	-	intergenic	USP46-AS1;DANCR	-	-	downstream	USP46-AS1	-	-	-
chr4	52665228	A	G	74.156	AD:VAF	3,10:0.769231	11470775	chr4	52665228	A	G	+	A,R	REP	rs934959912	LTR/MSTB	intergenic	USP46-AS1;AC104066.4	-	-	intergenic	USP46-AS1;DANCR	-	-	intergenic	USP46-AS1;ENST00000564513.1	-	-	-
chr4	52665540	A	G	46.2583	AD:VAF	13,9:0.409091	11470835	chr4	52665540	A	G	+	A,R,D	NONREP	-	-/-	intergenic	USP46-AS1;AC104066.4	-	-	intergenic	USP46-AS1;DANCR	-	-	intergenic	USP46-AS1;ENST00000564513.1	-	-	-
chr4	55370751	A	G	105.108	AD:VAF	13,22:0.628571	11479491	chr4	55370751	A	G	+	A,R	ALU	-	SINE/AluJb	ncRNA_intronic	SRD5A3-AS1	-	-	ncRNA_intronic	SRD5A3-AS1	-	-	ncRNA_intronic	SRD5A3-AS1	-	-	-
chr4	56460163	A	G	29.8884	AD:VAF	287,10:0.03367	11489285	chr4	56460163	A	G	+	A,R,D	ALU	-	SINE/AluJr	UTR3	PAICS	-	-	UTR3	PAICS	-	-	UTR3	PAICS	-	-	-
chr4	56460167	A	G	30.019	AD:VAF	277,14:0.04811	11489287	chr4	56460167	A	G	+	A,R,D	ALU	rs1479564774	SINE/AluJr	UTR3	PAICS	-	-	UTR3	PAICS	-	-	UTR3	PAICS	-	-	-
chr4	57110068	T	C	30.7875	AD:VAF	2483,367:0.128772	11499225	chr4	57110068	T	C	-	A,R,D	NONREP	-	-/-	exonic	IGFBP7	nonsynonymous SNV	IGFBP7:ENST00000295666.6:exon1:c.A284G:p.K95R,IGFBP7:ENST00000514062.2:exon1:c.A284G:p.K95R	exonic	IGFBP7	nonsynonymous SNV	IGFBP7:NM_001253835:exon1:c.A284G:p.K95R,IGFBP7:NM_001553:exon1:c.A284G:p.K95R	exonic	IGFBP7	nonsynonymous SNV	IGFBP7:ENST00000295666.6:exon1:c.A284G:p.K95R,IGFBP7:ENST00000514062.2:exon1:c.A284G:p.K95R	468;121
chr4	73056903	T	C	36.8935	AD:VAF	20,10:0.333333	11519634	chr4	73056903	T	C	-	A,R,D	ALU	-	SINE/AluSz	UTR3	COX18	-	-	UTR3	COX18	-	-	UTR3	COX18	-	-	-
chr4	73057279	T	C	14.5408	AD:VAF	39,10:0.204082	11519703	chr4	73057279	T	C	-	A,R,D	ALU	-	SINE/AluSz	UTR3	COX18	-	-	UTR3	COX18	-	-	UTR3	COX18	-	-	-
chr4	75916917	T	C	13.4322	AD:VAF	40,11:0.215686	11529968	chr4	75916917	T	C	-	A,R,D	ALU	-	SINE/AluSz	intronic	NAAA	-	-	UTR3	NAAA	-	-	intronic	ENST00000286733.8;ENST00000513045.5;NAAA	-	-	-
chr4	75917693	T	C	30.7499	AD:VAF	56,8:0.125	11530080	chr4	75917693	T	C	-	A,R	ALU	rs904483718	SINE/AluSz	UTR3	NAAA	-	-	UTR3	NAAA	-	-	UTR3	NAAA	-	-	-
chr4	86923195	T	C	46.0686	AD:VAF	21,12:0.363636	11579024	chr4	86923195	T	C	-	A,R,D	ALU	-	SINE/AluJb	intronic	AC093827.5	-	-	intergenic	C4orf36;AFF1-AS1	-	-	intronic	AC093827.5	-	-	-
chr4	86923230	T	C	12.3286	AD:VAF	27,8:0.228571	11579032	chr4	86923230	T	C	-	A,R,D	ALU	-	SINE/AluJb	intronic	AC093827.5	-	-	intergenic	C4orf36;AFF1-AS1	-	-	intronic	AC093827.5	-	-	-
chr4	86923350	T	C	110.081	AD:VAF	15,26:0.634146	11579075	chr4	86923350	T	C	-	A,R,D	ALU	rs1348116116	SINE/AluJb	intronic	AC093827.5	-	-	intergenic	C4orf36;AFF1-AS1	-	-	intronic	AC093827.5	-	-	-
chr4	86924083	T	C	26.5323	AD:VAF	25,10:0.285714	11579164	chr4	86924083	T	C	-	A,R,D	ALU	-	SINE/AluJo	intronic	AC093827.5	-	-	downstream	AFF1-AS1	-	-	intronic	AC093827.5	-	-	-
chr4	86932278	T	C	4.22071	AD:VAF	39,13:0.25	11579520	chr4	86932278	T	C	-	A,R,D	ALU	-	SINE/AluSp	ncRNA_exonic	AC093827.4	-	-	ncRNA_intronic	AFF1-AS1	-	-	ncRNA_exonic	AC093827.4	-	-	-
chr4	86932311	T	C	3.48246	AD:VAF	40,13:0.245283	11579528	chr4	86932311	T	C	-	A,R,D	ALU	-	SINE/AluSp	ncRNA_exonic	AC093827.4	-	-	ncRNA_intronic	AFF1-AS1	-	-	ncRNA_exonic	AC093827.4	-	-	-
chr4	88258443	T	C	32.5537	AD:VAF	32,13:0.288889	11590940	chr4	88258443	T	C	-	A,R,D	ALU	rs1048042101	SINE/AluSc	UTR3	PPM1K	-	-	UTR3	PPM1K	-	-	UTR3	ENST00000608933.5	-	-	-
chr4	88258465	T	C	4.77715	AD:VAF	26,8:0.235294	11590947	chr4	88258465	T	C	-	A,R,D	ALU	-	SINE/AluSc	UTR3	PPM1K	-	-	UTR3	PPM1K	-	-	UTR3	ENST00000608933.5	-	-	-
chr4	88260212	T	C	44.0114	AD:VAF	22,12:0.352941	11591105	chr4	88260212	T	C	-	A,R	ALU	-	SINE/AluSx1	UTR3	PPM1K	-	-	UTR3	PPM1K	-	-	UTR3	ENST00000608933.5	-	-	-
chr4	88260273	T	C	30.2269	AD:VAF	38,8:0.173913	11591129	chr4	88260273	T	C	-	A,R	ALU	-	SINE/AluSx1	UTR3	PPM1K	-	-	UTR3	PPM1K	-	-	UTR3	ENST00000608933.5	-	-	-
chr4	88260279	T	C	4.65887	AD:VAF	36,12:0.25	11591131	chr4	88260279	T	C	-	A,R	ALU	rs1171849466	SINE/AluSx1	UTR3	PPM1K	-	-	UTR3	PPM1K	-	-	UTR3	ENST00000608933.5	-	-	-
chr4	128037472	A	G	63.0351	AD:VAF	5,9:0.642857	11687628	chr4	128037472	A	G	+	A,R,D	ALU	-	SINE/AluSx1	UTR3	ABHD18	-	-	UTR3	ABHD18	-	-	UTR3	ABHD18	-	-	-
chr4	154301699	A	G	10.8063	AD:VAF	21,8:0.275862	11761777	chr4	154301699	A	G	+	A	ALU	rs1218520534	SINE/AluSp	intronic	DCHS2	-	-	intronic	DCHS2	-	-	intronic	ENST00000357232.9	-	-	-
chr4	176331098	A	G	29.7662	AD:VAF	491,10:0.0199601	11806871	chr4	176331098	A	G	+	A,R,D	NONREP	-	-/-	UTR3	SPCS3	-	-	UTR3	SPCS3	-	-	UTR3	ENST00000503362.1	-	-	-
chr4	176331183	A	G	29.8395	AD:VAF	310,9:0.0282132	11806876	chr4	176331183	A	G	+	A,R	NONREP	rs1318770544	-/-	UTR3	SPCS3	-	-	UTR3	SPCS3	-	-	UTR3	ENST00000503362.1	-	-	-
chr4	176331754	A	G	29.6906	AD:VAF	868,10:0.0113895	11806907	chr4	176331754	A	G	+	A,R	ALU	-	SINE/AluSq2	UTR3	SPCS3	-	-	UTR3	SPCS3	-	-	UTR3	ENST00000503362.1	-	-	-
chr4	176331798	A	G	29.7331	AD:VAF	728,12:0.0162162	11806915	chr4	176331798	A	G	+	A,R,D	ALU	-	SINE/AluSq2	UTR3	SPCS3	-	-	UTR3	SPCS3	-	-	UTR3	ENST00000503362.1	-	-	-
chr4	176331809	A	G	29.691	AD:VAF	778,9:0.0114358	11806916	chr4	176331809	A	G	+	A,R	ALU	-	SINE/AluSq2	UTR3	SPCS3	-	-	UTR3	SPCS3	-	-	UTR3	ENST00000503362.1	-	-	-
chr5	14652466	T	C	123.415	AD:VAF	0,12:1	11869518	chr5	14652466	T	C	-	A,R	NONREP	-	-/-	intergenic	OTULINL;AC010491.1	-	-	upstream	SNORD141A;SNORD141B	-	-	ncRNA_exonic	EEF1A1P13	-	-	612;519
chr5	16664986	T	C	50.3148	AD:VAF	12,9:0.428571	11875344	chr5	16664986	T	C	-	A,R	ALU	-	SINE/AluSg	ncRNA_intronic	AC024588.1	-	-	UTR3	MYO10	-	-	UTR3	MYO10	-	-	-
chr5	34953400	A	G	68.1423	AD:VAF	3,13:0.8125	11917996	chr5	34953400	A	G	+	A,R,D	ALU	rs1379229732	SINE/AluSx1	intronic	DNAJC21	-	-	intronic	DNAJC21	-	-	intronic	DNAJC21;ENST00000342382.8	-	-	-
chr5	40827849	T	C	29.9665	AD:VAF	181,8:0.042328	11943489	chr5	40827849	T	C	-	A,R,D	ALU	-	SINE/AluSx	UTR3	RPL37	-	-	UTR3	RPL37	-	-	UTR3	ENST00000274242.9	-	-	-
chr5	40830676	T	C	42.4044	AD:VAF	8,8:0.5	11943622	chr5	40830676	T	C	-	A,R,D	ALU	rs1364975101	SINE/AluSc	UTR3	RPL37	-	-	UTR3	RPL37	-	-	UTR3	ENST00000274242.9	-	-	-
chr5	40830729	T	C	43.1022	AD:VAF	17,10:0.37037	11943637	chr5	40830729	T	C	-	A,R,D	ALU	-	SINE/AluSc	UTR3	RPL37	-	-	UTR3	RPL37	-	-	UTR3	ENST00000274242.9	-	-	-
chr5	42956374	A	G	61.3786	AD:VAF	14,12:0.461538	11950219	chr5	42956374	A	G	+	A,R	ALU	-	SINE/AluSg7	intergenic	AC008945.2;AC008875.3	-	-	intergenic	SELENOP;FLJ32255	-	-	intergenic	PRELID3BP6;PRELID3BP7	-	-	-
chr5	42957544	A	G	5.80545	AD:VAF	23,9:0.28125	11950321	chr5	42957544	A	G	+	A,R	ALU	-	SINE/AluSz	intergenic	AC008945.2;AC008875.3	-	-	intergenic	SELENOP;FLJ32255	-	-	intergenic	PRELID3BP6;PRELID3BP7	-	-	-
chr5	75377997	T	C	53.3298	AD:VAF	13,10:0.434783	12059505	chr5	75377997	T	C	-	A,R,D	ALU	rs775637134	SINE/AluJr	UTR3	CERT1	-	-	intronic	CERT1	-	-	UTR3	CERT1	-	-	-
chr5	75378962	T	C	36.1517	AD:VAF	13,8:0.380952	12059586	chr5	75378962	T	C	-	A,R,D	ALU	-	SINE/AluJr	UTR3	CERT1	-	-	intronic	CERT1	-	-	UTR3	CERT1	-	-	-
chr5	75378986	T	C	53.3945	AD:VAF	11,10:0.47619	12059589	chr5	75378986	T	C	-	A,R,D	ALU	-	SINE/AluJr	UTR3	CERT1	-	-	intronic	CERT1	-	-	UTR3	CERT1	-	-	-
chr5	81244989	T	C	26.9807	AD:VAF	17,9:0.346154	12095901	chr5	81244989	T	C	-	A,R	ALU	-	SINE/AluSx1	ncRNA_exonic	CKMT2-AS1	-	-	ncRNA_exonic	CKMT2-AS1	-	-	ncRNA_exonic	CKMT2-AS1	-	-	-
chr5	81244996	T	C	33.0705	AD:VAF	14,8:0.363636	12095904	chr5	81244996	T	C	-	A,R	ALU	-	SINE/AluSx1	ncRNA_exonic	CKMT2-AS1	-	-	ncRNA_exonic	CKMT2-AS1	-	-	ncRNA_exonic	CKMT2-AS1	-	-	-
chr5	81245061	T	C	39.0501	AD:VAF	16,9:0.36	12095931	chr5	81245061	T	C	-	A,R	ALU	-	SINE/AluSx1	ncRNA_exonic	CKMT2-AS1	-	-	ncRNA_exonic	CKMT2-AS1	-	-	ncRNA_exonic	CKMT2-AS1	-	-	-
chr5	96774840	T	C	30.9027	AD:VAF	49,8:0.140351	12136430	chr5	96774840	T	C	-	A,R,D	NONREP	-	-/-	UTR3	ERAP1	-	-	UTR3	ERAP1	-	-	UTR3	ENST00000443439.6	-	-	-
chr5	126625554	A	G	30.5143	AD:VAF	98,11:0.100917	12188482	chr5	126625554	A	G	+	A,R,D	ALU	rs951257845	SINE/AluSz	UTR3	PHAX	-	-	UTR3	PHAX	-	-	UTR3	ENST00000297540.4	-	-	-
chr5	126625741	A	G	30.2343	AD:VAF	117,9:0.0714286	12188497	chr5	126625741	A	G	+	A,R,D	ALU	-	SINE/AluSz6	UTR3	PHAX	-	-	UTR3	PHAX	-	-	UTR3	ENST00000297540.4	-	-	-
chr5	126625818	A	G	30.0668	AD:VAF	142,8:0.0533333	12188519	chr5	126625818	A	G	+	A,R,D	ALU	-	SINE/AluSz6	UTR3	PHAX	-	-	UTR3	PHAX	-	-	UTR3	ENST00000297540.4	-	-	-
chr5	126625931	A	G	30.4134	AD:VAF	161,16:0.0903955	12188547	chr5	126625931	A	G	+	A,R,D	ALU	-	SINE/AluSz6	UTR3	PHAX	-	-	UTR3	PHAX	-	-	UTR3	ENST00000297540.4	-	-	-
chr5	126626118	A	G	30.1635	AD:VAF	132,9:0.0638298	12188565	chr5	126626118	A	G	+	A,R,D	REP	-	SINE/FLAM_C	UTR3	PHAX	-	-	UTR3	PHAX	-	-	UTR3	ENST00000297540.4	-	-	-
chr5	126626338	A	G	30.2858	AD:VAF	108,9:0.0769231	12188584	chr5	126626338	A	G	+	A,R,D	ALU	-	SINE/AluSz	UTR3	PHAX	-	-	UTR3	PHAX	-	-	UTR3	ENST00000297540.4	-	-	-
chr5	126626575	A	G	30.2928	AD:VAF	95,8:0.0776699	12188657	chr5	126626575	A	G	+	A,R	ALU	-	SINE/AluSc	UTR3	PHAX	-	-	UTR3	PHAX	-	-	UTR3	ENST00000297540.4	-	-	-
chr5	131201694	A	G	14.4943	AD:VAF	22,8:0.266667	12200287	chr5	131201694	A	G	+	A,R,D	ALU	rs1195030929	SINE/AluSp	UTR3	LYRM7	-	-	UTR3	LYRM7	-	-	UTR3	ENST00000379380.8	-	-	-
chr5	131202086	A	G	80.7083	AD:VAF	2,10:0.833333	12200368	chr5	131202086	A	G	+	A,R,D	ALU	-	SINE/AluJb	UTR3	LYRM7	-	-	UTR3	LYRM7	-	-	UTR3	ENST00000379380.8	-	-	-
chr5	131202266	A	G	12.9706	AD:VAF	22,10:0.3125	12200388	chr5	131202266	A	G	+	A,R,D	ALU	-	SINE/AluSp	UTR3	LYRM7	-	-	UTR3	LYRM7	-	-	UTR3	ENST00000379380.8	-	-	-
chr5	131202275	A	G	12.059	AD:VAF	28,13:0.317073	12200390	chr5	131202275	A	G	+	A,R,D	ALU	-	SINE/AluSp	UTR3	LYRM7	-	-	UTR3	LYRM7	-	-	UTR3	ENST00000379380.8	-	-	-
chr5	131202443	A	G	18.3642	AD:VAF	28,10:0.263158	12200447	chr5	131202443	A	G	+	A,R,D	ALU	rs1223003654	SINE/AluSp	UTR3	LYRM7	-	-	UTR3	LYRM7	-	-	UTR3	ENST00000379380.8	-	-	-
chr5	131202612	A	G	27.6161	AD:VAF	31,13:0.295455	12200489	chr5	131202612	A	G	+	A,R,D	REP	rs1284893828	SINE/FAM	UTR3	LYRM7	-	-	UTR3	LYRM7	-	-	UTR3	ENST00000379380.8	-	-	-
chr5	131202616	A	G	83.3396	AD:VAF	23,18:0.439024	12200491	chr5	131202616	A	G	+	A,R,D	REP	rs975483185	SINE/FAM	UTR3	LYRM7	-	-	UTR3	LYRM7	-	-	UTR3	ENST00000379380.8	-	-	-
chr5	132694283	T	C	30.7337	AD:VAF	37,8:0.177778	12217188	chr5	132694283	T	C	-	A,R	ALU	rs893267221	SINE/AluSz6	ncRNA_intronic	AC004039.1	-	-	UTR3	KIF3A	-	-	ncRNA_intronic	AC004039.1	-	-	-
chr5	134900423	A	G	30.3639	AD:VAF	204,19:0.0852018	12247017	chr5	134900423	A	G	+	A,R,D	ALU	-	SINE/AluSq	UTR3	TXNDC15	-	-	UTR3	TXNDC15	-	-	UTR3	TXNDC15	-	-	-
chr5	134900440	A	G	30.0872	AD:VAF	187,11:0.0555556	12247021	chr5	134900440	A	G	+	A,R	ALU	-	SINE/AluSq	UTR3	TXNDC15	-	-	UTR3	TXNDC15	-	-	UTR3	TXNDC15	-	-	-
chr5	134900473	A	G	30.1717	AD:VAF	159,11:0.0647059	12247028	chr5	134900473	A	G	+	A,R	ALU	-	SINE/AluSq	UTR3	TXNDC15	-	-	UTR3	TXNDC15	-	-	UTR3	TXNDC15	-	-	-
chr5	134900488	A	G	30.259	AD:VAF	150,12:0.0740741	12247032	chr5	134900488	A	G	+	A,R,D	ALU	-	SINE/AluSq	UTR3	TXNDC15	-	-	UTR3	TXNDC15	-	-	UTR3	TXNDC15	-	-	-
chr5	134900524	A	G	30.0548	AD:VAF	164,9:0.0520231	12247047	chr5	134900524	A	G	+	A,R	ALU	-	SINE/AluSq	UTR3	TXNDC15	-	-	UTR3	TXNDC15	-	-	UTR3	TXNDC15	-	-	-
chr5	134900564	A	G	30.0744	AD:VAF	227,13:0.0541667	12247054	chr5	134900564	A	G	+	A,R	ALU	rs982532770	SINE/AluSq	UTR3	TXNDC15	-	-	UTR3	TXNDC15	-	-	UTR3	TXNDC15	-	-	-
chr5	134900578	A	G	29.8899	AD:VAF	257,9:0.0338346	12247058	chr5	134900578	A	G	+	A,R	ALU	-	SINE/AluSq	UTR3	TXNDC15	-	-	UTR3	TXNDC15	-	-	UTR3	TXNDC15	-	-	-
chr5	134900587	A	G	29.9	AD:VAF	276,10:0.034965	12247061	chr5	134900587	A	G	+	A,R	ALU	-	SINE/AluSq	UTR3	TXNDC15	-	-	UTR3	TXNDC15	-	-	UTR3	TXNDC15	-	-	-
chr5	134900608	A	G	29.8061	AD:VAF	319,8:0.0244648	12247067	chr5	134900608	A	G	+	A,R	ALU	-	SINE/AluSq	UTR3	TXNDC15	-	-	UTR3	TXNDC15	-	-	UTR3	TXNDC15	-	-	-
chr5	134900621	A	G	29.7942	AD:VAF	338,8:0.0231214	12247070	chr5	134900621	A	G	+	A,R	ALU	-	SINE/AluSq	UTR3	TXNDC15	-	-	UTR3	TXNDC15	-	-	UTR3	TXNDC15	-	-	-
chr5	134900631	A	G	29.789	AD:VAF	347,8:0.0225352	12247073	chr5	134900631	A	G	+	A,R,D	ALU	-	SINE/AluSq	UTR3	TXNDC15	-	-	UTR3	TXNDC15	-	-	UTR3	TXNDC15	-	-	-
chr5	134900666	A	G	29.8582	AD:VAF	320,10:0.030303	12247082	chr5	134900666	A	G	+	A,R	ALU	-	SINE/AluSq	UTR3	TXNDC15	-	-	UTR3	TXNDC15	-	-	UTR3	TXNDC15	-	-	-
chr5	134900905	A	G	30.5814	AD:VAF	91,11:0.107843	12247116	chr5	134900905	A	G	+	A,R,D	ALU	-	SINE/AluSx	UTR3	TXNDC15	-	-	UTR3	TXNDC15	-	-	UTR3	TXNDC15	-	-	-
chr5	134900917	A	G	30.7997	AD:VAF	87,13:0.13	12247118	chr5	134900917	A	G	+	A,R,D	ALU	rs1401254586	SINE/AluSx	UTR3	TXNDC15	-	-	UTR3	TXNDC15	-	-	UTR3	TXNDC15	-	-	-
chr5	134901022	A	G	31.1943	AD:VAF	138,28:0.168675	12247138	chr5	134901022	A	G	+	A,R,D	ALU	-	SINE/AluSx	UTR3	TXNDC15	-	-	UTR3	TXNDC15	-	-	UTR3	TXNDC15	-	-	-
chr5	134901027	A	G	30.0198	AD:VAF	158,8:0.0481928	12247139	chr5	134901027	A	G	+	A,R	ALU	-	SINE/AluSx	UTR3	TXNDC15	-	-	UTR3	TXNDC15	-	-	UTR3	TXNDC15	-	-	-
chr5	134901064	A	G	30.0384	AD:VAF	208,11:0.0502283	12247152	chr5	134901064	A	G	+	A,R	ALU	-	SINE/AluSx	UTR3	TXNDC15	-	-	UTR3	TXNDC15	-	-	UTR3	TXNDC15	-	-	-
chr5	149983710	A	G	30.468	AD:VAF	49,11:0.183333	12350230	chr5	149983710	A	G	+	A,R,D	ALU	-	SINE/AluJr	UTR3	SLC26A2	-	-	UTR3	SLC26A2	-	-	UTR3	SLC26A2	-	-	-
chr5	149984382	A	G	30.7818	AD:VAF	68,10:0.128205	12350279	chr5	149984382	A	G	+	A,R	ALU	-	SINE/AluSc8	UTR3	SLC26A2	-	-	UTR3	SLC26A2	-	-	UTR3	SLC26A2	-	-	-
chr5	149984404	A	G	53.7975	AD:VAF	49,23:0.319444	12350282	chr5	149984404	A	G	+	A,R,D	ALU	rs1284330315	SINE/AluSc8	UTR3	SLC26A2	-	-	UTR3	SLC26A2	-	-	UTR3	SLC26A2	-	-	-
chr5	149984405	A	G	45.6781	AD:VAF	55,24:0.303797	12350283	chr5	149984405	A	G	+	A,R,D	ALU	-	SINE/AluSc8	UTR3	SLC26A2	-	-	UTR3	SLC26A2	-	-	UTR3	SLC26A2	-	-	-
chr5	149984540	A	G	31.13	AD:VAF	60,12:0.166667	12350324	chr5	149984540	A	G	+	A,R,D	ALU	-	SINE/AluSc8	UTR3	SLC26A2	-	-	UTR3	SLC26A2	-	-	UTR3	SLC26A2	-	-	-
chr5	149984576	A	G	30.8155	AD:VAF	66,10:0.131579	12350336	chr5	149984576	A	G	+	A,R	ALU	-	SINE/AluSc8	UTR3	SLC26A2	-	-	UTR3	SLC26A2	-	-	UTR3	SLC26A2	-	-	-
chr5	149984581	A	G	30.7657	AD:VAF	69,10:0.126582	12350337	chr5	149984581	A	G	+	A,R	ALU	-	SINE/AluSc8	UTR3	SLC26A2	-	-	UTR3	SLC26A2	-	-	UTR3	SLC26A2	-	-	-
chr5	149984582	A	G	13.3926	AD:VAF	62,21:0.253012	12350338	chr5	149984582	A	G	+	A,R,D	ALU	-	SINE/AluSc8	UTR3	SLC26A2	-	-	UTR3	SLC26A2	-	-	UTR3	SLC26A2	-	-	-
chr5	150518906	A	G	30.5114	AD:VAF	41,8:0.163265	12354349	chr5	150518906	A	G	+	A,R,D	ALU	-	SINE/AluSz	intronic	NDST1	-	-	intronic	NDST1	-	-	intronic	ENST00000261797.6;NDST1	-	-	-
chr5	151268220	A	G	29.8915	AD:VAF	284,10:0.0340136	12362652	chr5	151268220	A	G	+	A,R	ALU	rs935518895	SINE/AluSc	UTR3	GM2A	-	-	UTR3	GM2A	-	-	UTR3	ENST00000357164.3	-	-	-
chr5	151268259	A	G	29.7787	AD:VAF	412,9:0.0213777	12362659	chr5	151268259	A	G	+	A,R,D	ALU	-	SINE/AluSc	UTR3	GM2A	-	-	UTR3	GM2A	-	-	UTR3	ENST00000357164.3	-	-	-
chr5	151268414	A	G	29.7765	AD:VAF	556,12:0.0211268	12362686	chr5	151268414	A	G	+	A,R	ALU	-	SINE/AluSc	UTR3	GM2A	-	-	UTR3	GM2A	-	-	UTR3	ENST00000357164.3	-	-	-
chr5	151268415	A	G	29.7156	AD:VAF	554,8:0.0142349	12362687	chr5	151268415	A	G	+	A,R	ALU	-	SINE/AluSc	UTR3	GM2A	-	-	UTR3	GM2A	-	-	UTR3	ENST00000357164.3	-	-	-
chr5	151268432	A	G	29.7172	AD:VAF	547,8:0.0144144	12362691	chr5	151268432	A	G	+	A,R	ALU	-	SINE/AluSc	UTR3	GM2A	-	-	UTR3	GM2A	-	-	UTR3	ENST00000357164.3	-	-	-
chr5	151271865	A	G	28.9957	AD:VAF	76,19:0.2	12362732	chr5	151271865	A	G	+	A,R,D	ALU	-	SINE/AluSx	intergenic	GM2A;SLC36A3	-	-	intergenic	GM2A;SLC36A3	-	-	intergenic	ENST00000357164.3;SLC36A3	-	-	-
chr5	151271873	A	G	30.8766	AD:VAF	81,20:0.19802	12362735	chr5	151271873	A	G	+	A,R,D	ALU	-	SINE/AluSx	intergenic	GM2A;SLC36A3	-	-	intergenic	GM2A;SLC36A3	-	-	intergenic	ENST00000357164.3;SLC36A3	-	-	-
chr5	151271899	A	G	30.3806	AD:VAF	84,8:0.0869565	12362747	chr5	151271899	A	G	+	A,R	ALU	-	SINE/AluSx	intergenic	GM2A;SLC36A3	-	-	intergenic	GM2A;SLC36A3	-	-	intergenic	ENST00000357164.3;SLC36A3	-	-	-
chr5	151271916	A	G	30.4454	AD:VAF	87,9:0.09375	12362757	chr5	151271916	A	G	+	A,R,D	ALU	-	SINE/AluSx	intergenic	GM2A;SLC36A3	-	-	intergenic	GM2A;SLC36A3	-	-	intergenic	ENST00000357164.3;SLC36A3	-	-	-
chr5	151271919	A	G	30.6357	AD:VAF	86,11:0.113402	12362760	chr5	151271919	A	G	+	A,R,D	ALU	-	SINE/AluSx	intergenic	GM2A;SLC36A3	-	-	intergenic	GM2A;SLC36A3	-	-	intergenic	ENST00000357164.3;SLC36A3	-	-	-
chr5	151271929	A	G	30.6357	AD:VAF	86,11:0.113402	12362767	chr5	151271929	A	G	+	A,R,D	ALU	-	SINE/AluSx	intergenic	GM2A;SLC36A3	-	-	intergenic	GM2A;SLC36A3	-	-	intergenic	ENST00000357164.3;SLC36A3	-	-	-
chr5	151271933	A	G	31.3608	AD:VAF	74,17:0.186813	12362768	chr5	151271933	A	G	+	A,R,D	ALU	-	SINE/AluSx	intergenic	GM2A;SLC36A3	-	-	intergenic	GM2A;SLC36A3	-	-	intergenic	ENST00000357164.3;SLC36A3	-	-	-
chr5	151271955	A	G	30.4949	AD:VAF	82,9:0.0989011	12362775	chr5	151271955	A	G	+	A,R,D	ALU	-	SINE/AluSx	intergenic	GM2A;SLC36A3	-	-	intergenic	GM2A;SLC36A3	-	-	intergenic	ENST00000357164.3;SLC36A3	-	-	-
chr5	151271965	A	G	31.1731	AD:VAF	80,16:0.166667	12362780	chr5	151271965	A	G	+	A,R,D	ALU	-	SINE/AluSx	intergenic	GM2A;SLC36A3	-	-	intergenic	GM2A;SLC36A3	-	-	intergenic	ENST00000357164.3;SLC36A3	-	-	-
chr5	151271996	A	G	30.2169	AD:VAF	107,8:0.0695652	12362791	chr5	151271996	A	G	+	A,R,D	ALU	-	SINE/AluSx	intergenic	GM2A;SLC36A3	-	-	intergenic	GM2A;SLC36A3	-	-	intergenic	ENST00000357164.3;SLC36A3	-	-	-
chr5	154387963	A	G	39.0447	AD:VAF	2,12:0.857143	12371561	chr5	154387963	A	G	+	A,R,D	ALU	-	SINE/AluSx1	ncRNA_intronic	SAP30L-AS1	-	-	intronic	GALNT10	-	-	ncRNA_intronic	SAP30L-AS1	-	-	-
chr5	154388034	A	G	20.3546	AD:VAF	12,9:0.428571	12371574	chr5	154388034	A	G	+	A,R,D	ALU	-	SINE/AluSx1	ncRNA_intronic	SAP30L-AS1	-	-	intronic	GALNT10	-	-	ncRNA_intronic	SAP30L-AS1	-	-	-
chr5	154393191	A	G	63.3758	AD:VAF	20,17:0.459459	12371695	chr5	154393191	A	G	+	A,R,D	ALU	-	SINE/AluJr	ncRNA_intronic	SAP30L-AS1	-	-	ncRNA_intronic	SAP30L-AS1	-	-	ncRNA_intronic	ENST00000524264.5;SAP30L-AS1	-	-	-
chr5	154393200	A	G	3.07435	AD:VAF	34,10:0.227273	12371698	chr5	154393200	A	G	+	A,R	ALU	rs1208261204	SINE/AluJr	ncRNA_intronic	SAP30L-AS1	-	-	ncRNA_intronic	SAP30L-AS1	-	-	ncRNA_intronic	ENST00000524264.5;SAP30L-AS1	-	-	-
chr5	154393295	A	G	30.949	AD:VAF	59,10:0.144928	12371726	chr5	154393295	A	G	+	A,R	ALU	-	SINE/AluJr	ncRNA_intronic	SAP30L-AS1	-	-	ncRNA_intronic	SAP30L-AS1	-	-	ncRNA_intronic	ENST00000524264.5;SAP30L-AS1	-	-	-
chr5	154393296	A	G	31.0298	AD:VAF	61,11:0.152778	12371727	chr5	154393296	A	G	+	A	ALU	-	SINE/AluJr	ncRNA_intronic	SAP30L-AS1	-	-	ncRNA_intronic	SAP30L-AS1	-	-	ncRNA_intronic	ENST00000524264.5;SAP30L-AS1	-	-	-
chr5	154393312	A	G	28.448	AD:VAF	60,23:0.277108	12371732	chr5	154393312	A	G	+	A,R	ALU	-	SINE/AluJr	ncRNA_intronic	SAP30L-AS1	-	-	ncRNA_intronic	SAP30L-AS1	-	-	ncRNA_intronic	ENST00000524264.5;SAP30L-AS1	-	-	-
chr5	154393545	A	G	29.46	AD:VAF	57,22:0.278481	12371749	chr5	154393545	A	G	+	A,R	NONREP	-	-/-	ncRNA_intronic	SAP30L-AS1	-	-	ncRNA_intronic	SAP30L-AS1	-	-	ncRNA_intronic	ENST00000524264.5;SAP30L-AS1	-	-	-
chr5	154393625	A	G	31.0626	AD:VAF	60,13:0.178082	12371775	chr5	154393625	A	G	+	A,R	ALU	-	SINE/AluJo	ncRNA_intronic	SAP30L-AS1	-	-	ncRNA_intronic	SAP30L-AS1	-	-	ncRNA_intronic	ENST00000524264.5;SAP30L-AS1	-	-	-
chr5	154393632	A	G	54.8928	AD:VAF	44,22:0.333333	12371779	chr5	154393632	A	G	+	A,R	ALU	-	SINE/AluJo	ncRNA_intronic	SAP30L-AS1	-	-	ncRNA_intronic	SAP30L-AS1	-	-	ncRNA_intronic	ENST00000524264.5;SAP30L-AS1	-	-	-
chr5	154393689	A	G	28.04	AD:VAF	51,12:0.190476	12371794	chr5	154393689	A	G	+	A,R	ALU	-	SINE/AluJo	ncRNA_intronic	SAP30L-AS1	-	-	ncRNA_intronic	SAP30L-AS1	-	-	ncRNA_intronic	ENST00000524264.5;SAP30L-AS1	-	-	-
chr5	154393742	A	G	22.3259	AD:VAF	56,20:0.263158	12371806	chr5	154393742	A	G	+	A,R,D	ALU	-	SINE/AluJo	ncRNA_intronic	SAP30L-AS1	-	-	ncRNA_intronic	SAP30L-AS1	-	-	ncRNA_intronic	ENST00000524264.5;SAP30L-AS1	-	-	-
chr5	154397006	A	G	45.72	AD:VAF	38,17:0.309091	12371860	chr5	154397006	A	G	+	A,R	ALU	-	SINE/AluSx1	ncRNA_intronic	SAP30L-AS1	-	-	ncRNA_intronic	SAP30L-AS1	-	-	ncRNA_intronic	ENST00000524264.5;SAP30L-AS1	-	-	-
chr5	154397007	A	G	32.5251	AD:VAF	40,16:0.285714	12371861	chr5	154397007	A	G	+	A,R	ALU	-	SINE/AluSx1	ncRNA_intronic	SAP30L-AS1	-	-	ncRNA_intronic	SAP30L-AS1	-	-	ncRNA_intronic	ENST00000524264.5;SAP30L-AS1	-	-	-
chr5	154399941	A	G	30.7696	AD:VAF	55,8:0.126984	12371900	chr5	154399941	A	G	+	A	ALU	-	SINE/AluJo	ncRNA_intronic	SAP30L-AS1	-	-	ncRNA_intronic	SAP30L-AS1	-	-	ncRNA_intronic	ENST00000524264.5;SAP30L-AS1	-	-	-
chr5	157477945	T	C	29.8793	AD:VAF	237,8:0.0326531	12388534	chr5	157477945	T	C	-	A	REP	-	LTR/MER92B	UTR3	ADAM19	-	-	UTR3	ADAM19	-	-	UTR3	ADAM19	-	-	-
chr5	157477957	T	C	29.937	AD:VAF	246,10:0.0390625	12388536	chr5	157477957	T	C	-	A,R,D	REP	-	LTR/MER92B	UTR3	ADAM19	-	-	UTR3	ADAM19	-	-	UTR3	ADAM19	-	-	-
chr5	157478548	T	C	30.1001	AD:VAF	149,9:0.056962	12388603	chr5	157478548	T	C	-	A,R,D	REP	-	LTR/MER92B	UTR3	ADAM19	-	-	UTR3	ADAM19	-	-	UTR3	ADAM19	-	-	-
chr5	157478553	T	C	30.3265	AD:VAF	147,13:0.08125	12388607	chr5	157478553	T	C	-	A,R,D	REP	-	LTR/MER92B	UTR3	ADAM19	-	-	UTR3	ADAM19	-	-	UTR3	ADAM19	-	-	-
chr5	175529081	A	G	13.4368	AD:VAF	26,9:0.257143	12450822	chr5	175529081	A	G	+	A,R,D	ALU	rs1235275464	SINE/AluSp	UTR3	SFXN1	-	-	UTR3	SFXN1	-	-	UTR3	ENST00000321442.9	-	-	-
chr5	175529082	A	G	10.7029	AD:VAF	25,9:0.264706	12450823	chr5	175529082	A	G	+	A,R,D	ALU	-	SINE/AluSp	UTR3	SFXN1	-	-	UTR3	SFXN1	-	-	UTR3	ENST00000321442.9	-	-	-
chr5	175529217	A	G	11.7138	AD:VAF	31,8:0.205128	12450862	chr5	175529217	A	G	+	A,R,D	ALU	rs1334186887	SINE/AluSp	UTR3	SFXN1	-	-	UTR3	SFXN1	-	-	UTR3	ENST00000321442.9	-	-	-
chr5	177612741	A	G	64.3946	AD:VAF	10,11:0.52381	12477038	chr5	177612741	A	G	+	A,R,D	ALU	-	SINE/AluSx3	ncRNA_intronic	AC139795.2	-	-	intergenic	B4GALT7;LOC202181	-	-	ncRNA_intronic	AC139795.2	-	-	-
chr5	177613372	A	G	78.1825	AD:VAF	3,11:0.785714	12477115	chr5	177613372	A	G	+	A,R,D	ALU	rs1272261286	SINE/AluSq2	ncRNA_intronic	AC139795.2	-	-	intergenic	B4GALT7;LOC202181	-	-	ncRNA_intronic	AC139795.2	-	-	-
chr6	5046841	A	G	32.1264	AD:VAF	15,9:0.375	12542634	chr6	5046841	A	G	+	A,R,D	ALU	rs1232393199	SINE/AluJb	ncRNA_intronic	AL359643.2	-	-	ncRNA_intronic	LYRM4-AS1	-	-	ncRNA_intronic	AL359643.2	-	-	-
chr6	5047074	A	G	13.5929	AD:VAF	24,9:0.272727	12542718	chr6	5047074	A	G	+	A,R,D	ALU	-	SINE/AluJb	ncRNA_intronic	AL359643.2	-	-	ncRNA_intronic	LYRM4-AS1	-	-	ncRNA_intronic	AL359643.2	-	-	-
chr6	13788061	T	C	30.9805	AD:VAF	45,8:0.150943	12582954	chr6	13788061	T	C	-	A,R,D	ALU	-	SINE/AluSx	UTR3	MCUR1	-	-	UTR3	MCUR1	-	-	UTR3	MCUR1	-	-	-
chr6	13788129	T	C	30.9067	AD:VAF	45,9:0.166667	12582973	chr6	13788129	T	C	-	A,R,D	ALU	-	SINE/AluSx	UTR3	MCUR1	-	-	UTR3	MCUR1	-	-	UTR3	MCUR1	-	-	-
chr6	13789289	T	C	28.2332	AD:VAF	12,8:0.4	12583013	chr6	13789289	T	C	-	A,R	ALU	-	SINE/AluSg	UTR3	MCUR1	-	-	UTR3	MCUR1	-	-	UTR3	MCUR1	-	-	-
chr6	13789318	T	C	52.4043	AD:VAF	10,10:0.5	12583016	chr6	13789318	T	C	-	A,R,D	ALU	rs1253873556	SINE/AluSg	UTR3	MCUR1	-	-	UTR3	MCUR1	-	-	UTR3	MCUR1	-	-	-
chr6	26125804	A	G	59.0344	AD:VAF	1,9:0.9	12636265	chr6	26125804	A	G	+	A,R,D	ALU	-	SINE/AluSq	intronic	H2AC6	-	-	intergenic	HIST1H2AC;HIST1H1E	-	-	intronic	HIST1H2AC	-	-	-
chr6	26127729	A	G	29.8221	AD:VAF	927,25:0.0262605	12636311	chr6	26127729	A	G	+	A,R,D	ALU	-	SINE/AluSx1	intronic	H2AC6	-	-	intergenic	HIST1H2AC;HIST1H1E	-	-	intronic	HIST1H2AC	-	-	-
chr6	26127731	A	G	29.9287	AD:VAF	933,37:0.0381443	12636312	chr6	26127731	A	G	+	A,R,D	ALU	-	SINE/AluSx1	intronic	H2AC6	-	-	intergenic	HIST1H2AC;HIST1H1E	-	-	intronic	HIST1H2AC	-	-	-
chr6	26278223	T	C	30.733	AD:VAF	64,9:0.123288	12640286	chr6	26278223	T	C	-	A,R	ALU	-	SINE/AluJb	intergenic	H2BC10;H4C8	-	-	intergenic	HIST1H2BI;HIST1H4H	-	-	UTR3	HIST1H4H	-	-	-
chr6	26278256	T	C	30.3897	AD:VAF	83,8:0.0879121	12640294	chr6	26278256	T	C	-	A,R	ALU	-	SINE/AluJb	intergenic	H2BC10;H4C8	-	-	intergenic	HIST1H2BI;HIST1H4H	-	-	UTR3	HIST1H4H	-	-	-
chr6	26278268	T	C	30.363	AD:VAF	86,8:0.0851064	12640296	chr6	26278268	T	C	-	A,R	ALU	-	SINE/AluJb	intergenic	H2BC10;H4C8	-	-	intergenic	HIST1H2BI;HIST1H4H	-	-	UTR3	HIST1H4H	-	-	-
chr6	26278373	T	C	12.441	AD:VAF	68,23:0.252747	12640321	chr6	26278373	T	C	-	A,R	ALU	-	SINE/AluJb	intergenic	H2BC10;H4C8	-	-	intergenic	HIST1H2BI;HIST1H4H	-	-	UTR3	HIST1H4H	-	-	-
chr6	26278443	T	C	30.3806	AD:VAF	84,8:0.0869565	12640333	chr6	26278443	T	C	-	A,R	ALU	-	SINE/AluJb	intergenic	H2BC10;H4C8	-	-	intergenic	HIST1H2BI;HIST1H4H	-	-	UTR3	HIST1H4H	-	-	-
chr6	26278444	T	C	31.0498	AD:VAF	71,13:0.154762	12640334	chr6	26278444	T	C	-	A,R	ALU	rs1479540768	SINE/AluJb	intergenic	H2BC10;H4C8	-	-	intergenic	HIST1H2BI;HIST1H4H	-	-	UTR3	HIST1H4H	-	-	-
chr6	26278479	T	C	93.3432	AD:VAF	33,26:0.440678	12640337	chr6	26278479	T	C	-	A,R	ALU	-	SINE/AluJb	intergenic	H2BC10;H4C8	-	-	intergenic	HIST1H2BI;HIST1H4H	-	-	splicing	HIST1H4H	-	-	-
chr6	26279553	T	C	30.482	AD:VAF	74,8:0.097561	12640385	chr6	26279553	T	C	-	A,R	ALU	-	SINE/AluSx	intergenic	H2BC10;H4C8	-	-	intergenic	HIST1H2BI;HIST1H4H	-	-	intronic	HIST1H4H	-	-	-
chr6	26279588	T	C	107.39	AD:VAF	32,36:0.529412	12640403	chr6	26279588	T	C	-	A,R	ALU	-	SINE/AluSx	intergenic	H2BC10;H4C8	-	-	intergenic	HIST1H2BI;HIST1H4H	-	-	intronic	HIST1H4H	-	-	-
chr6	26279846	T	C	75.2949	AD:VAF	22,16:0.421053	12640450	chr6	26279846	T	C	-	A,R	ALU	rs1376193657	SINE/AluYc	intergenic	H2BC10;H4C8	-	-	intergenic	HIST1H2BI;HIST1H4H	-	-	intronic	HIST1H4H	-	-	-
chr6	26279856	T	C	11.4145	AD:VAF	34,11:0.244444	12640452	chr6	26279856	T	C	-	A,R	ALU	-	SINE/AluYc	intergenic	H2BC10;H4C8	-	-	intergenic	HIST1H2BI;HIST1H4H	-	-	intronic	HIST1H4H	-	-	-
chr6	27122938	T	C	71.3609	AD:VAF	9,11:0.55	12644415	chr6	27122938	T	C	-	A,R	ALU	-	SINE/AluJr	ncRNA_exonic	AL021807.1	-	-	intergenic	LINC00240;HIST1H2BJ	-	-	ncRNA_exonic	AL021807.1	-	-	-
chr6	27123306	T	C	51.4043	AD:VAF	8,8:0.5	12644478	chr6	27123306	T	C	-	A,R	ALU	-	SINE/AluSz	upstream	AL021807.1	-	-	intergenic	LINC00240;HIST1H2BJ	-	-	upstream	AL021807.1	-	-	-
chr6	27123414	T	C	56.3298	AD:VAF	13,10:0.434783	12644519	chr6	27123414	T	C	-	A,R	ALU	rs1214100789	SINE/AluSz	upstream	AL021807.1	-	-	intergenic	LINC00240;HIST1H2BJ	-	-	upstream	AL021807.1	-	-	-
chr6	27123427	T	C	30.9755	AD:VAF	17,9:0.346154	12644524	chr6	27123427	T	C	-	A,R	ALU	-	SINE/AluSz	upstream	AL021807.1	-	-	intergenic	LINC00240;HIST1H2BJ	-	-	upstream	AL021807.1	-	-	-
chr6	27123912	T	C	87.4523	AD:VAF	5,13:0.722222	12644574	chr6	27123912	T	C	-	A,R	ALU	-	SINE/AluSg	upstream	AL021807.1	-	-	intergenic	LINC00240;HIST1H2BJ	-	-	upstream	AL021807.1	-	-	-
chr6	27123921	T	C	41.3505	AD:VAF	10,8:0.444444	12644579	chr6	27123921	T	C	-	A,R	ALU	-	SINE/AluSg	upstream	AL021807.1	-	-	intergenic	LINC00240;HIST1H2BJ	-	-	upstream	AL021807.1	-	-	-
chr6	27123981	T	C	136.416	AD:VAF	0,14:1	12644596	chr6	27123981	T	C	-	A,R	ALU	-	SINE/AluSg	upstream	AL021807.1	-	-	intergenic	LINC00240;HIST1H2BJ	-	-	upstream	AL021807.1	-	-	-
chr6	34264978	A	G	36.0695	AD:VAF	14,8:0.363636	12671300	chr6	34264978	A	G	+	A,R	ALU	rs925195938	SINE/AluSp	ncRNA_intronic	AL354740.1	-	-	intergenic	SMIM29;NUDT3	-	-	ncRNA_intronic	ENST00000586726.2;ENST00000612837.1	-	-	-
chr6	36141593	A	G	84.1425	AD:VAF	3,13:0.8125	12705804	chr6	36141593	A	G	+	A,R	ALU	-	SINE/AluSz	UTR3	MAPK13	-	-	UTR3	MAPK13	-	-	UTR3	MAPK13	-	-	-
chr6	36542688	T	C	42.1668	AD:VAF	5,8:0.615385	12711702	chr6	36542688	T	C	-	A,R	ALU	-	SINE/AluSx1	intronic	STK38	-	-	intronic	STK38	-	-	intronic	ENST00000229812.7	-	-	-
chr6	36543589	T	C	52.3148	AD:VAF	6,8:0.571429	12711812	chr6	36543589	T	C	-	A,R,D	ALU	-	SINE/AluJo	intronic	STK38	-	-	intronic	STK38	-	-	intronic	ENST00000229812.7	-	-	-
chr6	42078893	A	G	44.4518	AD:VAF	3,8:0.727273	12745941	chr6	42078893	A	G	+	A,R,D	ALU	-	SINE/AluSz	UTR3	TAF8	-	-	UTR3	TAF8	-	-	UTR3	ENST00000372977.7	-	-	-
chr6	42207448	T	C	30.2633	AD:VAF	149,12:0.0745342	12750314	chr6	42207448	T	C	-	A,R,D	ALU	-	SINE/AluSc	UTR3	MRPS10	-	-	UTR3	MRPS10	-	-	UTR3	ENST00000053468.3	-	-	-
chr6	42207466	T	C	30.2093	AD:VAF	149,11:0.06875	12750319	chr6	42207466	T	C	-	A,R	ALU	-	SINE/AluSc	UTR3	MRPS10	-	-	UTR3	MRPS10	-	-	UTR3	ENST00000053468.3	-	-	-
chr6	42888219	A	G	29.8143	AD:VAF	384,10:0.0253807	12760362	chr6	42888219	A	G	+	A,R	ALU	-	SINE/AluSz	UTR3	RPL7L1	-	-	UTR3	RPL7L1	-	-	UTR3	ENST00000493763.5;RPL7L1	-	-	-
chr6	42888326	A	G	29.7882	AD:VAF	392,9:0.0224439	12760384	chr6	42888326	A	G	+	A,R	ALU	-	SINE/AluSz	UTR3	RPL7L1	-	-	UTR3	RPL7L1	-	-	UTR3	ENST00000493763.5;RPL7L1	-	-	-
chr6	42889361	A	G	29.9114	AD:VAF	266,10:0.0362319	12760493	chr6	42889361	A	G	+	A,R	ALU	rs1170853912	SINE/AluSp	UTR3	RPL7L1	-	-	UTR3	RPL7L1	-	-	UTR3	ENST00000493763.5;RPL7L1	-	-	-
chr6	42943148	A	G	85.0348	AD:VAF	1,9:0.9	12761770	chr6	42943148	A	G	+	A,R,D	ALU	-	SINE/AluJo	ncRNA_intronic	AL035587.1	-	-	intronic	CNPY3-GNMT	-	-	ncRNA_intronic	AL035587.1	-	-	-
chr6	43030389	A	G	7.9806	AD:VAF	29,10:0.25641	12766088	chr6	43030389	A	G	+	A,R	ALU	-	SINE/AluSq	downstream	RRP36	-	-	downstream	RRP36	-	-	intronic	RRP36	-	-	-
chr6	43615012	A	G	30.2439	AD:VAF	128,10:0.0724638	12781372	chr6	43615012	A	G	+	A,R,D	ALU	-	SINE/AluSx1	UTR3	POLH	-	-	UTR3	POLH	-	-	UTR3	POLH	-	-	-
chr6	43615039	A	G	30.4525	AD:VAF	115,12:0.0944882	12781383	chr6	43615039	A	G	+	A,R	ALU	-	SINE/AluSx1	UTR3	POLH	-	-	UTR3	POLH	-	-	UTR3	POLH	-	-	-
chr6	43615058	A	G	30.9289	AD:VAF	96,16:0.142857	12781391	chr6	43615058	A	G	+	A,R,D	ALU	-	SINE/AluSx1	UTR3	POLH	-	-	UTR3	POLH	-	-	UTR3	POLH	-	-	-
chr6	43615158	A	G	30.4271	AD:VAF	89,9:0.0918367	12781442	chr6	43615158	A	G	+	A,R,D	ALU	-	SINE/AluSx1	UTR3	POLH	-	-	UTR3	POLH	-	-	UTR3	POLH	-	-	-
chr6	43615301	A	G	30.8271	AD:VAF	98,15:0.132743	12781502	chr6	43615301	A	G	+	A,R,D	ALU	-	SINE/AluSx3	UTR3	POLH	-	-	UTR3	POLH	-	-	UTR3	POLH	-	-	-
chr6	43615457	A	G	30.3302	AD:VAF	90,8:0.0816327	12781580	chr6	43615457	A	G	+	A,R	ALU	-	SINE/AluSx3	UTR3	POLH	-	-	UTR3	POLH	-	-	UTR3	POLH	-	-	-
chr6	43615476	A	G	30.363	AD:VAF	86,8:0.0851064	12781590	chr6	43615476	A	G	+	A,R,D	ALU	-	SINE/AluSx3	UTR3	POLH	-	-	UTR3	POLH	-	-	UTR3	POLH	-	-	-
chr6	43615847	A	G	50.9481	AD:VAF	25,13:0.342105	12781693	chr6	43615847	A	G	+	A,R,D	ALU	-	SINE/AluSc	UTR3	POLH	-	-	UTR3	POLH	-	-	intronic	GTPBP2	-	-	-
chr6	43615854	A	G	47.9526	AD:VAF	23,12:0.342857	12781700	chr6	43615854	A	G	+	A,R,D	ALU	rs1262106897	SINE/AluSc	UTR3	POLH	-	-	UTR3	POLH	-	-	intronic	GTPBP2	-	-	-
chr6	43615856	A	G	85.4047	AD:VAF	18,18:0.5	12781702	chr6	43615856	A	G	+	A,R,D	ALU	-	SINE/AluSc	UTR3	POLH	-	-	UTR3	POLH	-	-	intronic	GTPBP2	-	-	-
chr6	43615932	A	G	30.8843	AD:VAF	56,9:0.138462	12781733	chr6	43615932	A	G	+	A,R	ALU	-	SINE/AluSc	UTR3	POLH	-	-	UTR3	POLH	-	-	intronic	GTPBP2	-	-	-
chr6	43616033	A	G	6.39889	AD:VAF	47,13:0.216667	12781769	chr6	43616033	A	G	+	A,R	ALU	-	SINE/AluYc	UTR3	POLH	-	-	UTR3	POLH	-	-	intronic	GTPBP2	-	-	-
chr6	43616034	A	G	6.92168	AD:VAF	43,13:0.232143	12781770	chr6	43616034	A	G	+	A,R	ALU	-	SINE/AluYc	UTR3	POLH	-	-	UTR3	POLH	-	-	intronic	GTPBP2	-	-	-
chr6	43616961	A	G	30.804	AD:VAF	100,15:0.130435	12781975	chr6	43616961	A	G	+	A,R,D	ALU	-	SINE/AluSx1	UTR3	POLH	-	-	UTR3	POLH	-	-	intronic	GTPBP2	-	-	-
chr6	43617034	A	G	30.5431	AD:VAF	69,8:0.103896	12782013	chr6	43617034	A	G	+	A,R	ALU	rs1380128369	SINE/AluSx1	UTR3	POLH	-	-	UTR3	POLH	-	-	intronic	GTPBP2	-	-	-
chr6	43617043	A	G	6.32281	AD:VAF	59,17:0.223684	12782021	chr6	43617043	A	G	+	A,R	ALU	-	SINE/AluSx1	UTR3	POLH	-	-	UTR3	POLH	-	-	intronic	GTPBP2	-	-	-
chr6	43617070	A	G	31.1282	AD:VAF	59,12:0.169014	12782030	chr6	43617070	A	G	+	A	ALU	rs111841811	SINE/AluSx1	UTR3	POLH	-	-	UTR3	POLH	-	-	intronic	GTPBP2	-	-	-
chr6	43617105	A	G	31.069	AD:VAF	70,13:0.156627	12782045	chr6	43617105	A	G	+	A,R,D	ALU	-	SINE/AluSx1	UTR3	POLH	-	-	UTR3	POLH	-	-	intronic	GTPBP2	-	-	-
chr6	43617111	A	G	30.4183	AD:VAF	80,8:0.0909091	12782049	chr6	43617111	A	G	+	A,R,D	ALU	-	SINE/AluSx1	UTR3	POLH	-	-	UTR3	POLH	-	-	intronic	GTPBP2	-	-	-
chr6	43617372	A	G	30.4111	AD:VAF	111,11:0.0901639	12782092	chr6	43617372	A	G	+	A,R	ALU	-	SINE/AluSz	UTR3	POLH	-	-	UTR3	POLH	-	-	intronic	GTPBP2	-	-	-
chr6	43617559	A	G	30.6773	AD:VAF	60,8:0.117647	12782178	chr6	43617559	A	G	+	A,R,D	ALU	-	SINE/AluSz	UTR3	POLH	-	-	UTR3	POLH	-	-	intronic	GTPBP2	-	-	-
chr6	43617742	A	G	30.482	AD:VAF	74,8:0.097561	12782235	chr6	43617742	A	G	+	A,R,D	ALU	-	SINE/AluSc	UTR3	POLH	-	-	UTR3	POLH	-	-	intronic	GTPBP2	-	-	-
chr6	43618220	A	G	36.6478	AD:VAF	35,15:0.3	12782332	chr6	43618220	A	G	+	A,R,D	ALU	rs1368376427	SINE/AluSc	UTR3	POLH	-	-	UTR3	POLH	-	-	intronic	GTPBP2	-	-	-
chr6	43618255	A	G	21.3322	AD:VAF	39,9:0.1875	12782347	chr6	43618255	A	G	+	A,R,D	ALU	-	SINE/AluSc	UTR3	POLH	-	-	UTR3	POLH	-	-	intronic	GTPBP2	-	-	-
chr6	43618256	A	G	29.6869	AD:VAF	32,14:0.304348	12782348	chr6	43618256	A	G	+	A,R,D	ALU	-	SINE/AluSc	UTR3	POLH	-	-	UTR3	POLH	-	-	intronic	GTPBP2	-	-	-
chr6	43618260	A	G	6.36225	AD:VAF	39,11:0.22	12782350	chr6	43618260	A	G	+	A,R,D	ALU	-	SINE/AluSc	UTR3	POLH	-	-	UTR3	POLH	-	-	intronic	GTPBP2	-	-	-
chr6	43618330	A	G	30.7309	AD:VAF	57,8:0.123077	12782385	chr6	43618330	A	G	+	A,R	ALU	rs1040025248	SINE/AluSc	UTR3	POLH	-	-	UTR3	POLH	-	-	intronic	GTPBP2	-	-	-
chr6	43618353	A	G	30.987	AD:VAF	63,11:0.148649	12782401	chr6	43618353	A	G	+	A,R	ALU	-	SINE/AluSc	UTR3	POLH	-	-	UTR3	POLH	-	-	intronic	GTPBP2	-	-	-
chr6	43618412	A	G	30.3381	AD:VAF	89,8:0.0824742	12782423	chr6	43618412	A	G	+	A,R,D	ALU	rs1026372453	SINE/AluSc	UTR3	POLH	-	-	UTR3	POLH	-	-	intronic	GTPBP2	-	-	-
chr6	43618426	A	G	30.2527	AD:VAF	101,8:0.0733945	12782431	chr6	43618426	A	G	+	A,R	ALU	-	SINE/AluSc	UTR3	POLH	-	-	UTR3	POLH	-	-	intronic	GTPBP2	-	-	-
chr6	43618687	A	G	31.1064	AD:VAF	57,12:0.173913	12782454	chr6	43618687	A	G	+	A,R,D	ALU	rs983797581	SINE/AluSz	UTR3	POLH	-	-	UTR3	POLH	-	-	intronic	GTPBP2	-	-	-
chr6	43618692	A	G	30.5177	AD:VAF	71,8:0.101266	12782456	chr6	43618692	A	G	+	A,R,D	ALU	-	SINE/AluSz	UTR3	POLH	-	-	UTR3	POLH	-	-	intronic	GTPBP2	-	-	-
chr6	43618776	A	G	31.0006	AD:VAF	51,9:0.15	12782490	chr6	43618776	A	G	+	A,R	ALU	-	SINE/AluSz	UTR3	POLH	-	-	UTR3	POLH	-	-	intronic	GTPBP2	-	-	-
chr6	43618893	A	G	4.91992	AD:VAF	32,9:0.219512	12782536	chr6	43618893	A	G	+	A,R,D	ALU	-	SINE/AluSz	UTR3	POLH	-	-	UTR3	POLH	-	-	intronic	GTPBP2	-	-	-
chr6	43619309	A	G	87.4516	AD:VAF	5,13:0.722222	12782640	chr6	43619309	A	G	+	A,R,D	ALU	-	SINE/AluJb	UTR3	POLH	-	-	UTR3	POLH	-	-	intronic	GTPBP2	-	-	-
chr6	57058030	A	G	27.8084	AD:VAF	17,8:0.32	12812565	chr6	57058030	A	G	+	A,R	ALU	-	SINE/AluJb	intergenic	KIAA1586;ZNF451	-	-	intergenic	KIAA1586;ZNF451	-	-	intergenic	KIAA1586;ZNF451	-	-	-
chr6	70588941	A	G	19.4484	AD:VAF	32,12:0.272727	12831895	chr6	70588941	A	G	+	A,R,D	ALU	-	SINE/AluSp	UTR3	SDHAF4	-	-	UTR3	SDHAF4	-	-	UTR3	ENST00000370474.3	-	-	255;14
chr6	70589270	A	G	30.9485	AD:VAF	47,9:0.160714	12831960	chr6	70589270	A	G	+	A,R,D	ALU	rs1221489429	SINE/AluSx1	UTR3	SDHAF4	-	-	UTR3	SDHAF4	-	-	UTR3	ENST00000370474.3	-	-	-
chr6	70589346	A	G	26.9145	AD:VAF	45,10:0.181818	12831974	chr6	70589346	A	G	+	A,R,D	ALU	-	SINE/AluSx1	UTR3	SDHAF4	-	-	UTR3	SDHAF4	-	-	UTR3	ENST00000370474.3	-	-	-
chr6	70589350	A	G	10.8489	AD:VAF	41,16:0.280702	12831976	chr6	70589350	A	G	+	A,R,D	ALU	-	SINE/AluSx1	UTR3	SDHAF4	-	-	UTR3	SDHAF4	-	-	UTR3	ENST00000370474.3	-	-	-
chr6	73593808	T	C	29.9697	AD:VAF	314,14:0.0426829	12851170	chr6	73593808	T	C	-	A,R,D	ALU	-	SINE/AluJr	UTR3	SLC17A5	-	-	UTR3	SLC17A5	-	-	UTR3	ENST00000355773.5	-	-	-
chr6	73593821	T	C	29.8275	AD:VAF	326,9:0.0268657	12851174	chr6	73593821	T	C	-	A,R,D	ALU	-	SINE/AluJr	UTR3	SLC17A5	-	-	UTR3	SLC17A5	-	-	UTR3	ENST00000355773.5	-	-	-
chr6	73594309	T	C	29.7542	AD:VAF	422,8:0.0186047	12851255	chr6	73594309	T	C	-	A,R	ALU	rs1450274185	SINE/AluSx3	UTR3	SLC17A5	-	-	UTR3	SLC17A5	-	-	UTR3	ENST00000355773.5	-	-	-
chr6	87514055	T	C	31.0854	AD:VAF	47,9:0.160714	12893386	chr6	87514055	T	C	-	A,R,D	ALU	-	SINE/AluSp	UTR3	RARS2	-	-	UTR3	RARS2	-	-	downstream	ENST00000369536.9	-	-	-
chr6	89634503	T	C	51.177	AD:VAF	19,12:0.387097	12908932	chr6	89634503	T	C	-	A,R,D	ALU	-	SINE/AluJo	UTR3	LYRM2	-	-	UTR3	LYRM2	-	-	UTR3	ENST00000523377.1	-	-	-
chr6	89634886	T	C	21.3995	AD:VAF	65,24:0.269663	12909007	chr6	89634886	T	C	-	A,R,D	ALU	-	SINE/AluSz6	UTR3	LYRM2	-	-	UTR3	LYRM2	-	-	UTR3	ENST00000523377.1	-	-	-
chr6	98869616	T	C	76.7479	AD:VAF	5,11:0.6875	12919737	chr6	98869616	T	C	-	A,R	ALU	-	SINE/AluJb	UTR3	FBXL4	-	-	UTR3	FBXL4	-	-	UTR3	ENST00000369244.6	-	-	-
chr6	98873710	T	C	54.3148	AD:VAF	6,8:0.571429	12919819	chr6	98873710	T	C	-	A,R,D	REP	-	SINE/FAM	UTR3	FBXL4	-	-	UTR3	FBXL4	-	-	UTR3	ENST00000369244.6	-	-	-
chr6	105098898	T	C	30.825	AD:VAF	72,11:0.13253	12931642	chr6	105098898	T	C	-	A,R	ALU	-	SINE/AluJb	UTR3	BVES	-	-	UTR3	BVES	-	-	UTR3	ENST00000314641.9	-	-	-
chr6	105098900	T	C	30.5872	AD:VAF	74,9:0.108434	12931643	chr6	105098900	T	C	-	A,R	ALU	-	SINE/AluJb	UTR3	BVES	-	-	UTR3	BVES	-	-	UTR3	ENST00000314641.9	-	-	-
chr6	105098961	T	C	30.6257	AD:VAF	63,14:0.181818	12931657	chr6	105098961	T	C	-	A,R	ALU	-	SINE/AluJb	UTR3	BVES	-	-	UTR3	BVES	-	-	UTR3	ENST00000314641.9	-	-	-
chr6	105099062	T	C	25.4818	AD:VAF	36,14:0.28	12931686	chr6	105099062	T	C	-	A,R	ALU	-	SINE/AluJb	UTR3	BVES	-	-	UTR3	BVES	-	-	UTR3	ENST00000314641.9	-	-	-
chr6	105099075	T	C	67.0875	AD:VAF	31,18:0.367347	12931689	chr6	105099075	T	C	-	A,R	ALU	-	SINE/AluJb	UTR3	BVES	-	-	UTR3	BVES	-	-	UTR3	ENST00000314641.9	-	-	-
chr6	105099077	T	C	30.9134	AD:VAF	43,8:0.156863	12931690	chr6	105099077	T	C	-	A,R	ALU	-	SINE/AluJb	UTR3	BVES	-	-	UTR3	BVES	-	-	UTR3	ENST00000314641.9	-	-	-
chr6	105099123	T	C	30.2206	AD:VAF	48,10:0.172414	12931699	chr6	105099123	T	C	-	A,R	ALU	-	SINE/AluJb	UTR3	BVES	-	-	UTR3	BVES	-	-	UTR3	ENST00000314641.9	-	-	-
chr6	105099128	T	C	30.9282	AD:VAF	54,9:0.142857	12931701	chr6	105099128	T	C	-	A,R	ALU	-	SINE/AluJb	UTR3	BVES	-	-	UTR3	BVES	-	-	UTR3	ENST00000314641.9	-	-	-
chr6	105099131	T	C	29.0214	AD:VAF	50,11:0.180328	12931702	chr6	105099131	T	C	-	A,R	ALU	-	SINE/AluJb	UTR3	BVES	-	-	UTR3	BVES	-	-	UTR3	ENST00000314641.9	-	-	-
chr6	105099132	T	C	29.0214	AD:VAF	50,11:0.180328	12931703	chr6	105099132	T	C	-	A,R	ALU	-	SINE/AluJb	UTR3	BVES	-	-	UTR3	BVES	-	-	UTR3	ENST00000314641.9	-	-	-
chr6	105100253	T	C	25.2912	AD:VAF	50,13:0.206349	12931713	chr6	105100253	T	C	-	A,R	ALU	-	SINE/AluY	UTR3	BVES	-	-	UTR3	BVES	-	-	UTR3	ENST00000314641.9	-	-	-
chr6	108042172	T	C	39.7191	AD:VAF	85,38:0.308943	12949087	chr6	108042172	T	C	-	A,R,D	REP	-	SINE/FLAM_C	UTR3	OSTM1	-	-	UTR3	OSTM1	-	-	UTR3	ENST00000193322.7	-	-	-
chr6	108042173	T	C	30.3208	AD:VAF	114,10:0.0806452	12949088	chr6	108042173	T	C	-	A,R,D	REP	-	SINE/FLAM_C	UTR3	OSTM1	-	-	UTR3	OSTM1	-	-	UTR3	ENST00000193322.7	-	-	-
chr6	108042187	T	C	30.3224	AD:VAF	91,8:0.0808081	12949090	chr6	108042187	T	C	-	A,R	REP	-	SINE/FLAM_C	UTR3	OSTM1	-	-	UTR3	OSTM1	-	-	UTR3	ENST00000193322.7	-	-	-
chr6	108042260	T	C	31.0275	AD:VAF	61,11:0.152778	12949105	chr6	108042260	T	C	-	A,R,D	REP	rs1476063569	SINE/FLAM_C	UTR3	OSTM1	-	-	UTR3	OSTM1	-	-	UTR3	ENST00000193322.7	-	-	-
chr6	108042537	T	C	30.4897	AD:VAF	110,12:0.0983607	12949138	chr6	108042537	T	C	-	A,R	ALU	-	SINE/AluJb	UTR3	OSTM1	-	-	UTR3	OSTM1	-	-	UTR3	ENST00000193322.7	-	-	-
chr6	108042554	T	C	31.1312	AD:VAF	103,20:0.162602	12949141	chr6	108042554	T	C	-	A,R,D	ALU	-	SINE/AluJb	UTR3	OSTM1	-	-	UTR3	OSTM1	-	-	UTR3	ENST00000193322.7	-	-	-
chr6	108042572	T	C	30.0578	AD:VAF	181,10:0.052356	12949144	chr6	108042572	T	C	-	A,R	ALU	-	SINE/AluJb	UTR3	OSTM1	-	-	UTR3	OSTM1	-	-	UTR3	ENST00000193322.7	-	-	-
chr6	108042619	T	C	29.9349	AD:VAF	198,8:0.038835	12949163	chr6	108042619	T	C	-	A,R	ALU	-	SINE/AluJb	UTR3	OSTM1	-	-	UTR3	OSTM1	-	-	UTR3	ENST00000193322.7	-	-	-
chr6	109463124	T	C	32.9841	AD:VAF	15,8:0.347826	12963048	chr6	109463124	T	C	-	A,R,D	ALU	-	SINE/AluSg	UTR3	ZBTB24	-	-	UTR3	ZBTB24	-	-	UTR3	ZBTB24	-	-	-
chr6	110968099	A	G	54.3893	AD:VAF	8,9:0.529412	12973528	chr6	110968099	A	G	+	A,R	ALU	-	SINE/AluJr	downstream	GTF3C6	-	-	downstream	GTF3C6	-	-	downstream	ENST00000329970.7;GTF3C6	-	-	-
chr6	122444273	T	C	29.6827	AD:VAF	3301,35:0.0104916	13008358	chr6	122444273	T	C	-	A,R	ALU	-	SINE/AluJb	UTR3	SERINC1	-	-	UTR3	SERINC1	-	-	UTR3	ENST00000339697.4	-	-	-
chr6	149591039	A	G	29.7705	AD:VAF	431,9:0.0204545	13096411	chr6	149591039	A	G	+	A,R	ALU	-	SINE/AluSc	UTR3	GINM1	-	-	UTR3	GINM1	-	-	UTR3	ENST00000367419.9;GINM1	-	-	-
chr6	149591088	A	G	30.1147	AD:VAF	402,25:0.058548	13096423	chr6	149591088	A	G	+	A,R,D	ALU	-	SINE/AluSc	UTR3	GINM1	-	-	UTR3	GINM1	-	-	UTR3	ENST00000367419.9;GINM1	-	-	-
chr6	149591103	A	G	29.8357	AD:VAF	385,11:0.0277778	13096428	chr6	149591103	A	G	+	A,R,D	ALU	-	SINE/AluSc	UTR3	GINM1	-	-	UTR3	GINM1	-	-	UTR3	ENST00000367419.9;GINM1	-	-	-
chr6	149591145	A	G	30.0294	AD:VAF	251,13:0.0492424	13096449	chr6	149591145	A	G	+	A,R,D	ALU	-	SINE/AluSc	UTR3	GINM1	-	-	UTR3	GINM1	-	-	UTR3	ENST00000367419.9;GINM1	-	-	-
chr6	149591177	A	G	29.84	AD:VAF	275,8:0.0282686	13096452	chr6	149591177	A	G	+	A,R	ALU	-	SINE/AluSc	UTR3	GINM1	-	-	UTR3	GINM1	-	-	UTR3	ENST00000367419.9;GINM1	-	-	-
chr6	149591212	A	G	29.8658	AD:VAF	311,10:0.0311526	13096460	chr6	149591212	A	G	+	A,R	ALU	-	SINE/AluSc	UTR3	GINM1	-	-	UTR3	GINM1	-	-	UTR3	ENST00000367419.9;GINM1	-	-	-
chr6	149591247	A	G	30.1258	AD:VAF	299,19:0.0597484	13096469	chr6	149591247	A	G	+	A,R,D	ALU	rs545374840	SINE/AluSc	UTR3	GINM1	-	-	UTR3	GINM1	-	-	UTR3	ENST00000367419.9;GINM1	-	-	-
chr6	149592807	A	G	32.5836	AD:VAF	2,9:0.818182	13096601	chr6	149592807	A	G	+	A,R	ALU	-	SINE/AluSq2	upstream	AL078581.2	-	-	upstream	RPS18P9	-	-	ncRNA_exonic	RPS18P9	-	-	-
chr6	149592996	A	G	38.1245	AD:VAF	15,9:0.375	13096643	chr6	149592996	A	G	+	A,R	ALU	-	SINE/AluSq2	upstream	AL078581.2	-	-	upstream	RPS18P9	-	-	ncRNA_exonic	RPS18P9	-	-	-
chr6	149592997	A	G	83.683	AD:VAF	7,16:0.695652	13096644	chr6	149592997	A	G	+	A,R	ALU	-	SINE/AluSq2	upstream	AL078581.2	-	-	upstream	RPS18P9	-	-	ncRNA_exonic	RPS18P9	-	-	-
chr6	149725503	T	C	20.0996	AD:VAF	30,8:0.210526	13100949	chr6	149725503	T	C	-	A,R,D	ALU	rs1020504432	SINE/AluSq2	UTR3	NUP43	-	-	UTR3	NUP43	-	-	UTR3	ENST00000340413.6	-	-	-
chr6	149726282	T	C	31.054	AD:VAF	41,8:0.163265	13101007	chr6	149726282	T	C	-	A,R,D	ALU	-	SINE/AluSc	UTR3	NUP43	-	-	UTR3	NUP43	-	-	UTR3	ENST00000340413.6	-	-	-
chr6	149822103	T	C	28.5625	AD:VAF	27,11:0.289474	13105664	chr6	149822103	T	C	-	A,R	ALU	-	SINE/AluJo	ncRNA_intronic	AL355312.5	-	-	intronic	LRP11	-	-	ncRNA_intronic	AL355312.5	-	-	-
chr6	149825758	T	C	20.8371	AD:VAF	17,8:0.32	13105876	chr6	149825758	T	C	-	A,R,D	ALU	-	SINE/AluJb	ncRNA_intronic	AL355312.5	-	-	intronic	LRP11	-	-	ncRNA_intronic	AL355312.5	-	-	-
chr6	158973425	T	C	78.3151	AD:VAF	9,12:0.571429	13165906	chr6	158973425	T	C	-	A,R	NONREP	-	-/-	UTR3	RSPH3	-	-	UTR3	RSPH3	-	-	UTR3	RSPH3	-	-	-
chr6	158973437	T	C	82.7713	AD:VAF	6,13:0.684211	13165909	chr6	158973437	T	C	-	A,R	NONREP	-	-/-	UTR3	RSPH3	-	-	UTR3	RSPH3	-	-	UTR3	RSPH3	-	-	-
chr6	158973449	T	C	45.1941	AD:VAF	14,9:0.391304	13165912	chr6	158973449	T	C	-	A,R	NONREP	-	-/-	UTR3	RSPH3	-	-	UTR3	RSPH3	-	-	UTR3	RSPH3	-	-	-
chr6	158973455	T	C	124.977	AD:VAF	2,17:0.894737	13165914	chr6	158973455	T	C	-	A,R	NONREP	rs1365522086	-/-	UTR3	RSPH3	-	-	UTR3	RSPH3	-	-	UTR3	RSPH3	-	-	-
chr6	158973456	T	C	49.3148	AD:VAF	12,9:0.428571	13165915	chr6	158973456	T	C	-	A,R	NONREP	-	-/-	UTR3	RSPH3	-	-	UTR3	RSPH3	-	-	UTR3	RSPH3	-	-	-
chr6	158973483	T	C	83.2587	AD:VAF	9,13:0.590909	13165924	chr6	158973483	T	C	-	A,R	NONREP	-	-/-	UTR3	RSPH3	-	-	UTR3	RSPH3	-	-	UTR3	RSPH3	-	-	-
chr6	158974326	T	C	44.0025	AD:VAF	24,13:0.351351	13166028	chr6	158974326	T	C	-	A,R	NONREP	-	-/-	UTR3	RSPH3	-	-	UTR3	RSPH3	-	-	UTR3	RSPH3	-	-	-
chr6	158974327	T	C	8.07327	AD:VAF	22,8:0.266667	13166029	chr6	158974327	T	C	-	A,R	NONREP	-	-/-	UTR3	RSPH3	-	-	UTR3	RSPH3	-	-	UTR3	RSPH3	-	-	-
chr6	158974377	T	C	10.8063	AD:VAF	21,8:0.275862	13166045	chr6	158974377	T	C	-	A,R	NONREP	-	-/-	UTR3	RSPH3	-	-	UTR3	RSPH3	-	-	UTR3	RSPH3	-	-	-
chr6	158974391	T	C	20.6019	AD:VAF	22,9:0.290323	13166050	chr6	158974391	T	C	-	A,R	NONREP	-	-/-	UTR3	RSPH3	-	-	UTR3	RSPH3	-	-	UTR3	RSPH3	-	-	-
chr6	158974394	T	C	4.60601	AD:VAF	26,9:0.257143	13166052	chr6	158974394	T	C	-	A,R,D	NONREP	-	-/-	UTR3	RSPH3	-	-	UTR3	RSPH3	-	-	UTR3	RSPH3	-	-	-
chr6	158975932	T	C	21.6455	AD:VAF	19,8:0.296296	13166133	chr6	158975932	T	C	-	A,R	ALU	-	SINE/AluJb	UTR3	RSPH3	-	-	UTR3	RSPH3	-	-	UTR3	RSPH3	-	-	-
chr6	158976035	T	C	56.157	AD:VAF	21,13:0.382353	13166149	chr6	158976035	T	C	-	A,R	ALU	-	SINE/AluJb	UTR3	RSPH3	-	-	UTR3	RSPH3	-	-	UTR3	RSPH3	-	-	-
chr6	158976075	T	C	53.1072	AD:VAF	22,13:0.371429	13166158	chr6	158976075	T	C	-	A,R	ALU	-	SINE/AluJb	UTR3	RSPH3	-	-	UTR3	RSPH3	-	-	UTR3	RSPH3	-	-	-
chr6	158976131	T	C	100.802	AD:VAF	8,17:0.68	13166167	chr6	158976131	T	C	-	A,R	ALU	-	SINE/AluJb	UTR3	RSPH3	-	-	UTR3	RSPH3	-	-	UTR3	RSPH3	-	-	-
chr6	158976139	T	C	43.2584	AD:VAF	13,9:0.409091	13166170	chr6	158976139	T	C	-	A,R	ALU	-	SINE/AluJb	UTR3	RSPH3	-	-	UTR3	RSPH3	-	-	UTR3	RSPH3	-	-	-
chr6	159679813	T	C	29.7899	AD:VAF	1295,30:0.0226415	13169488	chr6	159679813	T	C	-	A,R	ALU	-	SINE/AluSz	UTR3	SOD2	-	-	UTR3	SOD2	-	-	UTR3	ENST00000538183.6;SOD2	-	-	-
chr6	159679825	T	C	29.7425	AD:VAF	1194,21:0.017284	13169490	chr6	159679825	T	C	-	A,R	ALU	-	SINE/AluSz	UTR3	SOD2	-	-	UTR3	SOD2	-	-	UTR3	ENST00000538183.6;SOD2	-	-	-
chr6	159679834	T	C	29.7165	AD:VAF	1169,17:0.0143339	13169492	chr6	159679834	T	C	-	A,R	ALU	-	SINE/AluSz	UTR3	SOD2	-	-	UTR3	SOD2	-	-	UTR3	ENST00000538183.6;SOD2	-	-	-
chr6	159679869	T	C	29.8276	AD:VAF	1014,28:0.0268714	13169504	chr6	159679869	T	C	-	A,R	ALU	-	SINE/AluSz	UTR3	SOD2	-	-	UTR3	SOD2	-	-	UTR3	ENST00000538183.6;SOD2	-	-	-
chr6	159679894	T	C	29.8085	AD:VAF	1183,30:0.0247321	13169510	chr6	159679894	T	C	-	A,R	ALU	rs1163730501	SINE/AluSz	UTR3	SOD2	-	-	UTR3	SOD2	-	-	UTR3	ENST00000538183.6;SOD2	-	-	-
chr6	159679908	T	C	29.8443	AD:VAF	1115,33:0.0287456	13169514	chr6	159679908	T	C	-	A,R	ALU	-	SINE/AluSz	UTR3	SOD2	-	-	UTR3	SOD2	-	-	UTR3	ENST00000538183.6;SOD2	-	-	-
chr6	159679912	T	C	29.727	AD:VAF	1078,17:0.0155251	13169515	chr6	159679912	T	C	-	A,R	ALU	-	SINE/AluSz	UTR3	SOD2	-	-	UTR3	SOD2	-	-	UTR3	ENST00000538183.6;SOD2	-	-	-
chr6	159680677	T	C	29.7137	AD:VAF	844,12:0.0140187	13169524	chr6	159680677	T	C	-	A,R	ALU	-	SINE/AluSz	UTR3	SOD2	-	-	UTR3	SOD2	-	-	UTR3	ENST00000538183.6;SOD2	-	-	-
chr6	159680679	T	C	29.682	AD:VAF	856,9:0.0104046	13169525	chr6	159680679	T	C	-	A,R	ALU	-	SINE/AluSz	UTR3	SOD2	-	-	UTR3	SOD2	-	-	UTR3	ENST00000538183.6;SOD2	-	-	-
chr6	159680693	T	C	29.7699	AD:VAF	865,18:0.0203851	13169529	chr6	159680693	T	C	-	A,R	ALU	rs1475281261	SINE/AluSz	UTR3	SOD2	-	-	UTR3	SOD2	-	-	UTR3	ENST00000538183.6;SOD2	-	-	-
chr6	159680714	T	C	29.79	AD:VAF	906,21:0.0226537	13169531	chr6	159680714	T	C	-	A	ALU	rs5746148	SINE/AluSz	UTR3	SOD2	-	-	UTR3	SOD2	-	-	UTR3	ENST00000538183.6;SOD2	-	-	-
chr6	159680718	T	C	29.7397	AD:VAF	985,17:0.0169661	13169532	chr6	159680718	T	C	-	A,R	ALU	-	SINE/AluSz	UTR3	SOD2	-	-	UTR3	SOD2	-	-	UTR3	ENST00000538183.6;SOD2	-	-	-
chr6	159680744	T	C	29.726	AD:VAF	958,15:0.0154162	13169537	chr6	159680744	T	C	-	A,R	ALU	-	SINE/AluSz	UTR3	SOD2	-	-	UTR3	SOD2	-	-	UTR3	ENST00000538183.6;SOD2	-	-	-
chr6	159680756	T	C	29.8889	AD:VAF	974,34:0.0337302	13169539	chr6	159680756	T	C	-	A,R	ALU	rs1323326534	SINE/AluSz	UTR3	SOD2	-	-	UTR3	SOD2	-	-	UTR3	ENST00000538183.6;SOD2	-	-	-
chr6	159680764	T	C	29.6806	AD:VAF	869,9:0.0102506	13169540	chr6	159680764	T	C	-	A,R	ALU	rs1397124732	SINE/AluSz	UTR3	SOD2	-	-	UTR3	SOD2	-	-	UTR3	ENST00000538183.6;SOD2	-	-	-
chr6	159680836	T	C	29.7046	AD:VAF	836,11:0.012987	13169556	chr6	159680836	T	C	-	A,R	ALU	-	SINE/AluSz	UTR3	SOD2	-	-	UTR3	SOD2	-	-	UTR3	ENST00000538183.6;SOD2	-	-	-
chr7	2435868	A	G	54.4518	AD:VAF	3,8:0.727273	13221101	chr7	2435868	A	G	+	A,R	ALU	-	SINE/AluJb	UTR3	CHST12	-	-	UTR3	CHST12	-	-	UTR3	CHST12	-	-	-
chr7	2722384	T	C	83.601	AD:VAF	5,12:0.705882	13227753	chr7	2722384	T	C	-	A,R	ALU	-	SINE/AluY	intergenic	AMZ1;GNA12	-	-	intronic	AMZ1	-	-	intergenic	AMZ1;ENST00000275364.7	-	-	-
chr7	2722411	T	C	65.7122	AD:VAF	4,9:0.692308	13227761	chr7	2722411	T	C	-	A,R	ALU	-	SINE/AluY	intergenic	AMZ1;GNA12	-	-	intronic	AMZ1	-	-	intergenic	AMZ1;ENST00000275364.7	-	-	-
chr7	2722883	T	C	54.3923	AD:VAF	10,9:0.473684	13227905	chr7	2722883	T	C	-	A,R	ALU	rs1384587012	SINE/AluJr	intergenic	AMZ1;GNA12	-	-	intronic	AMZ1	-	-	intergenic	AMZ1;ENST00000275364.7	-	-	-
chr7	2727646	T	C	55.2002	AD:VAF	17,11:0.392857	13228247	chr7	2727646	T	C	-	A,R,D	ALU	-	SINE/AluJo	downstream	GNA12	-	-	intronic	AMZ1	-	-	downstream	ENST00000275364.7;GNA12	-	-	-
chr7	5476668	T	C	30.4549	AD:VAF	86,9:0.0947368	13256981	chr7	5476668	T	C	-	A,R	ALU	-	SINE/AluJo	ncRNA_exonic	AC092171.2	-	-	UTR3	FBXL18	-	-	ncRNA_exonic	AC092171.2	-	-	-
chr7	5477447	T	C	30.4122	AD:VAF	131,13:0.0902778	13257126	chr7	5477447	T	C	-	A,R	ALU	-	SINE/AluSx1	ncRNA_intronic	AC092171.2	-	-	UTR3	FBXL18	-	-	ncRNA_intronic	AC092171.2	-	-	-
chr7	5477458	T	C	30.2748	AD:VAF	122,10:0.0757576	13257131	chr7	5477458	T	C	-	A,R	ALU	-	SINE/AluSx1	ncRNA_intronic	AC092171.2	-	-	UTR3	FBXL18	-	-	ncRNA_intronic	AC092171.2	-	-	-
chr7	5477459	T	C	30.1853	AD:VAF	127,9:0.0661765	13257132	chr7	5477459	T	C	-	A,R	ALU	rs1385235670	SINE/AluSx1	ncRNA_intronic	AC092171.2	-	-	UTR3	FBXL18	-	-	ncRNA_intronic	AC092171.2	-	-	-
chr7	5477607	T	C	31.2484	AD:VAF	64,14:0.179487	13257190	chr7	5477607	T	C	-	A,R	ALU	-	SINE/AluSx1	ncRNA_intronic	AC092171.2	-	-	UTR3	FBXL18	-	-	ncRNA_intronic	AC092171.2	-	-	-
chr7	5477642	T	C	30.9796	AD:VAF	46,8:0.148148	13257206	chr7	5477642	T	C	-	A,R	ALU	-	SINE/AluSx1	ncRNA_intronic	AC092171.2	-	-	UTR3	FBXL18	-	-	ncRNA_intronic	AC092171.2	-	-	-
chr7	5622561	T	C	30.0698	AD:VAF	194,11:0.0536585	13261062	chr7	5622561	T	C	-	A,R	NONREP	-	-/-	UTR3	RNF216	-	-	UTR3	RNF216	-	-	UTR3	RNF216	-	-	-
chr7	6751837	A	G	49.1666	AD:VAF	16,10:0.384615	13288343	chr7	6751837	A	G	+	A,R	ALU	-	SINE/AluSx	intergenic	AC073343.2;RSPH10B2	-	-	downstream	PMS2CL	-	-	ncRNA_intronic	PMS2CL	-	-	-
chr7	17344729	A	G	30.3	AD:VAF	94,8:0.0784314	13307200	chr7	17344729	A	G	+	A,R,D	ALU	-	SINE/AluSx	UTR3	AHR	-	-	UTR3	AHR	-	-	UTR3	AHR;ENST00000242057.8	-	-	-
chr7	17344810	A	G	31.0684	AD:VAF	70,13:0.156627	13307215	chr7	17344810	A	G	+	A,R,D	ALU	rs1213545483	SINE/AluSx	UTR3	AHR	-	-	UTR3	AHR	-	-	UTR3	AHR;ENST00000242057.8	-	-	-
chr7	17345106	A	G	14.4712	AD:VAF	64,23:0.264368	13307254	chr7	17345106	A	G	+	A,R,D	ALU	rs1426209273	SINE/AluSc	UTR3	AHR	-	-	UTR3	AHR	-	-	UTR3	AHR;ENST00000242057.8	-	-	-
chr7	17345159	A	G	30.75	AD:VAF	98,14:0.125	13307273	chr7	17345159	A	G	+	A,R,D	ALU	rs1040505149	SINE/AluSc	UTR3	AHR	-	-	UTR3	AHR	-	-	UTR3	AHR;ENST00000242057.8	-	-	-
chr7	17345168	A	G	30.3333	AD:VAF	112,10:0.0819672	13307278	chr7	17345168	A	G	+	A,R,D	ALU	rs1430276953	SINE/AluSc	UTR3	AHR	-	-	UTR3	AHR	-	-	UTR3	AHR;ENST00000242057.8	-	-	-
chr7	17345263	A	G	30.739	AD:VAF	99,14:0.123894	13307300	chr7	17345263	A	G	+	A,R,D	ALU	rs1418764398	SINE/AluSc	UTR3	AHR	-	-	UTR3	AHR	-	-	UTR3	AHR;ENST00000242057.8	-	-	-
chr7	25121116	T	C	87.1945	AD:VAF	9,14:0.608696	13330942	chr7	25121116	T	C	-	A,R,D	ALU	-	SINE/AluSp	UTR3	CYCS	-	-	UTR3	CYCS	-	-	UTR3	CYCS	-	-	-
chr7	33006257	A	G	29.7688	AD:VAF	532,11:0.0202578	13366854	chr7	33006257	A	G	+	A	ALU	-	SINE/AluSc	UTR3	FKBP9	-	-	UTR3	FKBP9	-	-	UTR3	ENST00000242209.8;FKBP9	-	-	-
chr7	38723531	T	C	30.5431	AD:VAF	69,8:0.103896	13384323	chr7	38723531	T	C	-	A,R,D	ALU	-	SINE/AluSx3	UTR3	VPS41	-	-	UTR3	VPS41	-	-	UTR3	ENST00000310301.8	-	-	-
chr7	38723648	T	C	41.9482	AD:VAF	25,13:0.342105	13384348	chr7	38723648	T	C	-	A,R,D	ALU	-	SINE/AluSx3	UTR3	VPS41	-	-	UTR3	VPS41	-	-	UTR3	ENST00000310301.8	-	-	-
chr7	38724726	T	C	30.1945	AD:VAF	125,9:0.0671642	13384407	chr7	38724726	T	C	-	A,R,D	ALU	rs920753062	SINE/AluSp	UTR3	VPS41	-	-	UTR3	VPS41	-	-	UTR3	ENST00000310301.8	-	-	-
chr7	44578782	T	C	29.8931	AD:VAF	226,8:0.034188	13418693	chr7	44578782	T	C	-	A,R	ALU	-	SINE/AluSq2	UTR3	TMED4	-	-	UTR3	TMED4	-	-	UTR3	ENST00000457408.6;TMED4	-	-	-
chr7	44580235	T	C	29.8582	AD:VAF	256,8:0.030303	13418728	chr7	44580235	T	C	-	A,R	ALU	rs1469846472	SINE/AluSx	UTR3	TMED4	-	-	UTR3	TMED4	-	-	UTR3	TMED4	-	-	-
chr7	44580244	T	C	29.8409	AD:VAF	274,8:0.0283688	13418730	chr7	44580244	T	C	-	A,R,D	ALU	-	SINE/AluSx	UTR3	TMED4	-	-	UTR3	TMED4	-	-	UTR3	TMED4	-	-	-
chr7	44580356	T	C	30.0668	AD:VAF	213,12:0.0533333	13418775	chr7	44580356	T	C	-	A,R	ALU	-	SINE/AluSx	UTR3	TMED4	-	-	UTR3	TMED4	-	-	UTR3	TMED4	-	-	-
chr7	44580369	T	C	29.8892	AD:VAF	229,8:0.0337553	13418782	chr7	44580369	T	C	-	A,R	ALU	-	SINE/AluSx	UTR3	TMED4	-	-	UTR3	TMED4	-	-	UTR3	TMED4	-	-	-
chr7	44580370	T	C	30.0765	AD:VAF	226,13:0.0543933	13418783	chr7	44580370	T	C	-	A,R	ALU	rs1274590797	SINE/AluSx	UTR3	TMED4	-	-	UTR3	TMED4	-	-	UTR3	TMED4	-	-	-
chr7	44580378	T	C	29.9785	AD:VAF	241,11:0.0436508	13418784	chr7	44580378	T	C	-	A,R	ALU	-	SINE/AluSx	UTR3	TMED4	-	-	UTR3	TMED4	-	-	UTR3	TMED4	-	-	-
chr7	44580476	T	C	30.0252	AD:VAF	156,8:0.0487805	13418800	chr7	44580476	T	C	-	A,R	ALU	-	SINE/AluSx	UTR3	TMED4	-	-	UTR3	TMED4	-	-	UTR3	TMED4	-	-	-
chr7	44580935	T	C	30.0872	AD:VAF	221,13:0.0555556	13418856	chr7	44580935	T	C	-	A,R	ALU	-	SINE/AluSp	UTR3	TMED4	-	-	UTR3	TMED4	-	-	UTR3	TMED4	-	-	-
chr7	44580947	T	C	29.933	AD:VAF	224,9:0.0386266	13418859	chr7	44580947	T	C	-	A,R,D	ALU	-	SINE/AluSp	UTR3	TMED4	-	-	UTR3	TMED4	-	-	UTR3	TMED4	-	-	-
chr7	44801788	A	G	29.9214	AD:VAF	361,14:0.0373333	13425385	chr7	44801788	A	G	+	A,R,D	NONREP	-	-/-	UTR3	PPIA	-	-	UTR3	PPIA	-	-	UTR3	ENST00000468812.5	-	-	-
chr7	44801894	A	G	29.7618	AD:VAF	403,8:0.0194647	13425410	chr7	44801894	A	G	+	A,R,D	ALU	-	SINE/AluJr	UTR3	PPIA	-	-	UTR3	PPIA	-	-	UTR3	ENST00000468812.5	-	-	-
chr7	44802332	A	G	29.8832	AD:VAF	263,9:0.0330882	13425496	chr7	44802332	A	G	+	A,R,D	ALU	-	SINE/AluSx	UTR3	PPIA	-	-	UTR3	PPIA	-	-	UTR3	ENST00000468812.5	-	-	-
chr7	44832855	T	C	30.5431	AD:VAF	69,8:0.103896	13426458	chr7	44832855	T	C	-	A,R	ALU	-	SINE/AluJo	UTR3	H2AZ2	-	-	intronic	H2AFV	-	-	intronic	H2AFV	-	-	-
chr7	55454394	T	C	31.033	AD:VAF	55,10:0.153846	13445340	chr7	55454394	T	C	-	A,R	REP	-	LINE/L1PA7	intergenic	LANCL2;VOPP1	-	-	intergenic	LANCL2;VOPP1	-	-	intergenic	LANCL2;ENST00000285279.9	-	-	-
chr7	55454437	T	C	8.07373	AD:VAF	41,11:0.211538	13445347	chr7	55454437	T	C	-	A,R	REP	-	LINE/L1PA7	intergenic	LANCL2;VOPP1	-	-	intergenic	LANCL2;VOPP1	-	-	intergenic	LANCL2;ENST00000285279.9	-	-	-
chr7	55454446	T	C	26.9145	AD:VAF	45,10:0.181818	13445351	chr7	55454446	T	C	-	A,R	REP	rs1311526730	LINE/L1PA7	intergenic	LANCL2;VOPP1	-	-	intergenic	LANCL2;VOPP1	-	-	intergenic	LANCL2;ENST00000285279.9	-	-	-
chr7	55454559	T	C	30.9766	AD:VAF	46,8:0.148148	13445364	chr7	55454559	T	C	-	A	REP	-	LINE/L1PA7	intergenic	LANCL2;VOPP1	-	-	intergenic	LANCL2;VOPP1	-	-	intergenic	LANCL2;ENST00000285279.9	-	-	-
chr7	55455041	T	C	31.1204	AD:VAF	57,11:0.161765	13445443	chr7	55455041	T	C	-	A,R,D	REP	rs563508531	LINE/L1PA7	intergenic	LANCL2;VOPP1	-	-	intergenic	LANCL2;VOPP1	-	-	intergenic	LANCL2;ENST00000285279.9	-	-	-
chr7	55455050	T	C	30.9063	AD:VAF	55,9:0.140625	13445449	chr7	55455050	T	C	-	A,R	REP	-	LINE/L1PA7	intergenic	LANCL2;VOPP1	-	-	intergenic	LANCL2;VOPP1	-	-	intergenic	LANCL2;ENST00000285279.9	-	-	-
chr7	55455767	T	C	33.5246	AD:VAF	40,16:0.285714	13445542	chr7	55455767	T	C	-	A,R,D	REP	-	LINE/L1PA7	intergenic	LANCL2;VOPP1	-	-	intergenic	LANCL2;VOPP1	-	-	intergenic	LANCL2;ENST00000285279.9	-	-	-
chr7	55455820	T	C	30.9755	AD:VAF	52,9:0.147541	13445553	chr7	55455820	T	C	-	A,R,D	REP	rs1296684317	LINE/L1PA7	intergenic	LANCL2;VOPP1	-	-	intergenic	LANCL2;VOPP1	-	-	intergenic	LANCL2;ENST00000285279.9	-	-	-
chr7	55455827	T	C	30.9954	AD:VAF	51,9:0.15	13445555	chr7	55455827	T	C	-	A	REP	-	LINE/L1PA7	intergenic	LANCL2;VOPP1	-	-	intergenic	LANCL2;VOPP1	-	-	intergenic	LANCL2;ENST00000285279.9	-	-	-
chr7	55456070	T	C	5.62108	AD:VAF	32,9:0.219512	13445564	chr7	55456070	T	C	-	A	REP	rs979385873	LINE/L1PA7	intergenic	LANCL2;VOPP1	-	-	intergenic	LANCL2;VOPP1	-	-	intergenic	LANCL2;ENST00000285279.9	-	-	-
chr7	55456342	T	C	30.6911	AD:VAF	74,10:0.119048	13445604	chr7	55456342	T	C	-	A,R	REP	-	LINE/L1PA7	intergenic	LANCL2;VOPP1	-	-	intergenic	LANCL2;VOPP1	-	-	intergenic	LANCL2;ENST00000285279.9	-	-	-
chr7	55456574	T	C	30.7309	AD:VAF	57,8:0.123077	13445647	chr7	55456574	T	C	-	A,R	REP	-	LINE/L1PA7	intergenic	LANCL2;VOPP1	-	-	intergenic	LANCL2;VOPP1	-	-	intergenic	LANCL2;ENST00000285279.9	-	-	-
chr7	55456606	T	C	24.989	AD:VAF	50,16:0.242424	13445652	chr7	55456606	T	C	-	A,R	REP	-	LINE/L1PA7	intergenic	LANCL2;VOPP1	-	-	intergenic	LANCL2;VOPP1	-	-	intergenic	LANCL2;ENST00000285279.9	-	-	-
chr7	55457346	T	C	30.6286	AD:VAF	63,8:0.112676	13445686	chr7	55457346	T	C	-	A,R	REP	-	LINE/L1MA4A	intergenic	LANCL2;VOPP1	-	-	intergenic	LANCL2;VOPP1	-	-	intergenic	LANCL2;ENST00000285279.9	-	-	-
chr7	55457347	T	C	30.9286	AD:VAF	60,10:0.142857	13445687	chr7	55457347	T	C	-	A,R,D	REP	-	LINE/L1MA4A	intergenic	LANCL2;VOPP1	-	-	intergenic	LANCL2;VOPP1	-	-	intergenic	LANCL2;ENST00000285279.9	-	-	-
chr7	55457409	T	C	30.9909	AD:VAF	57,10:0.149254	13445710	chr7	55457409	T	C	-	A,R	REP	-	LINE/L1MA4A	intergenic	LANCL2;VOPP1	-	-	intergenic	LANCL2;VOPP1	-	-	intergenic	LANCL2;ENST00000285279.9	-	-	-
chr7	55457940	T	C	6.04345	AD:VAF	17,8:0.32	13445901	chr7	55457940	T	C	-	A,R,D	REP	-	LINE/L1MA4A	intergenic	LANCL2;VOPP1	-	-	intergenic	LANCL2;VOPP1	-	-	intergenic	LANCL2;ENST00000285279.9	-	-	-
chr7	55458435	T	C	29.9853	AD:VAF	44,9:0.169811	13446105	chr7	55458435	T	C	-	A,R,D	REP	-	LINE/L1MA4A	intergenic	LANCL2;VOPP1	-	-	intergenic	LANCL2;VOPP1	-	-	intergenic	LANCL2;ENST00000285279.9	-	-	-
chr7	55458838	T	C	3.76649	AD:VAF	24,10:0.294118	13446205	chr7	55458838	T	C	-	A,R	REP	-	LINE/L1MA4A	intergenic	LANCL2;VOPP1	-	-	intergenic	LANCL2;VOPP1	-	-	intergenic	LANCL2;ENST00000285279.9	-	-	-
chr7	55459145	T	C	59.3504	AD:VAF	15,12:0.444444	13446319	chr7	55459145	T	C	-	A,R,D	REP	-	LINE/L1MA4A	intergenic	LANCL2;VOPP1	-	-	intergenic	LANCL2;VOPP1	-	-	intergenic	LANCL2;ENST00000285279.9	-	-	-
chr7	55459420	T	C	29.4138	AD:VAF	45,12:0.210526	13446417	chr7	55459420	T	C	-	A,R	REP	rs989122639	LINE/L1MA4A	intergenic	LANCL2;VOPP1	-	-	intergenic	LANCL2;VOPP1	-	-	intergenic	LANCL2;ENST00000285279.9	-	-	-
chr7	56078966	A	G	30.3529	AD:VAF	109,10:0.0840336	13457838	chr7	56078966	A	G	+	A,R	ALU	-	SINE/AluJr	exonic	SUMF2	nonsynonymous SNV	SUMF2:ENST00000413756.5:exon9:c.A866G:p.Q289R	exonic	SUMF2	nonsynonymous SNV	SUMF2:NM_001366647:exon8:c.A821G:p.Q274R,SUMF2:NM_001366648:exon9:c.A866G:p.Q289R	exonic	SUMF2	nonsynonymous SNV	SUMF2:ENST00000413756.5:exon9:c.A866G:p.Q289R	-
chr7	56078990	A	G	30.2858	AD:VAF	108,9:0.0769231	13457846	chr7	56078990	A	G	+	A,R	ALU	-	SINE/AluJr	exonic	SUMF2	nonsynonymous SNV	SUMF2:ENST00000413756.5:exon9:c.A890G:p.Q297R	exonic	SUMF2	nonsynonymous SNV	SUMF2:NM_001366647:exon8:c.A845G:p.Q282R,SUMF2:NM_001366648:exon9:c.A890G:p.Q297R	exonic	SUMF2	nonsynonymous SNV	SUMF2:ENST00000413756.5:exon9:c.A890G:p.Q297R	-
chr7	56080314	A	G	30.0734	AD:VAF	140,8:0.0540541	13457981	chr7	56080314	A	G	+	A,R	ALU	-	SINE/AluJr	UTR3	PHKG1;SUMF2	-	-	UTR3	PHKG1;SUMF2	-	-	UTR3	ENST00000342190.10;ENST00000434526.6;PHKG1;SUMF2	-	-	-
chr7	66153328	A	G	30.0636	AD:VAF	143,8:0.0529801	13498653	chr7	66153328	A	G	+	A,R,D	ALU	-	SINE/AluSp	ncRNA_intronic	AC068533.3	-	-	UTR3	CRCP	-	-	ncRNA_intronic	AC068533.3	-	-	-
chr7	66153875	A	G	30.0494	AD:VAF	166,9:0.0514286	13498751	chr7	66153875	A	G	+	A,R,D	ALU	rs1255904448	SINE/AluSx3	ncRNA_intronic	AC068533.3	-	-	UTR3	CRCP	-	-	ncRNA_intronic	AC068533.3	-	-	-
chr7	66153900	A	G	30.0734	AD:VAF	140,8:0.0540541	13498765	chr7	66153900	A	G	+	A,R,D	ALU	-	SINE/AluSx3	ncRNA_intronic	AC068533.3	-	-	UTR3	CRCP	-	-	ncRNA_intronic	AC068533.3	-	-	-
chr7	66154255	A	G	30.804	AD:VAF	60,9:0.130435	13498854	chr7	66154255	A	G	+	A,R,D	ALU	-	SINE/AluSz6	ncRNA_intronic	AC068533.3	-	-	UTR3	CRCP	-	-	ncRNA_intronic	AC068533.3	-	-	-
chr7	66529118	T	C	82.7717	AD:VAF	6,13:0.684211	13513956	chr7	66529118	T	C	-	A,R,D	ALU	-	SINE/AluSx1	intergenic	AC008267.5;KCTD7	-	-	intergenic	GS1-124K5.4;GS1-124K5.11	-	-	ncRNA_exonic	AC006001.3	-	-	-
chr7	66715783	A	G	23.5418	AD:VAF	25,10:0.285714	13524372	chr7	66715783	A	G	+	A,R,D	REP	-	SINE/FAM	intronic	AC027644.4	-	-	intronic	RABGEF1	-	-	intronic	AC027644.4;RABGEF1	-	-	-
chr7	66716859	A	G	51.3893	AD:VAF	8,9:0.529412	13524499	chr7	66716859	A	G	+	A,R,D	ALU	rs529892410	SINE/AluSz6	intronic	AC027644.4	-	-	intronic	RABGEF1	-	-	intronic	AC027644.4;RABGEF1	-	-	-
chr7	72995547	T	C	20.8371	AD:VAF	17,8:0.32	13579917	chr7	72995547	T	C	-	A,R	REP	rs1369142746	SINE/FRAM	intergenic	AC211476.9;AC211476.2	-	-	intergenic	LOC541473;STAG3L3	-	-	ncRNA_intronic	STAG3L3	-	-	-
chr7	72995561	T	C	27.9647	AD:VAF	21,11:0.34375	13579920	chr7	72995561	T	C	-	A,R	REP	rs1392272578	SINE/FRAM	intergenic	AC211476.9;AC211476.2	-	-	intergenic	LOC541473;STAG3L3	-	-	ncRNA_intronic	STAG3L3	-	-	-
chr7	72995799	T	C	78.9727	AD:VAF	9,17:0.653846	13579945	chr7	72995799	T	C	-	A	ALU	-	SINE/AluSz	intergenic	AC211476.9;AC211476.2	-	-	intergenic	LOC541473;STAG3L3	-	-	ncRNA_intronic	STAG3L3	-	-	-
chr7	72995807	T	C	32.2294	AD:VAF	15,10:0.4	13579948	chr7	72995807	T	C	-	A	ALU	rs1341534041	SINE/AluSz	intergenic	AC211476.9;AC211476.2	-	-	intergenic	LOC541473;STAG3L3	-	-	ncRNA_intronic	STAG3L3	-	-	-
chr7	72996168	T	C	40.3947	AD:VAF	10,11:0.52381	13579974	chr7	72996168	T	C	-	A,R	ALU	rs1462534941	SINE/AluSq2	intergenic	AC211476.9;AC211476.2	-	-	intergenic	LOC541473;STAG3L3	-	-	ncRNA_intronic	STAG3L3	-	-	-
chr7	74880318	T	C	50.385	AD:VAF	7,8:0.533333	13623741	chr7	74880318	T	C	-	A,R	REP	rs1438584733	SINE/FRAM	intergenic	GTF2IRD2;AC211424.1	-	-	intergenic	GTF2IRD2;STAG3L2	-	-	intergenic	GTF2IRD2;STAG3L2	-	-	-
chr7	74882671	T	C	22.2007	AD:VAF	43,10:0.188679	13624148	chr7	74882671	T	C	-	A,R,D	ALU	-	SINE/AluY	intergenic	GTF2IRD2;AC211424.1	-	-	ncRNA_exonic	STAG3L2	-	-	ncRNA_exonic	STAG3L2	-	-	-
chr7	75396308	A	G	54.3148	AD:VAF	6,8:0.571429	13631351	chr7	75396308	A	G	+	A,R	ALU	-	SINE/AluJr	intronic	TRIM73	-	-	intronic	TRIM73;TRIM74	-	-	intronic	TRIM73	-	-	-
chr7	99575283	A	G	30.8778	AD:VAF	50,8:0.137931	13762064	chr7	99575283	A	G	+	A,R,D	ALU	-	SINE/AluSg	UTR3	ZNF655	-	-	UTR3	ZNF655	-	-	UTR3	ZNF655	-	-	-
chr7	100212732	T	C	29.4037	AD:VAF	39,8:0.170213	13776934	chr7	100212732	T	C	-	A,R,D	ALU	rs1228405581	SINE/AluSz6	intronic	CASTOR3;STAG3	-	-	intronic	CASTOR3;STAG3	-	-	intronic	CASTOR3;STAG3	-	-	-
chr7	100212870	T	C	17.4771	AD:VAF	24,9:0.272727	13776950	chr7	100212870	T	C	-	A,R,D	REP	-	SINE/FLAM_A	intronic	CASTOR3;STAG3	-	-	intronic	CASTOR3;STAG3	-	-	intronic	CASTOR3;STAG3	-	-	-
chr7	101091531	A	G	30.6606	AD:VAF	61,8:0.115942	13804601	chr7	101091531	A	G	+	A,R,D	ALU	-	SINE/AluSq2	UTR3	TRIM56	-	-	UTR3	TRIM56	-	-	UTR3	ENST00000306085.10	-	-	-
chr7	101091573	A	G	8.90828	AD:VAF	48,13:0.213115	13804620	chr7	101091573	A	G	+	A,R,D	ALU	-	SINE/AluSq2	UTR3	TRIM56	-	-	UTR3	TRIM56	-	-	UTR3	ENST00000306085.10	-	-	-
chr7	101091606	A	G	12.6638	AD:VAF	43,11:0.203704	13804631	chr7	101091606	A	G	+	A,R,D	ALU	-	SINE/AluSq2	UTR3	TRIM56	-	-	UTR3	TRIM56	-	-	UTR3	ENST00000306085.10	-	-	-
chr7	102448498	A	G	30.0872	AD:VAF	153,9:0.0555556	13831090	chr7	102448498	A	G	+	A,R	ALU	-	SINE/AluSx1	UTR3	ORAI2	-	-	UTR3	ORAI2	-	-	UTR3	ORAI2	-	-	-
chr7	102448522	A	G	30.0363	AD:VAF	152,8:0.05	13831096	chr7	102448522	A	G	+	A,R,D	ALU	-	SINE/AluSx1	UTR3	ORAI2	-	-	UTR3	ORAI2	-	-	UTR3	ORAI2	-	-	-
chr7	102449860	A	G	30.3462	AD:VAF	88,8:0.0833333	13831355	chr7	102449860	A	G	+	A,R,D	ALU	-	SINE/AluSz	UTR3	ORAI2	-	-	UTR3	ORAI2	-	-	UTR3	ORAI2	-	-	-
chr7	102450004	A	G	30.7674	AD:VAF	62,9:0.126761	13831393	chr7	102450004	A	G	+	A,R,D	ALU	-	SINE/AluSz	UTR3	ORAI2	-	-	UTR3	ORAI2	-	-	UTR3	ORAI2	-	-	-
chr7	102637217	T	C	29.9383	AD:VAF	196,8:0.0392157	13836596	chr7	102637217	T	C	-	A,R,D	ALU	-	SINE/AluSc	ncRNA_intronic	AC105052.4	-	-	UTR3	POLR2J2;UPK3BL1	-	-	ncRNA_intronic	AC105052.4	-	-	-
chr7	102637273	T	C	30.1441	AD:VAF	152,10:0.0617284	13836607	chr7	102637273	T	C	-	A	ALU	-	SINE/AluSc	ncRNA_intronic	AC105052.4	-	-	UTR3	POLR2J2;UPK3BL1	-	-	ncRNA_intronic	AC105052.4	-	-	-
chr7	102637297	T	C	30.6728	AD:VAF	113,15:0.117188	13836612	chr7	102637297	T	C	-	A,R	ALU	-	SINE/AluSc	ncRNA_intronic	AC105052.4	-	-	UTR3	POLR2J2;UPK3BL1	-	-	ncRNA_intronic	AC105052.4	-	-	-
chr7	122075147	T	C	22.5057	AD:VAF	23,9:0.28125	13908017	chr7	122075147	T	C	-	A,R,D	ALU	-	SINE/AluJr	UTR3	AASS	-	-	UTR3	AASS	-	-	downstream	AASS	-	-	-
chr7	128305598	T	C	58.8957	AD:VAF	4,8:0.666667	13919552	chr7	128305598	T	C	-	A,R,D	REP	rs948372508	SINE/FLAM_C	UTR3	RBM28	-	-	UTR3	RBM28	-	-	UTR3	RBM28	-	-	-
chr7	128457792	A	G	31.0495	AD:VAF	54,10:0.15625	13920635	chr7	128457792	A	G	+	A,R,D	ALU	-	SINE/AluSx1	ncRNA_intronic	AC010655.2;AC010655.4	-	-	UTR3	HILPDA	-	-	ncRNA_intronic	AC010655.2;AC010655.4	-	-	-
chr7	128457797	A	G	30.7125	AD:VAF	58,8:0.121212	13920636	chr7	128457797	A	G	+	A,R,D	ALU	-	SINE/AluSx1	ncRNA_intronic	AC010655.2;AC010655.4	-	-	UTR3	HILPDA	-	-	ncRNA_intronic	AC010655.2;AC010655.4	-	-	-
chr7	128503212	A	G	30.4362	AD:VAF	88,9:0.0927835	13923437	chr7	128503212	A	G	+	A,R	ALU	-	SINE/AluSc8	UTR3	METTL2B	-	-	downstream	METTL2B	-	-	UTR3	METTL2B	-	-	-
chr7	128503816	A	G	31.0079	AD:VAF	50,9:0.152542	13923520	chr7	128503816	A	G	+	A,R,D	ALU	-	SINE/AluSq2	UTR3	METTL2B	-	-	downstream	METTL2B	-	-	UTR3	METTL2B	-	-	-
chr7	128504760	A	G	71.7471	AD:VAF	5,11:0.6875	13923668	chr7	128504760	A	G	+	A,R,D	ALU	rs1406894768	SINE/AluSx1	UTR3	METTL2B	-	-	intergenic	METTL2B;LINC01000	-	-	UTR3	METTL2B	-	-	-
chr7	128653262	A	G	5.62108	AD:VAF	32,9:0.219512	13928949	chr7	128653262	A	G	+	A,R,D	NONREP	-	-/-	intergenic	RNU6-177P;AC018638.7	-	-	ncRNA_exonic	LINC01000	-	-	upstream	AC018638.5;AC018638.1;AC018638.2;AC018638.4	-	-	-
chr7	128653341	A	G	50.4043	AD:VAF	8,8:0.5	13928966	chr7	128653341	A	G	+	A,R	NONREP	-	-/-	intergenic	RNU6-177P;AC018638.7	-	-	ncRNA_exonic	LINC01000	-	-	upstream	AC018638.5;AC018638.1;AC018638.2	-	-	-
chr7	128653445	A	G	53.8946	AD:VAF	4,8:0.666667	13928979	chr7	128653445	A	G	+	A,R	NONREP	rs1430857713	-/-	intergenic	RNU6-177P;AC018638.7	-	-	ncRNA_exonic	LINC01000	-	-	upstream	AC018638.5;AC018638.1;AC018638.2	-	-	-
chr7	128661371	A	G	30.9719	AD:VAF	41,8:0.163265	13929398	chr7	128661371	A	G	+	A,R,D	ALU	-	SINE/AluSx1	intergenic	RNU6-177P;AC018638.7	-	-	downstream	LINC01000	-	-	intergenic	CICP14;AC018638.7	-	-	-
chr7	129488121	A	G	85.4047	AD:VAF	17,17:0.5	13941021	chr7	129488121	A	G	+	A,R,D	ALU	-	SINE/AluSq	UTR3	STRIP2	-	-	UTR3	STRIP2	-	-	UTR3	ENST00000249344.6	-	-	-
chr7	130944867	T	C	3.6485	AD:VAF	56,19:0.253333	13956388	chr7	130944867	T	C	-	A,R,D	NONREP	-	-/-	ncRNA_exonic	LINC-PINT	-	-	ncRNA_exonic	LINC-PINT	-	-	ncRNA_exonic	LINC-PINT	-	-	-
chr7	139420857	A	G	52.4043	AD:VAF	9,9:0.5	13994733	chr7	139420857	A	G	+	A,R	ALU	-	SINE/AluSz	intronic	FMC1-LUC7L2;LUC7L2	-	-	ncRNA_intronic	LOC100129148	-	-	intronic	ENST00000354926.8;FMC1-LUC7L2;LUC7L2	-	-	-
chr7	139420858	A	G	38.3508	AD:VAF	10,8:0.444444	13994734	chr7	139420858	A	G	+	A,R	ALU	-	SINE/AluSz	intronic	FMC1-LUC7L2;LUC7L2	-	-	ncRNA_intronic	LOC100129148	-	-	intronic	ENST00000354926.8;FMC1-LUC7L2;LUC7L2	-	-	-
chr7	156970638	A	G	38.3508	AD:VAF	10,8:0.444444	14083178	chr7	156970638	A	G	+	A,R,D	ALU	-	SINE/AluSx	UTR3	NOM1	-	-	UTR3	NOM1	-	-	UTR3	ENST00000275820.3	-	-	-
chr8	11842713	T	C	29.688	AD:VAF	713,8:0.0110957	14137479	chr8	11842713	T	C	-	A,R	ALU	-	SINE/AluSq2	UTR3	CTSB	-	-	UTR3	CTSB	-	-	UTR3	ENST00000353047.10	-	-	-
chr8	11842726	T	C	29.9599	AD:VAF	576,25:0.0415973	14137483	chr8	11842726	T	C	-	A,R,D	ALU	-	SINE/AluSq2	UTR3	CTSB	-	-	UTR3	CTSB	-	-	UTR3	ENST00000353047.10	-	-	-
chr8	11842733	T	C	29.8095	AD:VAF	628,16:0.0248447	14137485	chr8	11842733	T	C	-	A,R	ALU	-	SINE/AluSq2	UTR3	CTSB	-	-	UTR3	CTSB	-	-	UTR3	ENST00000353047.10	-	-	-
chr8	11842765	T	C	29.8704	AD:VAF	581,19:0.0316667	14137498	chr8	11842765	T	C	-	A,R	ALU	-	SINE/AluSq2	UTR3	CTSB	-	-	UTR3	CTSB	-	-	UTR3	ENST00000353047.10	-	-	-
chr8	11842769	T	C	29.7111	AD:VAF	575,8:0.0137221	14137500	chr8	11842769	T	C	-	A,R	ALU	-	SINE/AluSq2	UTR3	CTSB	-	-	UTR3	CTSB	-	-	UTR3	ENST00000353047.10	-	-	-
chr8	11842806	T	C	29.7222	AD:VAF	526,8:0.0149813	14137516	chr8	11842806	T	C	-	A,R	ALU	-	SINE/AluSq2	UTR3	CTSB	-	-	UTR3	CTSB	-	-	UTR3	ENST00000353047.10	-	-	-
chr8	11842811	T	C	29.8063	AD:VAF	518,13:0.0244821	14137519	chr8	11842811	T	C	-	A,R,D	ALU	-	SINE/AluSq2	UTR3	CTSB	-	-	UTR3	CTSB	-	-	UTR3	ENST00000353047.10	-	-	-
chr8	11842818	T	C	29.8727	AD:VAF	455,15:0.0319149	14137525	chr8	11842818	T	C	-	A,R,D	ALU	-	SINE/AluSq2	UTR3	CTSB	-	-	UTR3	CTSB	-	-	UTR3	ENST00000353047.10	-	-	-
chr8	11842879	T	C	29.9302	AD:VAF	251,10:0.0383142	14137550	chr8	11842879	T	C	-	A,R,D	ALU	-	SINE/AluSq2	UTR3	CTSB	-	-	UTR3	CTSB	-	-	UTR3	ENST00000353047.10	-	-	-
chr8	11842887	T	C	30.3133	AD:VAF	242,21:0.0798479	14137551	chr8	11842887	T	C	-	A,R,D	ALU	rs1009595594	SINE/AluSq2	UTR3	CTSB	-	-	UTR3	CTSB	-	-	UTR3	ENST00000353047.10	-	-	-
chr8	11842918	T	C	30.2249	AD:VAF	198,15:0.0704225	14137564	chr8	11842918	T	C	-	A,R,D	ALU	-	SINE/AluSq2	UTR3	CTSB	-	-	UTR3	CTSB	-	-	UTR3	ENST00000353047.10	-	-	-
chr8	11843081	T	C	29.7931	AD:VAF	807,19:0.0230024	14137613	chr8	11843081	T	C	-	A,R,D	ALU	-	SINE/AluSg	UTR3	CTSB	-	-	UTR3	CTSB	-	-	UTR3	ENST00000353047.10	-	-	-
chr8	11843124	T	C	29.7468	AD:VAF	829,15:0.0177725	14137626	chr8	11843124	T	C	-	A,R	ALU	-	SINE/AluSg	UTR3	CTSB	-	-	UTR3	CTSB	-	-	UTR3	ENST00000353047.10	-	-	-
chr8	11843142	T	C	29.6908	AD:VAF	1126,13:0.0114135	14137633	chr8	11843142	T	C	-	A,R,D	ALU	-	SINE/AluSg	UTR3	CTSB	-	-	UTR3	CTSB	-	-	UTR3	ENST00000353047.10	-	-	-
chr8	11843143	T	C	29.6855	AD:VAF	1190,13:0.0108063	14137634	chr8	11843143	T	C	-	A,R,D	ALU	-	SINE/AluSg	UTR3	CTSB	-	-	UTR3	CTSB	-	-	UTR3	ENST00000353047.10	-	-	-
chr8	11843765	T	C	29.6859	AD:VAF	911,10:0.0108578	14137738	chr8	11843765	T	C	-	A,R	ALU	-	SINE/AluSx1	UTR3	CTSB	-	-	UTR3	CTSB	-	-	UTR3	ENST00000353047.10	-	-	-
chr8	11843788	T	C	29.794	AD:VAF	719,17:0.0230978	14137750	chr8	11843788	T	C	-	A,R	ALU	rs1483296139	SINE/AluSx1	UTR3	CTSB	-	-	UTR3	CTSB	-	-	UTR3	ENST00000353047.10	-	-	-
chr8	11843826	T	C	29.8436	AD:VAF	610,18:0.0286624	14137759	chr8	11843826	T	C	-	A,R	ALU	-	SINE/AluSx1	UTR3	CTSB	-	-	UTR3	CTSB	-	-	UTR3	ENST00000353047.10	-	-	-
chr8	11843839	T	C	29.8239	AD:VAF	552,15:0.026455	14137766	chr8	11843839	T	C	-	A,R	ALU	rs553428906	SINE/AluSx1	UTR3	CTSB	-	-	UTR3	CTSB	-	-	UTR3	ENST00000353047.10	-	-	-
chr8	11843851	T	C	29.9245	AD:VAF	613,24:0.0376766	14137769	chr8	11843851	T	C	-	A,R	ALU	-	SINE/AluSx1	UTR3	CTSB	-	-	UTR3	CTSB	-	-	UTR3	ENST00000353047.10	-	-	-
chr8	11843896	T	C	29.754	AD:VAF	1003,19:0.018591	14137796	chr8	11843896	T	C	-	A,R	ALU	rs1203547003	SINE/AluSx1	UTR3	CTSB	-	-	UTR3	CTSB	-	-	UTR3	ENST00000353047.10	-	-	-
chr8	11843908	T	C	29.7142	AD:VAF	1121,16:0.0140721	14137801	chr8	11843908	T	C	-	A,R	ALU	-	SINE/AluSx1	UTR3	CTSB	-	-	UTR3	CTSB	-	-	UTR3	ENST00000353047.10	-	-	-
chr8	19396377	A	G	31.4726	AD:VAF	54,21:0.28	14170538	chr8	19396377	A	G	+	A,R	ALU	-	SINE/AluJb	downstream	SH2D4A	-	-	downstream	SH2D4A	-	-	downstream	ENST00000265807.7	-	-	-
chr8	22253776	A	G	31.101	AD:VAF	63,12:0.16	14181836	chr8	22253776	A	G	+	A,R,D	ALU	-	SINE/AluSz	UTR3	POLR3D	-	-	UTR3	POLR3D	-	-	UTR3	POLR3D	-	-	-
chr8	22253833	A	G	30.75	AD:VAF	63,9:0.125	14181849	chr8	22253833	A	G	+	A,R	ALU	-	SINE/AluSz	UTR3	POLR3D	-	-	UTR3	POLR3D	-	-	UTR3	POLR3D	-	-	-
chr8	22253856	A	G	31.0753	AD:VAF	64,14:0.179487	14181853	chr8	22253856	A	G	+	A,R,D	ALU	-	SINE/AluSz	UTR3	POLR3D	-	-	UTR3	POLR3D	-	-	UTR3	POLR3D	-	-	-
chr8	22253897	A	G	30.7165	AD:VAF	65,9:0.121622	14181861	chr8	22253897	A	G	+	A,R,D	ALU	-	SINE/AluSz	UTR3	POLR3D	-	-	UTR3	POLR3D	-	-	UTR3	POLR3D	-	-	-
chr8	23012942	T	C	53.2947	AD:VAF	8,11:0.578947	14192279	chr8	23012942	T	C	-	A,R	ALU	-	SINE/AluSz6	ncRNA_intronic	AC107959.1	-	-	intronic	RHOBTB2	-	-	ncRNA_intronic	AC107959.1	-	-	-
chr8	23188508	T	C	57.0347	AD:VAF	5,9:0.642857	14195126	chr8	23188508	T	C	-	A,R	REP	rs1188328177	LTR/MSTA	upstream	TNFRSF10A-AS1	-	-	intergenic	TNFRSF10D;TNFRSF10A	-	-	upstream	TNFRSF10A-AS1	-	-	-
chr8	23189005	T	C	22.5057	AD:VAF	23,9:0.28125	14195236	chr8	23189005	T	C	-	A,R	REP	-	LTR/MSTA	upstream	TNFRSF10A-AS1	-	-	intergenic	TNFRSF10D;TNFRSF10A	-	-	upstream	TNFRSF10A-AS1	-	-	-
chr8	30678436	T	C	30.11	AD:VAF	211,13:0.0580357	14245776	chr8	30678436	T	C	-	A,R,D	ALU	-	SINE/AluJb	UTR3	GSR	-	-	UTR3	GSR	-	-	UTR3	ENST00000221130.10;GSR	-	-	-
chr8	30678458	T	C	30.3789	AD:VAF	221,21:0.0867769	14245779	chr8	30678458	T	C	-	A,R,D	ALU	-	SINE/AluJb	UTR3	GSR	-	-	UTR3	GSR	-	-	UTR3	ENST00000221130.10;GSR	-	-	-
chr8	30678561	T	C	30.8937	AD:VAF	247,40:0.139373	14245810	chr8	30678561	T	C	-	A,D	ALU	rs11552954	SINE/AluJb	UTR3	GSR	-	-	UTR3	GSR	-	-	UTR3	ENST00000221130.10;GSR	-	-	-
chr8	30678608	T	C	29.9438	AD:VAF	217,9:0.039823	14245824	chr8	30678608	T	C	-	A,R,D	ALU	-	SINE/AluJb	UTR3	GSR	-	-	UTR3	GSR	-	-	UTR3	ENST00000221130.10;GSR	-	-	-
chr8	30678629	T	C	29.9817	AD:VAF	239,11:0.044	14245828	chr8	30678629	T	C	-	A,R,D	ALU	-	SINE/AluJb	UTR3	GSR	-	-	UTR3	GSR	-	-	UTR3	ENST00000221130.10;GSR	-	-	-
chr8	30678635	T	C	30.0045	AD:VAF	246,12:0.0465116	14245830	chr8	30678635	T	C	-	A,R,D	ALU	-	SINE/AluJb	UTR3	GSR	-	-	UTR3	GSR	-	-	UTR3	ENST00000221130.10;GSR	-	-	-
chr8	30678893	T	C	29.8685	AD:VAF	308,10:0.0314465	14245839	chr8	30678893	T	C	-	A,R,D	ALU	-	SINE/AluSp	UTR3	GSR	-	-	UTR3	GSR	-	-	UTR3	ENST00000221130.10;GSR	-	-	-
chr8	30679037	T	C	30.1291	AD:VAF	172,11:0.0601093	14245868	chr8	30679037	T	C	-	A,R,D	ALU	-	SINE/AluSp	UTR3	GSR	-	-	UTR3	GSR	-	-	UTR3	ENST00000221130.10;GSR	-	-	-
chr8	30679062	T	C	30.0701	AD:VAF	141,8:0.0536913	14245872	chr8	30679062	T	C	-	A,R	ALU	-	SINE/AluSp	UTR3	GSR	-	-	UTR3	GSR	-	-	UTR3	ENST00000221130.10;GSR	-	-	-
chr8	30679089	T	C	30.6357	AD:VAF	86,11:0.113402	14245877	chr8	30679089	T	C	-	A,R,D	ALU	-	SINE/AluSp	UTR3	GSR	-	-	UTR3	GSR	-	-	UTR3	ENST00000221130.10;GSR	-	-	-
chr8	41252008	T	C	57.3893	AD:VAF	8,9:0.529412	14298891	chr8	41252008	T	C	-	A	REP	-	SINE/FLAM_A	intergenic	RNU6-356P;SFRP1	-	-	intergenic	ZMAT4;SFRP1	-	-	intergenic	RNU6-356P;ENST00000220772.7	-	-	-
chr8	41252023	T	C	43.2947	AD:VAF	11,8:0.421053	14298895	chr8	41252023	T	C	-	A	REP	-	SINE/FLAM_A	intergenic	RNU6-356P;SFRP1	-	-	intergenic	ZMAT4;SFRP1	-	-	intergenic	RNU6-356P;ENST00000220772.7	-	-	-
chr8	41257801	T	C	20.6532	AD:VAF	19,8:0.296296	14298943	chr8	41257801	T	C	-	A	REP	-	LINE/L1PB3	intergenic	RNU6-356P;SFRP1	-	-	intergenic	ZMAT4;SFRP1	-	-	intergenic	RNU6-356P;ENST00000220772.7	-	-	-
chr8	41257897	T	C	7.09755	AD:VAF	30,10:0.25	14298951	chr8	41257897	T	C	-	A	REP	-	LINE/L1PB3	intergenic	RNU6-356P;SFRP1	-	-	intergenic	ZMAT4;SFRP1	-	-	intergenic	RNU6-356P;ENST00000220772.7	-	-	-
chr8	41257898	T	C	7.15432	AD:VAF	32,9:0.219512	14298952	chr8	41257898	T	C	-	A	REP	-	LINE/L1PB3	intergenic	RNU6-356P;SFRP1	-	-	intergenic	ZMAT4;SFRP1	-	-	intergenic	RNU6-356P;ENST00000220772.7	-	-	-
chr8	42533823	T	C	65.4225	AD:VAF	4,11:0.733333	14314235	chr8	42533823	T	C	-	A,R,D	ALU	-	SINE/AluSg	intronic	SLC20A2	-	-	intronic	SLC20A2	-	-	intronic	SLC20A2	-	-	-
chr8	43020671	A	G	50.0258	AD:VAF	29,16:0.355556	14321299	chr8	43020671	A	G	+	A,R,D	ALU	-	SINE/AluSz	UTR3	HOOK3	-	-	UTR3	HOOK3	-	-	UTR3	ENST00000307602.8	-	-	-
chr8	43020955	A	G	6.3117	AD:VAF	27,9:0.25	14321356	chr8	43020955	A	G	+	A,R,D	ALU	-	SINE/AluSq2	UTR3	HOOK3	-	-	UTR3	HOOK3	-	-	UTR3	ENST00000307602.8	-	-	-
chr8	43020981	A	G	25.609	AD:VAF	24,10:0.294118	14321359	chr8	43020981	A	G	+	A,R,D	ALU	-	SINE/AluSq2	UTR3	HOOK3	-	-	UTR3	HOOK3	-	-	UTR3	ENST00000307602.8	-	-	-
chr8	43020991	A	G	41.8929	AD:VAF	22,11:0.333333	14321361	chr8	43020991	A	G	+	A,D	ALU	rs188146832	SINE/AluSq2	UTR3	HOOK3	-	-	UTR3	HOOK3	-	-	UTR3	ENST00000307602.8	-	-	-
chr8	43021034	A	G	40.3947	AD:VAF	11,10:0.47619	14321372	chr8	43021034	A	G	+	A,R,D	ALU	-	SINE/AluSq2	UTR3	HOOK3	-	-	UTR3	HOOK3	-	-	UTR3	ENST00000307602.8	-	-	-
chr8	56069413	T	C	63.4044	AD:VAF	11,11:0.5	14361944	chr8	56069413	T	C	-	A,R,D	ALU	-	SINE/AluSx	intronic	RPS20	-	-	intronic	RPS20	-	-	intronic	RPS20	-	-	-
chr8	56069578	T	C	69.3947	AD:VAF	10,11:0.52381	14361989	chr8	56069578	T	C	-	A,R,D	ALU	-	SINE/AluSx	intronic	RPS20	-	-	intronic	RPS20	-	-	intronic	RPS20	-	-	-
chr8	74029912	A	G	7.05423	AD:VAF	27,8:0.228571	14419895	chr8	74029912	A	G	+	A,R	ALU	-	SINE/AluSx1	downstream	LY96	-	-	downstream	LY96	-	-	downstream	ENST00000284818.6;LY96	-	-	-
chr8	74029930	A	G	10.7215	AD:VAF	30,8:0.210526	14419900	chr8	74029930	A	G	+	A,R,D	ALU	-	SINE/AluSx1	downstream	LY96	-	-	downstream	LY96	-	-	downstream	ENST00000284818.6;LY96	-	-	-
chr8	74030251	A	G	20.6532	AD:VAF	19,8:0.296296	14419909	chr8	74030251	A	G	+	A,R	ALU	-	SINE/AluSx	intergenic	LY96;RNU6-1300P	-	-	intergenic	LY96;JPH1	-	-	intergenic	ENST00000284818.6;RNU6-1300P	-	-	-
chr8	74030462	A	G	35.6481	AD:VAF	28,12:0.3	14419976	chr8	74030462	A	G	+	A,R	ALU	-	SINE/AluSx	intergenic	LY96;RNU6-1300P	-	-	intergenic	LY96;JPH1	-	-	intergenic	ENST00000284818.6;RNU6-1300P	-	-	-
chr8	74031364	A	G	32.9841	AD:VAF	15,8:0.347826	14419990	chr8	74031364	A	G	+	A,R	ALU	-	SINE/AluSx4	intergenic	LY96;RNU6-1300P	-	-	intergenic	LY96;JPH1	-	-	intergenic	ENST00000284818.6;RNU6-1300P	-	-	-
chr8	74031479	A	G	33.0516	AD:VAF	16,9:0.36	14420027	chr8	74031479	A	G	+	A,R	ALU	-	SINE/AluSx4	intergenic	LY96;RNU6-1300P	-	-	intergenic	LY96;JPH1	-	-	intergenic	ENST00000284818.6;RNU6-1300P	-	-	-
chr8	74031499	A	G	46.3893	AD:VAF	9,8:0.470588	14420030	chr8	74031499	A	G	+	A,R	ALU	-	SINE/AluSx4	intergenic	LY96;RNU6-1300P	-	-	intergenic	LY96;JPH1	-	-	intergenic	ENST00000284818.6;RNU6-1300P	-	-	-
chr8	74031557	A	G	86.1425	AD:VAF	3,13:0.8125	14420046	chr8	74031557	A	G	+	A,R	ALU	-	SINE/AluSx4	intergenic	LY96;RNU6-1300P	-	-	intergenic	LY96;JPH1	-	-	intergenic	ENST00000284818.6;RNU6-1300P	-	-	-
chr8	74032050	A	G	44.0259	AD:VAF	29,16:0.355556	14420126	chr8	74032050	A	G	+	A,R	ALU	-	SINE/AluSx	intergenic	LY96;RNU6-1300P	-	-	intergenic	LY96;JPH1	-	-	intergenic	ENST00000284818.6;RNU6-1300P	-	-	-
chr8	94792679	A	G	42.4328	AD:VAF	3,9:0.75	14465503	chr8	94792679	A	G	+	A,R,D	ALU	-	SINE/AluYf1	ncRNA_intronic	AP003692.1	-	-	UTR3	DPY19L4	-	-	ncRNA_intronic	AP003692.1	-	-	-
chr8	97729189	A	G	30.3378	AD:VAF	44,11:0.2	14477879	chr8	97729189	A	G	+	A,R,D	ALU	-	SINE/AluJo	UTR3	MTDH	-	-	UTR3	MTDH	-	-	downstream	ENST00000336273.7	-	-	-
chr8	103399783	T	C	30.1899	AD:VAF	126,9:0.0666667	14514612	chr8	103399783	T	C	-	A,R,D	ALU	-	SINE/AluY	UTR3	AC012213.5;SLC25A32	-	-	UTR3	SLC25A32	-	-	UTR3	AC012213.5;ENST00000297578.8;SLC25A32	-	-	-
chr8	144974939	T	C	33.7477	AD:VAF	22,10:0.3125	14651188	chr8	144974939	T	C	-	A,R,D	ALU	-	SINE/AluSc	intergenic	ZNF16;AF235103.1	-	-	ncRNA_exonic	ZNF252P	-	-	ncRNA_exonic	ZNF252P	-	-	-
chr9	4710815	T	C	71.4125	AD:VAF	2,9:0.818182	14671386	chr9	4710815	T	C	-	A,R,D	ALU	-	SINE/AluJr4	UTR3	AK3	-	-	UTR3	AK3	-	-	UTR3	AK3	-	-	-
chr9	15460611	A	G	30.3717	AD:VAF	85,8:0.0860215	14704822	chr9	15460611	A	G	+	A,R	ALU	-	SINE/AluSq	UTR3	SNAPC3	-	-	UTR3	SNAPC3	-	-	UTR3	SNAPC3	-	-	-
chr9	32456382	T	C	48.8928	AD:VAF	28,14:0.333333	14738552	chr9	32456382	T	C	-	A,R,D	NONREP	-	-/-	UTR3	DDX58	-	-	UTR3	DDX58	-	-	UTR3	DDX58;ENST00000379883.2	-	-	-
chr9	32456488	T	C	97.2738	AD:VAF	12,17:0.586207	14738598	chr9	32456488	T	C	-	A,R,D	NONREP	-	-/-	UTR3	DDX58	-	-	UTR3	DDX58	-	-	UTR3	DDX58;ENST00000379883.2	-	-	-
chr9	37510195	A	G	48.4043	AD:VAF	8,8:0.5	14803231	chr9	37510195	A	G	+	A,R,D	ALU	-	SINE/AluJb	ncRNA_intronic	AL513165.1	-	-	downstream	FBXO10	-	-	ncRNA_intronic	AL513165.1	-	-	-
chr9	73154538	A	G	30.3897	AD:VAF	83,8:0.0879121	14856857	chr9	73154538	A	G	+	A,R	ALU	-	SINE/AluSz6	intronic	ANXA1	-	-	intronic	ANXA1	-	-	intronic	ANXA1;ENST00000257497.10	-	-	-
chr9	91292506	T	C	13.4368	AD:VAF	26,9:0.257143	14912844	chr9	91292506	T	C	-	A,R	ALU	-	SINE/AluSz	intronic	AUH	-	-	intronic	AUH	-	-	intronic	AUH	-	-	-
chr9	96946345	T	C	65.2678	AD:VAF	3,9:0.75	14962695	chr9	96946345	T	C	-	A,R,D	ALU	-	SINE/AluSz	intergenic	NUTM2G;CTSV	-	-	intronic	MFSD14C	-	-	intronic	ENST00000602917.5;MFSD14C	-	-	-
chr9	100452513	A	G	26.4139	AD:VAF	10,10:0.5	14988756	chr9	100452513	A	G	+	A,R	ALU	-	SINE/AluY	intronic	MSANTD3-TMEFF1	-	-	intronic	MSANTD3-TMEFF1	-	-	intronic	MSANTD3-TMEFF1	-	-	-
chr9	100452657	A	G	72.1549	AD:VAF	34,21:0.381818	14988781	chr9	100452657	A	G	+	A,R	ALU	-	SINE/AluY	intronic	MSANTD3-TMEFF1	-	-	intronic	MSANTD3-TMEFF1	-	-	intronic	MSANTD3-TMEFF1	-	-	-
chr9	100454625	A	G	22.0459	AD:VAF	48,12:0.2	14988797	chr9	100454625	A	G	+	A,R	ALU	rs1041519156	SINE/AluSq2	intronic	MSANTD3-TMEFF1	-	-	intronic	MSANTD3-TMEFF1	-	-	intronic	MSANTD3-TMEFF1	-	-	-
chr9	100454694	A	G	13.3068	AD:VAF	40,13:0.245283	14988811	chr9	100454694	A	G	+	A,R,D	ALU	rs1162157308	SINE/AluSq2	intronic	MSANTD3-TMEFF1	-	-	intronic	MSANTD3-TMEFF1	-	-	intronic	MSANTD3-TMEFF1	-	-	-
chr9	111918778	A	G	62.2632	AD:VAF	2,8:0.8	15029579	chr9	111918778	A	G	+	A,R,D	ALU	-	SINE/AluYd8	intronic	UGCG	-	-	intronic	UGCG	-	-	ncRNA_intronic	UGCG	-	-	-
chr9	111918804	A	G	109.415	AD:VAF	0,10:1	15029581	chr9	111918804	A	G	+	A,R,D	ALU	-	SINE/AluYd8	intronic	UGCG	-	-	intronic	UGCG	-	-	ncRNA_intronic	UGCG	-	-	-
chr9	112475217	A	G	44.4518	AD:VAF	3,8:0.727273	15039988	chr9	112475217	A	G	+	A,R,D	ALU	-	SINE/AluJr	ncRNA_intronic	C9orf147	-	-	intronic	C9orf147	-	-	ncRNA_intronic	C9orf147	-	-	-
chr9	112684445	T	C	60.249	AD:VAF	19,13:0.40625	15042607	chr9	112684445	T	C	-	A,R,D	ALU	-	SINE/AluJr	UTR3	INIP	-	-	UTR3	INIP	-	-	UTR3	ENST00000374242.8	-	-	-
chr9	121283377	A	G	29.87	AD:VAF	245,8:0.0316206	15075778	chr9	121283377	A	G	+	A	ALU	-	SINE/AluSz	ncRNA_exonic	GSN-AS1	-	-	ncRNA_exonic	GSN-AS1	-	-	ncRNA_exonic	GSN-AS1	-	-	-
chr9	121340540	T	C	29.7054	AD:VAF	906,12:0.0130719	15077103	chr9	121340540	T	C	-	A,R	ALU	-	SINE/AluSq2	UTR3	STOM	-	-	UTR3	STOM	-	-	UTR3	ENST00000286713.6	-	-	-
chr9	124949253	T	C	33.2288	AD:VAF	12,8:0.4	15104323	chr9	124949253	T	C	-	A,R,D	ALU	-	SINE/AluSq	UTR3	SCAI	-	-	UTR3	SCAI	-	-	UTR3	SCAI	-	-	-
chr9	128305782	T	C	14.7132	AD:VAF	22,9:0.290323	15150267	chr9	128305782	T	C	-	A,R,D	ALU	-	SINE/AluJo	UTR3	TRUB2	-	-	UTR3	TRUB2	-	-	UTR3	ENST00000372890.5	-	-	-
chr9	128306954	T	C	4.191	AD:VAF	27,8:0.228571	15150593	chr9	128306954	T	C	-	A,R	ALU	-	SINE/AluSx	UTR3	TRUB2	-	-	UTR3	TRUB2	-	-	UTR3	ENST00000372890.5	-	-	-
chr9	128307091	T	C	6.24294	AD:VAF	25,8:0.242424	15150652	chr9	128307091	T	C	-	A,R	ALU	-	SINE/AluSx1	UTR3	TRUB2	-	-	UTR3	TRUB2	-	-	UTR3	ENST00000372890.5	-	-	-
chr9	128307094	T	C	4.7489	AD:VAF	26,8:0.235294	15150654	chr9	128307094	T	C	-	A,R	ALU	rs912685932	SINE/AluSx1	UTR3	TRUB2	-	-	UTR3	TRUB2	-	-	UTR3	ENST00000372890.5	-	-	-
chr9	128307210	T	C	15.5703	AD:VAF	26,10:0.277778	15150708	chr9	128307210	T	C	-	A,R	ALU	rs901299153	SINE/AluSx1	UTR3	TRUB2	-	-	UTR3	TRUB2	-	-	UTR3	ENST00000372890.5	-	-	-
chr9	128307213	T	C	8.70352	AD:VAF	28,9:0.243243	15150710	chr9	128307213	T	C	-	A,R	ALU	-	SINE/AluSx1	UTR3	TRUB2	-	-	UTR3	TRUB2	-	-	UTR3	ENST00000372890.5	-	-	-
chr9	128307701	T	C	26.6562	AD:VAF	21,9:0.3	15150896	chr9	128307701	T	C	-	A,R	ALU	-	SINE/AluSx	UTR3	TRUB2	-	-	UTR3	TRUB2	-	-	UTR3	ENST00000372890.5	-	-	-
chr9	128330563	A	G	48.1667	AD:VAF	5,8:0.615385	15152562	chr9	128330563	A	G	+	A,R,D	ALU	rs1174641338	SINE/AluSx1	intronic	COQ4	-	-	intronic	COQ4	-	-	intronic	ENST00000300452.7	-	-	-
chr9	128330633	A	G	78.7472	AD:VAF	5,11:0.6875	15152576	chr9	128330633	A	G	+	A,R,D	ALU	-	SINE/AluSx1	intronic	COQ4	-	-	intronic	COQ4	-	-	intronic	ENST00000300452.7	-	-	-
chr9	128331963	A	G	65.3962	AD:VAF	12,11:0.478261	15152721	chr9	128331963	A	G	+	A,R,D	ALU	-	SINE/AluSx	intronic	COQ4	-	-	intronic	COQ4	-	-	intronic	ENST00000300452.7	-	-	-
chr9	129827928	T	C	29.8234	AD:VAF	295,8:0.0264026	15192432	chr9	129827928	T	C	-	A,R	ALU	-	SINE/AluSp	UTR3	C9orf78	-	-	UTR3	C9orf78	-	-	UTR3	C9orf78	-	-	-
chr9	130705998	A	G	53.0483	AD:VAF	2,8:0.8	15206852	chr9	130705998	A	G	+	A,R	ALU	-	SINE/AluSc5	intergenic	EXOSC2;ABL1	-	-	intergenic	EXOSC2;ABL1	-	-	intergenic	EXOSC2;ENST00000372348.6	-	-	-
chr9	137611443	T	C	57.1668	AD:VAF	5,8:0.615385	15267529	chr9	137611443	T	C	-	A	ALU	rs67499662	SINE/AluJb	ncRNA_intronic	AL590627.3	-	-	intronic	ARRDC1	-	-	ncRNA_intronic	AL590627.2	-	-	-
chr11	768078	T	C	31.0693	AD:VAF	43,8:0.156863	2208150	chr11	768078	T	C	-	A,R	ALU	-	SINE/AluSx1	UTR3	GATD1	-	-	UTR3	GATD1	-	-	UTR3	ENST00000319863.12;GATD1	-	-	-
chr11	768097	T	C	26.079	AD:VAF	35,20:0.363636	2208154	chr11	768097	T	C	-	A,R,D	ALU	-	SINE/AluSx1	UTR3	GATD1	-	-	UTR3	GATD1	-	-	UTR3	ENST00000319863.12;GATD1	-	-	-
chr11	768124	T	C	12.7797	AD:VAF	42,17:0.288136	2208160	chr11	768124	T	C	-	A,R	ALU	-	SINE/AluSx1	UTR3	GATD1	-	-	UTR3	GATD1	-	-	UTR3	ENST00000319863.12;GATD1	-	-	-
chr11	768252	T	C	30.363	AD:VAF	129,12:0.0851064	2208180	chr11	768252	T	C	-	A,R	ALU	-	SINE/AluSc	UTR3	GATD1	-	-	UTR3	GATD1	-	-	UTR3	ENST00000319863.12;GATD1	-	-	-
chr11	768289	T	C	30.4042	AD:VAF	112,11:0.0894309	2208186	chr11	768289	T	C	-	A,R	ALU	-	SINE/AluSc	UTR3	GATD1	-	-	UTR3	GATD1	-	-	UTR3	ENST00000319863.12;GATD1	-	-	-
chr11	768306	T	C	30.75	AD:VAF	84,12:0.125	2208190	chr11	768306	T	C	-	A,R	ALU	-	SINE/AluSc	UTR3	GATD1	-	-	UTR3	GATD1	-	-	UTR3	ENST00000319863.12;GATD1	-	-	-
chr11	768312	T	C	10.688	AD:VAF	70,25:0.263158	2208191	chr11	768312	T	C	-	A,R,D	ALU	rs1161833047	SINE/AluSc	UTR3	GATD1	-	-	UTR3	GATD1	-	-	UTR3	ENST00000319863.12;GATD1	-	-	-
chr11	768347	T	C	31.2833	AD:VAF	69,15:0.178571	2208198	chr11	768347	T	C	-	A,R,D	ALU	-	SINE/AluSc	UTR3	GATD1	-	-	UTR3	GATD1	-	-	UTR3	ENST00000319863.12;GATD1	-	-	-
chr11	768383	T	C	26.6416	AD:VAF	40,17:0.298246	2208204	chr11	768383	T	C	-	A,R,D	ALU	-	SINE/AluSc	UTR3	GATD1	-	-	UTR3	GATD1	-	-	UTR3	ENST00000319863.12;GATD1	-	-	-
chr11	768393	T	C	7.86471	AD:VAF	34,11:0.244444	2208208	chr11	768393	T	C	-	A,R,D	ALU	-	SINE/AluSc	UTR3	GATD1	-	-	UTR3	GATD1	-	-	UTR3	ENST00000319863.12;GATD1	-	-	-
chr11	768570	T	C	63.3149	AD:VAF	9,12:0.571429	2208238	chr11	768570	T	C	-	A,R,D	ALU	-	SINE/AluSx3	UTR3	GATD1	-	-	UTR3	GATD1	-	-	UTR3	ENST00000319863.12;GATD1	-	-	-
chr11	768609	T	C	47.2528	AD:VAF	16,11:0.407407	2208243	chr11	768609	T	C	-	A,R,D	ALU	-	SINE/AluSx3	UTR3	GATD1	-	-	UTR3	GATD1	-	-	UTR3	ENST00000319863.12;GATD1	-	-	-
chr11	768710	T	C	25.3924	AD:VAF	35,13:0.270833	2208260	chr11	768710	T	C	-	A,R,D	ALU	-	SINE/AluSx	UTR3	GATD1	-	-	UTR3	GATD1	-	-	UTR3	ENST00000319863.12;GATD1	-	-	-
chr11	768722	T	C	88.3364	AD:VAF	27,21:0.4375	2208262	chr11	768722	T	C	-	A,R,D	ALU	-	SINE/AluSx	UTR3	GATD1	-	-	UTR3	GATD1	-	-	UTR3	ENST00000319863.12;GATD1	-	-	-
chr11	768723	T	C	17.5099	AD:VAF	37,9:0.195652	2208263	chr11	768723	T	C	-	A,R,D	ALU	rs577904290	SINE/AluSx	UTR3	GATD1	-	-	UTR3	GATD1	-	-	UTR3	ENST00000319863.12;GATD1	-	-	-
chr11	768732	T	C	46.7954	AD:VAF	32,15:0.319149	2208265	chr11	768732	T	C	-	A,R,D	ALU	-	SINE/AluSx	UTR3	GATD1	-	-	UTR3	GATD1	-	-	UTR3	ENST00000319863.12;GATD1	-	-	-
chr11	768750	T	C	30.901	AD:VAF	42,8:0.16	2208268	chr11	768750	T	C	-	A,R,D	ALU	-	SINE/AluSx	UTR3	GATD1	-	-	UTR3	GATD1	-	-	UTR3	ENST00000319863.12;GATD1	-	-	-
chr11	768856	T	C	61.3439	AD:VAF	19,15:0.441176	2208293	chr11	768856	T	C	-	A,R,D	ALU	-	SINE/AluSz	UTR3	GATD1	-	-	UTR3	GATD1	-	-	UTR3	ENST00000319863.12;GATD1	-	-	-
chr11	768857	T	C	35.8274	AD:VAF	23,11:0.323529	2208294	chr11	768857	T	C	-	A,R	ALU	-	SINE/AluSz	UTR3	GATD1	-	-	UTR3	GATD1	-	-	UTR3	ENST00000319863.12;GATD1	-	-	-
chr11	768884	T	C	31.0236	AD:VAF	50,9:0.152542	2208298	chr11	768884	T	C	-	A,R	ALU	-	SINE/AluSz	UTR3	GATD1	-	-	UTR3	GATD1	-	-	UTR3	ENST00000319863.12;GATD1	-	-	-
chr11	768977	T	C	30.6047	AD:VAF	113,14:0.110236	2208314	chr11	768977	T	C	-	A,R,D	ALU	-	SINE/AluSz	UTR3	GATD1	-	-	UTR3	GATD1	-	-	UTR3	ENST00000319863.12;GATD1	-	-	-
chr11	769014	T	C	30.2521	AD:VAF	139,11:0.0733333	2208320	chr11	769014	T	C	-	A,R	ALU	-	SINE/AluSz	UTR3	GATD1	-	-	UTR3	GATD1	-	-	UTR3	ENST00000319863.12;GATD1	-	-	-
chr11	769038	T	C	30.0837	AD:VAF	137,8:0.0551724	2208323	chr11	769038	T	C	-	A,R	ALU	rs1389807784	SINE/AluSz	UTR3	GATD1	-	-	UTR3	GATD1	-	-	UTR3	ENST00000319863.12;GATD1	-	-	-
chr11	769359	T	C	29.9237	AD:VAF	256,10:0.037594	2208368	chr11	769359	T	C	-	A,R,D	ALU	-	SINE/AluSq2	UTR3	GATD1	-	-	UTR3	GATD1	-	-	UTR3	ENST00000319863.12;GATD1	-	-	-
chr11	769367	T	C	29.9126	AD:VAF	265,10:0.0363636	2208369	chr11	769367	T	C	-	A,R	ALU	-	SINE/AluSq2	UTR3	GATD1	-	-	UTR3	GATD1	-	-	UTR3	ENST00000319863.12;GATD1	-	-	-
chr11	769417	T	C	29.8603	AD:VAF	254,8:0.0305344	2208381	chr11	769417	T	C	-	A,R,D	ALU	-	SINE/AluSq2	UTR3	GATD1	-	-	UTR3	GATD1	-	-	UTR3	ENST00000319863.12;GATD1	-	-	-
chr11	769418	T	C	29.8723	AD:VAF	243,8:0.0318725	2208382	chr11	769418	T	C	-	A,R	ALU	-	SINE/AluSq2	UTR3	GATD1	-	-	UTR3	GATD1	-	-	UTR3	ENST00000319863.12;GATD1	-	-	-
chr11	769449	T	C	30.1324	AD:VAF	202,13:0.0604651	2208389	chr11	769449	T	C	-	A,R	ALU	-	SINE/AluSq2	UTR3	GATD1	-	-	UTR3	GATD1	-	-	UTR3	ENST00000319863.12;GATD1	-	-	-
chr11	769453	T	C	30.1068	AD:VAF	196,12:0.0576923	2208390	chr11	769453	T	C	-	A,R,D	ALU	-	SINE/AluSq2	UTR3	GATD1	-	-	UTR3	GATD1	-	-	UTR3	ENST00000319863.12;GATD1	-	-	-
chr11	769494	T	C	30.2174	AD:VAF	147,11:0.0696203	2208399	chr11	769494	T	C	-	A,R	ALU	-	SINE/AluSq2	UTR3	GATD1	-	-	UTR3	GATD1	-	-	UTR3	ENST00000319863.12;GATD1	-	-	-
chr11	769540	T	C	30.339	AD:VAF	100,9:0.0825688	2208416	chr11	769540	T	C	-	A,R,D	ALU	-	SINE/AluSq2	UTR3	GATD1	-	-	UTR3	GATD1	-	-	UTR3	ENST00000319863.12;GATD1	-	-	-
chr11	769559	T	C	31.1926	AD:VAF	67,14:0.17284	2208420	chr11	769559	T	C	-	A,R,D	ALU	rs1291991889	SINE/AluSq2	UTR3	GATD1	-	-	UTR3	GATD1	-	-	UTR3	ENST00000319863.12;GATD1	-	-	-
chr11	769560	T	C	30.6133	AD:VAF	72,9:0.111111	2208421	chr11	769560	T	C	-	A,R,D	ALU	rs989445981	SINE/AluSq2	UTR3	GATD1	-	-	UTR3	GATD1	-	-	UTR3	ENST00000319863.12;GATD1	-	-	-
chr11	769582	T	C	30.7899	AD:VAF	54,8:0.129032	2208426	chr11	769582	T	C	-	A,R	ALU	-	SINE/AluSq2	UTR3	GATD1	-	-	UTR3	GATD1	-	-	UTR3	ENST00000319863.12;GATD1	-	-	-
chr11	769695	T	C	30.3185	AD:VAF	9,12:0.571429	2208451	chr11	769695	T	C	-	A,R,D	ALU	-	SINE/AluY	UTR3	GATD1	-	-	UTR3	GATD1	-	-	UTR3	ENST00000319863.12;GATD1	-	-	-
chr11	769742	T	C	68.3685	AD:VAF	10,12:0.545455	2208462	chr11	769742	T	C	-	A,R,D	ALU	-	SINE/AluY	UTR3	GATD1	-	-	UTR3	GATD1	-	-	UTR3	ENST00000319863.12;GATD1	-	-	-
chr11	769888	T	C	30.948	AD:VAF	65,11:0.144737	2208504	chr11	769888	T	C	-	A,R	ALU	-	SINE/AluY	UTR3	GATD1	-	-	UTR3	GATD1	-	-	UTR3	ENST00000319863.12;GATD1	-	-	-
chr11	769889	T	C	31.2287	AD:VAF	77,16:0.172043	2208505	chr11	769889	T	C	-	A,R	ALU	-	SINE/AluY	UTR3	GATD1	-	-	UTR3	GATD1	-	-	UTR3	ENST00000319863.12;GATD1	-	-	-
chr11	769905	T	C	30.3422	AD:VAF	177,16:0.0829016	2208508	chr11	769905	T	C	-	A,R,D	ALU	rs961038415	SINE/AluY	UTR3	GATD1	-	-	UTR3	GATD1	-	-	UTR3	ENST00000319863.12;GATD1	-	-	-
chr11	778665	A	G	45.1941	AD:VAF	14,9:0.391304	2208612	chr11	778665	A	G	+	A,R,D	ALU	-	SINE/AluSg4	ncRNA_intronic	AP006621.3	-	-	ncRNA_intronic	LOC171391	-	-	ncRNA_intronic	AP006621.3	-	-	290;20
chr11	8687693	A	G	24.7423	AD:VAF	44,10:0.185185	2249927	chr11	8687693	A	G	+	A,R	ALU	-	SINE/AluY	UTR3	RPL27A	-	-	UTR3	RPL27A	-	-	UTR3	ENST00000314138.10	-	-	-
chr11	8687746	A	G	30.7125	AD:VAF	58,8:0.121212	2249936	chr11	8687746	A	G	+	A,R	ALU	-	SINE/AluY	UTR3	RPL27A	-	-	UTR3	RPL27A	-	-	UTR3	ENST00000314138.10	-	-	-
chr11	9750151	A	G	30.2815	AD:VAF	157,13:0.0764706	2266369	chr11	9750151	A	G	+	A,R,D	ALU	rs375383901	SINE/AluSx1	UTR3	SWAP70	-	-	UTR3	SWAP70	-	-	UTR3	ENST00000318950.10;SWAP70	-	-	-
chr11	16756436	A	G	67.29	AD:VAF	18,13:0.419355	2294659	chr11	16756436	A	G	+	A,R,D	ALU	-	SINE/AluSc8	UTR3	C11orf58	-	-	UTR3	C11orf58	-	-	downstream	ENST00000228136.8	-	-	-
chr11	16756451	A	G	41.0499	AD:VAF	16,9:0.36	2294663	chr11	16756451	A	G	+	A,R,D	ALU	-	SINE/AluSc8	UTR3	C11orf58	-	-	UTR3	C11orf58	-	-	downstream	ENST00000228136.8	-	-	-
chr11	16756761	A	G	8.19511	AD:VAF	23,9:0.28125	2294725	chr11	16756761	A	G	+	A,R,D	ALU	-	SINE/AluSp	UTR3	C11orf58	-	-	UTR3	C11orf58	-	-	downstream	ENST00000228136.8	-	-	-
chr11	31431024	A	G	30.5302	AD:VAF	70,8:0.102564	2330947	chr11	31431024	A	G	+	A,R,D	NONREP	-	-/-	UTR3	DNAJC24	-	-	UTR3	DNAJC24	-	-	UTR3	ENST00000465995.5	-	-	-
chr11	31431038	A	G	30.7657	AD:VAF	69,10:0.126582	2330949	chr11	31431038	A	G	+	A,R,D	ALU	-	SINE/AluSx1	UTR3	DNAJC24	-	-	UTR3	DNAJC24	-	-	UTR3	ENST00000465995.5	-	-	-
chr11	31431120	A	G	31.1575	AD:VAF	91,18:0.165138	2330964	chr11	31431120	A	G	+	A,R,D	ALU	-	SINE/AluSx1	UTR3	DNAJC24	-	-	UTR3	DNAJC24	-	-	UTR3	ENST00000465995.5	-	-	-
chr11	31431147	A	G	30.5918	AD:VAF	90,11:0.108911	2330971	chr11	31431147	A	G	+	A,R,D	ALU	-	SINE/AluSx1	UTR3	DNAJC24	-	-	UTR3	DNAJC24	-	-	UTR3	ENST00000465995.5	-	-	-
chr11	31431413	A	G	4.91199	AD:VAF	46,13:0.220339	2331046	chr11	31431413	A	G	+	A,R,D	ALU	rs1230017608	SINE/AluSz	UTR3	DNAJC24	-	-	UTR3	DNAJC24	-	-	UTR3	ENST00000465995.5	-	-	-
chr11	31431611	A	G	56.8565	AD:VAF	41,20:0.327869	2331087	chr11	31431611	A	G	+	A,R,D	ALU	-	SINE/AluSx	UTR3	DNAJC24	-	-	UTR3	DNAJC24	-	-	UTR3	ENST00000465995.5	-	-	-
chr11	31431625	A	G	25.3499	AD:VAF	44,16:0.266667	2331091	chr11	31431625	A	G	+	A,R,D	ALU	-	SINE/AluSx	UTR3	DNAJC24	-	-	UTR3	DNAJC24	-	-	UTR3	ENST00000465995.5	-	-	-
chr11	31431721	A	G	47.8928	AD:VAF	28,14:0.333333	2331128	chr11	31431721	A	G	+	A,R,D	ALU	-	SINE/AluSx	UTR3	DNAJC24	-	-	UTR3	DNAJC24	-	-	UTR3	ENST00000465995.5	-	-	-
chr11	31431731	A	G	30.9712	AD:VAF	43,8:0.156863	2331133	chr11	31431731	A	G	+	A,R	ALU	rs926500107	SINE/AluSx	UTR3	DNAJC24	-	-	UTR3	DNAJC24	-	-	UTR3	ENST00000465995.5	-	-	-
chr11	31431762	A	G	26.9291	AD:VAF	41,9:0.18	2331142	chr11	31431762	A	G	+	A,R,D	ALU	-	SINE/AluSx	UTR3	DNAJC24	-	-	UTR3	DNAJC24	-	-	UTR3	ENST00000465995.5	-	-	-
chr11	32604263	A	G	59.336	AD:VAF	7,9:0.5625	2335994	chr11	32604263	A	G	+	A,R,D	ALU	-	SINE/AluJb	UTR3	EIF3M	-	-	UTR3	EIF3M	-	-	UTR3	ENST00000531120.5	-	-	-
chr11	33073959	A	G	66.3505	AD:VAF	15,12:0.444444	2340154	chr11	33073959	A	G	+	A,R,D	ALU	-	SINE/AluSx	downstream	TCP11L1	-	-	downstream	TCP11L1	-	-	intronic	TCP11L1	-	-	-
chr11	33074728	A	G	7.02529	AD:VAF	25,8:0.242424	2340240	chr11	33074728	A	G	+	A,R,D	ALU	-	SINE/AluJo	intergenic	TCP11L1;LINC00294	-	-	intergenic	TCP11L1;LINC00294	-	-	intronic	TCP11L1	-	-	-
chr11	33075311	A	G	74.8374	AD:VAF	3,11:0.785714	2340346	chr11	33075311	A	G	+	A,R,D	ALU	-	SINE/AluSg	upstream	LINC00294	-	-	upstream	LINC00294	-	-	intronic	TCP11L1	-	-	-
chr11	33075484	A	G	3.58372	AD:VAF	30,9:0.230769	2340374	chr11	33075484	A	G	+	A,R,D	ALU	-	SINE/AluSg	upstream	LINC00294	-	-	upstream	LINC00294	-	-	intronic	TCP11L1	-	-	-
chr11	36487008	T	C	31.2613	AD:VAF	13,9:0.409091	2356605	chr11	36487008	T	C	-	A,R	ALU	rs1382146456	SINE/AluSx1	UTR3	TRAF6	-	-	UTR3	TRAF6	-	-	downstream	ENST00000526995.5	-	-	-
chr11	43856870	A	G	30.5055	AD:VAF	72,8:0.1	2365092	chr11	43856870	A	G	+	A,R	ALU	rs751242982	SINE/AluJo	ncRNA_intronic	AC087521.2	-	-	downstream	HSD17B12	-	-	ncRNA_intronic	AC087521.2	-	-	-
chr11	43857047	A	G	30.7863	AD:VAF	42,8:0.16	2365156	chr11	43857047	A	G	+	A,R	ALU	-	SINE/AluJo	ncRNA_intronic	AC087521.2	-	-	downstream	HSD17B12	-	-	ncRNA_intronic	AC087521.2	-	-	-
chr11	43857059	A	G	30.8785	AD:VAF	50,8:0.137931	2365161	chr11	43857059	A	G	+	A,R,D	ALU	-	SINE/AluJo	ncRNA_intronic	AC087521.2	-	-	downstream	HSD17B12	-	-	ncRNA_intronic	AC087521.2	-	-	-
chr11	43857118	A	G	30.8991	AD:VAF	57,12:0.173913	2365183	chr11	43857118	A	G	+	A,R	ALU	-	SINE/AluJo	ncRNA_intronic	AC087521.2	-	-	downstream	HSD17B12	-	-	ncRNA_intronic	AC087521.2	-	-	-
chr11	43860783	A	G	57.2899	AD:VAF	18,13:0.419355	2365507	chr11	43860783	A	G	+	A,R,D	ALU	-	SINE/AluJb	ncRNA_intronic	AC087521.2	-	-	intergenic	HSD17B12;ALKBH3	-	-	ncRNA_intronic	AC087521.2	-	-	-
chr11	43860827	A	G	68.276	AD:VAF	24,17:0.414634	2365524	chr11	43860827	A	G	+	A,R,D	ALU	-	SINE/AluJb	ncRNA_intronic	AC087521.2	-	-	intergenic	HSD17B12;ALKBH3	-	-	ncRNA_intronic	AC087521.2	-	-	-
chr11	43860852	A	G	17.3684	AD:VAF	31,8:0.205128	2365532	chr11	43860852	A	G	+	A,R,D	ALU	-	SINE/AluJb	ncRNA_intronic	AC087521.2	-	-	intergenic	HSD17B12;ALKBH3	-	-	ncRNA_intronic	AC087521.2	-	-	-
chr11	43860891	A	G	16.5726	AD:VAF	33,8:0.195122	2365546	chr11	43860891	A	G	+	A,R	ALU	-	SINE/AluJb	ncRNA_intronic	AC087521.2	-	-	intergenic	HSD17B12;ALKBH3	-	-	ncRNA_intronic	AC087521.2	-	-	-
chr11	43861878	A	G	29.3551	AD:VAF	10,8:0.444444	2365564	chr11	43861878	A	G	+	A,R	ALU	rs980615050	SINE/AluSx	ncRNA_intronic	AC087521.2	-	-	intergenic	HSD17B12;ALKBH3	-	-	ncRNA_intronic	AC087521.2	-	-	-
chr11	43861967	A	G	42.2003	AD:VAF	17,11:0.392857	2365580	chr11	43861967	A	G	+	A,R	ALU	-	SINE/AluSx	ncRNA_intronic	AC087521.2	-	-	intergenic	HSD17B12;ALKBH3	-	-	ncRNA_intronic	AC087521.2	-	-	-
chr11	43862629	A	G	63.2461	AD:VAF	22,15:0.405405	2365601	chr11	43862629	A	G	+	A,R	ALU	-	SINE/AluSx1	ncRNA_intronic	AC087521.2	-	-	intergenic	HSD17B12;ALKBH3	-	-	ncRNA_intronic	AC087521.2	-	-	-
chr11	43862812	A	G	32.9841	AD:VAF	15,8:0.347826	2365641	chr11	43862812	A	G	+	A,R	ALU	-	SINE/AluSx1	ncRNA_intronic	AC087521.2	-	-	intergenic	HSD17B12;ALKBH3	-	-	ncRNA_intronic	AC087521.2	-	-	-
chr11	43863150	A	G	58.2271	AD:VAF	6,9:0.6	2365681	chr11	43863150	A	G	+	A,R,D	ALU	-	SINE/AluJr4	ncRNA_intronic	AC087521.2	-	-	intergenic	HSD17B12;ALKBH3	-	-	ncRNA_intronic	AC087521.2	-	-	-
chr11	43863232	A	G	69.3993	AD:VAF	14,15:0.517241	2365712	chr11	43863232	A	G	+	A,R,D	ALU	-	SINE/AluJr4	ncRNA_intronic	AC087521.2	-	-	intergenic	HSD17B12;ALKBH3	-	-	ncRNA_intronic	AC087521.2	-	-	-
chr11	43863234	A	G	4.42082	AD:VAF	20,8:0.285714	2365713	chr11	43863234	A	G	+	A,R,D	ALU	-	SINE/AluJr4	ncRNA_intronic	AC087521.2	-	-	intergenic	HSD17B12;ALKBH3	-	-	ncRNA_intronic	AC087521.2	-	-	-
chr11	43863256	A	G	74.4046	AD:VAF	15,15:0.5	2365718	chr11	43863256	A	G	+	A,D	ALU	rs186532647	SINE/AluJr4	ncRNA_intronic	AC087521.2	-	-	intergenic	HSD17B12;ALKBH3	-	-	ncRNA_intronic	AC087521.2	-	-	-
chr11	43863280	A	G	58.3035	AD:VAF	19,14:0.424242	2365724	chr11	43863280	A	G	+	A,R,D	ALU	-	SINE/AluJr4	ncRNA_intronic	AC087521.2	-	-	intergenic	HSD17B12;ALKBH3	-	-	ncRNA_intronic	AC087521.2	-	-	-
chr11	43863662	A	G	70.3947	AD:VAF	10,11:0.52381	2365752	chr11	43863662	A	G	+	A,R	ALU	rs933243152	SINE/AluJo	ncRNA_intronic	AC087521.2	-	-	intergenic	HSD17B12;ALKBH3	-	-	ncRNA_intronic	AC087521.2	-	-	-
chr11	43863730	A	G	36.1517	AD:VAF	13,8:0.380952	2365773	chr11	43863730	A	G	+	A,R	ALU	-	SINE/AluJo	ncRNA_intronic	AC087521.2	-	-	intergenic	HSD17B12;ALKBH3	-	-	ncRNA_intronic	AC087521.2	-	-	-
chr11	43863742	A	G	28.7352	AD:VAF	20,9:0.310345	2365776	chr11	43863742	A	G	+	A,R	ALU	-	SINE/AluJo	ncRNA_intronic	AC087521.2	-	-	intergenic	HSD17B12;ALKBH3	-	-	ncRNA_intronic	AC087521.2	-	-	-
chr11	43866182	A	G	63.0418	AD:VAF	34,19:0.358491	2365906	chr11	43866182	A	G	+	A,R	ALU	-	SINE/AluJb	ncRNA_intronic	AC087521.2	-	-	intergenic	HSD17B12;ALKBH3	-	-	ncRNA_intronic	AC087521.2	-	-	-
chr11	43866190	A	G	63.0418	AD:VAF	34,19:0.358491	2365910	chr11	43866190	A	G	+	A,R	ALU	-	SINE/AluJb	ncRNA_intronic	AC087521.2	-	-	intergenic	HSD17B12;ALKBH3	-	-	ncRNA_intronic	AC087521.2	-	-	-
chr11	43866243	A	G	32.9427	AD:VAF	29,15:0.340909	2365932	chr11	43866243	A	G	+	A,R	ALU	rs902515532	SINE/AluJb	ncRNA_intronic	AC087521.2	-	-	intergenic	HSD17B12;ALKBH3	-	-	ncRNA_intronic	AC087521.2	-	-	-
chr11	44249816	A	G	70.3852	AD:VAF	16,14:0.466667	2367997	chr11	44249816	A	G	+	A,R	ALU	-	SINE/AluY	UTR3	EXT2	-	-	UTR3	EXT2	-	-	intergenic	EXT2;ENST00000329255.4	-	-	-
chr11	44249839	A	G	41.8929	AD:VAF	22,11:0.333333	2368006	chr11	44249839	A	G	+	A,R	ALU	-	SINE/AluY	UTR3	EXT2	-	-	UTR3	EXT2	-	-	intergenic	EXT2;ENST00000329255.4	-	-	-
chr11	44249923	A	G	19.9367	AD:VAF	18,9:0.333333	2368038	chr11	44249923	A	G	+	A,R	ALU	-	SINE/AluY	UTR3	EXT2	-	-	UTR3	EXT2	-	-	intergenic	EXT2;ENST00000329255.4	-	-	-
chr11	44249996	A	G	38.1513	AD:VAF	13,8:0.380952	2368057	chr11	44249996	A	G	+	A,R	ALU	-	SINE/AluY	UTR3	EXT2	-	-	UTR3	EXT2	-	-	intergenic	EXT2;ENST00000329255.4	-	-	-
chr11	57827051	A	G	42.2632	AD:VAF	2,8:0.8	2433925	chr11	57827051	A	G	+	A,R,D	ALU	-	SINE/AluSx3	intergenic	CTNND1;OR9Q1	-	-	intergenic	CTNND1;OR9Q1	-	-	intergenic	CTNND1;OR5BA1P	-	-	-
chr11	57827745	A	G	9.49888	AD:VAF	15,8:0.347826	2433972	chr11	57827745	A	G	+	A,R	ALU	-	SINE/AluSx	intergenic	CTNND1;OR9Q1	-	-	intergenic	CTNND1;OR9Q1	-	-	intergenic	CTNND1;OR5BA1P	-	-	-
chr11	57831036	A	G	62.0504	AD:VAF	1,10:0.909091	2434064	chr11	57831036	A	G	+	A,R	ALU	-	SINE/AluJr4	intergenic	CTNND1;OR9Q1	-	-	intergenic	CTNND1;OR9Q1	-	-	intergenic	CTNND1;OR5BA1P	-	-	-
chr11	57834320	A	G	74.3976	AD:VAF	12,13:0.52	2434199	chr11	57834320	A	G	+	A,R	ALU	rs1219895200	SINE/AluJo	intergenic	CTNND1;OR9Q1	-	-	intergenic	CTNND1;OR9Q1	-	-	intergenic	CTNND1;OR5BA1P	-	-	-
chr11	57835677	A	G	53.0686	AD:VAF	21,12:0.363636	2434307	chr11	57835677	A	G	+	A,R	ALU	-	SINE/AluSz	intergenic	CTNND1;OR9Q1	-	-	intergenic	CTNND1;OR9Q1	-	-	intergenic	CTNND1;OR5BA1P	-	-	-
chr11	57835687	A	G	4.7489	AD:VAF	26,8:0.235294	2434313	chr11	57835687	A	G	+	A,R	ALU	rs1316820524	SINE/AluSz	intergenic	CTNND1;OR9Q1	-	-	intergenic	CTNND1;OR9Q1	-	-	intergenic	CTNND1;OR5BA1P	-	-	-
chr11	57835742	A	G	6.40392	AD:VAF	29,8:0.216216	2434332	chr11	57835742	A	G	+	A,R	ALU	rs1412528947	SINE/AluSz	intergenic	CTNND1;OR9Q1	-	-	intergenic	CTNND1;OR9Q1	-	-	intergenic	CTNND1;OR5BA1P	-	-	-
chr11	57836028	A	G	42.1241	AD:VAF	15,9:0.375	2434397	chr11	57836028	A	G	+	A,R,D	ALU	-	SINE/AluJb	intergenic	CTNND1;OR9Q1	-	-	intergenic	CTNND1;OR9Q1	-	-	intergenic	CTNND1;OR5BA1P	-	-	-
chr11	59131447	T	C	59.5635	AD:VAF	3,8:0.727273	2436965	chr11	59131447	T	C	-	A,R,D	REP	-	LTR/THE1B-int	ncRNA_intronic	FAM111A-DT	-	-	intergenic	FAM111B;FAM111A-DT	-	-	ncRNA_intronic	FAM111A-DT	-	-	-
chr11	61798488	T	C	60.4044	AD:VAF	10,10:0.5	2457841	chr11	61798488	T	C	-	A,R	ALU	rs778536288	SINE/Alu	intronic	FADS2	-	-	intergenic	FEN1;FADS1	-	-	intronic	FADS2	-	-	-
chr11	61799255	T	C	79.0347	AD:VAF	1,9:0.9	2457947	chr11	61799255	T	C	-	A,R,D	ALU	rs1435108383	SINE/AluJb	intronic	FADS2	-	-	downstream	FADS1	-	-	intronic	FADS2	-	-	-
chr11	62739166	A	G	20.6532	AD:VAF	19,8:0.296296	2474134	chr11	62739166	A	G	+	A,R,D	ALU	-	SINE/AluYm1	downstream	TTC9C	-	-	downstream	TTC9C	-	-	intronic	TTC9C	-	-	-
chr11	62739810	A	G	4.69594	AD:VAF	37,11:0.229167	2474265	chr11	62739810	A	G	+	A,R	ALU	-	SINE/AluSz6	intergenic	TTC9C;ZBTB3	-	-	intergenic	TTC9C;ZBTB3	-	-	intronic	TTC9C	-	-	-
chr11	62739839	A	G	13.4227	AD:VAF	32,11:0.255814	2474276	chr11	62739839	A	G	+	A,R,D	ALU	-	SINE/AluSz6	intergenic	TTC9C;ZBTB3	-	-	intergenic	TTC9C;ZBTB3	-	-	intronic	TTC9C	-	-	-
chr11	65323405	A	G	76.3853	AD:VAF	16,14:0.466667	2519179	chr11	65323405	A	G	+	A,R,D	ALU	-	SINE/AluSx	intronic	AP000944.5	-	-	downstream	CDC42EP2	-	-	intronic	AP000944.5	-	-	-
chr11	65323473	A	G	41.9646	AD:VAF	19,10:0.344828	2519192	chr11	65323473	A	G	+	A,R	ALU	-	SINE/AluSx	intronic	AP000944.5	-	-	intergenic	CDC42EP2;DPF2	-	-	intronic	AP000944.5	-	-	-
chr11	65772932	T	C	52.7121	AD:VAF	4,9:0.692308	2533194	chr11	65772932	T	C	-	A,R	ALU	-	SINE/AluJr4	downstream	AP5B1	-	-	downstream	AP5B1	-	-	intergenic	AP001266.2;ENST00000532090.2	-	-	-
chr11	65772933	T	C	54.5294	AD:VAF	4,10:0.714286	2533195	chr11	65772933	T	C	-	A,R	ALU	rs539186599	SINE/AluJr4	downstream	AP5B1	-	-	downstream	AP5B1	-	-	intergenic	AP001266.2;ENST00000532090.2	-	-	-
chr11	68023858	A	G	115.118	AD:VAF	1,13:0.928571	2583878	chr11	68023858	A	G	+	A,R,D	ALU	-	SINE/AluJr	intronic	ALDH3B1	-	-	intronic	ALDH3B1	-	-	intronic	ALDH3B1;ENST00000342456.10	-	-	-
chr11	68023860	A	G	87.5193	AD:VAF	2,11:0.846154	2583879	chr11	68023860	A	G	+	A,R	ALU	-	SINE/AluJr	intronic	ALDH3B1	-	-	intronic	ALDH3B1	-	-	intronic	ALDH3B1;ENST00000342456.10	-	-	-
chr11	68376446	A	G	52.7121	AD:VAF	4,9:0.692308	2589203	chr11	68376446	A	G	+	A,R	ALU	rs1484455370	SINE/AluSc8	intronic	LRP5	-	-	intronic	LRP5	-	-	intronic	ENST00000294304.11;LRP5	-	-	-
chr11	68376458	A	G	55.4043	AD:VAF	9,9:0.5	2589204	chr11	68376458	A	G	+	A,R	ALU	rs1259239606	SINE/AluSc8	intronic	LRP5	-	-	intronic	LRP5	-	-	intronic	ENST00000294304.11;LRP5	-	-	-
chr11	68376464	A	G	84.1839	AD:VAF	4,12:0.75	2589205	chr11	68376464	A	G	+	A,R	ALU	rs566509535	SINE/AluSc8	intronic	LRP5	-	-	intronic	LRP5	-	-	intronic	ENST00000294304.11;LRP5	-	-	-
chr11	68377039	A	G	32.9841	AD:VAF	15,8:0.347826	2589212	chr11	68377039	A	G	+	A,R	ALU	rs532029285	SINE/AluSx	intronic	LRP5	-	-	intronic	LRP5	-	-	intronic	ENST00000294304.11;LRP5	-	-	-
chr11	68755612	T	C	24.7234	AD:VAF	18,8:0.307692	2592934	chr11	68755612	T	C	-	A,R	ALU	rs1481822045	SINE/AluY	UTR3	CPT1A	-	-	UTR3	CPT1A	-	-	UTR3	ENST00000265641.9	-	-	-
chr11	68755879	T	C	22.1327	AD:VAF	50,12:0.193548	2592964	chr11	68755879	T	C	-	A,R,D	ALU	rs1275084057	SINE/AluSq	UTR3	CPT1A	-	-	UTR3	CPT1A	-	-	UTR3	ENST00000265641.9	-	-	-
chr11	68755888	T	C	4.91199	AD:VAF	46,13:0.220339	2592965	chr11	68755888	T	C	-	A,R	ALU	rs1196278790	SINE/AluSq	UTR3	CPT1A	-	-	UTR3	CPT1A	-	-	UTR3	ENST00000265641.9	-	-	-
chr11	68755929	T	C	13.3597	AD:VAF	30,10:0.25	2592971	chr11	68755929	T	C	-	A,R	ALU	rs1415471550	SINE/AluSq	UTR3	CPT1A	-	-	UTR3	CPT1A	-	-	UTR3	ENST00000265641.9	-	-	-
chr11	68756003	T	C	18.675	AD:VAF	19,8:0.296296	2592989	chr11	68756003	T	C	-	A,R,D	ALU	-	SINE/AluSq	UTR3	CPT1A	-	-	UTR3	CPT1A	-	-	UTR3	ENST00000265641.9	-	-	-
chr11	72121747	A	G	14.7132	AD:VAF	22,9:0.290323	2616484	chr11	72121747	A	G	+	A,R	ALU	rs1241787282	SINE/AluSp	intergenic	ANAPC15;FOLR3	-	-	intergenic	ANAPC15;FOLR3	-	-	intronic	FOLR3	-	-	-
chr11	72121757	A	G	17.7207	AD:VAF	21,9:0.3	2616486	chr11	72121757	A	G	+	A	ALU	-	SINE/AluSp	intergenic	ANAPC15;FOLR3	-	-	intergenic	ANAPC15;FOLR3	-	-	intronic	FOLR3	-	-	-
chr11	72151450	T	C	70.7082	AD:VAF	2,10:0.833333	2616734	chr11	72151450	T	C	-	A	ALU	-	SINE/AluSx1	intergenic	FOLR3;AP000812.1	-	-	intergenic	FOLR3;FOLR1	-	-	intergenic	FOLR3;AP000812.3	-	-	-
chr11	77025680	A	G	82.7721	AD:VAF	6,13:0.684211	2664348	chr11	77025680	A	G	+	A,R,D	ALU	rs1304291806	SINE/AluSz	UTR3	ACER3	-	-	UTR3	ACER3	-	-	UTR3	ENST00000532485.5	-	-	-
chr11	78068542	T	C	30.6133	AD:VAF	72,9:0.111111	2679339	chr11	78068542	T	C	-	A,R	ALU	rs1332836396	SINE/AluSc	UTR3	NDUFC2	-	-	UTR3	NDUFC2	-	-	UTR3	ENST00000281031.4;NDUFC2	-	-	-
chr11	78068592	T	C	30.9552	AD:VAF	94,16:0.145455	2679347	chr11	78068592	T	C	-	A,R,D	ALU	-	SINE/AluSc	UTR3	NDUFC2	-	-	UTR3	NDUFC2	-	-	UTR3	ENST00000281031.4;NDUFC2	-	-	-
chr11	78069026	T	C	30.3523	AD:VAF	120,11:0.0839695	2679410	chr11	78069026	T	C	-	A,R,D	ALU	-	SINE/AluJb	UTR3	NDUFC2	-	-	UTR3	NDUFC2	-	-	UTR3	ENST00000281031.4;NDUFC2	-	-	-
chr11	78069101	T	C	30.0872	AD:VAF	170,10:0.0555556	2679443	chr11	78069101	T	C	-	A,R,D	ALU	rs546972049	SINE/AluJb	UTR3	NDUFC2	-	-	UTR3	NDUFC2	-	-	UTR3	ENST00000281031.4;NDUFC2	-	-	-
chr11	78069179	T	C	30.3928	AD:VAF	155,15:0.0882353	2679462	chr11	78069179	T	C	-	A,R,D	ALU	rs532558534	SINE/AluJb	UTR3	NDUFC2	-	-	UTR3	NDUFC2	-	-	UTR3	ENST00000281031.4;NDUFC2	-	-	-
chr11	83091283	A	G	79.3594	AD:VAF	4,11:0.733333	2692845	chr11	83091283	A	G	+	A,R	ALU	-	SINE/AluSz6	ncRNA_intronic	AP001767.3;RAB30-DT	-	-	intergenic	RAB30-DT;PCF11	-	-	ncRNA_intronic	AP001767.3;RAB30-DT	-	-	-
chr11	83091332	A	G	60.336	AD:VAF	7,9:0.5625	2692862	chr11	83091332	A	G	+	A,R	ALU	-	SINE/AluSz6	ncRNA_intronic	AP001767.3;RAB30-DT	-	-	intergenic	RAB30-DT;PCF11	-	-	ncRNA_intronic	AP001767.3;RAB30-DT	-	-	-
chr11	83091337	A	G	82.8933	AD:VAF	6,12:0.666667	2692863	chr11	83091337	A	G	+	A,R	ALU	-	SINE/AluSz6	ncRNA_intronic	AP001767.3;RAB30-DT	-	-	intergenic	RAB30-DT;PCF11	-	-	ncRNA_intronic	AP001767.3;RAB30-DT	-	-	-
chr11	83091360	A	G	59.3893	AD:VAF	8,9:0.529412	2692871	chr11	83091360	A	G	+	A,R	ALU	-	SINE/AluSz6	ncRNA_intronic	AP001767.3;RAB30-DT	-	-	intergenic	RAB30-DT;PCF11	-	-	ncRNA_intronic	AP001767.3;RAB30-DT	-	-	-
chr11	83091361	A	G	57.3893	AD:VAF	8,9:0.529412	2692872	chr11	83091361	A	G	+	A,R	ALU	-	SINE/AluSz6	ncRNA_intronic	AP001767.3;RAB30-DT	-	-	intergenic	RAB30-DT;PCF11	-	-	ncRNA_intronic	AP001767.3;RAB30-DT	-	-	-
chr11	83212282	A	G	63.2272	AD:VAF	6,9:0.6	2695530	chr11	83212282	A	G	+	A,R	ALU	-	SINE/AluSx1	ncRNA_intronic	AP000873.3	-	-	intronic	ANKRD42	-	-	ncRNA_intronic	AP000873.3	-	-	-
chr11	88322388	T	C	30.5564	AD:VAF	68,8:0.105263	2717219	chr11	88322388	T	C	-	A,R	REP	-	LINE/L1PA10	UTR3	CTSC	-	-	UTR3	CTSC	-	-	UTR3	CTSC	-	-	-
chr11	88322394	T	C	30.8632	AD:VAF	57,9:0.136364	2717221	chr11	88322394	T	C	-	A,R	REP	-	LINE/L1PA10	UTR3	CTSC	-	-	UTR3	CTSC	-	-	UTR3	CTSC	-	-	-
chr11	88324165	T	C	11.5599	AD:VAF	23,8:0.258065	2717289	chr11	88324165	T	C	-	A,R	REP	rs536496337	LINE/L1P3	UTR3	CTSC	-	-	UTR3	CTSC	-	-	UTR3	CTSC	-	-	-
chr11	88324232	T	C	36.1517	AD:VAF	13,8:0.380952	2717306	chr11	88324232	T	C	-	A,R	REP	-	LINE/L1P3	UTR3	CTSC	-	-	UTR3	CTSC	-	-	UTR3	CTSC	-	-	-
chr11	88324249	T	C	28.0751	AD:VAF	14,8:0.363636	2717311	chr11	88324249	T	C	-	A,R	REP	-	LINE/L1P3	UTR3	CTSC	-	-	UTR3	CTSC	-	-	UTR3	CTSC	-	-	-
chr11	88324272	T	C	33.8943	AD:VAF	18,9:0.333333	2717317	chr11	88324272	T	C	-	A,R	REP	-	LINE/L1P3	UTR3	CTSC	-	-	UTR3	CTSC	-	-	UTR3	CTSC	-	-	-
chr11	88324293	T	C	16.0028	AD:VAF	16,8:0.333333	2717319	chr11	88324293	T	C	-	A,R	REP	-	LINE/L1P3	UTR3	CTSC	-	-	UTR3	CTSC	-	-	UTR3	CTSC	-	-	-
chr11	108365742	A	G	78.4046	AD:VAF	17,17:0.5	2765172	chr11	108365742	A	G	+	A,R,D	ALU	-	SINE/AluSq2	UTR3	ATM	-	-	UTR3	ATM	-	-	UTR3	ATM	-	-	-
chr11	108365750	A	G	19.4484	AD:VAF	24,9:0.272727	2765173	chr11	108365750	A	G	+	A,R,D	ALU	-	SINE/AluSq2	UTR3	ATM	-	-	UTR3	ATM	-	-	UTR3	ATM	-	-	-
chr11	108365758	A	G	72.315	AD:VAF	20,15:0.428571	2765175	chr11	108365758	A	G	+	A,R,D	ALU	-	SINE/AluSq2	UTR3	ATM	-	-	UTR3	ATM	-	-	UTR3	ATM	-	-	-
chr11	108365794	A	G	15.4426	AD:VAF	25,9:0.264706	2765187	chr11	108365794	A	G	+	A,R,D	ALU	-	SINE/AluSq2	UTR3	ATM	-	-	UTR3	ATM	-	-	UTR3	ATM	-	-	-
chr11	108367057	A	G	30.6508	AD:VAF	77,10:0.114943	2765319	chr11	108367057	A	G	+	A,R,D	ALU	rs577653898	SINE/AluSc8	UTR3	ATM	-	-	UTR3	ATM	-	-	UTR3	ATM	-	-	-
chr11	108367087	A	G	30.9228	AD:VAF	69,16:0.188235	2765332	chr11	108367087	A	G	+	A,R	ALU	-	SINE/AluSc8	UTR3	ATM	-	-	UTR3	ATM	-	-	UTR3	ATM	-	-	-
chr11	108367127	A	G	18.3308	AD:VAF	37,13:0.26	2765349	chr11	108367127	A	G	+	A,R	ALU	-	SINE/AluSc8	UTR3	ATM	-	-	UTR3	ATM	-	-	UTR3	ATM	-	-	-
chr11	108367226	A	G	17.4585	AD:VAF	35,13:0.270833	2765391	chr11	108367226	A	G	+	A,R,D	ALU	-	SINE/AluSc8	UTR3	ATM	-	-	UTR3	ATM	-	-	UTR3	ATM	-	-	-
chr11	108367230	A	G	3.66435	AD:VAF	32,11:0.255814	2765393	chr11	108367230	A	G	+	A,R,D	ALU	-	SINE/AluSc8	UTR3	ATM	-	-	UTR3	ATM	-	-	UTR3	ATM	-	-	-
chr11	108367248	A	G	23.6556	AD:VAF	34,9:0.209302	2765398	chr11	108367248	A	G	+	A,R,D	ALU	rs886161195	SINE/AluSc8	UTR3	ATM	-	-	UTR3	ATM	-	-	UTR3	ATM	-	-	-
chr11	108367249	A	G	6.14856	AD:VAF	33,10:0.232558	2765399	chr11	108367249	A	G	+	A,R,D	ALU	-	SINE/AluSc8	UTR3	ATM	-	-	UTR3	ATM	-	-	UTR3	ATM	-	-	-
chr11	118602743	T	C	29.7262	AD:VAF	638,10:0.0154321	2826376	chr11	118602743	T	C	-	A	NONREP	-	-/-	UTR3	ARCN1	-	-	UTR3	ARCN1	-	-	UTR3	ARCN1;ENST00000264028.4	-	-	624;584
chr11	119007602	A	G	63.0484	AD:VAF	2,8:0.8	2834623	chr11	119007602	A	G	+	A,R,D	ALU	rs1206172060	SINE/AluJb	intronic	CCDC84	-	-	intronic	CCDC84	-	-	intronic	CCDC84;ENST00000334418.5	-	-	-
chr12	6885552	A	G	35.1405	AD:VAF	23,14:0.378378	2955190	chr12	6885552	A	G	+	A,R	ALU	rs1161227045	SINE/AluSg	intronic	LRRC23	-	-	ncRNA_exonic	DSTNP2	-	-	ncRNA_exonic	DSTNP2	-	-	-
chr12	27034965	A	G	63.3299	AD:VAF	10,13:0.565217	3054851	chr12	27034965	A	G	+	A,R	ALU	rs375346575	SINE/AluSq2	intergenic	MED21;AC092747.4	-	-	intergenic	MED21;C12orf71	-	-	intergenic	MED21;AC092747.4	-	-	-
chr12	27421359	A	G	29.9853	AD:VAF	44,9:0.169811	3057248	chr12	27421359	A	G	+	A,R,D	ALU	-	SINE/AluSz	ncRNA_intronic	ARNTL2-AS1	-	-	ncRNA_intronic	ARNTL2-AS1	-	-	ncRNA_intronic	ARNTL2-AS1	-	-	-
chr12	43787828	A	G	4.17609	AD:VAF	31,10:0.243902	3112246	chr12	43787828	A	G	+	A,R,D	ALU	-	SINE/AluSx1	UTR3	IRAK4	-	-	UTR3	IRAK4	-	-	UTR3	IRAK4	-	-	-
chr12	43787942	A	G	6.05112	AD:VAF	19,9:0.321429	3112275	chr12	43787942	A	G	+	A,R,D	ALU	rs1167046982	SINE/AluSx1	UTR3	IRAK4	-	-	UTR3	IRAK4	-	-	UTR3	IRAK4	-	-	-
chr12	43787946	A	G	33.8943	AD:VAF	18,9:0.333333	3112276	chr12	43787946	A	G	+	A,R,D	ALU	-	SINE/AluSx1	UTR3	IRAK4	-	-	UTR3	IRAK4	-	-	UTR3	IRAK4	-	-	-
chr12	43787971	A	G	50.4043	AD:VAF	13,13:0.5	3112282	chr12	43787971	A	G	+	A,R,D	ALU	-	SINE/AluSx1	UTR3	IRAK4	-	-	UTR3	IRAK4	-	-	UTR3	IRAK4	-	-	-
chr12	43788009	A	G	28.2645	AD:VAF	13,9:0.409091	3112292	chr12	43788009	A	G	+	A,R,D	ALU	rs933500132	SINE/AluSx1	UTR3	IRAK4	-	-	UTR3	IRAK4	-	-	UTR3	IRAK4	-	-	-
chr12	48786638	T	C	122.415	AD:VAF	0,13:1	3135481	chr12	48786638	T	C	-	A,D	ALU	-	SINE/AluSx1	intronic	ADCY6	-	-	intronic	ADCY6	-	-	intronic	ADCY6	-	-	-
chr12	49128792	T	C	29.7541	AD:VAF	4907,93:0.0186	3145200	chr12	49128792	T	C	-	A	NONREP	-	-/-	exonic	TUBA1B	synonymous SNV	TUBA1B:ENST00000336023.9:exon4:c.A522G:p.A174A	exonic	TUBA1B	synonymous SNV	TUBA1B:NM_006082:exon4:c.A522G:p.A174A	exonic	TUBA1B	synonymous SNV	TUBA1B:ENST00000336023.9:exon4:c.A522G:p.A174A	486;145
chr12	56308383	T	C	61.3786	AD:VAF	14,12:0.461538	3258749	chr12	56308383	T	C	-	A,R	ALU	-	SINE/AluJb	ncRNA_intronic	AC073896.2	-	-	intergenic	CS;CNPY2	-	-	ncRNA_intronic	AC073896.2;ENST00000549565.1	-	-	-
chr12	56312844	T	C	53.124	AD:VAF	20,12:0.375	3259337	chr12	56312844	T	C	-	A,R,D	ALU	-	SINE/AluSp	ncRNA_intronic	AC073896.2	-	-	intronic	CNPY2	-	-	ncRNA_intronic	AC073896.2;ENST00000549565.1	-	-	-
chr12	57722205	A	G	81.1512	AD:VAF	8,13:0.619048	3289499	chr12	57722205	A	G	+	A,R	ALU	-	SINE/AluSz6	upstream	AC025165.2;OS9	-	-	downstream	OS9	-	-	upstream	AC025165.2;ENST00000315970.11;OS9	-	-	-
chr12	57722210	A	G	19.3325	AD:VAF	14,10:0.416667	3289501	chr12	57722210	A	G	+	A,R	ALU	-	SINE/AluSz6	upstream	AC025165.2;OS9	-	-	downstream	OS9	-	-	upstream	AC025165.2;ENST00000315970.11;OS9	-	-	-
chr12	57722229	A	G	53.3961	AD:VAF	12,11:0.478261	3289508	chr12	57722229	A	G	+	A,R	ALU	-	SINE/AluSz6	upstream	AC025165.2;OS9	-	-	downstream	OS9	-	-	upstream	AC025165.2;ENST00000315970.11;OS9	-	-	-
chr12	64143668	A	G	29.0214	AD:VAF	50,11:0.180328	3305738	chr12	64143668	A	G	+	A,R	REP	-	SINE/FLAM_A	UTR3	SRGAP1	-	-	UTR3	SRGAP1	-	-	UTR3	ENST00000355086.7;SRGAP1	-	-	-
chr12	64448979	A	G	19.4623	AD:VAF	34,8:0.190476	3310239	chr12	64448979	A	G	+	A,R,D	ALU	-	SINE/AluSz	UTR3	XPOT	-	-	UTR3	XPOT	-	-	UTR3	ENST00000332707.9	-	-	-
chr12	64713963	T	C	29.7685	AD:VAF	969,20:0.0202224	3314488	chr12	64713963	T	C	-	A	ALU	-	SINE/AluSx1	UTR3	GNS	-	-	UTR3	GNS	-	-	UTR3	ENST00000258145.7;GNS	-	-	-
chr12	64713966	T	C	29.7284	AD:VAF	1004,16:0.0156863	3314489	chr12	64713966	T	C	-	A	ALU	-	SINE/AluSx1	UTR3	GNS	-	-	UTR3	GNS	-	-	UTR3	ENST00000258145.7;GNS	-	-	-
chr12	64714007	T	C	29.6917	AD:VAF	1030,12:0.0115163	3314500	chr12	64714007	T	C	-	A	ALU	-	SINE/AluSx1	UTR3	GNS	-	-	UTR3	GNS	-	-	UTR3	ENST00000258145.7;GNS	-	-	-
chr12	64714017	T	C	29.7022	AD:VAF	932,12:0.0127119	3314503	chr12	64714017	T	C	-	A	ALU	-	SINE/AluSx1	UTR3	GNS	-	-	UTR3	GNS	-	-	UTR3	ENST00000258145.7;GNS	-	-	-
chr12	64714043	T	C	29.746	AD:VAF	889,16:0.0176796	3314507	chr12	64714043	T	C	-	A	ALU	-	SINE/AluSx1	UTR3	GNS	-	-	UTR3	GNS	-	-	UTR3	ENST00000258145.7;GNS	-	-	-
chr12	64715262	T	C	29.7657	AD:VAF	1772,36:0.0199115	3314525	chr12	64715262	T	C	-	A,R	ALU	-	SINE/AluSx3	UTR3	GNS	-	-	UTR3	GNS	-	-	UTR3	ENST00000258145.7;GNS	-	-	-
chr12	64715293	T	C	29.7014	AD:VAF	1408,18:0.0126227	3314530	chr12	64715293	T	C	-	A,R	ALU	-	SINE/AluSx3	UTR3	GNS	-	-	UTR3	GNS	-	-	UTR3	ENST00000258145.7;GNS	-	-	-
chr12	64715337	T	C	29.6871	AD:VAF	1530,17:0.010989	3314537	chr12	64715337	T	C	-	A,R	ALU	-	SINE/AluSx3	UTR3	GNS	-	-	UTR3	GNS	-	-	UTR3	ENST00000258145.7;GNS	-	-	-
chr12	64715345	T	C	29.8056	AD:VAF	1399,35:0.0244073	3314539	chr12	64715345	T	C	-	A,R	ALU	-	SINE/AluSx3	UTR3	GNS	-	-	UTR3	GNS	-	-	UTR3	ENST00000258145.7;GNS	-	-	-
chr12	64715354	T	C	29.7733	AD:VAF	1462,31:0.0207636	3314543	chr12	64715354	T	C	-	A,R	ALU	-	SINE/AluSx3	UTR3	GNS	-	-	UTR3	GNS	-	-	UTR3	ENST00000258145.7;GNS	-	-	-
chr12	64715390	T	C	29.6863	AD:VAF	1634,18:0.0108959	3314551	chr12	64715390	T	C	-	A,R	ALU	rs1258285418	SINE/AluSx3	UTR3	GNS	-	-	UTR3	GNS	-	-	UTR3	ENST00000258145.7;GNS	-	-	-
chr12	64715396	T	C	29.6839	AD:VAF	1676,18:0.0106257	3314553	chr12	64715396	T	C	-	A,R	ALU	-	SINE/AluSx3	UTR3	GNS	-	-	UTR3	GNS	-	-	UTR3	ENST00000258145.7;GNS	-	-	-
chr12	64715406	T	C	29.7396	AD:VAF	1623,28:0.0169594	3314555	chr12	64715406	T	C	-	A,R	ALU	-	SINE/AluSx3	UTR3	GNS	-	-	UTR3	GNS	-	-	UTR3	ENST00000258145.7;GNS	-	-	-
chr12	64715466	T	C	29.7744	AD:VAF	1547,33:0.0208861	3314563	chr12	64715466	T	C	-	A	ALU	rs1270835	SINE/AluSx3	UTR3	GNS	-	-	UTR3	GNS	-	-	UTR3	ENST00000258145.7;GNS	-	-	-
chr12	64715479	T	C	29.7331	AD:VAF	1456,24:0.0162162	3314566	chr12	64715479	T	C	-	A,R	ALU	rs1177284696	SINE/AluSx3	UTR3	GNS	-	-	UTR3	GNS	-	-	UTR3	ENST00000258145.7;GNS	-	-	-
chr12	68764337	A	G	69.5295	AD:VAF	4,10:0.714286	3331919	chr12	68764337	A	G	+	A,R,D	ALU	-	SINE/AluSz	intronic	SLC35E3	-	-	intronic	SLC35E3	-	-	intronic	ENST00000398004.3;SLC35E3	-	-	-
chr12	68765099	A	G	26.9291	AD:VAF	41,9:0.18	3332014	chr12	68765099	A	G	+	A,R,D	ALU	rs1409292048	SINE/AluSp	UTR3	SLC35E3	-	-	UTR3	SLC35E3	-	-	UTR3	ENST00000398004.3	-	-	-
chr12	68765171	A	G	31.181	AD:VAF	67,14:0.17284	3332032	chr12	68765171	A	G	+	A,R,D	ALU	-	SINE/AluSp	UTR3	SLC35E3	-	-	UTR3	SLC35E3	-	-	UTR3	ENST00000398004.3	-	-	-
chr12	68766365	A	G	9.09375	AD:VAF	20,8:0.285714	3332167	chr12	68766365	A	G	+	A,R	ALU	-	SINE/AluSp	UTR3	SLC35E3	-	-	UTR3	SLC35E3	-	-	UTR3	ENST00000398004.3	-	-	-
chr12	68766688	A	G	81.3327	AD:VAF	22,17:0.435897	3332210	chr12	68766688	A	G	+	A,R,D	ALU	-	SINE/AluJb	UTR3	SLC35E3	-	-	UTR3	SLC35E3	-	-	exonic	SLC35E3	nonsynonymous SNV	SLC35E3:ENST00000431174.2:exon2:c.A169G:p.N57D	-
chr12	68766724	A	G	20.2434	AD:VAF	32,8:0.2	3332217	chr12	68766724	A	G	+	A,R,D	ALU	rs1197083874	SINE/AluJb	UTR3	SLC35E3	-	-	UTR3	SLC35E3	-	-	exonic	SLC35E3	nonsynonymous SNV	SLC35E3:ENST00000431174.2:exon2:c.A205G:p.T69A	-
chr12	68766774	A	G	20.6019	AD:VAF	22,9:0.290323	3332231	chr12	68766774	A	G	+	A,R,D	ALU	-	SINE/AluJb	UTR3	SLC35E3	-	-	UTR3	SLC35E3	-	-	exonic	SLC35E3	synonymous SNV	SLC35E3:ENST00000431174.2:exon2:c.A255G:p.T85T	-
chr12	68843847	A	G	29.739	AD:VAF	524,9:0.0168856	3336580	chr12	68843847	A	G	+	A,R	NONREP	-	-/-	UTR3	MDM2	-	-	UTR3	MDM2	-	-	UTR3	ENST00000258149.9	-	-	-
chr12	68848068	A	G	67.8937	AD:VAF	5,10:0.666667	3337361	chr12	68848068	A	G	+	A,R	ALU	-	SINE/AluJr4	UTR3	MDM2	-	-	UTR3	MDM2	-	-	UTR3	ENST00000258149.9	-	-	-
chr12	68848071	A	G	71.8986	AD:VAF	5,10:0.666667	3337363	chr12	68848071	A	G	+	A,R	ALU	-	SINE/AluJr4	UTR3	MDM2	-	-	UTR3	MDM2	-	-	UTR3	ENST00000258149.9	-	-	-
chr12	68849479	A	G	52.2671	AD:VAF	7,10:0.588235	3337778	chr12	68849479	A	G	+	A,R,D	ALU	-	SINE/AluSx3	UTR3	MDM2	-	-	UTR3	MDM2	-	-	UTR3	ENST00000258149.9	-	-	-
chr12	68849504	A	G	13.3558	AD:VAF	13,8:0.380952	3337788	chr12	68849504	A	G	+	A,R,D	ALU	rs1241768625	SINE/AluSx3	UTR3	MDM2	-	-	UTR3	MDM2	-	-	UTR3	ENST00000258149.9	-	-	-
chr12	68849511	A	G	19.0189	AD:VAF	19,10:0.344828	3337792	chr12	68849511	A	G	+	A,R,D	ALU	-	SINE/AluSx3	UTR3	MDM2	-	-	UTR3	MDM2	-	-	UTR3	ENST00000258149.9	-	-	-
chr12	68849584	A	G	76.3994	AD:VAF	15,14:0.482759	3337830	chr12	68849584	A	G	+	A,R,D	ALU	rs550986331	SINE/AluSx3	UTR3	MDM2	-	-	UTR3	MDM2	-	-	UTR3	ENST00000258149.9	-	-	-
chr12	68849818	A	G	42.1241	AD:VAF	15,9:0.375	3337932	chr12	68849818	A	G	+	A,R,D	ALU	-	SINE/AluSx	UTR3	MDM2	-	-	UTR3	MDM2	-	-	UTR3	ENST00000258149.9	-	-	-
chr12	68850083	A	G	59.4044	AD:VAF	10,10:0.5	3338002	chr12	68850083	A	G	+	A,R	ALU	-	SINE/AluSz	UTR3	MDM2	-	-	UTR3	MDM2	-	-	UTR3	ENST00000258149.9	-	-	-
chr12	71702496	A	G	71.3037	AD:VAF	19,14:0.424242	3352471	chr12	71702496	A	G	+	A,R,D	ALU	-	SINE/AluSz6	UTR3	TMEM19	-	-	UTR3	TMEM19	-	-	UTR3	ENST00000266673.9	-	-	-
chr12	71702970	A	G	18.9481	AD:VAF	16,8:0.333333	3352539	chr12	71702970	A	G	+	A,R,D	ALU	-	SINE/AluSz	UTR3	TMEM19	-	-	UTR3	TMEM19	-	-	UTR3	ENST00000266673.9	-	-	-
chr12	71703004	A	G	76.3686	AD:VAF	10,12:0.545455	3352549	chr12	71703004	A	G	+	A,R,D	ALU	-	SINE/AluSz	UTR3	TMEM19	-	-	UTR3	TMEM19	-	-	UTR3	ENST00000266673.9	-	-	-
chr12	75496341	T	C	12.3286	AD:VAF	27,8:0.228571	3357628	chr12	75496341	T	C	-	A,R,D	ALU	-	SINE/AluSx1	UTR3	KRR1	-	-	UTR3	KRR1	-	-	UTR3	ENST00000229214.8	-	-	-
chr12	98604892	A	G	9.67121	AD:VAF	28,8:0.222222	3432933	chr12	98604892	A	G	+	A,R	ALU	-	SINE/AluJo	UTR3	SLC25A3	-	-	UTR3	SLC25A3	-	-	UTR3	SLC25A3	-	-	-
chr12	98605335	A	G	23.4678	AD:VAF	26,10:0.277778	3433070	chr12	98605335	A	G	+	A,R	ALU	-	SINE/AluJb	UTR3	SLC25A3	-	-	UTR3	SLC25A3	-	-	UTR3	SLC25A3	-	-	-
chr12	98605608	A	G	31.0957	AD:VAF	41,8:0.163265	3433107	chr12	98605608	A	G	+	A,R	ALU	-	SINE/AluSz	UTR3	SLC25A3	-	-	UTR3	SLC25A3	-	-	UTR3	SLC25A3	-	-	-
chr12	98605709	A	G	9.6032	AD:VAF	40,13:0.245283	3433146	chr12	98605709	A	G	+	A,R	ALU	-	SINE/AluSz	UTR3	SLC25A3	-	-	UTR3	SLC25A3	-	-	UTR3	SLC25A3	-	-	-
chr12	98605726	A	G	30.9588	AD:VAF	46,8:0.148148	3433149	chr12	98605726	A	G	+	A,R	ALU	-	SINE/AluSz	UTR3	SLC25A3	-	-	UTR3	SLC25A3	-	-	UTR3	SLC25A3	-	-	-
chr12	98606012	A	G	21.284	AD:VAF	43,15:0.258621	3433232	chr12	98606012	A	G	+	A,R	ALU	-	SINE/AluJo	UTR3	SLC25A3	-	-	UTR3	SLC25A3	-	-	UTR3	SLC25A3	-	-	-
chr12	98606017	A	G	30.9485	AD:VAF	47,9:0.160714	3433233	chr12	98606017	A	G	+	A,R	ALU	-	SINE/AluJo	UTR3	SLC25A3	-	-	UTR3	SLC25A3	-	-	UTR3	SLC25A3	-	-	-
chr12	98733668	A	G	31.116	AD:VAF	62,12:0.162162	3435441	chr12	98733668	A	G	+	A,R,D	ALU	-	SINE/AluJr	UTR3	APAF1	-	-	UTR3	APAF1	-	-	UTR3	APAF1	-	-	-
chr12	98733669	A	G	30.833	AD:VAF	65,10:0.133333	3435442	chr12	98733669	A	G	+	A,R,D	ALU	rs975856549	SINE/AluJr	UTR3	APAF1	-	-	UTR3	APAF1	-	-	UTR3	APAF1	-	-	-
chr12	101922836	A	G	29.7308	AD:VAF	555,9:0.0159574	3457364	chr12	101922836	A	G	+	A,R,D	ALU	-	SINE/AluJb	UTR3	DRAM1	-	-	UTR3	DRAM1	-	-	UTR3	ENST00000258534.12	-	-	-
chr12	108620875	T	C	35.3903	AD:VAF	9,8:0.470588	3487216	chr12	108620875	T	C	-	A,R	ALU	-	SINE/AluSp	intergenic	TMEM119;SELPLG	-	-	intergenic	TMEM119;SELPLG	-	-	intergenic	TMEM119;SELPLG	-	-	-
chr12	108785196	T	C	30.0734	AD:VAF	315,18:0.0540541	3489524	chr12	108785196	T	C	-	A,R,D	ALU	-	SINE/AluSq	UTR3	SSH1	-	-	UTR3	SSH1	-	-	UTR3	ENST00000326495.9;SSH1	-	-	-
chr12	108785217	T	C	30.131	AD:VAF	296,19:0.0603175	3489527	chr12	108785217	T	C	-	A,R	ALU	-	SINE/AluSq	UTR3	SSH1	-	-	UTR3	SSH1	-	-	UTR3	ENST00000326495.9;SSH1	-	-	-
chr12	108785245	T	C	29.9407	AD:VAF	292,12:0.0394737	3489535	chr12	108785245	T	C	-	A,R	ALU	-	SINE/AluSq	UTR3	SSH1	-	-	UTR3	SSH1	-	-	UTR3	ENST00000326495.9;SSH1	-	-	-
chr12	108785272	T	C	29.8945	AD:VAF	253,9:0.0343511	3489540	chr12	108785272	T	C	-	A,R	ALU	-	SINE/AluSq	UTR3	SSH1	-	-	UTR3	SSH1	-	-	UTR3	ENST00000326495.9;SSH1	-	-	-
chr12	111840388	T	C	30.2428	AD:VAF	218,17:0.0723404	3552270	chr12	111840388	T	C	-	A,R,D	ALU	-	SINE/AluJb	ncRNA_exonic	MAPKAPK5-AS1	-	-	ncRNA_exonic	MAPKAPK5-AS1	-	-	ncRNA_exonic	ENST00000442119.5;MAPKAPK5-AS1	-	-	-
chr12	113389763	A	G	29.7445	AD:VAF	505,9:0.0175097	3579638	chr12	113389763	A	G	+	A	ALU	-	SINE/AluSz	UTR3	PLBD2	-	-	UTR3	PLBD2	-	-	UTR3	ENST00000280800.4	-	-	-
chr12	113389807	A	G	29.7408	AD:VAF	575,10:0.017094	3579646	chr12	113389807	A	G	+	A	ALU	-	SINE/AluSz	UTR3	PLBD2	-	-	UTR3	PLBD2	-	-	UTR3	ENST00000280800.4	-	-	-
chr12	113389880	A	G	29.6816	AD:VAF	860,9:0.0103567	3579660	chr12	113389880	A	G	+	A,R	ALU	-	SINE/AluSz	UTR3	PLBD2	-	-	UTR3	PLBD2	-	-	UTR3	ENST00000280800.4	-	-	-
chr12	113389889	A	G	29.7575	AD:VAF	827,16:0.0189798	3579662	chr12	113389889	A	G	+	A,R	ALU	-	SINE/AluSz	UTR3	PLBD2	-	-	UTR3	PLBD2	-	-	UTR3	ENST00000280800.4	-	-	-
chr12	113389895	A	G	29.7949	AD:VAF	800,19:0.023199	3579665	chr12	113389895	A	G	+	A,R	ALU	rs879933528	SINE/AluSz	UTR3	PLBD2	-	-	UTR3	PLBD2	-	-	UTR3	ENST00000280800.4	-	-	-
chr12	113391152	A	G	29.7676	AD:VAF	779,16:0.0201258	3579711	chr12	113391152	A	G	+	A,R	NONREP	-	-/-	UTR3	PLBD2	-	-	UTR3	PLBD2	-	-	UTR3	ENST00000280800.4	-	-	-
chr12	116714626	T	C	30.3345	AD:VAF	123,11:0.0820896	3592437	chr12	116714626	T	C	-	A,R	ALU	-	SINE/AluSx	UTR3	C12orf49	-	-	UTR3	C12orf49	-	-	UTR3	ENST00000261318.4	-	-	-
chr12	116715123	T	C	30.4975	AD:VAF	109,12:0.0991736	3592489	chr12	116715123	T	C	-	A,R	ALU	-	SINE/AluSx	UTR3	C12orf49	-	-	UTR3	C12orf49	-	-	UTR3	ENST00000261318.4	-	-	-
chr12	120460842	A	G	28.556	AD:VAF	60,14:0.189189	3627343	chr12	120460842	A	G	+	A,R,D	ALU	-	SINE/AluY	UTR3	GATC	-	-	UTR3	GATC	-	-	UTR3	ENST00000551765.5	-	-	-
chr12	120460855	A	G	30.75	AD:VAF	63,9:0.125	3627354	chr12	120460855	A	G	+	A,R,D	ALU	-	SINE/AluY	UTR3	GATC	-	-	UTR3	GATC	-	-	UTR3	ENST00000551765.5	-	-	-
chr12	120488686	T	C	56.3683	AD:VAF	12,10:0.454545	3629292	chr12	120488686	T	C	-	A,R,D	ALU	rs1373205473	SINE/AluSp	ncRNA_exonic	NRAV	-	-	intronic	DYNLL1	-	-	intronic	DYNLL1	-	-	-
chr12	120701721	A	G	29.6922	AD:VAF	854,10:0.0115741	3635997	chr12	120701721	A	G	+	A,R	NONREP	rs574808706	-/-	UTR3	MLEC	-	-	UTR3	MLEC	-	-	UTR3	ENST00000228506.7	-	-	543;258
chr12	121777186	A	G	33.7477	AD:VAF	22,10:0.3125	3664291	chr12	121777186	A	G	+	A,R,D	ALU	-	SINE/AluSc8	UTR3	TMEM120B	-	-	UTR3	TMEM120B	-	-	UTR3	ENST00000449592.6;TMEM120B	-	-	-
chr12	121778219	A	G	50.3148	AD:VAF	6,8:0.571429	3664418	chr12	121778219	A	G	+	A,R,D	ALU	rs1388902589	SINE/AluSg	UTR3	RHOF;TMEM120B	-	-	UTR3	RHOF;TMEM120B	-	-	UTR3	ENST00000267205.6;ENST00000449592.6;TMEM120B	-	-	-
chr12	121778265	A	G	52.1667	AD:VAF	5,8:0.615385	3664433	chr12	121778265	A	G	+	A,R,D	ALU	-	SINE/AluSg	UTR3	RHOF;TMEM120B	-	-	UTR3	RHOF;TMEM120B	-	-	UTR3	ENST00000267205.6;ENST00000449592.6;TMEM120B	-	-	-
chr12	121778358	A	G	53.1241	AD:VAF	6,10:0.625	3664469	chr12	121778358	A	G	+	A,R,D	ALU	rs1234183979	SINE/AluSg	UTR3	RHOF;TMEM120B	-	-	UTR3	RHOF;TMEM120B	-	-	UTR3	ENST00000267205.6;ENST00000449592.6;TMEM120B	-	-	-
chr12	121780151	A	G	69.2671	AD:VAF	20,14:0.411765	3664575	chr12	121780151	A	G	+	A,R,D	ALU	rs1337610843	SINE/AluSp	UTR3	TMEM120B	-	-	UTR3	TMEM120B	-	-	UTR3	ENST00000449592.6	-	-	-
chr12	121780197	A	G	93.402	AD:VAF	20,19:0.487179	3664593	chr12	121780197	A	G	+	A,R,D	ALU	-	SINE/AluSp	UTR3	TMEM120B	-	-	UTR3	TMEM120B	-	-	UTR3	ENST00000449592.6	-	-	-
chr12	121781410	A	G	30.5746	AD:VAF	75,9:0.107143	3664682	chr12	121781410	A	G	+	A,R,D	ALU	rs528823032	SINE/AluJb	UTR3	TMEM120B	-	-	UTR3	TMEM120B	-	-	UTR3	ENST00000449592.6	-	-	-
chr12	123411180	T	C	45.3504	AD:VAF	10,8:0.444444	3706814	chr12	123411180	T	C	-	A,R	ALU	-	SINE/AluSg	UTR3	RILPL2	-	-	intergenic	KMT5A;RILPL2	-	-	UTR3	RILPL2	-	-	-
chr12	123412196	T	C	49.227	AD:VAF	15,10:0.4	3706949	chr12	123412196	T	C	-	A,R	ALU	-	SINE/AluJo	UTR3	RILPL2	-	-	intergenic	KMT5A;RILPL2	-	-	UTR3	RILPL2	-	-	-
chr12	123412239	T	C	65.3985	AD:VAF	14,13:0.481481	3706957	chr12	123412239	T	C	-	A,R	ALU	-	SINE/AluJo	UTR3	RILPL2	-	-	intergenic	KMT5A;RILPL2	-	-	UTR3	RILPL2	-	-	-
chr12	123412280	T	C	78.3977	AD:VAF	12,13:0.52	3706966	chr12	123412280	T	C	-	A,R	ALU	-	SINE/AluJo	UTR3	RILPL2	-	-	intergenic	KMT5A;RILPL2	-	-	UTR3	RILPL2	-	-	-
chr12	123412306	T	C	58.3683	AD:VAF	12,10:0.454545	3706971	chr12	123412306	T	C	-	A,R	ALU	-	SINE/AluJo	UTR3	RILPL2	-	-	intergenic	KMT5A;RILPL2	-	-	UTR3	RILPL2	-	-	-
chr12	123412337	T	C	51.3683	AD:VAF	12,10:0.454545	3706989	chr12	123412337	T	C	-	A,R	ALU	-	SINE/AluJo	UTR3	RILPL2	-	-	intergenic	KMT5A;RILPL2	-	-	UTR3	RILPL2	-	-	-
chr12	123412340	T	C	79.2273	AD:VAF	8,12:0.6	3706990	chr12	123412340	T	C	-	A,R	ALU	-	SINE/AluJo	UTR3	RILPL2	-	-	intergenic	KMT5A;RILPL2	-	-	UTR3	RILPL2	-	-	-
chr12	123412413	T	C	80.3151	AD:VAF	12,16:0.571429	3707009	chr12	123412413	T	C	-	A,R,D	ALU	-	SINE/AluJo	UTR3	RILPL2	-	-	intergenic	KMT5A;RILPL2	-	-	UTR3	RILPL2	-	-	-
chr12	123412414	T	C	33.0858	AD:VAF	19,11:0.366667	3707010	chr12	123412414	T	C	-	A,R	ALU	-	SINE/AluJo	UTR3	RILPL2	-	-	intergenic	KMT5A;RILPL2	-	-	UTR3	RILPL2	-	-	-
chr12	123412421	T	C	47.2528	AD:VAF	16,11:0.407407	3707011	chr12	123412421	T	C	-	A,R	ALU	-	SINE/AluJo	UTR3	RILPL2	-	-	intergenic	KMT5A;RILPL2	-	-	UTR3	RILPL2	-	-	-
chr12	123412436	T	C	66.1023	AD:VAF	10,17:0.62963	3707015	chr12	123412436	T	C	-	A,R,D	ALU	-	SINE/AluJo	UTR3	RILPL2	-	-	intergenic	KMT5A;RILPL2	-	-	UTR3	RILPL2	-	-	-
chr12	123413177	T	C	70.1559	AD:VAF	3,10:0.769231	3707066	chr12	123413177	T	C	-	A,R	ALU	rs1017123525	SINE/AluSx4	UTR3	RILPL2	-	-	intergenic	KMT5A;RILPL2	-	-	UTR3	RILPL2	-	-	-
chr12	123517659	T	C	58.3893	AD:VAF	8,9:0.529412	3714454	chr12	123517659	T	C	-	A,R	ALU	-	SINE/AluSz6	intronic	RILPL1	-	-	intronic	RILPL1	-	-	intronic	ENST00000376874.8;RILPL1	-	-	-
chr12	132770098	T	C	30.8412	AD:VAF	71,11:0.134146	3760461	chr12	132770098	T	C	-	A,R,D	ALU	-	SINE/AluSx1	UTR3	GOLGA3	-	-	UTR3	GOLGA3	-	-	UTR3	ENST00000204726.7;ENST00000450791.6	-	-	-
chr12	132770737	T	C	20.6347	AD:VAF	24,10:0.294118	3760500	chr12	132770737	T	C	-	A,R,D	ALU	rs1453575572	SINE/AluSx	UTR3	GOLGA3	-	-	UTR3	GOLGA3	-	-	UTR3	ENST00000204726.7;ENST00000450791.6	-	-	-
chr12	132770867	T	C	30.9435	AD:VAF	47,8:0.145455	3760539	chr12	132770867	T	C	-	A,R	ALU	-	SINE/AluSx	UTR3	GOLGA3	-	-	UTR3	GOLGA3	-	-	UTR3	ENST00000204726.7;ENST00000450791.6	-	-	-
chr12	132772326	T	C	30.2284	AD:VAF	105,8:0.0707965	3760562	chr12	132772326	T	C	-	A,R	ALU	-	SINE/AluSz	UTR3	GOLGA3	-	-	UTR3	GOLGA3	-	-	UTR3	ENST00000204726.7;ENST00000450791.6	-	-	-
chr13	19672201	A	G	30.4271	AD:VAF	89,9:0.0918367	3774875	chr13	19672201	A	G	+	A,R,D	ALU	-	SINE/AluSp	UTR3	MPHOSPH8	-	-	UTR3	MPHOSPH8	-	-	UTR3	ENST00000361479.9	-	-	-
chr13	19672378	A	G	31.0502	AD:VAF	48,9:0.157895	3774919	chr13	19672378	A	G	+	A,R,D	ALU	rs931593127	SINE/AluSp	UTR3	MPHOSPH8	-	-	UTR3	MPHOSPH8	-	-	UTR3	ENST00000361479.9	-	-	-
chr13	21374431	T	C	30.5857	AD:VAF	140,17:0.10828	3794306	chr13	21374431	T	C	-	A,R	ALU	-	SINE/AluSx	UTR3	ZDHHC20	-	-	ncRNA_intronic	MIPEPP3	-	-	UTR3	ZDHHC20	-	-	-
chr13	21374462	T	C	30.1048	AD:VAF	164,10:0.0574713	3794318	chr13	21374462	T	C	-	A,R	ALU	-	SINE/AluSx	UTR3	ZDHHC20	-	-	ncRNA_intronic	MIPEPP3	-	-	UTR3	ZDHHC20	-	-	-
chr13	21374485	T	C	30.0936	AD:VAF	151,9:0.05625	3794323	chr13	21374485	T	C	-	A,R	ALU	-	SINE/AluSx	UTR3	ZDHHC20	-	-	ncRNA_intronic	MIPEPP3	-	-	UTR3	ZDHHC20	-	-	-
chr13	21374486	T	C	30.4744	AD:VAF	140,15:0.0967742	3794324	chr13	21374486	T	C	-	A,R,D	ALU	rs1411282817	SINE/AluSx	UTR3	ZDHHC20	-	-	ncRNA_intronic	MIPEPP3	-	-	UTR3	ZDHHC20	-	-	-
chr13	21375058	T	C	30.5641	AD:VAF	118,14:0.106061	3794413	chr13	21375058	T	C	-	A,R	ALU	-	SINE/AluSz	UTR3	ZDHHC20	-	-	ncRNA_intronic	MIPEPP3	-	-	UTR3	ZDHHC20	-	-	-
chr13	49913798	T	C	41.9646	AD:VAF	19,10:0.344828	3925932	chr13	49913798	T	C	-	A,R,D	ALU	-	SINE/AluY	UTR3	SPRYD7	-	-	UTR3	SPRYD7	-	-	UTR3	ENST00000361840.7;SPRYD7	-	-	-
chr13	49913807	T	C	10.7216	AD:VAF	22,8:0.266667	3925935	chr13	49913807	T	C	-	A,R,D	ALU	-	SINE/AluY	UTR3	SPRYD7	-	-	UTR3	SPRYD7	-	-	UTR3	ENST00000361840.7;SPRYD7	-	-	-
chr13	95991108	T	C	59.4519	AD:VAF	3,8:0.727273	3994635	chr13	95991108	T	C	-	A,R	REP	-	LINE/L1PA7	UTR3	UGGT2	-	-	intronic	UGGT2	-	-	UTR3	UGGT2	-	-	-
chr13	95991241	T	C	75.2028	AD:VAF	2,10:0.833333	3994681	chr13	95991241	T	C	-	A,R,D	REP	-	LINE/L1PA7	UTR3	UGGT2	-	-	intronic	UGGT2	-	-	UTR3	UGGT2	-	-	-
chr13	110897383	T	C	45.0344	AD:VAF	1,9:0.9	4037390	chr13	110897383	T	C	-	A,R,D	ALU	-	SINE/AluJr	ncRNA_intronic	ANKRD10-IT1	-	-	intronic	ANKRD10	-	-	ncRNA_intronic	ANKRD10-IT1	-	-	-
chr14	20366334	T	C	15.7332	AD:VAF	19,8:0.296296	4056162	chr14	20366334	T	C	-	A,R,D	NONREP	-	-/-	UTR3	TEP1	-	-	UTR3	TEP1	-	-	UTR3	ENST00000262715.9;TEP1	-	-	-
chr14	20367228	T	C	81.093	AD:VAF	7,12:0.631579	4056255	chr14	20367228	T	C	-	A,R,D	ALU	-	SINE/AluSx1	UTR3	TEP1	-	-	UTR3	TEP1	-	-	UTR3	ENST00000262715.9	-	-	-
chr14	20367251	T	C	64.8934	AD:VAF	6,12:0.666667	4056260	chr14	20367251	T	C	-	A,R,D	ALU	-	SINE/AluSx1	UTR3	TEP1	-	-	UTR3	TEP1	-	-	UTR3	ENST00000262715.9	-	-	-
chr14	21460331	T	C	30.3596	AD:VAF	108,10:0.0847458	4065890	chr14	21460331	T	C	-	A,R,D	ALU	-	SINE/AluSc	exonic	RAB2B	synonymous SNV	RAB2B:ENST00000649801.1:exon9:c.A618G:p.L206L	UTR3	RAB2B	-	-	exonic	RAB2B	synonymous SNV	RAB2B:ENST00000649801.1:exon9:c.A618G:p.L206L	-
chr14	21460523	T	C	10.4901	AD:VAF	27,8:0.228571	4065927	chr14	21460523	T	C	-	A,R,D	ALU	-	SINE/AluSc	UTR3	RAB2B	-	-	UTR3	RAB2B	-	-	UTR3	ENST00000397762.5	-	-	-
chr14	21460687	T	C	31.2469	AD:VAF	57,12:0.173913	4065960	chr14	21460687	T	C	-	A,R,D	ALU	-	SINE/AluSp	UTR3	RAB2B	-	-	UTR3	RAB2B	-	-	UTR3	ENST00000397762.5	-	-	-
chr14	21460837	T	C	30.4454	AD:VAF	87,9:0.09375	4066003	chr14	21460837	T	C	-	A,R,D	ALU	-	SINE/AluSp	UTR3	RAB2B	-	-	UTR3	RAB2B	-	-	UTR3	ENST00000397762.5	-	-	-
chr14	21460855	T	C	30.7788	AD:VAF	75,11:0.127907	4066009	chr14	21460855	T	C	-	A,R,D	ALU	-	SINE/AluSp	UTR3	RAB2B	-	-	UTR3	RAB2B	-	-	UTR3	ENST00000397762.5	-	-	-
chr14	22880795	A	G	30.044	AD:VAF	168,9:0.0508475	4073877	chr14	22880795	A	G	+	A	ALU	-	SINE/AluSc	UTR3	LRP10	-	-	UTR3	LRP10	-	-	UTR3	ENST00000359591.8	-	-	-
chr14	22880883	A	G	30.0045	AD:VAF	164,8:0.0465116	4073904	chr14	22880883	A	G	+	A	ALU	-	SINE/AluSc	UTR3	LRP10	-	-	UTR3	LRP10	-	-	UTR3	ENST00000359591.8	-	-	-
chr14	22880907	A	G	30.1899	AD:VAF	168,12:0.0666667	4073909	chr14	22880907	A	G	+	A	ALU	-	SINE/AluSc	UTR3	LRP10	-	-	UTR3	LRP10	-	-	UTR3	ENST00000359591.8	-	-	-
chr14	22881170	A	G	29.9282	AD:VAF	202,8:0.0380952	4073936	chr14	22881170	A	G	+	A,R	REP	-	SINE/MIRb	UTR3	LRP10	-	-	UTR3	LRP10	-	-	UTR3	ENST00000359591.8	-	-	-
chr14	22969643	T	C	4.08888	AD:VAF	33,10:0.232558	4078222	chr14	22969643	T	C	-	A,R	ALU	-	SINE/AluJr	intronic	AL132780.3	-	-	intergenic	HAUS4;AJUBA	-	-	intronic	AL132780.3	-	-	-
chr14	22972170	T	C	29.8409	AD:VAF	274,8:0.0283688	4078511	chr14	22972170	T	C	-	A,R	NONREP	-	-/-	UTR3	AJUBA	-	-	UTR3	AJUBA	-	-	UTR3	AJUBA;ENST00000262713.6	-	-	-
chr14	22972910	T	C	29.7936	AD:VAF	339,8:0.0230548	4078566	chr14	22972910	T	C	-	A,R	NONREP	-	-/-	UTR3	AJUBA	-	-	UTR3	AJUBA	-	-	UTR3	AJUBA;ENST00000262713.6	-	-	-
chr14	23096270	A	G	6.24294	AD:VAF	25,8:0.242424	4081351	chr14	23096270	A	G	+	A,R	ALU	rs552977363	SINE/AluSz	intronic	C14orf119	-	-	intronic	C14orf119	-	-	intronic	C14orf119;ENST00000319074.5	-	-	-
chr14	23096297	A	G	19.4484	AD:VAF	24,9:0.272727	4081355	chr14	23096297	A	G	+	A,R	ALU	-	SINE/AluSz	intronic	C14orf119	-	-	intronic	C14orf119	-	-	intronic	C14orf119;ENST00000319074.5	-	-	-
chr14	23096355	A	G	43.1941	AD:VAF	14,9:0.391304	4081369	chr14	23096355	A	G	+	A,R	ALU	-	SINE/AluSz	intronic	C14orf119	-	-	intronic	C14orf119	-	-	intronic	C14orf119;ENST00000319074.5	-	-	-
chr14	23098795	A	G	31.0566	AD:VAF	51,11:0.177419	4081465	chr14	23098795	A	G	+	A,R	ALU	-	SINE/AluJr4	UTR3	C14orf119	-	-	UTR3	C14orf119	-	-	UTR3	ENST00000319074.5	-	-	-
chr14	31447577	T	C	12.4875	AD:VAF	26,9:0.257143	4119398	chr14	31447577	T	C	-	A,R	ALU	-	SINE/AluSc8	ncRNA_exonic	AL139353.2	-	-	ncRNA_intronic	LOC101927124	-	-	ncRNA_intronic	AL139353.2	-	-	-
chr14	34781603	A	G	30.942	AD:VAF	95,16:0.144144	4134404	chr14	34781603	A	G	+	A	ALU	rs964207704	SINE/AluSx	intronic	BAZ1A	-	-	intronic	BAZ1A	-	-	intronic	BAZ1A;ENST00000360310.5	-	-	-
chr14	35276196	A	G	69.5295	AD:VAF	4,10:0.714286	4150150	chr14	35276196	A	G	+	A,R,D	ALU	-	SINE/AluJr	UTR3	PRORP	-	-	UTR3	PRORP	-	-	UTR3	PRORP	-	-	-
chr14	49572089	T	C	79.2029	AD:VAF	2,10:0.833333	4186135	chr14	49572089	T	C	-	A,R,D	ALU	-	SINE/AluSx1	UTR3	RPS29	-	-	UTR3	RPS29	-	-	UTR3	RPS29	-	-	-
chr14	49573313	T	C	54.3148	AD:VAF	6,8:0.571429	4186252	chr14	49573313	T	C	-	A,R,D	ALU	rs756960105	SINE/AluSz	UTR3	RPS29	-	-	UTR3	RPS29	-	-	UTR3	RPS29	-	-	-
chr14	49575735	T	C	115.919	AD:VAF	3,22:0.88	4186391	chr14	49575735	T	C	-	A,R,D	ALU	-	SINE/AluJb	UTR3	RPS29	-	-	UTR3	RPS29	-	-	UTR3	RPS29	-	-	-
chr14	49576222	T	C	29.3551	AD:VAF	10,8:0.444444	4186435	chr14	49576222	T	C	-	A,R	ALU	-	SINE/AluJr	UTR3	RPS29	-	-	UTR3	RPS29	-	-	UTR3	RPS29	-	-	-
chr14	49577024	T	C	38.1513	AD:VAF	13,8:0.380952	4186483	chr14	49577024	T	C	-	A,R	ALU	rs769191157	SINE/AluSx1	UTR3	RPS29	-	-	UTR3	RPS29	-	-	UTR3	RPS29	-	-	-
chr14	49577119	T	C	45.3148	AD:VAF	12,9:0.428571	4186502	chr14	49577119	T	C	-	A,R,D	ALU	-	SINE/AluSx1	UTR3	RPS29	-	-	UTR3	RPS29	-	-	UTR3	RPS29	-	-	-
chr14	50325998	A	G	47.2583	AD:VAF	13,9:0.409091	4205935	chr14	50325998	A	G	+	A,R,D	ALU	-	SINE/AluSx	UTR3	DMAC2L	-	-	UTR3	DMAC2L	-	-	ncRNA_exonic	ENST00000554438.5	-	-	-
chr14	52776716	T	C	30.584	AD:VAF	66,8:0.108108	4226530	chr14	52776716	T	C	-	A,R,D	ALU	rs934468442	SINE/AluSx3	ncRNA_intronic	AL139317.3	-	-	UTR3	GNPNAT1	-	-	ncRNA_intronic	AL139317.3	-	-	-
chr14	55367643	T	C	41.3894	AD:VAF	8,9:0.529412	4242261	chr14	55367643	T	C	-	A,R,D	ALU	rs1165776599	SINE/AluSx1	UTR3	ATG14	-	-	UTR3	ATG14	-	-	UTR3	ATG14	-	-	-
chr14	70371547	T	C	31.0636	AD:VAF	54,10:0.15625	4345472	chr14	70371547	T	C	-	A,R	ALU	rs1315481562	SINE/AluSg	UTR3	SYNJ2BP	-	-	UTR3	SYNJ2BP	-	-	UTR3	ENST00000256366.5	-	-	-
chr14	70371551	T	C	13.2531	AD:VAF	47,14:0.229508	4345473	chr14	70371551	T	C	-	A,R	ALU	-	SINE/AluSg	UTR3	SYNJ2BP	-	-	UTR3	SYNJ2BP	-	-	UTR3	ENST00000256366.5	-	-	-
chr14	70371556	T	C	30.79	AD:VAF	54,8:0.129032	4345474	chr14	70371556	T	C	-	A,R	ALU	-	SINE/AluSg	UTR3	SYNJ2BP	-	-	UTR3	SYNJ2BP	-	-	UTR3	ENST00000256366.5	-	-	-
chr14	70371557	T	C	30.79	AD:VAF	54,8:0.129032	4345475	chr14	70371557	T	C	-	A,R	ALU	-	SINE/AluSg	UTR3	SYNJ2BP	-	-	UTR3	SYNJ2BP	-	-	UTR3	ENST00000256366.5	-	-	-
chr14	70371607	T	C	21.0012	AD:VAF	41,11:0.211538	4345490	chr14	70371607	T	C	-	A,R	ALU	-	SINE/AluSg	UTR3	SYNJ2BP	-	-	UTR3	SYNJ2BP	-	-	UTR3	ENST00000256366.5	-	-	-
chr14	74058083	T	C	27.4144	AD:VAF	36,9:0.2	4394556	chr14	74058083	T	C	-	A,R,D	ALU	-	SINE/AluSc8	UTR3	ALDH6A1	-	-	UTR3	ALDH6A1	-	-	UTR3	ENST00000553458.5	-	-	-
chr14	74058084	T	C	23.9872	AD:VAF	36,8:0.181818	4394557	chr14	74058084	T	C	-	A,R,D	ALU	-	SINE/AluSc8	UTR3	ALDH6A1	-	-	UTR3	ALDH6A1	-	-	UTR3	ENST00000553458.5	-	-	-
chr14	74058138	T	C	25.7468	AD:VAF	31,14:0.311111	4394578	chr14	74058138	T	C	-	A,R	ALU	-	SINE/AluSc8	UTR3	ALDH6A1	-	-	UTR3	ALDH6A1	-	-	UTR3	ENST00000553458.5	-	-	-
chr14	74060273	T	C	10.4891	AD:VAF	31,10:0.243902	4394933	chr14	74060273	T	C	-	A,R,D	ALU	-	SINE/AluJo	UTR3	ALDH6A1	-	-	UTR3	ALDH6A1	-	-	UTR3	ENST00000553458.5	-	-	-
chr14	74060281	T	C	18.4587	AD:VAF	33,8:0.195122	4394936	chr14	74060281	T	C	-	A,R	ALU	rs1278255831	SINE/AluJo	UTR3	ALDH6A1	-	-	UTR3	ALDH6A1	-	-	UTR3	ENST00000553458.5	-	-	-
chr14	76205039	A	G	74.18	AD:VAF	30,19:0.387755	4419220	chr14	76205039	A	G	+	A,R	ALU	-	SINE/AluJr4	UTR3	GPATCH2L	-	-	UTR3	GPATCH2L	-	-	UTR3	ENST00000261530.11;GPATCH2L	-	-	-
chr14	85543083	A	G	82.4593	AD:VAF	3,12:0.8	4451764	chr14	85543083	A	G	+	A,R	NONREP	-	-/-	intronic	FLRT2	-	-	intronic	FLRT2	-	-	intronic	ENST00000330753.5;FLRT2	-	-	-
chr14	85544637	A	G	153.416	AD:VAF	0,20:1	4451782	chr14	85544637	A	G	+	A,R	NONREP	-	-/-	intronic	FLRT2	-	-	intronic	FLRT2	-	-	intronic	ENST00000330753.5;FLRT2	-	-	-
chr14	92118862	T	C	31.0209	AD:VAF	67,12:0.151899	4488858	chr14	92118862	T	C	-	A,R	ALU	-	SINE/AluSg	UTR5	NDUFB1	-	-	intronic	NDUFB1	-	-	UTR5	NDUFB1	-	-	-
chr14	92118891	T	C	30.7657	AD:VAF	69,10:0.126582	4488863	chr14	92118891	T	C	-	A,R,D	ALU	-	SINE/AluSg	UTR5	NDUFB1	-	-	intronic	NDUFB1	-	-	UTR5	NDUFB1	-	-	-
chr14	100296353	T	C	20.4138	AD:VAF	27,10:0.27027	4521038	chr14	100296353	T	C	-	A,R,D	ALU	-	SINE/AluJo	UTR5	SLC25A29	-	-	intronic	SLC25A29	-	-	UTR5	SLC25A29	-	-	-
chr14	100296666	T	C	96.3443	AD:VAF	15,19:0.558824	4521087	chr14	100296666	T	C	-	A,R,D	ALU	-	SINE/AluY	intronic	SLC25A29	-	-	intronic	SLC25A29	-	-	intronic	ENST00000359232.7;SLC25A29	-	-	-
chr14	100296737	T	C	40.8323	AD:VAF	25,12:0.324324	4521102	chr14	100296737	T	C	-	A,R,D	ALU	-	SINE/AluY	intronic	SLC25A29	-	-	intronic	SLC25A29	-	-	intronic	ENST00000359232.7;SLC25A29	-	-	-
chr14	100854638	A	G	4.76645	AD:VAF	71,22:0.236559	4524353	chr14	100854638	A	G	+	A,R	NONREP	-	-/-	ncRNA_exonic	MEG3	-	-	ncRNA_intronic	MEG3	-	-	ncRNA_exonic	ENST00000522771.8	-	-	-
chr14	102345874	T	C	71.0117	AD:VAF	6,11:0.647059	4539921	chr14	102345874	T	C	-	A,R	ALU	-	SINE/AluSx	intergenic	ZNF839;CINP	-	-	intergenic	ZNF839;CINP	-	-	intronic	CINP	-	-	-
chr14	102345883	T	C	48.4043	AD:VAF	8,8:0.5	4539923	chr14	102345883	T	C	-	A,R,D	ALU	-	SINE/AluSx	intergenic	ZNF839;CINP	-	-	intergenic	ZNF839;CINP	-	-	intronic	CINP	-	-	-
chr14	102347338	T	C	47.1021	AD:VAF	17,10:0.37037	4540182	chr14	102347338	T	C	-	A,R	ALU	-	SINE/AluSc	downstream	CINP	-	-	downstream	CINP	-	-	intronic	CINP	-	-	-
chr14	102348050	T	C	26.6066	AD:VAF	24,10:0.294118	4540302	chr14	102348050	T	C	-	A,R,D	ALU	-	SINE/AluSz	downstream	CINP	-	-	downstream	CINP	-	-	intronic	CINP	-	-	-
chr14	103579449	A	G	35.0356	AD:VAF	18,10:0.357143	4559198	chr14	103579449	A	G	+	A,R	ALU	-	SINE/AluSx	intronic	AL139300.1;COA8	-	-	intronic	COA8	-	-	exonic	COA8	nonsynonymous SNV	COA8:ENST00000554876.5:exon3:c.A296G:p.K99R	-
chr14	105416284	T	C	55.8946	AD:VAF	4,8:0.666667	4579987	chr14	105416284	T	C	-	A,R	ALU	-	SINE/AluJb	downstream	AL928654.1	-	-	intergenic	TEX22;LOC100507437	-	-	intronic	TEX22	-	-	-
chr15	24985469	A	G	30.2984	AD:VAF	11,8:0.421053	4603550	chr15	24985469	A	G	+	A,R,D	ALU	-	SINE/AluSz6	ncRNA_exonic	PWAR5	-	-	ncRNA_exonic	PWAR5	-	-	ncRNA_exonic	PWAR5	-	-	-
chr15	28618242	A	G	42.167	AD:VAF	5,8:0.615385	4614864	chr15	28618242	A	G	+	A,R	ALU	-	SINE/AluY	intergenic	GOLGA8G;GOLGA8M	-	-	intergenic	HERC2P11;HERC2P9	-	-	ncRNA_exonic	HERC2P9	-	-	-
chr15	34231136	T	C	20.684	AD:VAF	21,9:0.3	4639282	chr15	34231136	T	C	-	A,R	ALU	-	SINE/AluSp	UTR3	SLC12A6	-	-	UTR3	SLC12A6	-	-	UTR3	SLC12A6	-	-	-
chr15	34231819	T	C	59.0372	AD:VAF	5,9:0.642857	4639403	chr15	34231819	T	C	-	A,R,D	ALU	-	SINE/AluY	UTR3	SLC12A6	-	-	UTR3	SLC12A6	-	-	UTR3	SLC12A6	-	-	-
chr15	34232507	T	C	28.7352	AD:VAF	20,9:0.310345	4639499	chr15	34232507	T	C	-	A,R,D	ALU	-	SINE/AluSz	UTR3	SLC12A6	-	-	UTR3	SLC12A6	-	-	UTR3	SLC12A6	-	-	-
chr15	40419426	A	G	29.8748	AD:VAF	301,10:0.0321543	4657739	chr15	40419426	A	G	+	A	ALU	rs1324489696	SINE/AluSz	UTR3	IVD	-	-	UTR3	IVD	-	-	UTR3	ENST00000479013.6	-	-	-
chr15	41298734	A	G	30.2695	AD:VAF	123,10:0.075188	4676027	chr15	41298734	A	G	+	A,R,D	ALU	-	SINE/AluSx1	ncRNA_exonic	OIP5-AS1	-	-	ncRNA_exonic	OIP5-AS1	-	-	ncRNA_exonic	OIP5-AS1	-	-	-
chr15	41298775	A	G	30.1433	AD:VAF	137,9:0.0616438	4676050	chr15	41298775	A	G	+	A,R	ALU	-	SINE/AluSx1	ncRNA_exonic	OIP5-AS1	-	-	ncRNA_exonic	OIP5-AS1	-	-	ncRNA_exonic	OIP5-AS1	-	-	-
chr15	41298780	A	G	30.1356	AD:VAF	139,9:0.0608108	4676051	chr15	41298780	A	G	+	A,R,D	ALU	-	SINE/AluSx1	ncRNA_exonic	OIP5-AS1	-	-	ncRNA_exonic	OIP5-AS1	-	-	ncRNA_exonic	OIP5-AS1	-	-	-
chr15	41298823	A	G	30.6606	AD:VAF	122,16:0.115942	4676067	chr15	41298823	A	G	+	A,R,D	ALU	-	SINE/AluSx1	ncRNA_exonic	OIP5-AS1	-	-	ncRNA_exonic	OIP5-AS1	-	-	ncRNA_exonic	OIP5-AS1	-	-	-
chr15	41301070	A	G	31.1171	AD:VAF	78,15:0.16129	4676143	chr15	41301070	A	G	+	A,R,D	ALU	-	SINE/AluSz6	ncRNA_exonic	OIP5-AS1	-	-	ncRNA_exonic	OIP5-AS1	-	-	ncRNA_exonic	OIP5-AS1	-	-	-
chr15	41301071	A	G	30.5163	AD:VAF	80,9:0.101124	4676144	chr15	41301071	A	G	+	A,R,D	ALU	-	SINE/AluSz6	ncRNA_exonic	OIP5-AS1	-	-	ncRNA_exonic	OIP5-AS1	-	-	ncRNA_exonic	OIP5-AS1	-	-	-
chr15	41301143	A	G	30.3806	AD:VAF	84,8:0.0869565	4676159	chr15	41301143	A	G	+	A,R	ALU	-	SINE/AluSz6	ncRNA_exonic	OIP5-AS1	-	-	ncRNA_exonic	OIP5-AS1	-	-	ncRNA_exonic	OIP5-AS1	-	-	-
chr15	41302238	A	G	30.9286	AD:VAF	60,10:0.142857	4676192	chr15	41302238	A	G	+	A,R,D	ALU	rs1008105422	SINE/AluSc	ncRNA_exonic	OIP5-AS1	-	-	ncRNA_exonic	OIP5-AS1	-	-	ncRNA_exonic	OIP5-AS1	-	-	-
chr15	41302285	A	G	6.96245	AD:VAF	55,17:0.236111	4676205	chr15	41302285	A	G	+	A,R,D	ALU	-	SINE/AluSc	ncRNA_exonic	OIP5-AS1	-	-	ncRNA_exonic	OIP5-AS1	-	-	ncRNA_exonic	OIP5-AS1	-	-	-
chr15	41302323	A	G	30.4707	AD:VAF	75,8:0.0963855	4676217	chr15	41302323	A	G	+	A,R,D	ALU	-	SINE/AluSc	ncRNA_exonic	OIP5-AS1	-	-	ncRNA_exonic	OIP5-AS1	-	-	ncRNA_exonic	OIP5-AS1	-	-	-
chr15	41302347	A	G	31.0948	AD:VAF	74,14:0.159091	4676229	chr15	41302347	A	G	+	A,R	ALU	-	SINE/AluSc	ncRNA_exonic	OIP5-AS1	-	-	ncRNA_exonic	OIP5-AS1	-	-	ncRNA_exonic	OIP5-AS1	-	-	-
chr15	41302363	A	G	30.4949	AD:VAF	82,9:0.0989011	4676232	chr15	41302363	A	G	+	A,R,D	ALU	-	SINE/AluSc	ncRNA_exonic	OIP5-AS1	-	-	ncRNA_exonic	OIP5-AS1	-	-	ncRNA_exonic	OIP5-AS1	-	-	-
chr15	41302374	A	G	30.4183	AD:VAF	90,9:0.0909091	4676237	chr15	41302374	A	G	+	A,R	ALU	-	SINE/AluSc	ncRNA_exonic	OIP5-AS1	-	-	ncRNA_exonic	OIP5-AS1	-	-	ncRNA_exonic	OIP5-AS1	-	-	-
chr15	41302387	A	G	30.5564	AD:VAF	85,10:0.105263	4676241	chr15	41302387	A	G	+	A,R,D	ALU	rs1322115123	SINE/AluSc	ncRNA_exonic	OIP5-AS1	-	-	ncRNA_exonic	OIP5-AS1	-	-	ncRNA_exonic	OIP5-AS1	-	-	-
chr15	41305345	A	G	30.736	AD:VAF	78,11:0.123596	4676331	chr15	41305345	A	G	+	A,R,D	ALU	-	SINE/AluSz6	ncRNA_exonic	OIP5-AS1	-	-	ncRNA_exonic	OIP5-AS1	-	-	ncRNA_exonic	OIP5-AS1	-	-	-
chr15	41305458	A	G	30.5475	AD:VAF	103,12:0.104348	4676359	chr15	41305458	A	G	+	A,R,D	ALU	rs796082497	SINE/AluSz6	ncRNA_exonic	OIP5-AS1	-	-	ncRNA_exonic	OIP5-AS1	-	-	ncRNA_exonic	OIP5-AS1	-	-	-
chr15	41305459	A	G	30.2858	AD:VAF	108,9:0.0769231	4676360	chr15	41305459	A	G	+	A,R,D	ALU	-	SINE/AluSz6	ncRNA_exonic	OIP5-AS1	-	-	ncRNA_exonic	OIP5-AS1	-	-	ncRNA_exonic	OIP5-AS1	-	-	-
chr15	41305471	A	G	30.6398	AD:VAF	109,14:0.113821	4676365	chr15	41305471	A	G	+	A,R,D	ALU	-	SINE/AluSz6	ncRNA_exonic	OIP5-AS1	-	-	ncRNA_exonic	OIP5-AS1	-	-	ncRNA_exonic	OIP5-AS1	-	-	-
chr15	41305473	A	G	30.2138	AD:VAF	121,9:0.0692308	4676366	chr15	41305473	A	G	+	A,R,D	ALU	-	SINE/AluSz6	ncRNA_exonic	OIP5-AS1	-	-	ncRNA_exonic	OIP5-AS1	-	-	ncRNA_exonic	OIP5-AS1	-	-	-
chr15	42532148	A	G	30.1586	AD:VAF	148,10:0.0632911	4699913	chr15	42532148	A	G	+	A,R	ALU	rs1259601675	SINE/AluSg	UTR3	SNAP23	-	-	UTR3	SNAP23	-	-	ncRNA_exonic	AC018362.1	-	-	-
chr15	42532171	A	G	29.9436	AD:VAF	193,8:0.039801	4699922	chr15	42532171	A	G	+	A,R	ALU	-	SINE/AluSg	UTR3	SNAP23	-	-	UTR3	SNAP23	-	-	ncRNA_exonic	AC018362.1	-	-	-
chr15	42532220	A	G	29.8483	AD:VAF	266,8:0.0291971	4699942	chr15	42532220	A	G	+	A,R,D	ALU	-	SINE/AluSg	UTR3	SNAP23	-	-	UTR3	SNAP23	-	-	ncRNA_intronic	AC018362.1	-	-	-
chr15	42532271	A	G	29.8938	AD:VAF	310,11:0.0342679	4699969	chr15	42532271	A	G	+	A,R	ALU	rs765866602	SINE/AluSg	UTR3	SNAP23	-	-	UTR3	SNAP23	-	-	ncRNA_intronic	AC018362.1	-	-	-
chr15	42532347	A	G	29.8245	AD:VAF	367,10:0.0265252	4700001	chr15	42532347	A	G	+	A,R,D	ALU	-	SINE/AluSg	UTR3	SNAP23	-	-	UTR3	SNAP23	-	-	ncRNA_exonic	AC018362.1	-	-	-
chr15	42532350	A	G	29.8115	AD:VAF	389,10:0.0250627	4700003	chr15	42532350	A	G	+	A,R,D	ALU	-	SINE/AluSg	UTR3	SNAP23	-	-	UTR3	SNAP23	-	-	ncRNA_exonic	AC018362.1	-	-	-
chr15	42541269	T	C	71.3609	AD:VAF	9,11:0.55	4700870	chr15	42541269	T	C	-	A,R,D	ALU	-	SINE/AluSz6	UTR3	LRRC57	-	-	UTR3	LRRC57	-	-	UTR3	LRRC57	-	-	-
chr15	42541391	T	C	22.6394	AD:VAF	19,8:0.296296	4700931	chr15	42541391	T	C	-	A,R	ALU	-	SINE/AluSz6	UTR3	LRRC57	-	-	UTR3	LRRC57	-	-	UTR3	LRRC57	-	-	-
chr15	42541463	T	C	15.7151	AD:VAF	24,10:0.294118	4700968	chr15	42541463	T	C	-	A,R	ALU	-	SINE/AluSz6	UTR3	LRRC57	-	-	UTR3	LRRC57	-	-	UTR3	LRRC57	-	-	-
chr15	42543340	T	C	30.9063	AD:VAF	55,9:0.140625	4701343	chr15	42543340	T	C	-	A,R	ALU	-	SINE/AluSz	UTR3	LRRC57	-	-	UTR3	LRRC57	-	-	UTR3	ENST00000397130.7;LRRC57	-	-	-
chr15	42543475	T	C	30.5523	AD:VAF	111,13:0.104839	4701412	chr15	42543475	T	C	-	A,R	ALU	rs1195172757	SINE/AluSz	UTR3	LRRC57	-	-	UTR3	LRRC57	-	-	UTR3	ENST00000397130.7;LRRC57	-	-	-
chr15	42544765	T	C	78.3594	AD:VAF	4,11:0.733333	4701643	chr15	42544765	T	C	-	A,R,D	ALU	-	SINE/AluSz6	intronic	AC018362.3;LRRC57	-	-	intronic	LRRC57	-	-	intronic	AC018362.3;ENST00000397130.7;LRRC57;SNAP23	-	-	-
chr15	42569407	A	G	12.0116	AD:VAF	20,9:0.310345	4702571	chr15	42569407	A	G	+	A,R,D	ALU	-	SINE/AluJb	ncRNA_exonic	AC018362.2	-	-	UTR3	HAUS2	-	-	ncRNA_exonic	AC018362.2	-	-	-
chr15	42569419	A	G	15.7151	AD:VAF	24,10:0.294118	4702575	chr15	42569419	A	G	+	A,R,D	ALU	-	SINE/AluJb	ncRNA_exonic	AC018362.2	-	-	UTR3	HAUS2	-	-	ncRNA_exonic	AC018362.2	-	-	-
chr15	43794610	A	G	29.7618	AD:VAF	554,11:0.019469	4723624	chr15	43794610	A	G	+	A,R	NONREP	-	-/-	UTR3	SERINC4	-	-	ncRNA_intronic	SERF2-C15ORF63	-	-	UTR3	SERF2;SERINC4	-	-	-
chr15	45482004	T	C	57.8951	AD:VAF	4,8:0.666667	4754593	chr15	45482004	T	C	-	A,R	REP	-	SINE/FLAM_C	ncRNA_intronic	AC025580.2	-	-	UTR3	SLC30A4	-	-	ncRNA_intronic	AC025580.2	-	-	-
chr15	45482884	T	C	24.1404	AD:VAF	15,9:0.375	4754747	chr15	45482884	T	C	-	A,R	ALU	rs1162227374	SINE/AluJr	ncRNA_intronic	AC025580.2	-	-	UTR3	SLC30A4	-	-	ncRNA_intronic	AC025580.2	-	-	-
chr15	45482889	T	C	54.282	AD:VAF	14,10:0.416667	4754748	chr15	45482889	T	C	-	A,R	ALU	-	SINE/AluJr	ncRNA_intronic	AC025580.2	-	-	UTR3	SLC30A4	-	-	ncRNA_intronic	AC025580.2	-	-	-
chr15	45482927	T	C	80.2604	AD:VAF	7,20:0.740741	4754767	chr15	45482927	T	C	-	A,R	ALU	-	SINE/AluJr	ncRNA_intronic	AC025580.2	-	-	UTR3	SLC30A4	-	-	ncRNA_intronic	AC025580.2	-	-	-
chr15	45482946	T	C	28.2332	AD:VAF	15,10:0.4	4754773	chr15	45482946	T	C	-	A,R	ALU	-	SINE/AluJr	ncRNA_intronic	AC025580.2	-	-	UTR3	SLC30A4	-	-	ncRNA_intronic	AC025580.2	-	-	-
chr15	45483010	T	C	42.1668	AD:VAF	16,10:0.384615	4754807	chr15	45483010	T	C	-	A,R	ALU	rs1419082172	SINE/AluJr	ncRNA_intronic	AC025580.2	-	-	UTR3	SLC30A4	-	-	ncRNA_intronic	AC025580.2	-	-	-
chr15	45483730	T	C	12.5837	AD:VAF	22,8:0.266667	4754893	chr15	45483730	T	C	-	A,R	ALU	-	SINE/AluSx	ncRNA_intronic	AC025580.2	-	-	UTR3	SLC30A4	-	-	ncRNA_intronic	AC025580.2	-	-	-
chr15	45483855	T	C	4.191	AD:VAF	27,8:0.228571	4754941	chr15	45483855	T	C	-	A,R	ALU	-	SINE/AluSx	ncRNA_intronic	AC025580.2	-	-	UTR3	SLC30A4	-	-	ncRNA_intronic	AC025580.2	-	-	-
chr15	50703097	T	C	30.5055	AD:VAF	72,8:0.1	4778647	chr15	50703097	T	C	-	A,R	REP	-	SINE/FAM	UTR3	SPPL2A	-	-	UTR3	SPPL2A	-	-	UTR3	ENST00000261854.9	-	-	-
chr15	50704256	T	C	30.4626	AD:VAF	3,12:0.8	4778780	chr15	50704256	T	C	-	A,R,D	ALU	-	SINE/AluSp	UTR3	SPPL2A	-	-	UTR3	SPPL2A	-	-	UTR3	ENST00000261854.9	-	-	-
chr15	50705108	T	C	9.8513	AD:VAF	38,10:0.208333	4778809	chr15	50705108	T	C	-	A,R	ALU	-	SINE/AluSg	UTR3	SPPL2A	-	-	UTR3	SPPL2A	-	-	UTR3	ENST00000261854.9	-	-	-
chr15	50705258	T	C	20.7454	AD:VAF	18,8:0.307692	4778836	chr15	50705258	T	C	-	A,R	ALU	-	SINE/AluSg	UTR3	SPPL2A	-	-	UTR3	SPPL2A	-	-	UTR3	ENST00000261854.9	-	-	-
chr15	51913074	A	G	43.3893	AD:VAF	9,8:0.470588	4788767	chr15	51913074	A	G	+	A,R,D	ALU	-	SINE/AluSx1	UTR3	TMOD3	-	-	UTR3	TMOD3	-	-	UTR3	ENST00000308580.11	-	-	-
chr15	51914502	A	G	45.3607	AD:VAF	11,9:0.45	4789089	chr15	51914502	A	G	+	A,R,D	ALU	rs1419183129	SINE/AluSz	UTR3	TMOD3	-	-	UTR3	TMOD3	-	-	UTR3	ENST00000308580.11	-	-	-
chr15	55317453	T	C	26.8605	AD:VAF	43,10:0.188679	4805491	chr15	55317453	T	C	-	A,R	ALU	-	SINE/AluSg	UTR3	PIGBOS1	-	-	UTR3	PIGBOS1	-	-	UTR3	ENST00000436697.2;PIGBOS1	-	-	-
chr15	63129011	A	G	78.093	AD:VAF	7,12:0.631579	4857072	chr15	63129011	A	G	+	A,R,D	ALU	-	SINE/AluSx1	intronic	LACTB	-	-	intronic	LACTB	-	-	intronic	ENST00000261893.8;LACTB	-	-	-
chr15	64140640	A	G	32.611	AD:VAF	31,13:0.295455	4870940	chr15	64140640	A	G	+	A,R,D	ALU	rs1057125921	SINE/AluSq2	UTR3	SNX1	-	-	UTR3	SNX1	-	-	UTR3	SNX1	-	-	-
chr15	64140645	A	G	6.14856	AD:VAF	33,10:0.232558	4870941	chr15	64140645	A	G	+	A,R,D	ALU	-	SINE/AluSq2	UTR3	SNX1	-	-	UTR3	SNX1	-	-	UTR3	SNX1	-	-	-
chr15	64140837	A	G	10.4891	AD:VAF	31,10:0.243902	4870980	chr15	64140837	A	G	+	A,R,D	ALU	-	SINE/AluSq2	UTR3	SNX1	-	-	UTR3	SNX1	-	-	UTR3	SNX1	-	-	-
chr15	64142130	A	G	30.9707	AD:VAF	46,8:0.148148	4871015	chr15	64142130	A	G	+	A,R,D	ALU	-	SINE/AluJo	UTR3	SNX1	-	-	UTR3	SNX1	-	-	UTR3	SNX1	-	-	-
chr15	64142303	A	G	23.3573	AD:VAF	33,12:0.266667	4871059	chr15	64142303	A	G	+	A,R,D	ALU	rs1007825792	SINE/AluJo	UTR3	SNX1	-	-	UTR3	SNX1	-	-	UTR3	SNX1	-	-	-
chr15	65150240	T	C	14.4943	AD:VAF	22,8:0.266667	4899370	chr15	65150240	T	C	-	A,R	ALU	rs1470725297	SINE/AluSg4	UTR3	CLPX	-	-	UTR3	CLPX	-	-	UTR3	CLPX	-	-	-
chr15	70655470	T	C	30.1423	AD:VAF	122,8:0.0615385	4941378	chr15	70655470	T	C	-	A	ALU	-	SINE/AluSx1	UTR3	UACA	-	-	UTR3	UACA	-	-	UTR3	ENST00000322954.10	-	-	-
chr15	70692587	T	C	55.3148	AD:VAF	6,8:0.571429	4941869	chr15	70692587	T	C	-	A,R,D	ALU	rs926780107	SINE/AluJb	intronic	UACA	-	-	intronic	UACA	-	-	intronic	ENST00000322954.10;UACA	-	-	-
chr15	74026790	A	G	46.3893	AD:VAF	9,8:0.470588	4966642	chr15	74026790	A	G	+	A,R	ALU	-	SINE/AluSz6	intronic	PML	-	-	intronic	PML	-	-	intronic	ENST00000268058.7;PML	-	-	-
chr15	89832187	T	C	12.3659	AD:VAF	46,15:0.245902	5087976	chr15	89832187	T	C	-	A,R,D	ALU	rs1465156466	SINE/AluJr	UTR3	AP3S2	-	-	UTR3	AP3S2;ARPIN-AP3S2	-	-	UTR3	ENST00000336418.8	-	-	-
chr15	89832640	T	C	51.227	AD:VAF	15,10:0.4	5088074	chr15	89832640	T	C	-	A,R	ALU	-	SINE/AluY	UTR3	AP3S2	-	-	UTR3	AP3S2;ARPIN-AP3S2	-	-	UTR3	ENST00000336418.8	-	-	-
chr15	89834642	T	C	29.8434	AD:VAF	373,11:0.0286458	5088118	chr15	89834642	T	C	-	A,R	ALU	-	SINE/AluSx1	UTR3	AP3S2;ARPIN-AP3S2	-	-	UTR3	AP3S2;ARPIN-AP3S2	-	-	UTR3	ARPIN-AP3S2;ENST00000336418.8	-	-	-
chr15	89834654	T	C	29.8885	AD:VAF	373,13:0.0336788	5088120	chr15	89834654	T	C	-	A,R	ALU	-	SINE/AluSx1	UTR3	AP3S2;ARPIN-AP3S2	-	-	UTR3	AP3S2;ARPIN-AP3S2	-	-	UTR3	ARPIN-AP3S2;ENST00000336418.8	-	-	-
chr15	89834717	T	C	29.8109	AD:VAF	351,9:0.025	5088131	chr15	89834717	T	C	-	A,R	ALU	-	SINE/AluSx1	UTR3	AP3S2;ARPIN-AP3S2	-	-	UTR3	AP3S2;ARPIN-AP3S2	-	-	UTR3	ARPIN-AP3S2;ENST00000336418.8	-	-	-
chr15	89899358	T	C	17.5581	AD:VAF	23,9:0.28125	5089965	chr15	89899358	T	C	-	A,R,D	ALU	-	SINE/AluSz	UTR3	ARPIN	-	-	UTR3	ARPIN	-	-	UTR3	ENST00000357484.9	-	-	-
chr15	90273625	A	G	45.1941	AD:VAF	14,9:0.391304	5096991	chr15	90273625	A	G	+	A,R,D	ALU	-	SINE/AluSx1	intronic	AC091167.6	-	-	intergenic	NGRN;GABARAPL3	-	-	UTR3	NGRN	-	-	-
chr15	90273633	A	G	15.9138	AD:VAF	17,8:0.32	5096993	chr15	90273633	A	G	+	A,R	ALU	-	SINE/AluSx1	intronic	AC091167.6	-	-	intergenic	NGRN;GABARAPL3	-	-	UTR3	NGRN	-	-	-
chr15	90273755	A	G	64.3505	AD:VAF	8,10:0.555556	5097014	chr15	90273755	A	G	+	A,R,D	ALU	-	SINE/AluSx1	intronic	AC091167.6	-	-	intergenic	NGRN;GABARAPL3	-	-	UTR3	NGRN	-	-	-
chr15	90273921	A	G	38.1513	AD:VAF	13,8:0.380952	5097044	chr15	90273921	A	G	+	A,R	ALU	-	SINE/AluSz	intronic	AC091167.6	-	-	intergenic	NGRN;GABARAPL3	-	-	UTR3	NGRN	-	-	-
chr15	90274266	A	G	53.3298	AD:VAF	13,10:0.434783	5097115	chr15	90274266	A	G	+	A,R	ALU	rs1230209974	SINE/AluSx	intronic	AC091167.6	-	-	intergenic	NGRN;GABARAPL3	-	-	UTR3	NGRN	-	-	-
chr15	90274353	A	G	40.5636	AD:VAF	3,8:0.727273	5097140	chr15	90274353	A	G	+	A,R	ALU	-	SINE/AluSx	intronic	AC091167.6	-	-	intergenic	NGRN;GABARAPL3	-	-	UTR3	NGRN	-	-	-
chr15	90276185	A	G	53.1436	AD:VAF	18,11:0.37931	5097267	chr15	90276185	A	G	+	A,R	ALU	-	SINE/AluSx	intronic	AC091167.6	-	-	intergenic	NGRN;GABARAPL3	-	-	UTR3	NGRN	-	-	-
chr15	90276186	A	G	50.0839	AD:VAF	19,11:0.366667	5097268	chr15	90276186	A	G	+	A,R,D	ALU	-	SINE/AluSx	intronic	AC091167.6	-	-	intergenic	NGRN;GABARAPL3	-	-	UTR3	NGRN	-	-	-
chr16	3660825	A	G	56.1668	AD:VAF	5,8:0.615385	5226664	chr16	3660825	A	G	+	A,R,D	ALU	-	SINE/AluJb	UTR3	DNASE1	-	-	intronic	TRAP1	-	-	UTR3	DNASE1	-	-	-
chr16	3660826	A	G	56.1668	AD:VAF	5,8:0.615385	5226665	chr16	3660826	A	G	+	A,R,D	ALU	-	SINE/AluJb	UTR3	DNASE1	-	-	intronic	TRAP1	-	-	UTR3	DNASE1	-	-	-
chr16	9104214	A	G	30.8551	AD:VAF	51,8:0.135593	5289806	chr16	9104214	A	G	+	A,R,D	ALU	rs1432151059	SINE/AluSp	intronic	C16orf72	-	-	intronic	C16orf72	-	-	UTR3	C16orf72	-	-	-
chr16	10529687	T	C	26.6562	AD:VAF	21,9:0.3	5300957	chr16	10529687	T	C	-	A,R,D	ALU	-	SINE/AluSp	ncRNA_exonic	AC027277.1	-	-	UTR3	EMP2	-	-	ncRNA_exonic	AC027277.1	-	-	-
chr16	11834868	T	C	30.584	AD:VAF	66,8:0.108108	5322573	chr16	11834868	T	C	-	A,R,D	ALU	-	SINE/AluJr	UTR3	RSL1D1	-	-	UTR3	RSL1D1	-	-	UTR3	ENST00000571133.5	-	-	-
chr16	11835002	T	C	30.0734	AD:VAF	140,8:0.0540541	5322597	chr16	11835002	T	C	-	A,R,D	ALU	-	SINE/AluJr	UTR3	RSL1D1	-	-	UTR3	RSL1D1	-	-	UTR3	ENST00000571133.5	-	-	-
chr16	11835029	T	C	30.3513	AD:VAF	142,13:0.083871	5322602	chr16	11835029	T	C	-	A,R,D	ALU	rs540356105	SINE/AluJr	UTR3	RSL1D1	-	-	UTR3	RSL1D1	-	-	UTR3	ENST00000571133.5	-	-	-
chr16	11835346	T	C	30.7091	AD:VAF	66,16:0.195122	5322648	chr16	11835346	T	C	-	A,R,D	ALU	-	SINE/AluSx1	UTR3	RSL1D1	-	-	UTR3	RSL1D1	-	-	UTR3	ENST00000571133.5	-	-	-
chr16	11837623	T	C	29.7295	AD:VAF	498,8:0.0158103	5322856	chr16	11837623	T	C	-	A,R,D	ALU	rs1393683030	SINE/AluSc	UTR3	RSL1D1	-	-	UTR3	RSL1D1	-	-	UTR3	ENST00000571133.5	-	-	-
chr16	12661106	T	C	49.1666	AD:VAF	16,10:0.384615	5334212	chr16	12661106	T	C	-	A,R	ALU	-	SINE/AluJr	UTR3	CPPED1	-	-	UTR3	CPPED1	-	-	UTR3	ENST00000381774.8	-	-	-
chr16	13948576	A	G	63.7556	AD:VAF	5,11:0.6875	5340112	chr16	13948576	A	G	+	A,R,D	NONREP	-	-/-	UTR3	ERCC4	-	-	UTR3	ERCC4	-	-	UTR3	ERCC4	-	-	-
chr16	13948692	A	G	68.2949	AD:VAF	8,11:0.578947	5340145	chr16	13948692	A	G	+	A,R,D	NONREP	-	-/-	UTR3	ERCC4	-	-	UTR3	ERCC4	-	-	UTR3	ERCC4	-	-	-
chr16	19120105	A	G	30.1337	AD:VAF	217,14:0.0606061	5397225	chr16	19120105	A	G	+	A,R	ALU	rs1033019454	SINE/AluJo	ncRNA_exonic	AC099518.5;AC099518.3	-	-	UTR3	ITPRIPL2	-	-	ncRNA_exonic	AC099518.5;AC099518.3	-	-	-
chr16	19120113	A	G	30.0853	AD:VAF	256,15:0.0553506	5397228	chr16	19120113	A	G	+	A	ALU	rs57236534	SINE/AluJo	ncRNA_exonic	AC099518.3;AC099518.5	-	-	UTR3	ITPRIPL2	-	-	ncRNA_exonic	AC099518.3;AC099518.5	-	-	-
chr16	29834402	A	G	33.8943	AD:VAF	18,9:0.333333	5537295	chr16	29834402	A	G	+	A,R,D	ALU	rs1405412694	SINE/AluJr	intronic	MVP	-	-	intronic	MVP	-	-	intronic	ENST00000357402.9;MVP	-	-	-
chr16	30917429	T	C	41.2272	AD:VAF	12,8:0.4	5571832	chr16	30917429	T	C	-	A,R	ALU	rs1220159766	SINE/AluJr	intergenic	CTF1;FBXL19-AS1	-	-	intergenic	CTF1;FBXL19-AS1	-	-	intergenic	CTF2P;FBXL19-AS1	-	-	-
chr16	30920609	T	C	41.1942	AD:VAF	14,9:0.391304	5572323	chr16	30920609	T	C	-	A,R	ALU	-	SINE/AluSg	ncRNA_exonic	FBXL19-AS1	-	-	ncRNA_exonic	FBXL19-AS1	-	-	ncRNA_exonic	FBXL19-AS1	-	-	-
chr16	30921518	T	C	39.3853	AD:VAF	7,8:0.533333	5572442	chr16	30921518	T	C	-	A,R,D	ALU	rs1380897653	SINE/AluJr	ncRNA_exonic	FBXL19-AS1	-	-	ncRNA_exonic	FBXL19-AS1	-	-	ncRNA_exonic	FBXL19-AS1	-	-	-
chr16	31040790	A	G	48.385	AD:VAF	7,8:0.533333	5575628	chr16	31040790	A	G	+	A,R,D	ALU	-	SINE/AluJb	downstream	STX4	-	-	downstream	STX4	-	-	downstream	ENST00000313843.7;STX4	-	-	-
chr16	31040845	A	G	50.3148	AD:VAF	12,9:0.428571	5575645	chr16	31040845	A	G	+	A,R	ALU	-	SINE/AluJb	downstream	STX4	-	-	downstream	STX4	-	-	downstream	ENST00000313843.7;STX4	-	-	-
chr16	31040913	A	G	74.3964	AD:VAF	11,12:0.521739	5575662	chr16	31040913	A	G	+	A,R	ALU	-	SINE/AluJb	downstream	STX4	-	-	downstream	STX4	-	-	downstream	ENST00000313843.7;STX4	-	-	-
chr16	31090896	T	C	29.6904	AD:VAF	696,8:0.0113636	5578184	chr16	31090896	T	C	-	A,R	NONREP	rs1219179297	-/-	UTR3	VKORC1	-	-	UTR3	VKORC1	-	-	UTR3	ENST00000394975.2;VKORC1	-	-	-
chr16	31123356	A	G	3.09003	AD:VAF	31,9:0.225	5579752	chr16	31123356	A	G	+	A,R,D	ALU	rs1450407117	SINE/AluSz	ncRNA_intronic	AC135050.6	-	-	intronic	KAT8	-	-	ncRNA_intronic	AC135050.6	-	-	-
chr16	31123406	A	G	8.71042	AD:VAF	31,10:0.243902	5579765	chr16	31123406	A	G	+	A,R,D	ALU	-	SINE/AluSz	ncRNA_intronic	AC135050.6	-	-	intronic	KAT8	-	-	ncRNA_intronic	AC135050.6	-	-	-
chr16	31123443	A	G	31.0315	AD:VAF	43,8:0.156863	5579772	chr16	31123443	A	G	+	A,R	ALU	-	SINE/AluSz	ncRNA_intronic	AC135050.6	-	-	intronic	KAT8	-	-	ncRNA_intronic	AC135050.6	-	-	-
chr16	31123746	A	G	10.0941	AD:VAF	21,9:0.3	5579831	chr16	31123746	A	G	+	A,R,D	ALU	-	SINE/AluSz6	ncRNA_exonic	AC135050.6	-	-	intronic	KAT8	-	-	ncRNA_exonic	AC135050.6	-	-	-
chr16	48352500	A	G	30.1295	AD:VAF	125,8:0.0601504	5604680	chr16	48352500	A	G	+	A,R	ALU	-	SINE/AluSz6	UTR3	LONP2	-	-	UTR3	LONP2	-	-	UTR3	ENST00000285737.8	-	-	-
chr16	48353296	A	G	30.0981	AD:VAF	133,8:0.0567376	5604750	chr16	48353296	A	G	+	A,R	ALU	-	SINE/AluJb	UTR3	LONP2	-	-	UTR3	LONP2	-	-	UTR3	ENST00000285737.8	-	-	-
chr16	48353304	A	G	30.2489	AD:VAF	127,10:0.0729927	5604752	chr16	48353304	A	G	+	A,R	ALU	-	SINE/AluJb	UTR3	LONP2	-	-	UTR3	LONP2	-	-	UTR3	ENST00000285737.8	-	-	-
chr16	48353359	A	G	31.3224	AD:VAF	77,17:0.180851	5604782	chr16	48353359	A	G	+	A,R	ALU	-	SINE/AluJb	UTR3	LONP2	-	-	UTR3	LONP2	-	-	UTR3	ENST00000285737.8	-	-	-
chr16	48353443	A	G	21.3857	AD:VAF	30,11:0.268293	5604803	chr16	48353443	A	G	+	A,R	ALU	-	SINE/AluJb	UTR3	LONP2	-	-	UTR3	LONP2	-	-	UTR3	ENST00000285737.8	-	-	-
chr16	48354406	A	G	8.62342	AD:VAF	45,14:0.237288	5604866	chr16	48354406	A	G	+	A,R,D	ALU	-	SINE/AluSz	UTR3	LONP2	-	-	UTR3	LONP2	-	-	UTR3	ENST00000285737.8	-	-	-
chr16	50105417	A	G	69.5633	AD:VAF	4,10:0.714286	5611422	chr16	50105417	A	G	+	A,R,D	ALU	-	SINE/AluSz	ncRNA_intronic	AC007610.3	-	-	UTR3	HEATR3	-	-	ncRNA_intronic	AC007610.2	-	-	-
chr16	50105615	A	G	31.0389	AD:VAF	51,10:0.163934	5611475	chr16	50105615	A	G	+	A,R,D	ALU	rs532010759	SINE/AluSx1	ncRNA_intronic	AC007610.3	-	-	UTR3	HEATR3	-	-	ncRNA_intronic	AC007610.2	-	-	-
chr16	66887698	A	G	59.4044	AD:VAF	10,10:0.5	5678071	chr16	66887698	A	G	+	A,R,D	ALU	-	SINE/AluSp	UTR3	PDP2	-	-	UTR3	PDP2	-	-	UTR3	ENST00000311765.3	-	-	-
chr16	67683053	T	C	54.3923	AD:VAF	10,9:0.473684	5699298	chr16	67683053	T	C	-	A,R,D	ALU	-	SINE/AluJb	UTR3	GFOD2	-	-	UTR3	GFOD2	-	-	UTR3	GFOD2	-	-	-
chr16	69356611	T	C	49.8069	AD:VAF	36,17:0.320755	5740203	chr16	69356611	T	C	-	A,D	ALU	rs1292447525	SINE/AluY	UTR3	TERF2	-	-	UTR3	TERF2	-	-	UTR3	ENST00000254942.7;TERF2	-	-	-
chr16	69710257	T	C	29.7246	AD:VAF	710,11:0.0152566	5749106	chr16	69710257	T	C	-	A,R	ALU	-	SINE/AluSx1	ncRNA_exonic	AC092115.3	-	-	UTR3	NQO1	-	-	ncRNA_exonic	AC092115.2	-	-	-
chr16	70249181	T	C	21.3539	AD:VAF	35,8:0.186047	5761431	chr16	70249181	T	C	-	A,R	ALU	-	SINE/AluSz	UTR3	EXOSC6	-	-	UTR3	EXOSC6	-	-	UTR3	ENST00000435634.2	-	-	-
chr16	70249335	T	C	78.3151	AD:VAF	9,12:0.571429	5761458	chr16	70249335	T	C	-	A,R,D	ALU	-	SINE/AluSz	UTR3	EXOSC6	-	-	UTR3	EXOSC6	-	-	UTR3	ENST00000435634.2	-	-	-
chr16	70576982	A	G	56.385	AD:VAF	16,14:0.466667	5775167	chr16	70576982	A	G	+	A,R,D	ALU	-	SINE/AluJo	UTR3	SF3B3	-	-	UTR3	SF3B3	-	-	UTR3	ENST00000302516.9	-	-	-
chr16	70717771	T	C	94.7002	AD:VAF	3,16:0.842105	5777041	chr16	70717771	T	C	-	A,R,D	ALU	-	SINE/AluJb	intronic	VAC14	-	-	intronic	VAC14	-	-	intronic	ENST00000261776.9;VAC14	-	-	-
chr16	80980783	T	C	30.3584	AD:VAF	119,11:0.0846154	5849108	chr16	80980783	T	C	-	A,R	ALU	-	SINE/AluJr	UTR3	CMC2	-	-	intronic	CMC2	-	-	UTR3	CMC2	-	-	-
chr16	89563618	A	G	30.8327	AD:VAF	52,8:0.133333	5918884	chr16	89563618	A	G	+	A,R	ALU	-	SINE/AluJb	UTR3	RPL13	-	-	UTR3	RPL13	-	-	UTR3	RPL13	-	-	-
chr16	89687638	A	G	83.3421	AD:VAF	4,13:0.764706	5921843	chr16	89687638	A	G	+	A,R,D	ALU	-	SINE/AluJb	intronic	CDK10	-	-	intronic	CDK10	-	-	exonic	CDK10	nonsynonymous SNV	CDK10:ENST00000502547.5:exon2:c.A137G:p.Q46R,CDK10:ENST00000512912.5:exon2:c.A137G:p.Q46R	-
chr17	516429	T	C	30.4385	AD:VAF	78,8:0.0930233	5939046	chr17	516429	T	C	-	A,R,D	ALU	rs1326272959	SINE/AluSc	UTR3	VPS53	-	-	UTR3	VPS53	-	-	UTR3	ENST00000437048.6	-	-	-
chr17	516451	T	C	31.1297	AD:VAF	67,13:0.1625	5939053	chr17	516451	T	C	-	A,R,D	ALU	-	SINE/AluSc	UTR3	VPS53	-	-	UTR3	VPS53	-	-	UTR3	ENST00000437048.6	-	-	-
chr17	517580	T	C	30.3462	AD:VAF	110,10:0.0833333	5939111	chr17	517580	T	C	-	A,R,D	ALU	-	SINE/AluSx1	exonic	VPS53	nonsynonymous SNV	VPS53:ENST00000574029.5:exon4:c.A266G:p.H89R	UTR3	VPS53	-	-	exonic	VPS53	nonsynonymous SNV	VPS53:ENST00000574029.5:exon4:c.A266G:p.H89R	-
chr17	517592	T	C	30.3611	AD:VAF	97,9:0.0849057	5939115	chr17	517592	T	C	-	A,R	ALU	-	SINE/AluSx1	exonic	VPS53	nonsynonymous SNV	VPS53:ENST00000574029.5:exon4:c.A254G:p.E85G	UTR3	VPS53	-	-	exonic	VPS53	nonsynonymous SNV	VPS53:ENST00000574029.5:exon4:c.A254G:p.E85G	-
chr17	517657	T	C	31.3141	AD:VAF	91,20:0.18018	5939131	chr17	517657	T	C	-	A,R,D	ALU	-	SINE/AluSx1	UTR3	VPS53	-	-	UTR3	VPS53	-	-	UTR3	ENST00000437048.6	-	-	-
chr17	800033	T	C	29.7534	AD:VAF	636,12:0.0185185	5945061	chr17	800033	T	C	-	A	ALU	-	SINE/AluSx1	UTR3	NXN	-	-	UTR3	NXN	-	-	UTR3	ENST00000336868.7;NXN	-	-	-
chr17	800034	T	C	29.7476	AD:VAF	605,11:0.0178571	5945062	chr17	800034	T	C	-	A,R,D	ALU	-	SINE/AluSx1	UTR3	NXN	-	-	UTR3	NXN	-	-	UTR3	ENST00000336868.7;NXN	-	-	-
chr17	1465024	T	C	29.7467	AD:VAF	719,13:0.0177596	5961155	chr17	1465024	T	C	-	A,R	ALU	-	SINE/AluSx	UTR3	MYO1C	-	-	UTR3	MYO1C	-	-	UTR3	ENST00000359786.10;ENST00000438665.6;MYO1C	-	-	-
chr17	1465084	T	C	29.7138	AD:VAF	984,14:0.0140281	5961171	chr17	1465084	T	C	-	A,R	ALU	-	SINE/AluSx	UTR3	MYO1C	-	-	UTR3	MYO1C	-	-	UTR3	ENST00000359786.10;ENST00000438665.6;MYO1C	-	-	-
chr17	5025000	A	G	30.8578	AD:VAF	70,11:0.135802	6030298	chr17	5025000	A	G	+	A,R,D	ALU	-	SINE/AluSz	UTR3	KIF1C	-	-	UTR3	KIF1C	-	-	UTR3	ENST00000320785.9	-	-	-
chr17	5025012	A	G	30.6133	AD:VAF	80,10:0.111111	6030301	chr17	5025012	A	G	+	A,R	ALU	-	SINE/AluSz	UTR3	KIF1C	-	-	UTR3	KIF1C	-	-	UTR3	ENST00000320785.9	-	-	-
chr17	5025061	A	G	30.6591	AD:VAF	84,11:0.115789	6030309	chr17	5025061	A	G	+	A,R	ALU	-	SINE/AluSz	UTR3	KIF1C	-	-	UTR3	KIF1C	-	-	UTR3	ENST00000320785.9	-	-	-
chr17	5025068	A	G	30.2527	AD:VAF	101,8:0.0733945	6030310	chr17	5025068	A	G	+	A,R,D	ALU	-	SINE/AluSz	UTR3	KIF1C	-	-	UTR3	KIF1C	-	-	UTR3	ENST00000320785.9	-	-	-
chr17	5025109	A	G	30.3175	AD:VAF	126,11:0.080292	6030319	chr17	5025109	A	G	+	A,R,D	ALU	-	SINE/AluSz	UTR3	KIF1C	-	-	UTR3	KIF1C	-	-	UTR3	ENST00000320785.9	-	-	-
chr17	5025121	A	G	31.1331	AD:VAF	108,21:0.162791	6030321	chr17	5025121	A	G	+	A,R,D	ALU	-	SINE/AluSz	UTR3	KIF1C	-	-	UTR3	KIF1C	-	-	UTR3	ENST00000320785.9	-	-	-
chr17	5025150	A	G	30.0095	AD:VAF	162,8:0.0470588	6030328	chr17	5025150	A	G	+	A,R	ALU	-	SINE/AluSz	UTR3	KIF1C	-	-	UTR3	KIF1C	-	-	UTR3	ENST00000320785.9	-	-	-
chr17	5025681	A	G	30.0469	AD:VAF	68,16:0.190476	6030380	chr17	5025681	A	G	+	A,R,D	ALU	-	SINE/AluY	UTR3	KIF1C	-	-	UTR3	KIF1C	-	-	UTR3	ENST00000320785.9	-	-	-
chr17	5026494	A	G	30.6655	AD:VAF	129,17:0.116438	6030419	chr17	5026494	A	G	+	A,R,D	ALU	-	SINE/AluJb	UTR3	KIF1C	-	-	UTR3	KIF1C	-	-	UTR3	ENST00000320785.9	-	-	-
chr17	5026564	A	G	30.0872	AD:VAF	136,8:0.0555556	6030437	chr17	5026564	A	G	+	A,R	ALU	-	SINE/AluJb	UTR3	KIF1C	-	-	UTR3	KIF1C	-	-	UTR3	ENST00000320785.9	-	-	-
chr17	5026566	A	G	31.1497	AD:VAF	122,24:0.164384	6030438	chr17	5026566	A	G	+	A,R,D	ALU	-	SINE/AluJb	UTR3	KIF1C	-	-	UTR3	KIF1C	-	-	UTR3	ENST00000320785.9	-	-	-
chr17	5026629	A	G	30.859	AD:VAF	89,14:0.135922	6030467	chr17	5026629	A	G	+	A,R,D	ALU	-	SINE/AluJb	UTR3	KIF1C	-	-	UTR3	KIF1C	-	-	UTR3	ENST00000320785.9	-	-	-
chr17	5026659	A	G	30.9479	AD:VAF	65,11:0.144737	6030476	chr17	5026659	A	G	+	A,R,D	ALU	-	SINE/AluJb	UTR3	KIF1C	-	-	UTR3	KIF1C	-	-	UTR3	ENST00000320785.9	-	-	-
chr17	5026816	A	G	31.0619	AD:VAF	54,11:0.169231	6030502	chr17	5026816	A	G	+	A,R,D	ALU	rs912442335	SINE/AluJr	UTR3	KIF1C	-	-	UTR3	KIF1C	-	-	UTR3	ENST00000320785.9	-	-	-
chr17	5027126	A	G	30.3717	AD:VAF	85,8:0.0860215	6030533	chr17	5027126	A	G	+	A,R	ALU	rs1339584638	SINE/AluSx1	UTR3	KIF1C	-	-	UTR3	KIF1C	-	-	UTR3	ENST00000320785.9	-	-	-
chr17	5027150	A	G	30.6911	AD:VAF	74,10:0.119048	6030538	chr17	5027150	A	G	+	A,R	ALU	-	SINE/AluSx1	UTR3	KIF1C	-	-	UTR3	KIF1C	-	-	UTR3	ENST00000320785.9	-	-	-
chr17	5027193	A	G	30.4897	AD:VAF	110,12:0.0983607	6030550	chr17	5027193	A	G	+	A,R,D	ALU	rs1302290536	SINE/AluSx1	UTR3	KIF1C	-	-	UTR3	KIF1C	-	-	UTR3	ENST00000320785.9	-	-	-
chr17	5027206	A	G	30.9412	AD:VAF	101,17:0.144068	6030556	chr17	5027206	A	G	+	A,R,D	ALU	-	SINE/AluSx1	UTR3	KIF1C	-	-	UTR3	KIF1C	-	-	UTR3	ENST00000320785.9	-	-	-
chr17	5027258	A	G	30.6773	AD:VAF	105,14:0.117647	6030571	chr17	5027258	A	G	+	A,R,D	ALU	-	SINE/AluSx1	UTR3	KIF1C	-	-	UTR3	KIF1C	-	-	UTR3	ENST00000320785.9	-	-	-
chr17	5027268	A	G	31.1225	AD:VAF	114,22:0.161765	6030576	chr17	5027268	A	G	+	A,R,D	ALU	rs758378433	SINE/AluSx1	UTR3	KIF1C	-	-	UTR3	KIF1C	-	-	UTR3	ENST00000320785.9	-	-	-
chr17	5027310	A	G	30.2004	AD:VAF	110,8:0.0677966	6030590	chr17	5027310	A	G	+	A,R,D	ALU	-	SINE/AluSx1	UTR3	KIF1C	-	-	UTR3	KIF1C	-	-	UTR3	ENST00000320785.9	-	-	-
chr17	5027391	A	G	30.2796	AD:VAF	109,9:0.0762712	6030620	chr17	5027391	A	G	+	A,R	ALU	-	SINE/AluSx1	UTR3	KIF1C	-	-	UTR3	KIF1C	-	-	UTR3	ENST00000320785.9	-	-	-
chr17	5027435	A	G	30.2489	AD:VAF	127,10:0.0729927	6030640	chr17	5027435	A	G	+	A,R,D	REP	-	SINE/FLAM_A	UTR3	KIF1C	-	-	UTR3	KIF1C	-	-	UTR3	ENST00000320785.9	-	-	-
chr17	5027450	A	G	30.3088	AD:VAF	116,10:0.0793651	6030650	chr17	5027450	A	G	+	A,R,D	REP	-	SINE/FLAM_A	UTR3	KIF1C	-	-	UTR3	KIF1C	-	-	UTR3	ENST00000320785.9	-	-	-
chr17	5027729	A	G	30.0006	AD:VAF	207,10:0.046083	6030691	chr17	5027729	A	G	+	A,R,D	ALU	-	SINE/AluJr	UTR3	KIF1C	-	-	UTR3	KIF1C	-	-	UTR3	ENST00000320785.9	-	-	-
chr17	5027764	A	G	30.4001	AD:VAF	174,17:0.0890052	6030701	chr17	5027764	A	G	+	A,R	ALU	-	SINE/AluJr	UTR3	KIF1C	-	-	UTR3	KIF1C	-	-	UTR3	ENST00000320785.9	-	-	-
chr17	5027795	A	G	29.9436	AD:VAF	193,8:0.039801	6030714	chr17	5027795	A	G	+	A,R	ALU	-	SINE/AluJr	UTR3	KIF1C	-	-	UTR3	KIF1C	-	-	UTR3	ENST00000320785.9	-	-	-
chr17	5027801	A	G	29.9665	AD:VAF	181,8:0.042328	6030719	chr17	5027801	A	G	+	A,R	ALU	-	SINE/AluJr	UTR3	KIF1C	-	-	UTR3	KIF1C	-	-	UTR3	ENST00000320785.9	-	-	-
chr17	5027818	A	G	30.0252	AD:VAF	156,8:0.0487805	6030728	chr17	5027818	A	G	+	A,R	ALU	-	SINE/AluJr	UTR3	KIF1C	-	-	UTR3	KIF1C	-	-	UTR3	ENST00000320785.9	-	-	-
chr17	5027820	A	G	30.1975	AD:VAF	152,11:0.0674847	6030730	chr17	5027820	A	G	+	A,R	ALU	-	SINE/AluJr	UTR3	KIF1C	-	-	UTR3	KIF1C	-	-	UTR3	ENST00000320785.9	-	-	-
chr17	5027824	A	G	30.1141	AD:VAF	161,10:0.0584795	6030733	chr17	5027824	A	G	+	A,R	ALU	-	SINE/AluJr	UTR3	KIF1C	-	-	UTR3	KIF1C	-	-	UTR3	ENST00000320785.9	-	-	-
chr17	5027826	A	G	30.2506	AD:VAF	152,12:0.0731707	6030735	chr17	5027826	A	G	+	A,R,D	ALU	-	SINE/AluJr	UTR3	KIF1C	-	-	UTR3	KIF1C	-	-	UTR3	ENST00000320785.9	-	-	-
chr17	5027851	A	G	30.4991	AD:VAF	136,15:0.0993377	6030746	chr17	5027851	A	G	+	A,R,D	ALU	-	SINE/AluJr	UTR3	KIF1C	-	-	UTR3	KIF1C	-	-	UTR3	ENST00000320785.9	-	-	-
chr17	7668686	T	C	30.3147	AD:VAF	161,14:0.08	6071225	chr17	7668686	T	C	-	A,R,D	ALU	-	SINE/AluJb	UTR3	TP53	-	-	UTR3	TP53	-	-	UTR3	TP53	-	-	-
chr17	16383008	A	G	31.3583	AD:VAF	84,19:0.184466	6133647	chr17	16383008	A	G	+	A,R,D	ALU	rs1264252851	SINE/AluSc	upstream	AC093484.3;UBB	-	-	downstream	UBB	-	-	upstream	AC093484.3;ENST00000302182.7;UBB	-	-	-
chr17	16383055	A	G	5.61005	AD:VAF	53,15:0.220588	6133660	chr17	16383055	A	G	+	A,R,D	ALU	-	SINE/AluSc	upstream	AC093484.3;UBB	-	-	downstream	UBB	-	-	upstream	AC093484.3;ENST00000302182.7;UBB	-	-	-
chr17	16383148	A	G	19.1723	AD:VAF	60,16:0.210526	6133684	chr17	16383148	A	G	+	A,R	ALU	-	SINE/AluSc	upstream	AC093484.3;UBB	-	-	downstream	UBB	-	-	upstream	AC093484.3;ENST00000302182.7;UBB	-	-	-
chr17	16383782	A	G	30.7899	AD:VAF	54,8:0.129032	6133724	chr17	16383782	A	G	+	A,R	ALU	-	SINE/AluSz	intergenic	UBB;AC093484.2	-	-	intergenic	UBB;TRPV2	-	-	intergenic	UBB;FTLP12	-	-	-
chr17	16383794	A	G	6.97435	AD:VAF	45,14:0.237288	6133727	chr17	16383794	A	G	+	A,R,D	ALU	rs1224088243	SINE/AluSz	intergenic	UBB;AC093484.2	-	-	intergenic	UBB;TRPV2	-	-	intergenic	UBB;FTLP12	-	-	-
chr17	16383807	A	G	30.8412	AD:VAF	71,11:0.134146	6133729	chr17	16383807	A	G	+	A,R	ALU	-	SINE/AluSz	intergenic	UBB;AC093484.2	-	-	intergenic	UBB;TRPV2	-	-	intergenic	UBB;FTLP12	-	-	-
chr17	16383879	A	G	30.9864	AD:VAF	86,15:0.148515	6133745	chr17	16383879	A	G	+	A,R,D	ALU	-	SINE/AluSz	intergenic	UBB;AC093484.2	-	-	intergenic	UBB;TRPV2	-	-	intergenic	UBB;FTLP12	-	-	-
chr17	17186661	A	G	30.584	AD:VAF	66,8:0.108108	6140613	chr17	17186661	A	G	+	A,R	ALU	rs1228977170	SINE/AluJb	UTR3	MPRIP	-	-	UTR3	MPRIP	-	-	UTR3	MPRIP	-	-	-
chr17	17213540	T	C	30.1899	AD:VAF	140,10:0.0666667	6142195	chr17	17213540	T	C	-	A,R	NONREP	-	-/-	UTR3	FLCN	-	-	UTR3	FLCN	-	-	UTR3	ENST00000285071.8	-	-	-
chr17	18274116	T	C	49.3148	AD:VAF	12,9:0.428571	6156308	chr17	18274116	T	C	-	A,R,D	ALU	-	SINE/AluSx3	UTR3	TOP3A	-	-	UTR3	TOP3A	-	-	UTR3	ENST00000321105.9;TOP3A	-	-	-
chr17	20314506	A	G	30.75	AD:VAF	77,11:0.125	6184213	chr17	20314506	A	G	+	A,R	ALU	-	SINE/AluJo	ncRNA_intronic	AC004702.1	-	-	UTR3	SPECC1	-	-	ncRNA_intronic	AC004702.1	-	-	-
chr17	38848421	T	C	30.901	AD:VAF	42,8:0.16	6350026	chr17	38848421	T	C	-	A,R	ALU	-	SINE/AluSx	UTR3	RPL23	-	-	UTR3	RPL23	-	-	UTR3	ENST00000479035.6	-	-	-
chr17	38849515	T	C	30.0981	AD:VAF	133,8:0.0567376	6350088	chr17	38849515	T	C	-	A,R,D	ALU	rs1221362071	SINE/AluSg	UTR3	RPL23	-	-	UTR3	RPL23	-	-	UTR3	ENST00000479035.6	-	-	-
chr17	43218429	A	G	4.04633	AD:VAF	34,10:0.227273	6433893	chr17	43218429	A	G	+	A,R	ALU	-	SINE/AluSz	UTR3	TMEM106A	-	-	UTR3	TMEM106A	-	-	UTR3	TMEM106A	-	-	-
chr17	44178558	T	C	111.415	AD:VAF	0,11:1	6454127	chr17	44178558	T	C	-	A,R,D	ALU	-	SINE/AluSx	ncRNA_intronic	ASB16-AS1	-	-	ncRNA_intronic	ASB16-AS1	-	-	ncRNA_intronic	ASB16-AS1;ENST00000585457.5;ENST00000588785.5	-	-	-
chr17	44799362	T	C	30.7323	AD:VAF	41,8:0.163265	6467582	chr17	44799362	T	C	-	A,R	ALU	-	SINE/AluSz	UTR3	GJC1	-	-	UTR3	GJC1	-	-	UTR3	GJC1	-	-	-
chr17	44801741	T	C	46.3504	AD:VAF	10,8:0.444444	6467891	chr17	44801741	T	C	-	A,R,D	ALU	-	SINE/AluSx1	UTR3	GJC1	-	-	UTR3	GJC1	-	-	UTR3	GJC1	-	-	-
chr17	48864316	A	G	20.6532	AD:VAF	19,8:0.296296	6526688	chr17	48864316	A	G	+	A,R,D	ALU	-	SINE/AluSx	UTR3	CALCOCO2	-	-	UTR3	CALCOCO2	-	-	UTR3	CALCOCO2	-	-	-
chr17	48864325	A	G	27.8995	AD:VAF	16,8:0.333333	6526690	chr17	48864325	A	G	+	A,R	ALU	rs940328471	SINE/AluSx	UTR3	CALCOCO2	-	-	UTR3	CALCOCO2	-	-	UTR3	CALCOCO2	-	-	-
chr17	50090785	A	G	48.8443	AD:VAF	31,15:0.326087	6544337	chr17	50090785	A	G	+	A,R	ALU	-	SINE/AluSx	downstream	ITGA3	-	-	downstream	ITGA3	-	-	downstream	ENST00000320031.12;ITGA3	-	-	-
chr17	50090826	A	G	13.429	AD:VAF	29,10:0.25641	6544348	chr17	50090826	A	G	+	A,R	ALU	-	SINE/AluSx	downstream	ITGA3	-	-	downstream	ITGA3	-	-	downstream	ENST00000320031.12;ITGA3	-	-	-
chr17	50092804	A	G	44.4224	AD:VAF	4,11:0.733333	6544389	chr17	50092804	A	G	+	A,R	ALU	-	SINE/AluJo	intergenic	ITGA3;AC002401.4	-	-	intergenic	ITGA3;PDK2	-	-	intergenic	ITGA3;AC002401.4	-	-	-
chr17	50093843	A	G	61.2271	AD:VAF	21,14:0.4	6544424	chr17	50093843	A	G	+	A,R	ALU	-	SINE/AluSz	upstream	AC002401.4;PDK2	-	-	upstream	PDK2	-	-	upstream	AC002401.4;PDK2	-	-	-
chr17	50093874	A	G	55.385	AD:VAF	16,14:0.466667	6544429	chr17	50093874	A	G	+	A,R	ALU	-	SINE/AluSz	upstream	AC002401.4;PDK2	-	-	upstream	PDK2	-	-	upstream	AC002401.4;PDK2	-	-	-
chr17	50093898	A	G	35.3903	AD:VAF	9,8:0.470588	6544437	chr17	50093898	A	G	+	A,R,D	ALU	-	SINE/AluSz	upstream	AC002401.4;PDK2	-	-	upstream	PDK2	-	-	upstream	AC002401.4;PDK2	-	-	-
chr17	50964385	T	C	53.0982	AD:VAF	29,17:0.369565	6556798	chr17	50964385	T	C	-	A,R,D	ALU	rs1466189671	SINE/AluSx	UTR3	SPAG9	-	-	UTR3	SPAG9	-	-	UTR3	ENST00000262013.11;SPAG9	-	-	268;16
chr17	50964816	T	C	30.5784	AD:VAF	83,10:0.107527	6556858	chr17	50964816	T	C	-	A,R,D	ALU	-	SINE/AluJb	UTR3	SPAG9	-	-	UTR3	SPAG9	-	-	UTR3	ENST00000262013.11;SPAG9	-	-	-
chr17	50964881	T	C	31.1151	AD:VAF	46,9:0.163636	6556870	chr17	50964881	T	C	-	A,R,D	ALU	-	SINE/AluJb	UTR3	SPAG9	-	-	UTR3	SPAG9	-	-	UTR3	ENST00000262013.11;SPAG9	-	-	-
chr17	50964885	T	C	16.0117	AD:VAF	42,13:0.236364	6556871	chr17	50964885	T	C	-	A,R,D	ALU	-	SINE/AluJb	UTR3	SPAG9	-	-	UTR3	SPAG9	-	-	UTR3	ENST00000262013.11;SPAG9	-	-	-
chr17	50964916	T	C	48.4043	AD:VAF	8,8:0.5	6556875	chr17	50964916	T	C	-	A,R,D	ALU	-	SINE/AluJb	UTR3	SPAG9	-	-	UTR3	SPAG9	-	-	UTR3	ENST00000262013.11;SPAG9	-	-	-
chr17	50965007	T	C	55.9822	AD:VAF	8,15:0.652174	6556912	chr17	50965007	T	C	-	A,R,D	ALU	rs1460053780	SINE/AluJb	UTR3	SPAG9	-	-	UTR3	SPAG9	-	-	UTR3	ENST00000262013.11;SPAG9	-	-	-
chr17	64471694	A	G	85.1513	AD:VAF	8,13:0.619048	6667222	chr17	64471694	A	G	+	A,R	ALU	rs1197507364	SINE/AluJo	intergenic	MILR1;POLG2	-	-	intronic	MILR1	-	-	intergenic	MILR1;ENST00000539111.6	-	-	-
chr17	64471718	A	G	27.8084	AD:VAF	17,8:0.32	6667233	chr17	64471718	A	G	+	A,R	ALU	-	SINE/AluJo	intergenic	MILR1;POLG2	-	-	intronic	MILR1	-	-	intergenic	MILR1;ENST00000539111.6	-	-	-
chr17	64522050	A	G	53.227	AD:VAF	18,12:0.4	6669660	chr17	64522050	A	G	+	A,R	ALU	rs1214538776	SINE/AluSg	intronic	CEP95	-	-	intronic	CEP95	-	-	intronic	CEP95;ENST00000556440.6	-	-	-
chr17	64522103	A	G	56.4044	AD:VAF	9,9:0.5	6669668	chr17	64522103	A	G	+	A,R,D	ALU	-	SINE/AluSg	intronic	CEP95	-	-	intronic	CEP95	-	-	intronic	CEP95;ENST00000556440.6	-	-	-
chr17	68115091	A	G	43.3504	AD:VAF	10,8:0.444444	6709163	chr17	68115091	A	G	+	A,R	ALU	-	SINE/AluJb	intergenic	AC145343.1;AC005332.6	-	-	ncRNA_intronic	LINC00674	-	-	ncRNA_exonic	LINC00674	-	-	280;18
chr17	68422193	T	C	24.3424	AD:VAF	47,17:0.265625	6718714	chr17	68422193	T	C	-	A,R	ALU	-	SINE/AluSg	ncRNA_intronic	AC007780.1	-	-	UTR3	ARSG	-	-	ncRNA_intronic	AC007780.1	-	-	-
chr17	68424619	T	C	30.8841	AD:VAF	56,9:0.138462	6718951	chr17	68424619	T	C	-	A,R	ALU	-	SINE/AluSz	ncRNA_intronic	AC007780.1	-	-	intronic	ARSG;PRKAR1A;WIPI1	-	-	ncRNA_intronic	AC007780.1	-	-	-
chr17	68424790	T	C	30.2383	AD:VAF	155,12:0.0718563	6719035	chr17	68424790	T	C	-	A	ALU	-	SINE/AluSz	ncRNA_intronic	AC007780.1	-	-	intronic	ARSG;PRKAR1A;WIPI1	-	-	ncRNA_intronic	AC007780.1	-	-	-
chr17	68425239	T	C	30.8092	AD:VAF	73,11:0.130952	6719097	chr17	68425239	T	C	-	A,R	ALU	-	SINE/AluJo	ncRNA_intronic	AC007780.1	-	-	intronic	ARSG;PRKAR1A;WIPI1	-	-	ncRNA_intronic	AC007780.1	-	-	-
chr17	68425246	T	C	8.74807	AD:VAF	65,19:0.22619	6719101	chr17	68425246	T	C	-	A,R	ALU	rs541830193	SINE/AluJo	ncRNA_intronic	AC007780.1	-	-	intronic	ARSG;PRKAR1A;WIPI1	-	-	ncRNA_intronic	AC007780.1	-	-	-
chr17	68425301	T	C	17.2778	AD:VAF	41,11:0.211538	6719122	chr17	68425301	T	C	-	A,R,D	ALU	-	SINE/AluJo	ncRNA_intronic	AC007780.1	-	-	intronic	ARSG;PRKAR1A;WIPI1	-	-	ncRNA_intronic	AC007780.1	-	-	-
chr17	68425342	T	C	11.7138	AD:VAF	31,8:0.205128	6719137	chr17	68425342	T	C	-	A,R,D	ALU	-	SINE/AluJo	ncRNA_intronic	AC007780.1	-	-	intronic	ARSG;PRKAR1A;WIPI1	-	-	ncRNA_intronic	AC007780.1	-	-	-
chr17	68425500	T	C	46.084	AD:VAF	19,11:0.366667	6719194	chr17	68425500	T	C	-	A,R,D	ALU	-	SINE/AluJo	ncRNA_intronic	AC007780.1	-	-	intronic	ARSG;PRKAR1A;WIPI1	-	-	ncRNA_intronic	AC007780.1	-	-	-
chr17	73204908	A	G	60.4519	AD:VAF	3,8:0.727273	6738110	chr17	73204908	A	G	+	A,R,D	ALU	-	SINE/AluSz	intronic	COG1	-	-	intronic	COG1	-	-	intronic	COG1;ENST00000299886.8	-	-	-
chr17	75944085	T	C	30.9602	AD:VAF	45,9:0.166667	6783516	chr17	75944085	T	C	-	A,R,D	ALU	-	SINE/AluJb	ncRNA_intronic	AC087289.4	-	-	UTR3	ACOX1	-	-	ncRNA_intronic	AC087289.4	-	-	-
chr17	75944122	T	C	31.0516	AD:VAF	43,8:0.156863	6783527	chr17	75944122	T	C	-	A,R	ALU	-	SINE/AluJb	ncRNA_intronic	AC087289.4	-	-	UTR3	ACOX1	-	-	ncRNA_intronic	AC087289.4	-	-	-
chr17	75944807	T	C	7.78141	AD:VAF	42,13:0.236364	6783599	chr17	75944807	T	C	-	A,R,D	ALU	-	SINE/AluSx	ncRNA_intronic	AC087289.4	-	-	UTR3	ACOX1	-	-	ncRNA_intronic	AC087289.4	-	-	-
chr17	75944851	T	C	30.7793	AD:VAF	49,10:0.169492	6783619	chr17	75944851	T	C	-	A,R,D	ALU	-	SINE/AluSx	ncRNA_intronic	AC087289.4	-	-	UTR3	ACOX1	-	-	ncRNA_intronic	AC087289.4	-	-	-
chr17	75944878	T	C	31.051	AD:VAF	60,11:0.15493	6783627	chr17	75944878	T	C	-	A,R,D	ALU	-	SINE/AluSx	ncRNA_intronic	AC087289.4	-	-	UTR3	ACOX1	-	-	ncRNA_intronic	AC087289.4	-	-	-
chr17	75944907	T	C	31.0345	AD:VAF	49,9:0.155172	6783635	chr17	75944907	T	C	-	A,R,D	ALU	-	SINE/AluSx	ncRNA_intronic	AC087289.4	-	-	UTR3	ACOX1	-	-	ncRNA_intronic	AC087289.4	-	-	-
chr17	76675527	T	C	30.7984	AD:VAF	67,10:0.12987	6799691	chr17	76675527	T	C	-	A,R,D	ALU	-	SINE/AluSz6	UTR3	MXRA7	-	-	UTR3	MXRA7	-	-	UTR3	MXRA7	-	-	-
chr17	76675532	T	C	30.8748	AD:VAF	69,11:0.1375	6799692	chr17	76675532	T	C	-	A,R,D	ALU	-	SINE/AluSz6	UTR3	MXRA7	-	-	UTR3	MXRA7	-	-	UTR3	MXRA7	-	-	-
chr17	76675555	T	C	31.2289	AD:VAF	72,15:0.172414	6799698	chr17	76675555	T	C	-	A,R	ALU	-	SINE/AluSz6	UTR3	MXRA7	-	-	UTR3	MXRA7	-	-	UTR3	MXRA7	-	-	-
chr17	76675568	T	C	30.7247	AD:VAF	86,12:0.122449	6799707	chr17	76675568	T	C	-	A,R,D	ALU	-	SINE/AluSz6	UTR3	MXRA7	-	-	UTR3	MXRA7	-	-	UTR3	MXRA7	-	-	-
chr17	76675590	T	C	30.4053	AD:VAF	122,12:0.0895522	6799719	chr17	76675590	T	C	-	A,R	ALU	-	SINE/AluSz6	UTR3	MXRA7	-	-	UTR3	MXRA7	-	-	UTR3	MXRA7	-	-	-
chr17	76675591	T	C	30.5413	AD:VAF	121,14:0.103704	6799720	chr17	76675591	T	C	-	A,R	ALU	-	SINE/AluSz6	UTR3	MXRA7	-	-	UTR3	MXRA7	-	-	UTR3	MXRA7	-	-	-
chr17	76675622	T	C	30.2257	AD:VAF	145,11:0.0705128	6799731	chr17	76675622	T	C	-	A,R	ALU	-	SINE/AluSz6	UTR3	MXRA7	-	-	UTR3	MXRA7	-	-	UTR3	MXRA7	-	-	-
chr17	76676512	T	C	29.7956	AD:VAF	797,19:0.0232843	6799744	chr17	76676512	T	C	-	A,R	ALU	rs896678556	SINE/AluSx	UTR3	MXRA7	-	-	UTR3	MXRA7	-	-	UTR3	MXRA7	-	-	-
chr17	76676518	T	C	29.7002	AD:VAF	791,10:0.0124844	6799745	chr17	76676518	T	C	-	A	ALU	-	SINE/AluSx	UTR3	MXRA7	-	-	UTR3	MXRA7	-	-	UTR3	MXRA7	-	-	-
chr17	76676583	T	C	29.9151	AD:VAF	710,27:0.036635	6799756	chr17	76676583	T	C	-	A,R	ALU	-	SINE/AluSx	UTR3	MXRA7	-	-	UTR3	MXRA7	-	-	UTR3	MXRA7	-	-	-
chr17	76676597	T	C	29.8485	AD:VAF	731,22:0.0292165	6799761	chr17	76676597	T	C	-	A,R	ALU	rs1274450017	SINE/AluSx	UTR3	MXRA7	-	-	UTR3	MXRA7	-	-	UTR3	MXRA7	-	-	-
chr17	76676614	T	C	29.7198	AD:VAF	737,11:0.0147059	6799766	chr17	76676614	T	C	-	A,R	ALU	-	SINE/AluSx	UTR3	MXRA7	-	-	UTR3	MXRA7	-	-	UTR3	MXRA7	-	-	-
chr17	76676615	T	C	29.7226	AD:VAF	721,11:0.0150273	6799767	chr17	76676615	T	C	-	A	ALU	-	SINE/AluSx	UTR3	MXRA7	-	-	UTR3	MXRA7	-	-	UTR3	MXRA7	-	-	-
chr17	76676635	T	C	29.7712	AD:VAF	859,18:0.0205245	6799775	chr17	76676635	T	C	-	A	ALU	-	SINE/AluSx	UTR3	MXRA7	-	-	UTR3	MXRA7	-	-	UTR3	MXRA7	-	-	-
chr17	76676654	T	C	29.6998	AD:VAF	794,10:0.0124378	6799783	chr17	76676654	T	C	-	A,R	ALU	-	SINE/AluSx	UTR3	MXRA7	-	-	UTR3	MXRA7	-	-	UTR3	MXRA7	-	-	-
chr17	76676680	T	C	29.8044	AD:VAF	804,20:0.0242718	6799792	chr17	76676680	T	C	-	A,R	ALU	-	SINE/AluSx	UTR3	MXRA7	-	-	UTR3	MXRA7	-	-	UTR3	MXRA7	-	-	-
chr17	76677048	T	C	29.6934	AD:VAF	760,9:0.0117035	6799837	chr17	76677048	T	C	-	A,R	ALU	-	SINE/AluSx	UTR3	MXRA7	-	-	UTR3	MXRA7	-	-	UTR3	MXRA7	-	-	-
chr17	76677136	T	C	29.7159	AD:VAF	829,12:0.0142687	6799855	chr17	76677136	T	C	-	A,R	ALU	rs1319360570	SINE/AluSx	UTR3	MXRA7	-	-	UTR3	MXRA7	-	-	UTR3	MXRA7	-	-	-
chr17	76677143	T	C	29.7334	AD:VAF	787,13:0.01625	6799857	chr17	76677143	T	C	-	A,R	ALU	rs1328776758	SINE/AluSx	UTR3	MXRA7	-	-	UTR3	MXRA7	-	-	UTR3	MXRA7	-	-	-
chr17	76677152	T	C	29.8461	AD:VAF	805,24:0.0289505	6799859	chr17	76677152	T	C	-	A,R	ALU	rs1211961248	SINE/AluSx	UTR3	MXRA7	-	-	UTR3	MXRA7	-	-	UTR3	MXRA7	-	-	-
chr17	76677192	T	C	29.7588	AD:VAF	769,15:0.0191327	6799873	chr17	76677192	T	C	-	A,R	ALU	-	SINE/AluSx	UTR3	MXRA7	-	-	UTR3	MXRA7	-	-	UTR3	MXRA7	-	-	-
chr17	76677223	T	C	29.7309	AD:VAF	616,10:0.0159744	6799880	chr17	76677223	T	C	-	A,R	ALU	-	SINE/AluSx	UTR3	MXRA7	-	-	UTR3	MXRA7	-	-	UTR3	MXRA7	-	-	-
chr17	76677254	T	C	29.7192	AD:VAF	673,10:0.0146413	6799885	chr17	76677254	T	C	-	A,R	ALU	-	SINE/AluSx	UTR3	MXRA7	-	-	UTR3	MXRA7	-	-	UTR3	MXRA7	-	-	-
chr17	80320975	A	G	15.5223	AD:VAF	24,9:0.272727	6847607	chr17	80320975	A	G	+	A,R,D	ALU	-	SINE/AluJr	UTR3	RNF213	-	-	UTR3	RNF213	-	-	UTR3	RNF213	-	-	-
chr17	81560595	T	C	43.3504	AD:VAF	10,8:0.444444	6860334	chr17	81560595	T	C	-	A,R,D	ALU	-	SINE/AluSc	intronic	NPLOC4	-	-	intronic	NPLOC4	-	-	exonic	NPLOC4	synonymous SNV	NPLOC4:ENST00000571714.5:exon5:c.A408G:p.V136V	-
chr17	81561095	T	C	95.0509	AD:VAF	1,10:0.909091	6860385	chr17	81561095	T	C	-	A,R,D	ALU	-	SINE/AluSz	intronic	NPLOC4	-	-	intronic	NPLOC4	-	-	intronic	ENST00000331134.10;NPLOC4	-	-	-
chr17	81562068	T	C	75.2004	AD:VAF	4,12:0.75	6860550	chr17	81562068	T	C	-	A,R,D	ALU	-	SINE/AluSx	UTR3	NPLOC4	-	-	intronic	NPLOC4	-	-	UTR3	NPLOC4	-	-	-
chr17	81681298	T	C	29.9419	AD:VAF	194,8:0.039604	6864128	chr17	81681298	T	C	-	A,R,D	ALU	-	SINE/AluSp	UTR3	ARL16	-	-	UTR3	ARL16	-	-	UTR3	ARL16	-	-	-
chr17	81681339	T	C	29.8829	AD:VAF	234,8:0.0330578	6864139	chr17	81681339	T	C	-	A,R,D	ALU	-	SINE/AluSp	UTR3	ARL16	-	-	UTR3	ARL16	-	-	UTR3	ARL16	-	-	-
chr17	81681340	T	C	30.1039	AD:VAF	230,14:0.057377	6864140	chr17	81681340	T	C	-	A,R	ALU	-	SINE/AluSp	UTR3	ARL16	-	-	UTR3	ARL16	-	-	UTR3	ARL16	-	-	-
chr17	82389652	T	C	26.29	AD:VAF	37,8:0.177778	6878477	chr17	82389652	T	C	-	A,R,D	ALU	rs969353912	SINE/AluJb	UTR3	OGFOD3	-	-	UTR3	OGFOD3	-	-	UTR3	ENST00000313056.9	-	-	-
chr17	82391397	T	C	31.0133	AD:VAF	73,13:0.151163	6878552	chr17	82391397	T	C	-	A,R	ALU	-	SINE/AluSz	UTR3	OGFOD3	-	-	UTR3	OGFOD3	-	-	UTR3	ENST00000313056.9	-	-	-
chr18	23296417	T	C	30.46	AD:VAF	54,12:0.181818	6995970	chr18	23296417	T	C	-	A,R,D	ALU	-	SINE/AluSx	UTR3	TMEM241	-	-	UTR3	TMEM241	-	-	UTR3	ENST00000383233.7;TMEM241	-	-	-
chr18	23297458	T	C	24.7603	AD:VAF	22,10:0.3125	6996065	chr18	23297458	T	C	-	A,R,D	ALU	-	SINE/AluJo	UTR3	TMEM241	-	-	UTR3	TMEM241	-	-	UTR3	ENST00000383233.7;TMEM241	-	-	-
chr18	23297504	T	C	42.167	AD:VAF	5,8:0.615385	6996075	chr18	23297504	T	C	-	A,R,D	ALU	-	SINE/AluJo	UTR3	TMEM241	-	-	UTR3	TMEM241	-	-	UTR3	ENST00000383233.7;TMEM241	-	-	-
chr18	35259439	T	C	27.1747	AD:VAF	5,8:0.615385	7033835	chr18	35259439	T	C	-	A,R,D	ALU	-	SINE/AluSz	intronic	ZSCAN30	-	-	intronic	ZSCAN30	-	-	intronic	ENST00000333206.9;ZSCAN30	-	-	-
chr18	35263158	T	C	43.2947	AD:VAF	11,8:0.421053	7033922	chr18	35263158	T	C	-	A,R	ALU	-	SINE/AluJo	exonic	ZSCAN30	synonymous SNV	ZSCAN30:ENST00000589178.5:exon4:c.A636G:p.K212K	intronic	ZSCAN30	-	-	exonic	ZSCAN30	synonymous SNV	ZSCAN30:ENST00000589178.5:exon4:c.A636G:p.K212K	-
chr18	35263159	T	C	84.1839	AD:VAF	5,15:0.75	7033923	chr18	35263159	T	C	-	A,R	ALU	-	SINE/AluJo	exonic	ZSCAN30	nonsynonymous SNV	ZSCAN30:ENST00000589178.5:exon4:c.A635G:p.K212R	intronic	ZSCAN30	-	-	exonic	ZSCAN30	nonsynonymous SNV	ZSCAN30:ENST00000589178.5:exon4:c.A635G:p.K212R	-
chr18	80158600	T	C	30.5746	AD:VAF	100,12:0.107143	7142998	chr18	80158600	T	C	-	A,R	ALU	-	SINE/AluSx	ncRNA_intronic	PARD6G-AS1	-	-	ncRNA_intronic	PARD6G-AS1	-	-	ncRNA_intronic	PARD6G-AS1	-	-	-
chr18	80158682	T	C	7.79909	AD:VAF	26,8:0.235294	7143032	chr18	80158682	T	C	-	A	ALU	rs7244381	SINE/AluSx	ncRNA_intronic	PARD6G-AS1	-	-	ncRNA_intronic	PARD6G-AS1	-	-	ncRNA_intronic	PARD6G-AS1	-	-	-
chr18	80158699	T	C	31.8143	AD:VAF	19,9:0.321429	7143046	chr18	80158699	T	C	-	A,R	ALU	-	SINE/AluSx	ncRNA_intronic	PARD6G-AS1	-	-	ncRNA_intronic	PARD6G-AS1	-	-	ncRNA_intronic	PARD6G-AS1	-	-	-
chr18	80158759	T	C	88.0519	AD:VAF	4,13:0.764706	7143070	chr18	80158759	T	C	-	A,R	ALU	-	SINE/AluSx	ncRNA_intronic	PARD6G-AS1	-	-	ncRNA_intronic	PARD6G-AS1	-	-	ncRNA_intronic	PARD6G-AS1	-	-	-
chr18	80158762	T	C	127.155	AD:VAF	1,15:0.9375	7143071	chr18	80158762	T	C	-	A,R	ALU	-	SINE/AluSx	ncRNA_intronic	PARD6G-AS1	-	-	ncRNA_intronic	PARD6G-AS1	-	-	ncRNA_intronic	PARD6G-AS1	-	-	-
chr18	80159154	T	C	54.3893	AD:VAF	8,9:0.529412	7143164	chr18	80159154	T	C	-	A,R	ALU	-	SINE/AluSg	ncRNA_intronic	PARD6G-AS1	-	-	ncRNA_intronic	PARD6G-AS1	-	-	ncRNA_intronic	PARD6G-AS1	-	-	-
chr18	80159158	T	C	44.1509	AD:VAF	8,13:0.619048	7143168	chr18	80159158	T	C	-	A,R,D	ALU	-	SINE/AluSg	ncRNA_intronic	PARD6G-AS1	-	-	ncRNA_intronic	PARD6G-AS1	-	-	ncRNA_intronic	PARD6G-AS1	-	-	-
chr18	80159193	T	C	31.0651	AD:VAF	54,10:0.15625	7143192	chr18	80159193	T	C	-	A,R	ALU	-	SINE/AluSg	ncRNA_intronic	PARD6G-AS1	-	-	ncRNA_intronic	PARD6G-AS1	-	-	ncRNA_intronic	PARD6G-AS1	-	-	-
chr19	1033256	A	G	63.5358	AD:VAF	4,10:0.714286	7159926	chr19	1033256	A	G	+	A,R,D	ALU	rs1050748022	SINE/AluJo	intronic	CNN2	-	-	intronic	CNN2	-	-	intronic	CNN2;ENST00000263097.8;ENST00000568865.2	-	-	-
chr19	1596841	T	C	66.714	AD:VAF	4,9:0.692308	7173163	chr19	1596841	T	C	-	A	ALU	rs186862389	SINE/AluSx	intronic	AC005943.1	-	-	downstream	UQCR11	-	-	intronic	AC005943.1	-	-	-
chr19	1925270	A	G	29.7557	AD:VAF	418,8:0.0187793	7176784	chr19	1925270	A	G	+	A,R	ALU	rs971458090	SINE/AluSx1	UTR3	SCAMP4	-	-	UTR3	SCAMP4	-	-	UTR3	ENST00000316097.12;SCAMP4	-	-	-
chr19	3539995	T	C	17.2882	AD:VAF	41,14:0.254545	7217173	chr19	3539995	T	C	-	A,R	ALU	-	SINE/AluJo	UTR5	MFSD12	-	-	intronic	C19orf71	-	-	UTR5	MFSD12	-	-	-
chr19	3540008	T	C	20.3673	AD:VAF	38,9:0.191489	7217180	chr19	3540008	T	C	-	A,R	ALU	-	SINE/AluJo	UTR5	MFSD12	-	-	intronic	C19orf71	-	-	UTR5	MFSD12	-	-	-
chr19	3540035	T	C	7.09289	AD:VAF	31,9:0.225	7217193	chr19	3540035	T	C	-	A,R	ALU	rs966846546	SINE/AluJo	UTR5	MFSD12	-	-	intronic	C19orf71	-	-	UTR5	MFSD12	-	-	-
chr19	3540218	T	C	27.3024	AD:VAF	11,8:0.421053	7217288	chr19	3540218	T	C	-	A,R,D	ALU	-	SINE/AluSc8	intronic	C19orf71	-	-	intronic	C19orf71	-	-	intronic	C19orf71;MFSD12	-	-	-
chr19	3540318	T	C	44.2271	AD:VAF	15,10:0.4	7217341	chr19	3540318	T	C	-	A,R,D	ALU	rs545188770	SINE/AluSc5	intronic	C19orf71	-	-	intronic	C19orf71	-	-	intronic	C19orf71;MFSD12	-	-	-
chr19	3540498	T	C	35.0698	AD:VAF	14,8:0.363636	7217413	chr19	3540498	T	C	-	A,R,D	ALU	rs1459267371	SINE/AluSc5	intronic	C19orf71	-	-	intronic	C19orf71	-	-	intronic	C19orf71;MFSD12	-	-	-
chr19	3540528	T	C	67.3505	AD:VAF	8,10:0.555556	7217424	chr19	3540528	T	C	-	A,R,D	ALU	rs964691055	SINE/AluSc5	intronic	C19orf71	-	-	intronic	C19orf71	-	-	intronic	C19orf71;MFSD12	-	-	-
chr19	3540529	T	C	74.2949	AD:VAF	8,11:0.578947	7217425	chr19	3540529	T	C	-	A,R,D	ALU	rs997249202	SINE/AluSc5	intronic	C19orf71	-	-	intronic	C19orf71	-	-	intronic	C19orf71;MFSD12	-	-	-
chr19	3541567	T	C	54.3893	AD:VAF	8,9:0.529412	7217853	chr19	3541567	T	C	-	A	ALU	rs536039432	SINE/AluSx1	intronic	C19orf71	-	-	intronic	C19orf71	-	-	intronic	C19orf71;MFSD12	-	-	-
chr19	3541593	T	C	51.3413	AD:VAF	14,11:0.44	7217860	chr19	3541593	T	C	-	A,R,D	ALU	-	SINE/AluSx1	intronic	C19orf71	-	-	intronic	C19orf71	-	-	intronic	C19orf71;MFSD12	-	-	-
chr19	3542003	T	C	18.351	AD:VAF	31,11:0.261905	7217958	chr19	3542003	T	C	-	A,R,D	ALU	rs1454654361	SINE/AluSx1	intronic	C19orf71	-	-	intronic	C19orf71	-	-	intronic	C19orf71;MFSD12	-	-	-
chr19	3542004	T	C	63.0983	AD:VAF	29,17:0.369565	7217959	chr19	3542004	T	C	-	A,R,D	ALU	-	SINE/AluSx1	intronic	C19orf71	-	-	intronic	C19orf71	-	-	intronic	C19orf71;MFSD12	-	-	-
chr19	3542512	T	C	30.2464	AD:VAF	102,8:0.0727273	7218023	chr19	3542512	T	C	-	A,R	ALU	-	SINE/AluSx1	intronic	C19orf71	-	-	intronic	C19orf71	-	-	intronic	C19orf71;MFSD12	-	-	-
chr19	3542562	T	C	31.1213	AD:VAF	62,12:0.162162	7218044	chr19	3542562	T	C	-	A,R	ALU	-	SINE/AluSx1	intronic	C19orf71	-	-	intronic	C19orf71	-	-	intronic	C19orf71;MFSD12	-	-	-
chr19	3542678	T	C	31.1665	AD:VAF	60,12:0.166667	7218097	chr19	3542678	T	C	-	A,R	ALU	-	SINE/AluSx1	intronic	C19orf71	-	-	intronic	C19orf71	-	-	intronic	C19orf71;MFSD12	-	-	-
chr19	3542710	T	C	30.6836	AD:VAF	82,11:0.11828	7218110	chr19	3542710	T	C	-	A,R	ALU	rs1358637709	SINE/AluSx1	intronic	C19orf71	-	-	intronic	C19orf71	-	-	intronic	C19orf71;MFSD12	-	-	-
chr19	3542756	T	C	30.2226	AD:VAF	106,8:0.0701754	7218129	chr19	3542756	T	C	-	A	ALU	-	SINE/AluSx1	intronic	C19orf71	-	-	intronic	C19orf71	-	-	intronic	C19orf71;MFSD12	-	-	-
chr19	3961997	T	C	50.5634	AD:VAF	3,8:0.727273	7233038	chr19	3961997	T	C	-	A,R,D	ALU	-	SINE/AluY	intronic	DAPK3	-	-	intronic	DAPK3	-	-	intronic	DAPK3;ENST00000545797.6	-	-	-
chr19	5909710	A	G	64.0348	AD:VAF	5,9:0.642857	7283582	chr19	5909710	A	G	+	A,R,D	ALU	-	SINE/AluSx1	UTR3	VMAC	-	-	UTR3	VMAC	-	-	UTR3	ENST00000339485.3	-	-	-
chr19	6379035	T	C	41.9646	AD:VAF	19,10:0.344828	7292420	chr19	6379035	T	C	-	A,R,D	ALU	-	SINE/AluSq	UTR5	PSPN	-	-	downstream	GTF2F1	-	-	UTR5	PSPN	-	-	-
chr19	6379126	T	C	49.3003	AD:VAF	15,11:0.423077	7292452	chr19	6379126	T	C	-	A,R	ALU	-	SINE/AluSq	upstream	PSPN;GTF2F1	-	-	downstream	GTF2F1	-	-	upstream	PSPN;ENST00000394456.9;GTF2F1	-	-	-
chr19	6441851	T	C	29.8367	AD:VAF	453,13:0.027897	7294646	chr19	6441851	T	C	-	A,R,D	NONREP	-	-/-	UTR3	SLC25A23	-	-	UTR3	SLC25A23	-	-	UTR3	ENST00000301454.8;SLC25A23	-	-	-
chr19	10931102	A	G	37.1028	AD:VAF	17,10:0.37037	7411454	chr19	10931102	A	G	+	A,R	ALU	rs531001068	SINE/AluYm1	downstream	TIMM29	-	-	downstream	TIMM29	-	-	intronic	TIMM29	-	-	-
chr19	10932867	A	G	68.2949	AD:VAF	8,11:0.578947	7411766	chr19	10932867	A	G	+	A,R	ALU	-	SINE/AluJb	intergenic	TIMM29;SMARCA4	-	-	intergenic	TIMM29;SMARCA4	-	-	intronic	TIMM29	-	-	-
chr19	10932938	A	G	59.4044	AD:VAF	16,16:0.5	7411784	chr19	10932938	A	G	+	A,R	ALU	-	SINE/AluJb	intergenic	TIMM29;SMARCA4	-	-	intergenic	TIMM29;SMARCA4	-	-	intronic	TIMM29	-	-	-
chr19	10933234	A	G	66.3505	AD:VAF	8,10:0.555556	7411873	chr19	10933234	A	G	+	A,R	ALU	-	SINE/AluSg	intergenic	TIMM29;SMARCA4	-	-	intergenic	TIMM29;SMARCA4	-	-	intronic	TIMM29	-	-	-
chr19	11449669	A	G	29.9257	AD:VAF	229,9:0.0378151	7434914	chr19	11449669	A	G	+	A,R	ALU	-	SINE/AluSx	intronic	PRKCSH	-	-	intronic	PRKCSH	-	-	UTR3	PRKCSH	-	-	-
chr19	11450096	A	G	29.9762	AD:VAF	40,8:0.166667	7435008	chr19	11450096	A	G	+	A,R,D	ALU	-	SINE/AluSc8	intronic	PRKCSH	-	-	intronic	PRKCSH	-	-	intronic	PRKCSH	-	-	-
chr19	11450106	A	G	50.9378	AD:VAF	31,16:0.340426	7435011	chr19	11450106	A	G	+	A,R,D	ALU	-	SINE/AluSc8	intronic	PRKCSH	-	-	intronic	PRKCSH	-	-	intronic	PRKCSH	-	-	-
chr19	11450217	A	G	63.3822	AD:VAF	15,13:0.464286	7435026	chr19	11450217	A	G	+	A,R,D	ALU	-	SINE/AluSx1	intronic	PRKCSH	-	-	intronic	PRKCSH	-	-	intronic	PRKCSH	-	-	-
chr19	11834816	A	G	10.7216	AD:VAF	22,8:0.266667	7447936	chr19	11834816	A	G	+	A,R,D	ALU	-	SINE/AluSq2	UTR3	ZNF440	-	-	UTR3	ZNF440	-	-	UTR3	ENST00000304060.9	-	-	-
chr19	11834817	A	G	6.3117	AD:VAF	24,8:0.25	7447937	chr19	11834817	A	G	+	A,R,D	ALU	-	SINE/AluSq2	UTR3	ZNF440	-	-	UTR3	ZNF440	-	-	UTR3	ENST00000304060.9	-	-	-
chr19	11913580	A	G	81.8936	AD:VAF	6,12:0.666667	7450366	chr19	11913580	A	G	+	A,R,D	ALU	rs867532466	SINE/AluSx3	UTR3	ZNF69	-	-	UTR3	ZNF69	-	-	UTR3	ZNF69	-	-	-
chr19	11914070	A	G	11.6375	AD:VAF	30,8:0.210526	7450392	chr19	11914070	A	G	+	A,R,D	ALU	-	SINE/AluSq2	UTR3	ZNF69	-	-	UTR3	ZNF69	-	-	UTR3	ZNF69	-	-	-
chr19	11914079	A	G	56.9881	AD:VAF	28,15:0.348837	7450394	chr19	11914079	A	G	+	A,R,D	ALU	-	SINE/AluSq2	UTR3	ZNF69	-	-	UTR3	ZNF69	-	-	UTR3	ZNF69	-	-	-
chr19	11914132	A	G	6.39085	AD:VAF	36,10:0.217391	7450407	chr19	11914132	A	G	+	A,R	ALU	-	SINE/AluSq2	UTR3	ZNF69	-	-	UTR3	ZNF69	-	-	UTR3	ZNF69	-	-	-
chr19	12078307	A	G	43.9581	AD:VAF	21,11:0.34375	7457728	chr19	12078307	A	G	+	A,R,D	ALU	-	SINE/AluSz	UTR3	ZNF844	-	-	UTR3	ZNF844	-	-	UTR3	ENST00000439326.7	-	-	-
chr19	12079030	A	G	60.3945	AD:VAF	11,10:0.47619	7457785	chr19	12079030	A	G	+	A,R	ALU	-	SINE/AluSx1	UTR3	ZNF844	-	-	UTR3	ZNF844	-	-	UTR3	ENST00000439326.7	-	-	-
chr19	12875882	T	C	29.8135	AD:VAF	501,13:0.0252918	7488417	chr19	12875882	T	C	-	A	ALU	-	SINE/AluJo	UTR3	DNASE2	-	-	UTR3	DNASE2	-	-	UTR3	ENST00000222219.7	-	-	-
chr19	13767146	A	G	35.386	AD:VAF	7,8:0.533333	7507242	chr19	13767146	A	G	+	A,R	ALU	-	SINE/AluSx	intronic	MRI1	-	-	intronic	MRI1	-	-	intronic	ENST00000040663.7;MRI1	-	-	-
chr19	13767147	A	G	50.227	AD:VAF	6,9:0.6	7507243	chr19	13767147	A	G	+	A,R,D	ALU	-	SINE/AluSx	intronic	MRI1	-	-	intronic	MRI1	-	-	intronic	ENST00000040663.7;MRI1	-	-	-
chr19	13773209	A	G	30.7696	AD:VAF	55,8:0.126984	7507850	chr19	13773209	A	G	+	A,R,D	ALU	rs1202714714	SINE/AluSz	ncRNA_intronic	AC008686.1	-	-	UTR3	MRI1	-	-	ncRNA_intronic	AC008686.1	-	-	-
chr19	14489198	T	C	26.2041	AD:VAF	14,9:0.391304	7528405	chr19	14489198	T	C	-	A,R	ALU	-	SINE/AluJo	intronic	GIPC1	-	-	intronic	GIPC1	-	-	intronic	ENST00000393033.8;GIPC1	-	-	-
chr19	14489209	T	C	76.4047	AD:VAF	6,16:0.727273	7528408	chr19	14489209	T	C	-	A,R	ALU	-	SINE/AluJo	intronic	GIPC1	-	-	intronic	GIPC1	-	-	intronic	ENST00000393033.8;GIPC1	-	-	-
chr19	14490625	T	C	72.5817	AD:VAF	2,9:0.818182	7528500	chr19	14490625	T	C	-	A,R	ALU	-	SINE/AluSp	intronic	GIPC1	-	-	intronic	GIPC1	-	-	intronic	ENST00000393033.8;GIPC1	-	-	-
chr19	16079774	A	G	54.3893	AD:VAF	8,9:0.529412	7554155	chr19	16079774	A	G	+	A,R,D	ALU	rs1048538016	SINE/AluSx1	UTR5	TPM4	-	-	intronic	TPM4	-	-	ncRNA_exonic	ENST00000590180.2	-	-	-
chr19	16079857	A	G	51.3607	AD:VAF	11,9:0.45	7554170	chr19	16079857	A	G	+	A,R,D	ALU	-	SINE/AluSx1	UTR5	TPM4	-	-	intronic	TPM4	-	-	ncRNA_exonic	ENST00000590180.2	-	-	-
chr19	16079970	A	G	22.6209	AD:VAF	24,10:0.294118	7554191	chr19	16079970	A	G	+	A,R,D	ALU	-	SINE/AluSx1	UTR5	TPM4	-	-	intronic	TPM4	-	-	ncRNA_exonic	ENST00000590180.2	-	-	-
chr19	16080539	A	G	22.9168	AD:VAF	32,8:0.2	7554202	chr19	16080539	A	G	+	A,R	ALU	-	SINE/AluSz6	intronic	TPM4	-	-	intronic	TPM4	-	-	ncRNA_intronic	ENST00000587201.5;ENST00000590180.2	-	-	-
chr19	16080601	A	G	3.13072	AD:VAF	26,9:0.257143	7554215	chr19	16080601	A	G	+	A,R	ALU	rs994286874	SINE/AluSz6	intronic	TPM4	-	-	intronic	TPM4	-	-	ncRNA_intronic	ENST00000587201.5;ENST00000590180.2	-	-	-
chr19	16081470	A	G	44.1941	AD:VAF	14,9:0.391304	7554290	chr19	16081470	A	G	+	A,R	ALU	-	SINE/AluSc	intronic	TPM4	-	-	intronic	TPM4	-	-	ncRNA_intronic	ENST00000587201.5;ENST00000590180.2	-	-	-
chr19	16550608	T	C	30.1558	AD:VAF	119,8:0.0629921	7566193	chr19	16550608	T	C	-	A,R	ALU	-	SINE/AluSz	UTR3	SLC35E1	-	-	UTR3	SLC35E1	-	-	UTR3	ENST00000595753.5	-	-	-
chr19	16550672	T	C	30.3735	AD:VAF	159,15:0.0862069	7566204	chr19	16550672	T	C	-	A,R	ALU	-	SINE/AluSz	UTR3	SLC35E1	-	-	UTR3	SLC35E1	-	-	UTR3	ENST00000595753.5	-	-	-
chr19	16550728	T	C	30.1764	AD:VAF	172,12:0.0652174	7566212	chr19	16550728	T	C	-	A,R	ALU	-	SINE/AluSz	UTR3	SLC35E1	-	-	UTR3	SLC35E1	-	-	UTR3	ENST00000595753.5	-	-	-
chr19	16551866	T	C	29.9454	AD:VAF	192,8:0.04	7566260	chr19	16551866	T	C	-	A,R	ALU	-	SINE/AluSz	ncRNA_exonic	AC008764.3	-	-	UTR3	SLC35E1	-	-	ncRNA_exonic	AC008764.3	-	-	-
chr19	16551883	T	C	29.9727	AD:VAF	178,8:0.0430108	7566265	chr19	16551883	T	C	-	A,R	ALU	-	SINE/AluSz	ncRNA_exonic	AC008764.3	-	-	UTR3	SLC35E1	-	-	ncRNA_exonic	AC008764.3	-	-	-
chr19	16551968	T	C	29.816	AD:VAF	343,9:0.0255682	7566303	chr19	16551968	T	C	-	A,R	ALU	rs1169549303	SINE/AluSz	ncRNA_intronic	AC008764.3	-	-	UTR3	SLC35E1	-	-	ncRNA_intronic	AC008764.3	-	-	-
chr19	16552417	T	C	30.0623	AD:VAF	233,13:0.0528455	7566354	chr19	16552417	T	C	-	A,R	ALU	rs954772469	SINE/AluSg	UTR3	SLC35E1	-	-	UTR3	SLC35E1	-	-	UTR3	ENST00000595753.5;SLC35E1	-	-	-
chr19	16552606	T	C	30.3501	AD:VAF	186,17:0.0837438	7566403	chr19	16552606	T	C	-	A,R	ALU	-	SINE/AluSg	UTR3	SLC35E1	-	-	UTR3	SLC35E1	-	-	UTR3	ENST00000595753.5;SLC35E1	-	-	-
chr19	16631220	T	C	26.9145	AD:VAF	45,10:0.181818	7568138	chr19	16631220	T	C	-	A,R,D	ALU	-	SINE/AluSx1	ncRNA_intronic	AC008764.2;AC024075.3	-	-	intergenic	MED26;SMIM7	-	-	ncRNA_intronic	AC008764.2;AC024075.3	-	-	-
chr19	16635111	T	C	70.3578	AD:VAF	16,13:0.448276	7568642	chr19	16635111	T	C	-	A,R	ALU	-	SINE/AluSz6	ncRNA_exonic	AC024075.2	-	-	intergenic	MED26;SMIM7	-	-	ncRNA_exonic	AC024075.2	-	-	-
chr19	16635625	T	C	20.684	AD:VAF	21,9:0.3	7568741	chr19	16635625	T	C	-	A,R	ALU	-	SINE/AluSx1	ncRNA_intronic	AC008764.2;AC024075.3	-	-	intergenic	MED26;SMIM7	-	-	ncRNA_intronic	AC008764.2;AC024075.3	-	-	-
chr19	16636466	T	C	57.3148	AD:VAF	16,12:0.428571	7568872	chr19	16636466	T	C	-	A,R	ALU	-	SINE/AluSx3	ncRNA_exonic	AC008764.2	-	-	intergenic	MED26;SMIM7	-	-	ncRNA_exonic	AC008764.2	-	-	-
chr19	16636797	T	C	35.8937	AD:VAF	20,10:0.333333	7568985	chr19	16636797	T	C	-	A,R	ALU	-	SINE/AluJr	ncRNA_intronic	AC024075.3	-	-	intergenic	MED26;SMIM7	-	-	ncRNA_intronic	AC024075.3	-	-	-
chr19	16636858	T	C	13.6225	AD:VAF	21,8:0.275862	7569009	chr19	16636858	T	C	-	A,R,D	ALU	rs1403113088	SINE/AluJr	ncRNA_intronic	AC024075.3	-	-	intergenic	MED26;SMIM7	-	-	ncRNA_intronic	AC024075.3	-	-	-
chr19	16637364	T	C	30.2269	AD:VAF	38,8:0.173913	7569117	chr19	16637364	T	C	-	A,R	ALU	-	SINE/AluJb	ncRNA_intronic	AC024075.3	-	-	intergenic	MED26;SMIM7	-	-	ncRNA_intronic	AC024075.3	-	-	-
chr19	16637422	T	C	4.91992	AD:VAF	32,9:0.219512	7569138	chr19	16637422	T	C	-	A,R	ALU	-	SINE/AluJb	ncRNA_intronic	AC024075.3	-	-	intergenic	MED26;SMIM7	-	-	ncRNA_intronic	AC024075.3	-	-	-
chr19	16637423	T	C	13.4227	AD:VAF	32,11:0.255814	7569139	chr19	16637423	T	C	-	A,R,D	ALU	-	SINE/AluJb	ncRNA_intronic	AC024075.3	-	-	intergenic	MED26;SMIM7	-	-	ncRNA_intronic	AC024075.3	-	-	-
chr19	16638013	T	C	46.2671	AD:VAF	7,10:0.588235	7569190	chr19	16638013	T	C	-	A,R	ALU	-	SINE/AluSz	ncRNA_intronic	AC024075.3	-	-	intergenic	MED26;SMIM7	-	-	ncRNA_intronic	AC024075.3	-	-	-
chr19	16638040	T	C	28.5691	AD:VAF	3,8:0.727273	7569199	chr19	16638040	T	C	-	A,R,D	ALU	-	SINE/AluSz	ncRNA_intronic	AC024075.3	-	-	intergenic	MED26;SMIM7	-	-	ncRNA_intronic	AC024075.3	-	-	-
chr19	16642474	T	C	32.9743	AD:VAF	17,9:0.346154	7570070	chr19	16642474	T	C	-	A,R	ALU	-	SINE/AluSx1	intronic	AC008764.4	-	-	intergenic	MED26;SMIM7	-	-	ncRNA_intronic	AC024075.3	-	-	-
chr19	16642728	T	C	71.747	AD:VAF	5,11:0.6875	7570163	chr19	16642728	T	C	-	A,R,D	ALU	rs1055694215	SINE/AluJo	intronic	AC008764.4	-	-	intergenic	MED26;SMIM7	-	-	ncRNA_intronic	AC024075.3	-	-	-
chr19	16643499	T	C	106.821	AD:VAF	10,21:0.677419	7570342	chr19	16643499	T	C	-	A,R,D	ALU	-	SINE/AluSz	intronic	AC008764.4	-	-	intergenic	MED26;SMIM7	-	-	ncRNA_intronic	AC024075.3	-	-	-
chr19	16643551	T	C	32.8137	AD:VAF	19,9:0.321429	7570363	chr19	16643551	T	C	-	A,R,D	ALU	rs1161819939	SINE/AluSz	intronic	AC008764.4	-	-	intergenic	MED26;SMIM7	-	-	ncRNA_intronic	AC024075.3	-	-	-
chr19	17497833	A	G	94.3774	AD:VAF	3,14:0.823529	7600949	chr19	17497833	A	G	+	A,R,D	ALU	rs1006033733	SINE/AluJo	ncRNA_intronic	AC010618.3	-	-	ncRNA_intronic	LOC100507551	-	-	ncRNA_intronic	AC010618.3	-	-	-
chr19	17497910	A	G	60.3414	AD:VAF	14,11:0.44	7600971	chr19	17497910	A	G	+	A,R	ALU	-	SINE/AluJo	ncRNA_intronic	AC010618.3	-	-	ncRNA_intronic	LOC100507551	-	-	ncRNA_intronic	AC010618.3	-	-	-
chr19	17498262	A	G	50.4122	AD:VAF	2,9:0.818182	7601034	chr19	17498262	A	G	+	A,R	ALU	-	SINE/AluJo	ncRNA_intronic	AC010618.3	-	-	ncRNA_intronic	LOC100507551	-	-	ncRNA_intronic	AC010618.3	-	-	-
chr19	17582074	A	G	29.7032	AD:VAF	616,8:0.0128205	7605056	chr19	17582074	A	G	+	A,R	ALU	-	SINE/AluSz	UTR3	COLGALT1	-	-	UTR3	COLGALT1	-	-	UTR3	ENST00000252599.8	-	-	-
chr19	17582089	A	G	29.7276	AD:VAF	568,9:0.0155979	7605058	chr19	17582089	A	G	+	A	ALU	rs951947872	SINE/AluSz	UTR3	COLGALT1	-	-	UTR3	COLGALT1	-	-	UTR3	ENST00000252599.8	-	-	-
chr19	17582177	A	G	29.7171	AD:VAF	753,11:0.0143979	7605073	chr19	17582177	A	G	+	A	ALU	rs181841342	SINE/AluSz	UTR3	COLGALT1	-	-	UTR3	COLGALT1	-	-	UTR3	ENST00000252599.8	-	-	-
chr19	17934115	A	G	53.895	AD:VAF	4,8:0.666667	7613366	chr19	17934115	A	G	+	A,R	ALU	rs1246806703	SINE/AluSx1	intronic	CCDC124	-	-	intronic	CCDC124	-	-	intronic	ENST00000445755.6	-	-	-
chr19	18364467	A	G	30.2807	AD:VAF	133,11:0.0763889	7627776	chr19	18364467	A	G	+	A,R	ALU	-	SINE/AluSx1	UTR3	PGPEP1	-	-	UTR3	PGPEP1	-	-	UTR3	ENST00000269919.10	-	-	-
chr19	18364493	A	G	30.5872	AD:VAF	148,18:0.108434	7627780	chr19	18364493	A	G	+	A,R,D	ALU	rs1471953859	SINE/AluSx1	UTR3	PGPEP1	-	-	UTR3	PGPEP1	-	-	UTR3	ENST00000269919.10	-	-	-
chr19	18364546	A	G	30.0225	AD:VAF	157,8:0.0484848	7627796	chr19	18364546	A	G	+	A,R	ALU	rs896416951	SINE/AluSx1	UTR3	PGPEP1	-	-	UTR3	PGPEP1	-	-	UTR3	ENST00000269919.10	-	-	-
chr19	18365366	A	G	31.1515	AD:VAF	198,39:0.164557	7627820	chr19	18365366	A	G	+	A,R,D	ALU	-	SINE/AluJb	UTR3	PGPEP1	-	-	UTR3	PGPEP1	-	-	UTR3	ENST00000269919.10	-	-	-
chr19	18365396	A	G	30.638	AD:VAF	195,25:0.113636	7627824	chr19	18365396	A	G	+	A,R,D	ALU	-	SINE/AluJb	UTR3	PGPEP1	-	-	UTR3	PGPEP1	-	-	UTR3	ENST00000269919.10	-	-	-
chr19	18365422	A	G	31.1205	AD:VAF	192,37:0.161572	7627831	chr19	18365422	A	G	+	A,R,D	ALU	-	SINE/AluJb	UTR3	PGPEP1	-	-	UTR3	PGPEP1	-	-	UTR3	ENST00000269919.10	-	-	-
chr19	18365460	A	G	30.3713	AD:VAF	202,19:0.0859729	7627837	chr19	18365460	A	G	+	A,R	ALU	-	SINE/AluJb	UTR3	PGPEP1	-	-	UTR3	PGPEP1	-	-	UTR3	ENST00000269919.10	-	-	-
chr19	18365469	A	G	30.4262	AD:VAF	198,20:0.0917431	7627838	chr19	18365469	A	G	+	A,R	ALU	-	SINE/AluJb	UTR3	PGPEP1	-	-	UTR3	PGPEP1	-	-	UTR3	ENST00000269919.10	-	-	-
chr19	18365488	A	G	29.9419	AD:VAF	194,8:0.039604	7627843	chr19	18365488	A	G	+	A,R	ALU	-	SINE/AluJb	UTR3	PGPEP1	-	-	UTR3	PGPEP1	-	-	UTR3	ENST00000269919.10	-	-	-
chr19	18365605	A	G	29.9713	AD:VAF	201,9:0.0428571	7627869	chr19	18365605	A	G	+	A,R,D	ALU	-	SINE/AluJb	UTR3	PGPEP1	-	-	UTR3	PGPEP1	-	-	UTR3	ENST00000269919.10	-	-	-
chr19	18365618	A	G	30.085	AD:VAF	222,13:0.0553191	7627872	chr19	18365618	A	G	+	A,R,D	ALU	-	SINE/AluJb	UTR3	PGPEP1	-	-	UTR3	PGPEP1	-	-	UTR3	ENST00000269919.10	-	-	-
chr19	18365624	A	G	29.9376	AD:VAF	221,9:0.0391304	7627874	chr19	18365624	A	G	+	A,R	ALU	-	SINE/AluJb	UTR3	PGPEP1	-	-	UTR3	PGPEP1	-	-	UTR3	ENST00000269919.10	-	-	-
chr19	18366510	A	G	30.8861	AD:VAF	87,14:0.138614	7627893	chr19	18366510	A	G	+	A,R,D	ALU	-	SINE/AluSx1	UTR3	PGPEP1	-	-	UTR3	PGPEP1	-	-	UTR3	ENST00000269919.10	-	-	-
chr19	18366535	A	G	30.2226	AD:VAF	106,8:0.0701754	7627899	chr19	18366535	A	G	+	A,R,D	ALU	-	SINE/AluSx1	UTR3	PGPEP1	-	-	UTR3	PGPEP1	-	-	UTR3	ENST00000269919.10	-	-	-
chr19	18366610	A	G	30.2796	AD:VAF	109,9:0.0762712	7627915	chr19	18366610	A	G	+	A,R,D	ALU	-	SINE/AluSx1	UTR3	PGPEP1	-	-	UTR3	PGPEP1	-	-	UTR3	ENST00000269919.10	-	-	-
chr19	18366612	A	G	30.3665	AD:VAF	107,10:0.0854701	7627916	chr19	18366612	A	G	+	A,R	ALU	-	SINE/AluSx1	UTR3	PGPEP1	-	-	UTR3	PGPEP1	-	-	UTR3	ENST00000269919.10	-	-	-
chr19	18366628	A	G	30.5746	AD:VAF	75,9:0.107143	7627919	chr19	18366628	A	G	+	A,R	ALU	-	SINE/AluSx1	UTR3	PGPEP1	-	-	UTR3	PGPEP1	-	-	UTR3	ENST00000269919.10	-	-	-
chr19	18366636	A	G	30.5624	AD:VAF	76,9:0.105882	7627920	chr19	18366636	A	G	+	A,R,D	ALU	-	SINE/AluSx1	UTR3	PGPEP1	-	-	UTR3	PGPEP1	-	-	UTR3	ENST00000269919.10	-	-	-
chr19	18366732	A	G	30.882	AD:VAF	106,17:0.138211	7627948	chr19	18366732	A	G	+	A,R	ALU	-	SINE/AluSx1	UTR3	PGPEP1	-	-	UTR3	PGPEP1	-	-	UTR3	ENST00000269919.10	-	-	-
chr19	18366733	A	G	30.4975	AD:VAF	109,12:0.0991736	7627949	chr19	18366733	A	G	+	A,R	ALU	rs1221167240	SINE/AluSx1	UTR3	PGPEP1	-	-	UTR3	PGPEP1	-	-	UTR3	ENST00000269919.10	-	-	-
chr19	18366745	A	G	30.4454	AD:VAF	116,12:0.09375	7627951	chr19	18366745	A	G	+	A,R	ALU	-	SINE/AluSx1	UTR3	PGPEP1	-	-	UTR3	PGPEP1	-	-	UTR3	ENST00000269919.10	-	-	-
chr19	18366892	A	G	30.1764	AD:VAF	172,12:0.0652174	7627958	chr19	18366892	A	G	+	A,R,D	ALU	-	SINE/AluJo	UTR3	PGPEP1	-	-	UTR3	PGPEP1	-	-	UTR3	ENST00000269919.10	-	-	-
chr19	18366943	A	G	29.9727	AD:VAF	178,8:0.0430108	7627970	chr19	18366943	A	G	+	A,R	ALU	-	SINE/AluJo	UTR3	PGPEP1	-	-	UTR3	PGPEP1	-	-	UTR3	ENST00000269919.10	-	-	-
chr19	18366951	A	G	30.4897	AD:VAF	165,18:0.0983607	7627972	chr19	18366951	A	G	+	A,R,D	ALU	-	SINE/AluJo	UTR3	PGPEP1	-	-	UTR3	PGPEP1	-	-	UTR3	ENST00000269919.10	-	-	-
chr19	18366994	A	G	30.2677	AD:VAF	148,12:0.075	7627988	chr19	18366994	A	G	+	A,R	ALU	rs988814773	SINE/AluJo	UTR3	PGPEP1	-	-	UTR3	PGPEP1	-	-	UTR3	ENST00000269919.10	-	-	-
chr19	18367000	A	G	30.0363	AD:VAF	152,8:0.05	7627992	chr19	18367000	A	G	+	A,R	ALU	-	SINE/AluJo	UTR3	PGPEP1	-	-	UTR3	PGPEP1	-	-	UTR3	ENST00000269919.10	-	-	-
chr19	18367005	A	G	30.2343	AD:VAF	143,11:0.0714286	7627995	chr19	18367005	A	G	+	A,R	ALU	-	SINE/AluJo	UTR3	PGPEP1	-	-	UTR3	PGPEP1	-	-	UTR3	ENST00000269919.10	-	-	-
chr19	18367041	A	G	30.2909	AD:VAF	131,11:0.0774648	7628001	chr19	18367041	A	G	+	A,R,D	ALU	-	SINE/AluJo	UTR3	PGPEP1	-	-	UTR3	PGPEP1	-	-	UTR3	ENST00000269919.10	-	-	-
chr19	18367091	A	G	31.3396	AD:VAF	81,19:0.19	7628014	chr19	18367091	A	G	+	A,R,D	ALU	-	SINE/AluJo	UTR3	PGPEP1	-	-	UTR3	PGPEP1	-	-	UTR3	ENST00000269919.10	-	-	-
chr19	18368319	A	G	30.6618	AD:VAF	99,13:0.116071	7628171	chr19	18368319	A	G	+	A,R,D	ALU	-	SINE/AluSz6	UTR3	PGPEP1	-	-	UTR3	PGPEP1	-	-	UTR3	ENST00000269919.10	-	-	-
chr19	18368360	A	G	30.3048	AD:VAF	105,9:0.0789474	7628182	chr19	18368360	A	G	+	A,R	ALU	-	SINE/AluSz6	UTR3	PGPEP1	-	-	UTR3	PGPEP1	-	-	UTR3	ENST00000269919.10	-	-	-
chr19	19175810	T	C	57.4518	AD:VAF	3,8:0.727273	7650231	chr19	19175810	T	C	-	A,R	NONREP	-	-/-	intronic	BORCS8-MEF2B;MEF2B	-	-	intronic	BORCS8-MEF2B	-	-	intronic	BORCS8-MEF2B;MEF2B	-	-	-
chr19	19177445	T	C	29.8582	AD:VAF	256,8:0.030303	7650305	chr19	19177445	T	C	-	A,R	ALU	rs1035466453	SINE/AluSx3	exonic	BORCS8	synonymous SNV	BORCS8:ENST00000585679.1:exon4:c.A114G:p.P38P	UTR3	BORCS8	-	-	exonic	BORCS8	synonymous SNV	BORCS8:ENST00000585679.1:exon4:c.A114G:p.P38P	-
chr19	19683067	A	G	45.1941	AD:VAF	14,9:0.391304	7662974	chr19	19683067	A	G	+	A,R,D	ALU	-	SINE/AluSc8	UTR3	ZNF101	-	-	UTR3	ZNF101	-	-	UTR3	ENST00000592502.1	-	-	-
chr19	19757251	T	C	52.4043	AD:VAF	9,9:0.5	7665589	chr19	19757251	T	C	-	A,R,D	ALU	-	SINE/AluSc	upstream	AC011477.8;LINC00663	-	-	ncRNA_exonic	LINC00663	-	-	downstream	LINC00663	-	-	-
chr19	19757267	T	C	70.315	AD:VAF	9,12:0.571429	7665593	chr19	19757267	T	C	-	A,R,D	ALU	-	SINE/AluSc	upstream	AC011477.8;LINC00663	-	-	ncRNA_exonic	LINC00663	-	-	downstream	LINC00663	-	-	-
chr19	19757277	T	C	114.415	AD:VAF	0,21:1	7665595	chr19	19757277	T	C	-	A,R,D	ALU	rs993329266	SINE/AluSc	upstream	AC011477.8;LINC00663	-	-	ncRNA_exonic	LINC00663	-	-	downstream	LINC00663	-	-	-
chr19	21291813	T	C	117.415	AD:VAF	0,11:1	7694936	chr19	21291813	T	C	-	A,R,D	ALU	rs535666875	SINE/AluSg	UTR3	ZNF708	-	-	UTR3	ZNF708	-	-	UTR3	ZNF708	-	-	-
chr19	34470191	A	G	60.5635	AD:VAF	3,8:0.727273	7767785	chr19	34470191	A	G	+	A,R	ALU	-	SINE/AluSq2	UTR3	UBA2	-	-	UTR3	UBA2	-	-	UTR3	ENST00000246548.8	-	-	-
chr19	35769860	A	G	43.2947	AD:VAF	11,8:0.421053	7789891	chr19	35769860	A	G	+	A,R,D	ALU	-	SINE/AluSq2	ncRNA_intronic	AC002398.1	-	-	UTR3	PROSER3	-	-	ncRNA_intronic	AC002398.1	-	-	-
chr19	35770005	A	G	60.1395	AD:VAF	23,14:0.378378	7789952	chr19	35770005	A	G	+	A,R,D	ALU	rs1285270167	SINE/AluSx4	ncRNA_intronic	AC002398.1	-	-	UTR3	PROSER3	-	-	ncRNA_intronic	AC002398.1	-	-	-
chr19	35770300	A	G	26.9291	AD:VAF	41,9:0.18	7790066	chr19	35770300	A	G	+	A,R	ALU	-	SINE/AluSq2	ncRNA_intronic	AC002398.1	-	-	UTR3	PROSER3	-	-	ncRNA_intronic	AC002398.1	-	-	-
chr19	35770677	A	G	33.8214	AD:VAF	21,10:0.322581	7790121	chr19	35770677	A	G	+	A,R	ALU	-	SINE/AluSx1	ncRNA_intronic	AC002398.1	-	-	UTR3	PROSER3	-	-	ncRNA_intronic	AC002398.1	-	-	-
chr19	36320668	T	C	46.3148	AD:VAF	6,8:0.571429	7809213	chr19	36320668	T	C	-	A,R,D	ALU	-	SINE/AluY	ncRNA_exonic	LINC00665	-	-	ncRNA_exonic	LINC00665	-	-	ncRNA_exonic	LINC00665	-	-	-
chr19	36320687	T	C	78.8932	AD:VAF	6,12:0.666667	7809221	chr19	36320687	T	C	-	A,R,D	ALU	-	SINE/AluY	ncRNA_exonic	LINC00665	-	-	ncRNA_exonic	LINC00665	-	-	ncRNA_exonic	LINC00665	-	-	-
chr19	36516474	T	C	78.0347	AD:VAF	1,9:0.9	7814295	chr19	36516474	T	C	-	A,R,D	ALU	-	SINE/AluJr	intronic	ZNF260	-	-	intronic	ZNF260	-	-	intronic	ENST00000523638.5;ZNF260	-	-	-
chr19	37324963	A	G	60.3945	AD:VAF	11,10:0.47619	7838854	chr19	37324963	A	G	+	A,R,D	ALU	rs918064673	SINE/AluYm1	intronic	ZNF875	-	-	intronic	ZNF875	-	-	intronic	ZNF875	-	-	-
chr19	37326745	A	G	59.0344	AD:VAF	1,9:0.9	7839001	chr19	37326745	A	G	+	A,R,D	ALU	-	SINE/AluSz	intronic	ZNF875	-	-	intronic	ZNF875	-	-	intronic	ZNF875	-	-	-
chr19	37326903	A	G	47.4326	AD:VAF	3,9:0.75	7839033	chr19	37326903	A	G	+	A,R,D	ALU	-	SINE/AluSz	intronic	ZNF875	-	-	intronic	ZNF875	-	-	intronic	ZNF875	-	-	-
chr19	37328125	A	G	45.4043	AD:VAF	9,9:0.5	7839207	chr19	37328125	A	G	+	A,R,D	ALU	-	SINE/AluSp	intronic	ZNF875	-	-	intronic	ZNF875	-	-	intronic	ZNF875	-	-	-
chr19	37328183	A	G	63.2272	AD:VAF	6,9:0.6	7839223	chr19	37328183	A	G	+	A,R,D	ALU	-	SINE/AluSp	intronic	ZNF875	-	-	intronic	ZNF875	-	-	intronic	ZNF875	-	-	-
chr19	38331098	A	G	29.9867	AD:VAF	193,9:0.0445545	7861138	chr19	38331098	A	G	+	A,R	ALU	-	SINE/AluJo	UTR3	KCNK6	-	-	UTR3	KCNK6	-	-	UTR3	ENST00000263372.4	-	-	-
chr19	38331442	A	G	30.4549	AD:VAF	86,9:0.0947368	7861220	chr19	38331442	A	G	+	A,R	ALU	rs1170025642	SINE/AluSc8	UTR3	KCNK6	-	-	UTR3	KCNK6	-	-	UTR3	ENST00000263372.4	-	-	-
chr19	38630865	A	G	48.3148	AD:VAF	12,9:0.428571	7869042	chr19	38630865	A	G	+	A,R	ALU	-	SINE/AluSp	intronic	EIF3K	-	-	intronic	EIF3K	-	-	intronic	EIF3K;ENST00000248342.8	-	-	-
chr19	38630910	A	G	41.1942	AD:VAF	14,9:0.391304	7869048	chr19	38630910	A	G	+	A,R	ALU	-	SINE/AluSp	intronic	EIF3K	-	-	intronic	EIF3K	-	-	intronic	EIF3K;ENST00000248342.8	-	-	-
chr19	38631073	A	G	41.3505	AD:VAF	10,8:0.444444	7869081	chr19	38631073	A	G	+	A,R,D	ALU	-	SINE/AluSx1	intronic	EIF3K	-	-	intronic	EIF3K	-	-	intronic	EIF3K;ENST00000248342.8	-	-	-
chr19	38895702	T	C	46.3893	AD:VAF	9,8:0.470588	7877864	chr19	38895702	T	C	-	A,R	ALU	-	SINE/AluJr4	intronic	SIRT2	-	-	intronic	SIRT2	-	-	intronic	ENST00000249396.11;SIRT2	-	-	-
chr19	38895950	T	C	57.1668	AD:VAF	5,8:0.615385	7877917	chr19	38895950	T	C	-	A,R,D	ALU	-	SINE/AluSc8	intronic	SIRT2	-	-	intronic	SIRT2	-	-	intronic	ENST00000249396.11;SIRT2	-	-	-
chr19	39400150	A	G	29.9332	AD:VAF	199,8:0.0386473	7895625	chr19	39400150	A	G	+	A,R	ALU	-	SINE/AluJb	UTR3	MED29	-	-	UTR3	MED29	-	-	UTR3	ENST00000315588.9;MED29	-	-	-
chr19	39490451	A	G	22.7319	AD:VAF	18,8:0.307692	7898219	chr19	39490451	A	G	+	A,R,D	ALU	-	SINE/AluJr	UTR3	TIMM50	-	-	UTR3	TIMM50	-	-	UTR3	TIMM50	-	-	-
chr19	39490651	A	G	71.3609	AD:VAF	9,11:0.55	7898258	chr19	39490651	A	G	+	A,R,D	ALU	-	SINE/AluJr	UTR3	TIMM50	-	-	UTR3	TIMM50	-	-	UTR3	TIMM50	-	-	-
chr19	39491689	A	G	49.3148	AD:VAF	16,12:0.428571	7898488	chr19	39491689	A	G	+	A,D	ALU	rs112700531	SINE/AluJb	UTR3	TIMM50	-	-	UTR3	TIMM50	-	-	intronic	TIMM50	-	-	-
chr19	39493350	A	G	46.3504	AD:VAF	10,8:0.444444	7898689	chr19	39493350	A	G	+	A,R	ALU	-	SINE/AluSx	UTR3	TIMM50	-	-	UTR3	TIMM50	-	-	downstream	TIMM50	-	-	-
chr19	40827600	A	G	53.385	AD:VAF	7,8:0.533333	7931752	chr19	40827600	A	G	+	A,R	ALU	-	SINE/AluSz	intronic	AC008537.1	-	-	intergenic	CYP2T1P;CYP2A6	-	-	intronic	AC008537.1	-	-	-
chr19	40827889	A	G	49.227	AD:VAF	15,10:0.4	7931812	chr19	40827889	A	G	+	A,R	ALU	rs981830527	SINE/AluJb	intronic	AC008537.1	-	-	intergenic	CYP2T1P;CYP2A6	-	-	intronic	AC008537.1	-	-	-
chr19	40828604	A	G	9.1755	AD:VAF	19,8:0.296296	7931871	chr19	40828604	A	G	+	A,R	ALU	rs1479770829	SINE/AluJo	intronic	AC008537.1	-	-	intergenic	CYP2T1P;CYP2A6	-	-	intronic	AC008537.1	-	-	-
chr19	40828605	A	G	26.6562	AD:VAF	21,9:0.3	7931872	chr19	40828605	A	G	+	A,R	ALU	-	SINE/AluJo	intronic	AC008537.1	-	-	intergenic	CYP2T1P;CYP2A6	-	-	intronic	AC008537.1	-	-	-
chr19	40828660	A	G	18.4587	AD:VAF	33,8:0.195122	7931888	chr19	40828660	A	G	+	A,R	ALU	-	SINE/AluJo	intronic	AC008537.1	-	-	intergenic	CYP2T1P;CYP2A6	-	-	intronic	AC008537.1	-	-	-
chr19	40830314	A	G	88.3508	AD:VAF	12,15:0.555556	7931980	chr19	40830314	A	G	+	A,R,D	ALU	-	SINE/AluSz6	intronic	AC008537.1	-	-	intergenic	CYP2T1P;CYP2A6	-	-	intronic	AC008537.1	-	-	-
chr19	40830340	A	G	86.4523	AD:VAF	5,13:0.722222	7931983	chr19	40830340	A	G	+	A,R,D	ALU	-	SINE/AluSz6	intronic	AC008537.1	-	-	intergenic	CYP2T1P;CYP2A6	-	-	intronic	AC008537.1	-	-	-
chr19	40830490	A	G	52.2528	AD:VAF	16,11:0.407407	7932010	chr19	40830490	A	G	+	A,R,D	ALU	-	SINE/AluSz6	intronic	AC008537.1	-	-	intergenic	CYP2T1P;CYP2A6	-	-	intronic	AC008537.1	-	-	-
chr19	42377666	A	G	30.4306	AD:VAF	128,13:0.0921986	7964096	chr19	42377666	A	G	+	A,R,D	ALU	-	SINE/AluSx4	UTR3	MEGF8	-	-	UTR3	MEGF8	-	-	UTR3	ENST00000251268.10;MEGF8	-	-	-
chr19	44159365	A	G	84.1839	AD:VAF	4,12:0.75	7987472	chr19	44159365	A	G	+	A,R,D	ALU	rs1052943533	SINE/AluJb	UTR3	ZNF234	-	-	UTR3	ZNF234	-	-	UTR3	ENST00000426739.6	-	-	-
chr19	44161979	A	G	30.0388	AD:VAF	5,9:0.642857	7987809	chr19	44161979	A	G	+	A,R,D	ALU	-	SINE/AluSq2	downstream	AC138470.2	-	-	intergenic	ZNF234;ZNF226	-	-	intergenic	ENST00000426739.6;ZNF226	-	-	-
chr19	44663822	A	G	31.033	AD:VAF	55,10:0.153846	7994964	chr19	44663822	A	G	+	A,R	ALU	rs1422128487	SINE/AluJr	ncRNA_intronic	AC243964.3	-	-	UTR3	PVR	-	-	ncRNA_intronic	AC243964.3	-	-	-
chr19	44663880	A	G	31.4617	AD:VAF	66,16:0.195122	7994986	chr19	44663880	A	G	+	A,R	ALU	rs557010676	SINE/AluJr	ncRNA_intronic	AC243964.3	-	-	UTR3	PVR	-	-	ncRNA_intronic	AC243964.3	-	-	-
chr19	44664474	A	G	30.8081	AD:VAF	93,14:0.130841	7995099	chr19	44664474	A	G	+	A,R	ALU	-	SINE/AluJo	ncRNA_exonic	AC243964.4	-	-	UTR3	PVR	-	-	ncRNA_exonic	AC243964.4	-	-	-
chr19	44664475	A	G	29.4116	AD:VAF	81,21:0.205882	7995100	chr19	44664475	A	G	+	A,R,D	ALU	-	SINE/AluJo	ncRNA_exonic	AC243964.4	-	-	UTR3	PVR	-	-	ncRNA_exonic	AC243964.4	-	-	-
chr19	44664487	A	G	31.1575	AD:VAF	91,18:0.165138	7995106	chr19	44664487	A	G	+	A,R,D	ALU	-	SINE/AluJo	ncRNA_exonic	AC243964.4	-	-	UTR3	PVR	-	-	ncRNA_exonic	AC243964.4	-	-	-
chr19	44664814	A	G	30.8187	AD:VAF	64,15:0.189873	7995129	chr19	44664814	A	G	+	A,R	REP	-	SINE/FLAM_C	ncRNA_exonic	AC243964.4	-	-	UTR3	PVR	-	-	ncRNA_exonic	AC243964.4	-	-	-
chr19	44665391	A	G	19.2808	AD:VAF	59,15:0.202703	7995145	chr19	44665391	A	G	+	A,R	ALU	-	SINE/AluSz	ncRNA_exonic	AC243964.4	-	-	UTR3	PVR	-	-	ncRNA_exonic	AC243964.4	-	-	-
chr19	44666547	A	G	55.8951	AD:VAF	4,8:0.666667	7995309	chr19	44666547	A	G	+	A,R	ALU	rs543178404	SINE/AluSx	ncRNA_intronic	AC243964.3	-	-	downstream	PVR	-	-	ncRNA_intronic	AC243964.3	-	-	-
chr19	44669352	A	G	112.415	AD:VAF	0,12:1	7995537	chr19	44669352	A	G	+	A,R	ALU	-	SINE/AluJo	ncRNA_intronic	AC243964.3	-	-	intergenic	PVR;CEACAM19	-	-	ncRNA_intronic	AC243964.3	-	-	-
chr19	45549573	T	C	30.7863	AD:VAF	42,8:0.16	8028433	chr19	45549573	T	C	-	A,R,D	ALU	-	SINE/AluSz6	UTR3	OPA3	-	-	UTR3	OPA3	-	-	UTR3	OPA3	-	-	-
chr19	45703470	A	G	27.3436	AD:VAF	7,9:0.5625	8035140	chr19	45703470	A	G	+	A,R,D	ALU	-	SINE/AluY	UTR3	QPCTL	-	-	UTR3	QPCTL	-	-	UTR3	ENST00000012049.9;QPCTL	-	-	-
chr19	45703511	A	G	40.2273	AD:VAF	6,9:0.6	8035147	chr19	45703511	A	G	+	A,R,D	ALU	-	SINE/AluY	UTR3	QPCTL	-	-	UTR3	QPCTL	-	-	UTR3	ENST00000012049.9;QPCTL	-	-	-
chr19	45703528	A	G	82.8932	AD:VAF	7,14:0.666667	8035151	chr19	45703528	A	G	+	A,R	ALU	-	SINE/AluY	UTR3	QPCTL	-	-	UTR3	QPCTL	-	-	UTR3	ENST00000012049.9;QPCTL	-	-	-
chr19	45703591	A	G	41.8444	AD:VAF	31,15:0.326087	8035161	chr19	45703591	A	G	+	A,R,D	ALU	rs1055244721	SINE/AluY	UTR3	QPCTL	-	-	UTR3	QPCTL	-	-	UTR3	ENST00000012049.9;QPCTL	-	-	-
chr19	45703698	A	G	17.5099	AD:VAF	37,9:0.195652	8035180	chr19	45703698	A	G	+	A,R,D	ALU	-	SINE/AluSx1	UTR3	QPCTL	-	-	UTR3	QPCTL	-	-	UTR3	ENST00000012049.9;QPCTL	-	-	-
chr19	48249776	T	C	10.7968	AD:VAF	31,8:0.205128	8102631	chr19	48249776	T	C	-	A	NONREP	-	-/-	UTR5	CARD8	-	-	UTR5	CARD8	-	-	UTR5	CARD8;ENST00000519940.5	-	-	-
chr19	48249813	T	C	34.7815	AD:VAF	28,13:0.317073	8102634	chr19	48249813	T	C	-	A,R	NONREP	-	-/-	UTR5	CARD8	-	-	UTR5	CARD8	-	-	UTR5	CARD8;ENST00000519940.5	-	-	-
chr19	48923753	A	G	41.3299	AD:VAF	13,10:0.434783	8128289	chr19	48923753	A	G	+	A,R	ALU	-	SINE/AluSx1	downstream	NUCB1	-	-	downstream	NUCB1	-	-	downstream	ENST00000405315.8;NUCB1	-	-	-
chr19	48923767	A	G	53.3741	AD:VAF	13,11:0.458333	8128297	chr19	48923767	A	G	+	A,R	ALU	-	SINE/AluSx1	downstream	NUCB1	-	-	downstream	NUCB1	-	-	downstream	ENST00000405315.8;NUCB1	-	-	-
chr19	48923856	A	G	72.2822	AD:VAF	21,15:0.416667	8128320	chr19	48923856	A	G	+	A,R,D	ALU	-	SINE/AluSz6	downstream	NUCB1	-	-	downstream	NUCB1	-	-	downstream	ENST00000405315.8;NUCB1	-	-	-
chr19	48923920	A	G	15.4426	AD:VAF	25,9:0.264706	8128347	chr19	48923920	A	G	+	A,R	ALU	-	SINE/AluSz6	downstream	NUCB1	-	-	downstream	NUCB1	-	-	downstream	ENST00000405315.8;NUCB1	-	-	-
chr19	48923928	A	G	58.3003	AD:VAF	15,11:0.423077	8128351	chr19	48923928	A	G	+	A,R	ALU	-	SINE/AluSz6	downstream	NUCB1	-	-	downstream	NUCB1	-	-	downstream	ENST00000405315.8;NUCB1	-	-	-
chr19	48924286	A	G	6.62278	AD:VAF	27,11:0.289474	8128512	chr19	48924286	A	G	+	A,R	ALU	-	SINE/AluSc8	downstream	NUCB1	-	-	downstream	NUCB1	-	-	downstream	ENST00000405315.8	-	-	-
chr19	48924300	A	G	38.2048	AD:VAF	20,13:0.393939	8128517	chr19	48924300	A	G	+	A,R	ALU	-	SINE/AluSc8	downstream	NUCB1	-	-	downstream	NUCB1	-	-	downstream	ENST00000405315.8	-	-	-
chr19	48924327	A	G	14.4477	AD:VAF	30,8:0.210526	8128528	chr19	48924327	A	G	+	A,R	ALU	-	SINE/AluSc8	downstream	NUCB1	-	-	downstream	NUCB1	-	-	downstream	ENST00000405315.8	-	-	-
chr19	48924328	A	G	20.2434	AD:VAF	32,8:0.2	8128529	chr19	48924328	A	G	+	A,R	ALU	rs906246054	SINE/AluSc8	downstream	NUCB1	-	-	downstream	NUCB1	-	-	downstream	ENST00000405315.8	-	-	-
chr19	52031741	T	C	30.2858	AD:VAF	96,8:0.0769231	8191720	chr19	52031741	T	C	-	A,R	ALU	-	SINE/AluSq2	UTR3	ZNF432	-	-	UTR3	ZNF432	-	-	UTR3	ZNF432	-	-	-
chr19	52031763	T	C	48.9561	AD:VAF	65,34:0.343434	8191725	chr19	52031763	T	C	-	A,R	ALU	-	SINE/AluSq2	UTR3	ZNF432	-	-	UTR3	ZNF432	-	-	UTR3	ZNF432	-	-	-
chr19	52031818	T	C	30.4489	AD:VAF	77,8:0.0941176	8191731	chr19	52031818	T	C	-	A,R	ALU	-	SINE/AluSq2	UTR3	ZNF432	-	-	UTR3	ZNF432	-	-	UTR3	ZNF432	-	-	-
chr19	52031832	T	C	30.7818	AD:VAF	68,10:0.128205	8191734	chr19	52031832	T	C	-	A,R,D	ALU	-	SINE/AluSq2	UTR3	ZNF432	-	-	UTR3	ZNF432	-	-	UTR3	ZNF432	-	-	-
chr19	52031835	T	C	4.74248	AD:VAF	54,17:0.239437	8191735	chr19	52031835	T	C	-	A,R,D	ALU	-	SINE/AluSq2	UTR3	ZNF432	-	-	UTR3	ZNF432	-	-	UTR3	ZNF432	-	-	-
chr19	52031934	T	C	30.9289	AD:VAF	66,11:0.142857	8191766	chr19	52031934	T	C	-	A,R	ALU	-	SINE/AluSq2	UTR3	ZNF432	-	-	UTR3	ZNF432	-	-	UTR3	ZNF432	-	-	-
chr19	52031953	T	C	64.9443	AD:VAF	54,28:0.341463	8191770	chr19	52031953	T	C	-	A,R,D	ALU	-	SINE/AluSq2	UTR3	ZNF432	-	-	UTR3	ZNF432	-	-	UTR3	ZNF432	-	-	-
chr19	52031958	T	C	31.1073	AD:VAF	68,13:0.160494	8191772	chr19	52031958	T	C	-	A,R,D	ALU	rs1368707753	SINE/AluSq2	UTR3	ZNF432	-	-	UTR3	ZNF432	-	-	UTR3	ZNF432	-	-	-
chr19	52032551	T	C	90.8933	AD:VAF	12,24:0.666667	8191802	chr19	52032551	T	C	-	A,R,D	ALU	-	SINE/AluSp	UTR3	ZNF432	-	-	UTR3	ZNF432	-	-	UTR3	ZNF432	-	-	-
chr19	52032552	T	C	84.8932	AD:VAF	12,24:0.666667	8191803	chr19	52032552	T	C	-	A,R,D	ALU	-	SINE/AluSp	UTR3	ZNF432	-	-	UTR3	ZNF432	-	-	UTR3	ZNF432	-	-	-
chr19	52032612	T	C	23.9101	AD:VAF	30,15:0.333333	8191820	chr19	52032612	T	C	-	A,R,D	ALU	rs1388738514	SINE/AluSp	UTR3	ZNF432	-	-	UTR3	ZNF432	-	-	UTR3	ZNF432	-	-	-
chr19	52032613	T	C	4.32616	AD:VAF	36,13:0.265306	8191821	chr19	52032613	T	C	-	A,R,D	ALU	-	SINE/AluSp	UTR3	ZNF432	-	-	UTR3	ZNF432	-	-	UTR3	ZNF432	-	-	-
chr19	52032687	T	C	24.715	AD:VAF	39,9:0.1875	8191846	chr19	52032687	T	C	-	A,R	ALU	-	SINE/AluSp	UTR3	ZNF432	-	-	UTR3	ZNF432	-	-	UTR3	ZNF432	-	-	-
chr19	52063423	T	C	68.2671	AD:VAF	7,10:0.588235	8192611	chr19	52063423	T	C	-	A,R	ALU	-	SINE/AluSq2	ncRNA_intronic	AC011468.1	-	-	intronic	ZNF841	-	-	ncRNA_intronic	AC011468.1	-	-	-
chr19	52063486	T	C	57.3893	AD:VAF	8,9:0.529412	8192626	chr19	52063486	T	C	-	A,R	ALU	-	SINE/AluSq2	ncRNA_intronic	AC011468.1	-	-	intronic	ZNF841	-	-	ncRNA_intronic	AC011468.1	-	-	-
chr19	52064827	T	C	28.7352	AD:VAF	20,9:0.310345	8192744	chr19	52064827	T	C	-	A,R,D	ALU	rs935258650	SINE/AluSx1	UTR3	ZNF841	-	-	UTR3	ZNF841	-	-	UTR3	ZNF841	-	-	-
chr19	52064853	T	C	47.3961	AD:VAF	12,11:0.478261	8192753	chr19	52064853	T	C	-	A,R,D	ALU	-	SINE/AluSx1	UTR3	ZNF841	-	-	UTR3	ZNF841	-	-	UTR3	ZNF841	-	-	-
chr19	52064907	T	C	64.3265	AD:VAF	17,13:0.433333	8192764	chr19	52064907	T	C	-	A,R,D	ALU	rs535923398	SINE/AluSx1	UTR3	ZNF841	-	-	UTR3	ZNF841	-	-	UTR3	ZNF841	-	-	-
chr19	52408266	A	G	80.3006	AD:VAF	11,15:0.576923	8200379	chr19	52408266	A	G	+	A,R,D	ALU	-	SINE/AluSx1	UTR3	ZNF528	-	-	intronic	ZNF528	-	-	UTR3	ZNF528	-	-	-
chr19	52408331	A	G	27.8267	AD:VAF	21,10:0.322581	8200388	chr19	52408331	A	G	+	A,R	ALU	-	SINE/AluSx1	UTR3	ZNF528	-	-	intronic	ZNF528	-	-	UTR3	ZNF528	-	-	-
chr19	52408352	A	G	82.3006	AD:VAF	11,15:0.576923	8200394	chr19	52408352	A	G	+	A,R,D	ALU	-	SINE/AluSx1	UTR3	ZNF528	-	-	intronic	ZNF528	-	-	UTR3	ZNF528	-	-	-
chr19	52513944	A	G	67.4045	AD:VAF	11,11:0.5	8202330	chr19	52513944	A	G	+	A,R	ALU	-	SINE/AluSx	UTR3	ZNF578	-	-	UTR3	ZNF578	-	-	intergenic	AC022150.3;ZNF808	-	-	-
chr19	52618188	T	C	54.5634	AD:VAF	3,8:0.727273	8207589	chr19	52618188	T	C	-	A,R,D	ALU	-	SINE/AluSz	intronic	ZNF83	-	-	intronic	ZNF83	-	-	intronic	ZNF83	-	-	-
chr19	53411158	A	G	43.8951	AD:VAF	4,8:0.666667	8229146	chr19	53411158	A	G	+	A,R,D	ALU	-	SINE/AluSx	UTR3	ZNF765	-	-	UTR3	ZNF765	-	-	UTR3	ENST00000396408.7	-	-	-
chr19	53874807	A	G	30.2971	AD:VAF	118,10:0.078125	8239981	chr19	53874807	A	G	+	A	ALU	rs1382395866	SINE/AluSx	ncRNA_exonic	AC008440.1	-	-	UTR3	MYADM	-	-	ncRNA_exonic	AC008440.2	-	-	-
chr19	53874840	A	G	29.8582	AD:VAF	288,9:0.030303	8239990	chr19	53874840	A	G	+	A	ALU	-	SINE/AluSx	ncRNA_intronic	AC008440.1	-	-	UTR3	MYADM	-	-	ncRNA_intronic	AC008440.2	-	-	-
chr19	53875800	A	G	29.7252	AD:VAF	514,8:0.0153257	8240123	chr19	53875800	A	G	+	A,R	ALU	-	SINE/AluSx1	ncRNA_intronic	AC008440.1	-	-	UTR3	MYADM	-	-	ncRNA_intronic	AC008440.2	-	-	-
chr19	56378616	A	G	30.1056	AD:VAF	131,8:0.057554	8280532	chr19	56378616	A	G	+	A,R	ALU	-	SINE/AluJb	intergenic	AC006116.11;AC006116.12	-	-	ncRNA_exonic	ZNF542P	-	-	ncRNA_exonic	ZNF542P	-	-	-
chr19	56378687	A	G	30.7216	AD:VAF	115,16:0.122137	8280573	chr19	56378687	A	G	+	A,R,D	ALU	-	SINE/AluJb	intergenic	AC006116.11;AC006116.12	-	-	ncRNA_exonic	ZNF542P	-	-	ncRNA_exonic	ZNF542P	-	-	316;26
chr19	56378722	A	G	30.3249	AD:VAF	102,9:0.0810811	8280590	chr19	56378722	A	G	+	A,R	ALU	-	SINE/AluJb	intergenic	AC006116.11;AC006116.12	-	-	ncRNA_exonic	ZNF542P	-	-	ncRNA_exonic	ZNF542P	-	-	-
chr19	56378748	A	G	30.8459	AD:VAF	90,14:0.134615	8280600	chr19	56378748	A	G	+	A,R,D	ALU	-	SINE/AluJb	intergenic	AC006116.11;AC006116.12	-	-	ncRNA_exonic	ZNF542P	-	-	ncRNA_exonic	ZNF542P	-	-	-
chr19	56378749	A	G	31.0015	AD:VAF	85,15:0.15	8280601	chr19	56378749	A	G	+	A,R,D	ALU	-	SINE/AluJb	intergenic	AC006116.11;AC006116.12	-	-	ncRNA_exonic	ZNF542P	-	-	ncRNA_exonic	ZNF542P	-	-	-
chr19	56379225	A	G	30.7642	AD:VAF	76,11:0.126437	8280636	chr19	56379225	A	G	+	A,R,D	ALU	-	SINE/AluJr	intergenic	AC006116.11;AC006116.12	-	-	ncRNA_exonic	ZNF542P	-	-	ncRNA_exonic	ZNF542P	-	-	-
chr19	57305637	A	G	24.4098	AD:VAF	11,10:0.47619	8289962	chr19	57305637	A	G	+	A,R,D	ALU	rs920623612	SINE/AluJo	ncRNA_exonic	AC005261.1	-	-	intergenic	ZNF460;ZNF543	-	-	ncRNA_exonic	AC005261.1	-	-	-
chr19	57305648	A	G	29.3654	AD:VAF	9,11:0.55	8289964	chr19	57305648	A	G	+	A,R,D	ALU	-	SINE/AluJo	ncRNA_exonic	AC005261.1	-	-	intergenic	ZNF460;ZNF543	-	-	ncRNA_exonic	AC005261.1	-	-	-
chr19	57853889	A	G	13.429	AD:VAF	29,10:0.25641	8307441	chr19	57853889	A	G	+	A,R	ALU	-	SINE/AluSq2	intronic	AC010522.1;ZNF587;ZNF814	-	-	intronic	ZNF587	-	-	intronic	AC010522.1;ENST00000339656.7;ENST00000593873.5;ZNF587;ZNF814	-	-	-
chr19	57860469	A	G	30.9705	AD:VAF	52,9:0.147541	8308385	chr19	57860469	A	G	+	A,R,D	ALU	rs563531374	SINE/AluSz	UTR3	ZNF587	-	-	UTR3	ZNF587	-	-	UTR3	ENST00000339656.7;ZNF587	-	-	-
chr19	57860881	A	G	31.0222	AD:VAF	42,8:0.16	8308489	chr19	57860881	A	G	+	A,R,D	ALU	-	SINE/AluSz	UTR3	ZNF587	-	-	UTR3	ZNF587	-	-	UTR3	ENST00000339656.7;ZNF587	-	-	-
chr19	57861394	A	G	7.15432	AD:VAF	32,9:0.219512	8308635	chr19	57861394	A	G	+	A,R,D	ALU	rs1340826439	SINE/AluJb	UTR3	ZNF587	-	-	UTR3	ZNF587	-	-	UTR3	ENST00000339656.7;ZNF587	-	-	-
chr19	57863827	A	G	31.6272	AD:VAF	26,11:0.297297	8309129	chr19	57863827	A	G	+	A,R,D	ALU	rs1471859117	SINE/AluSx4	UTR3	ZNF587	-	-	UTR3	ZNF587	-	-	UTR3	ENST00000339656.7;ZNF587	-	-	-
chr19	57864392	A	G	7.72546	AD:VAF	25,8:0.242424	8309337	chr19	57864392	A	G	+	A,R	ALU	-	SINE/AluSx1	UTR3	ZNF587	-	-	UTR3	ZNF587	-	-	UTR3	ENST00000339656.7	-	-	-
chr19	57871975	A	G	30.3777	AD:VAF	11,13:0.541667	8310735	chr19	57871975	A	G	+	A,R,D	ALU	-	SINE/AluJb	UTR3	ZNF814	-	-	UTR3	ZNF814	-	-	intronic	ZNF814	-	-	-
chr19	57873344	A	G	10.5547	AD:VAF	27,9:0.25	8310949	chr19	57873344	A	G	+	A,R	NONREP	-	-/-	exonic	ZNF814	synonymous SNV	ZNF814:ENST00000435989.7:exon3:c.T2046C:p.H682H,ZNF814:ENST00000614383.1:exon6:c.T1296C:p.H432H	exonic	ZNF814	synonymous SNV	ZNF814:NM_001144989:exon3:c.T2046C:p.H682H	exonic	ENST00000435989.6;ZNF814	synonymous SNV	ENST00000435989.6:ENST00000435989.6:exon3:c.T2046C:p.H682H,ZNF814:ENST00000614383.1:exon6:c.T1296C:p.H432H	308;24
chr19	57902958	T	C	96.073	AD:VAF	1,11:0.916667	8312497	chr19	57902958	T	C	-	A,R,D	ALU	-	SINE/AluY	intronic	AC010326.2	-	-	intergenic	ZNF814;ZNF417	-	-	intronic	AC010326.2;ZNF417	-	-	-
chr19	58352046	A	G	17.7207	AD:VAF	21,9:0.3	8329635	chr19	58352046	A	G	+	A,R	ALU	-	SINE/AluSq	ncRNA_exonic	A1BG-AS1	-	-	ncRNA_exonic	A1BG-AS1	-	-	ncRNA_exonic	A1BG-AS1	-	-	-
chr19	58582631	A	G	30.5419	AD:VAF	95,11:0.103774	8338569	chr19	58582631	A	G	+	A,R,D	ALU	-	SINE/AluY	ncRNA_exonic	AC016629.3	-	-	ncRNA_exonic	CENPBD1P1	-	-	ncRNA_exonic	CENPBD1P1	-	-	-
chr19	58582632	A	G	30.3073	AD:VAF	93,8:0.0792079	8338570	chr19	58582632	A	G	+	A,R,D	ALU	-	SINE/AluY	ncRNA_exonic	AC016629.3	-	-	ncRNA_exonic	CENPBD1P1	-	-	ncRNA_exonic	CENPBD1P1	-	-	-
chr19	58584206	A	G	31.1723	AD:VAF	75,15:0.166667	8338623	chr19	58584206	A	G	+	A,R,D	ALU	-	SINE/AluJr	ncRNA_intronic	AC016629.3	-	-	ncRNA_exonic	CENPBD1P1	-	-	ncRNA_exonic	CENPBD1P1	-	-	-
chr21	32314263	T	C	30.5055	AD:VAF	90,10:0.1	9849266	chr21	32314263	T	C	-	A,R	ALU	-	SINE/AluSx	UTR3	URB1	-	-	UTR3	URB1	-	-	UTR3	ENST00000382751.3	-	-	-
chr21	33264854	A	G	44.2271	AD:VAF	15,10:0.4	9859784	chr21	33264854	A	G	+	A,R,D	ALU	-	SINE/AluSz6	ncRNA_exonic	IL10RB-DT	-	-	UTR3	IFNAR2	-	-	ncRNA_exonic	IL10RB-DT	-	-	-
chr21	33264941	A	G	12.7198	AD:VAF	23,9:0.28125	9859817	chr21	33264941	A	G	+	A,R	ALU	-	SINE/AluSz6	ncRNA_exonic	IL10RB-DT	-	-	UTR3	IFNAR2	-	-	ncRNA_exonic	IL10RB-DT	-	-	-
chr21	33264956	A	G	53.1072	AD:VAF	22,13:0.371429	9859824	chr21	33264956	A	G	+	A	ALU	rs3191758	SINE/AluSz6	ncRNA_exonic	IL10RB-DT	-	-	UTR3	IFNAR2	-	-	ncRNA_exonic	IL10RB-DT	-	-	-
chr21	33355762	A	G	31.1081	AD:VAF	89,17:0.160377	9861712	chr21	33355762	A	G	+	A,R	ALU	-	SINE/AluSc	UTR3	IFNAR1	-	-	UTR3	IFNAR1	-	-	UTR3	ENST00000270139.7	-	-	-
chr21	33355793	A	G	30.5354	AD:VAF	87,10:0.103093	9861719	chr21	33355793	A	G	+	A,R	ALU	-	SINE/AluSc	UTR3	IFNAR1	-	-	UTR3	IFNAR1	-	-	UTR3	ENST00000270139.7	-	-	-
chr21	33355829	A	G	30.5672	AD:VAF	84,10:0.106383	9861730	chr21	33355829	A	G	+	A,R	ALU	rs924660967	SINE/AluSc	UTR3	IFNAR1	-	-	UTR3	IFNAR1	-	-	UTR3	ENST00000270139.7	-	-	-
chr21	33355840	A	G	30.6773	AD:VAF	75,10:0.117647	9861734	chr21	33355840	A	G	+	A,R	ALU	-	SINE/AluSc	UTR3	IFNAR1	-	-	UTR3	IFNAR1	-	-	UTR3	ENST00000270139.7	-	-	-
chr21	33355909	A	G	30.75	AD:VAF	63,9:0.125	9861750	chr21	33355909	A	G	+	A,R	ALU	-	SINE/AluSc	UTR3	IFNAR1	-	-	UTR3	IFNAR1	-	-	UTR3	ENST00000270139.7	-	-	-
chr21	33357625	A	G	40.3895	AD:VAF	9,8:0.470588	9861788	chr21	33357625	A	G	+	A,R,D	ALU	-	SINE/AluSg7	UTR3	IFNAR1	-	-	UTR3	IFNAR1	-	-	UTR3	ENST00000270139.7	-	-	-
chr21	33357710	A	G	19.7089	AD:VAF	37,16:0.301887	9861808	chr21	33357710	A	G	+	A,R,D	ALU	-	SINE/AluSg7	UTR3	IFNAR1	-	-	UTR3	IFNAR1	-	-	UTR3	ENST00000270139.7	-	-	-
chr21	33357771	A	G	30.3	AD:VAF	94,8:0.0784314	9861818	chr21	33357771	A	G	+	A,R,D	ALU	-	SINE/AluSg7	UTR3	IFNAR1	-	-	UTR3	IFNAR1	-	-	UTR3	ENST00000270139.7	-	-	-
chr21	33358771	A	G	30.6551	AD:VAF	115,15:0.115385	9861845	chr21	33358771	A	G	+	A,R,D	ALU	-	SINE/AluJr	UTR3	IFNAR1	-	-	UTR3	IFNAR1	-	-	UTR3	ENST00000270139.7	-	-	-
chr21	33360212	A	G	69.3245	AD:VAF	21,16:0.432432	9861892	chr21	33360212	A	G	+	A,R	ALU	-	SINE/AluSx	downstream	IFNAR1	-	-	downstream	IFNAR1	-	-	downstream	ENST00000270139.7	-	-	-
chr21	33360220	A	G	22.658	AD:VAF	28,8:0.222222	9861895	chr21	33360220	A	G	+	A,R	ALU	-	SINE/AluSx	downstream	IFNAR1	-	-	downstream	IFNAR1	-	-	downstream	ENST00000270139.7	-	-	-
chr21	33360239	A	G	3.06553	AD:VAF	27,8:0.228571	9861903	chr21	33360239	A	G	+	A,R	ALU	-	SINE/AluSx	downstream	IFNAR1	-	-	downstream	IFNAR1	-	-	downstream	ENST00000270139.7	-	-	-
chr21	33360265	A	G	53.2044	AD:VAF	20,13:0.393939	9861912	chr21	33360265	A	G	+	A,R	ALU	-	SINE/AluSx	downstream	IFNAR1	-	-	downstream	IFNAR1	-	-	downstream	ENST00000270139.7	-	-	-
chr21	33360298	A	G	56.3298	AD:VAF	13,10:0.434783	9861924	chr21	33360298	A	G	+	A,R	ALU	rs1287119107	SINE/AluSx	downstream	IFNAR1	-	-	downstream	IFNAR1	-	-	downstream	ENST00000270139.7	-	-	-
chr21	33550950	A	G	29.8186	AD:VAF	452,12:0.0258621	9870159	chr21	33550950	A	G	+	A	NONREP	-	-/-	exonic	SON	synonymous SNV	SON:ENST00000300278.8:exon3:c.A1719G:p.P573P,SON:ENST00000356577.10:exon3:c.A1719G:p.P573P,SON:ENST00000381679.8:exon3:c.A1719G:p.P573P	exonic	SON	synonymous SNV	SON:NM_001291411:exon3:c.A1719G:p.P573P,SON:NM_032195:exon3:c.A1719G:p.P573P,SON:NM_138927:exon3:c.A1719G:p.P573P	exonic	ENST00000356577.8;SON	synonymous SNV	SON:ENST00000300278.8:exon3:c.A1719G:p.P573P,ENST00000356577.8:ENST00000356577.8:exon3:c.A1719G:p.P573P,SON:ENST00000381679.8:exon3:c.A1719G:p.P573P,SON:ENST00000455528.5:exon3:c.A1719G:p.P573P	-
chr21	33551799	A	G	29.8201	AD:VAF	449,12:0.0260304	9870184	chr21	33551799	A	G	+	A,R	NONREP	-	-/-	exonic	SON	synonymous SNV	SON:ENST00000300278.8:exon3:c.A2568G:p.L856L,SON:ENST00000356577.10:exon3:c.A2568G:p.L856L,SON:ENST00000381679.8:exon3:c.A2568G:p.L856L	exonic	SON	synonymous SNV	SON:NM_001291411:exon3:c.A2568G:p.L856L,SON:NM_032195:exon3:c.A2568G:p.L856L,SON:NM_138927:exon3:c.A2568G:p.L856L	exonic	ENST00000356577.8;SON	synonymous SNV	SON:ENST00000300278.8:exon3:c.A2568G:p.L856L,ENST00000356577.8:ENST00000356577.8:exon3:c.A2568G:p.L856L,SON:ENST00000381679.8:exon3:c.A2568G:p.L856L,SON:ENST00000455528.5:exon3:c.A2568G:p.L856L	415;71
chr21	42909268	A	G	26.8048	AD:VAF	41,10:0.196078	9927228	chr21	42909268	A	G	+	A,R,D	ALU	-	SINE/AluSx1	UTR3	NDUFV3	-	-	UTR3	NDUFV3	-	-	UTR3	NDUFV3	-	-	-
chr21	42909849	A	G	16.4976	AD:VAF	44,11:0.2	9927301	chr21	42909849	A	G	+	A,R	ALU	-	SINE/AluSx3	UTR3	NDUFV3	-	-	UTR3	NDUFV3	-	-	UTR3	NDUFV3	-	-	-
chr21	42909948	A	G	4.79443	AD:VAF	41,13:0.240741	9927322	chr21	42909948	A	G	+	A,R	ALU	-	SINE/AluSx3	UTR3	NDUFV3	-	-	UTR3	NDUFV3	-	-	UTR3	NDUFV3	-	-	-
chr21	42910237	A	G	8.05601	AD:VAF	25,9:0.264706	9927394	chr21	42910237	A	G	+	A,R	ALU	rs1302091935	SINE/AluSq2	UTR3	NDUFV3	-	-	UTR3	NDUFV3	-	-	UTR3	NDUFV3	-	-	-
chr21	42911123	A	G	18.4368	AD:VAF	27,10:0.27027	9927482	chr21	42911123	A	G	+	A,R	ALU	rs1021854044	SINE/AluSz	UTR3	NDUFV3	-	-	UTR3	NDUFV3	-	-	UTR3	NDUFV3	-	-	-
chr21	42911149	A	G	9.8912	AD:VAF	29,11:0.275	9927489	chr21	42911149	A	G	+	A,R	ALU	-	SINE/AluSz	UTR3	NDUFV3	-	-	UTR3	NDUFV3	-	-	UTR3	NDUFV3	-	-	-
chr21	42912150	A	G	3.01147	AD:VAF	29,9:0.236842	9927597	chr21	42912150	A	G	+	A,R	ALU	-	SINE/AluSp	UTR3	NDUFV3	-	-	UTR3	NDUFV3	-	-	UTR3	NDUFV3	-	-	-
chr21	42912172	A	G	27.6161	AD:VAF	31,13:0.295455	9927605	chr21	42912172	A	G	+	A,R	ALU	-	SINE/AluSp	UTR3	NDUFV3	-	-	UTR3	NDUFV3	-	-	UTR3	NDUFV3	-	-	-
chr22	17113247	A	G	85.1513	AD:VAF	8,13:0.619048	9967148	chr22	17113247	A	G	+	A,R,D	ALU	-	SINE/AluJb	UTR3	IL17RA	-	-	UTR3	IL17RA	-	-	UTR3	IL17RA	-	-	-
chr22	17113326	A	G	64.3924	AD:VAF	9,10:0.526316	9967163	chr22	17113326	A	G	+	A	ALU	rs9605216	SINE/AluJb	UTR3	IL17RA	-	-	UTR3	IL17RA	-	-	UTR3	IL17RA	-	-	-
chr22	18088511	A	G	30.2562	AD:VAF	113,9:0.0737705	9984977	chr22	18088511	A	G	+	A,R,D	ALU	rs936692781	SINE/AluSz	UTR3	PEX26	-	-	UTR3	PEX26	-	-	UTR3	PEX26	-	-	-
chr22	18088546	A	G	30.1173	AD:VAF	128,8:0.0588235	9984986	chr22	18088546	A	G	+	A,R	ALU	-	SINE/AluSz	UTR3	PEX26	-	-	UTR3	PEX26	-	-	UTR3	PEX26	-	-	-
chr22	18088601	A	G	29.9902	AD:VAF	170,8:0.0449438	9985002	chr22	18088601	A	G	+	A,R,D	ALU	-	SINE/AluSz	UTR3	PEX26	-	-	UTR3	PEX26	-	-	UTR3	PEX26	-	-	-
chr22	18088708	A	G	29.87	AD:VAF	245,8:0.0316206	9985036	chr22	18088708	A	G	+	A,R,D	ALU	-	SINE/AluSz	UTR3	PEX26	-	-	UTR3	PEX26	-	-	UTR3	PEX26	-	-	-
chr22	18089887	A	G	30.3646	AD:VAF	118,11:0.0852713	9985076	chr22	18089887	A	G	+	A,R,D	ALU	-	SINE/AluYf1	UTR3	PEX26	-	-	UTR3	PEX26	-	-	UTR3	PEX26	-	-	-
chr22	18089976	A	G	30.3879	AD:VAF	104,10:0.0877193	9985092	chr22	18089976	A	G	+	A,R,D	ALU	-	SINE/AluYf1	UTR3	PEX26	-	-	UTR3	PEX26	-	-	UTR3	PEX26	-	-	-
chr22	18104294	A	G	59.2631	AD:VAF	2,8:0.8	9985831	chr22	18104294	A	G	+	A,R	ALU	rs1173970922	SINE/AluSp	UTR3	PEX26	-	-	UTR3	PEX26	-	-	UTR3	PEX26	-	-	-
chr22	20065422	A	G	30.2506	AD:VAF	114,9:0.0731707	10002841	chr22	20065422	A	G	+	A,R	ALU	-	SINE/AluSg	ncRNA_intronic	AC006547.1;AC006547.3	-	-	UTR3	TANGO2	-	-	ncRNA_intronic	AC006547.1;AC006547.3	-	-	-
chr22	20065441	A	G	30.2904	AD:VAF	143,12:0.0774194	10002848	chr22	20065441	A	G	+	A,R	ALU	-	SINE/AluSg	ncRNA_intronic	AC006547.1;AC006547.3	-	-	UTR3	TANGO2	-	-	ncRNA_intronic	AC006547.1;AC006547.3	-	-	-
chr22	20065445	A	G	30.5112	AD:VAF	152,17:0.100592	10002850	chr22	20065445	A	G	+	A,R	ALU	rs1226320095	SINE/AluSg	ncRNA_intronic	AC006547.1;AC006547.3	-	-	UTR3	TANGO2	-	-	ncRNA_intronic	AC006547.1;AC006547.3	-	-	-
chr22	20067158	A	G	15.2551	AD:VAF	20,12:0.375	10002933	chr22	20067158	A	G	+	A,R	ALU	rs1466075053	SINE/AluJb	ncRNA_exonic	AC006547.1	-	-	UTR3	TANGO2	-	-	ncRNA_exonic	AC006547.1	-	-	-
chr22	20067161	A	G	36.0228	AD:VAF	20,11:0.354839	10002936	chr22	20067161	A	G	+	A,R	ALU	-	SINE/AluJb	ncRNA_exonic	AC006547.1	-	-	UTR3	TANGO2	-	-	ncRNA_exonic	AC006547.1	-	-	-
chr22	20067166	A	G	4.3222	AD:VAF	25,9:0.264706	10002938	chr22	20067166	A	G	+	A,R	ALU	-	SINE/AluJb	ncRNA_exonic	AC006547.1	-	-	downstream	TANGO2	-	-	ncRNA_exonic	AC006547.1	-	-	-
chr22	20067646	A	G	53.3607	AD:VAF	11,9:0.45	10003145	chr22	20067646	A	G	+	A,R	ALU	-	SINE/AluJo	ncRNA_intronic	AC006547.1	-	-	downstream	TANGO2	-	-	ncRNA_intronic	AC006547.1	-	-	-
chr22	20890954	A	G	30.5177	AD:VAF	71,8:0.101266	10016713	chr22	20890954	A	G	+	A,R	ALU	-	SINE/AluYh3a3	ncRNA_exonic	AC007308.1	-	-	UTR3	SNAP29	-	-	ncRNA_exonic	AC007308.1	-	-	-
chr22	24572508	A	G	30.245	AD:VAF	115,9:0.0725806	10066019	chr22	24572508	A	G	+	A,R,D	ALU	-	SINE/AluSx4	UTR3	SNRPD3	-	-	UTR3	SNRPD3	-	-	UTR3	ENST00000215829.7	-	-	-
chr22	24572606	A	G	30.3546	AD:VAF	87,8:0.0842105	10066046	chr22	24572606	A	G	+	A,R,D	ALU	-	SINE/AluSx4	UTR3	SNRPD3	-	-	UTR3	SNRPD3	-	-	UTR3	ENST00000215829.7	-	-	-
chr22	24572614	A	G	30.4511	AD:VAF	96,10:0.0943396	10066052	chr22	24572614	A	G	+	A,R,D	ALU	-	SINE/AluSx4	UTR3	SNRPD3	-	-	UTR3	SNRPD3	-	-	UTR3	ENST00000215829.7	-	-	-
chr22	24573015	A	G	30.8412	AD:VAF	71,11:0.134146	10066123	chr22	24573015	A	G	+	A,R	ALU	-	SINE/AluJr	UTR3	SNRPD3	-	-	UTR3	SNRPD3	-	-	intronic	GGT1;SNRPD3	-	-	-
chr22	24573058	A	G	31.1476	AD:VAF	71,14:0.164706	10066148	chr22	24573058	A	G	+	A,R,D	ALU	-	SINE/AluJr	UTR3	SNRPD3	-	-	UTR3	SNRPD3	-	-	intronic	GGT1;SNRPD3	-	-	-
chr22	24573191	A	G	30.3747	AD:VAF	127,12:0.0863309	10066198	chr22	24573191	A	G	+	A,R,D	ALU	-	SINE/AluJr	UTR3	SNRPD3	-	-	UTR3	SNRPD3	-	-	intronic	GGT1;SNRPD3	-	-	-
chr22	24573734	A	G	30.1281	AD:VAF	141,9:0.06	10066270	chr22	24573734	A	G	+	A,R,D	ALU	-	SINE/AluJo	UTR3	SNRPD3	-	-	UTR3	SNRPD3	-	-	intronic	GGT1;SNRPD3	-	-	-
chr22	24574605	A	G	30.463	AD:VAF	123,13:0.0955882	10066352	chr22	24574605	A	G	+	A	ALU	rs575480450	SINE/AluJb	UTR3	SNRPD3	-	-	UTR3	SNRPD3	-	-	intronic	GGT1;SNRPD3	-	-	-
chr22	24574608	A	G	30.9827	AD:VAF	115,20:0.148148	10066354	chr22	24574608	A	G	+	A,R,D	ALU	-	SINE/AluJb	UTR3	SNRPD3	-	-	UTR3	SNRPD3	-	-	intronic	GGT1;SNRPD3	-	-	-
chr22	24574646	A	G	31.1538	AD:VAF	76,15:0.164835	10066368	chr22	24574646	A	G	+	A,R,D	ALU	-	SINE/AluJb	UTR3	SNRPD3	-	-	UTR3	SNRPD3	-	-	intronic	GGT1;SNRPD3	-	-	-
chr22	24574681	A	G	31.14	AD:VAF	87,17:0.163462	10066386	chr22	24574681	A	G	+	A,R	ALU	-	SINE/AluJb	UTR3	SNRPD3	-	-	UTR3	SNRPD3	-	-	intronic	GGT1;SNRPD3	-	-	-
chr22	24574751	A	G	30.2464	AD:VAF	102,8:0.0727273	10066425	chr22	24574751	A	G	+	A,R	ALU	-	SINE/AluJb	UTR3	SNRPD3	-	-	UTR3	SNRPD3	-	-	intronic	GGT1;SNRPD3	-	-	-
chr22	24576495	A	G	32.9841	AD:VAF	15,8:0.347826	10066643	chr22	24576495	A	G	+	A,R	ALU	-	SINE/AluSq2	intronic	SNRPD3	-	-	intergenic	SNRPD3;GGT1	-	-	intronic	GGT1;SNRPD3	-	-	-
chr22	26522978	T	C	77.3896	AD:VAF	16,18:0.529412	10082394	chr22	26522978	T	C	-	A,R,D	ALU	-	SINE/AluJo	UTR3	TPST2	-	-	UTR3	TPST2	-	-	UTR3	ENST00000338754.8	-	-	-
chr22	26522979	T	C	38.0224	AD:VAF	20,11:0.354839	10082395	chr22	26522979	T	C	-	A,R,D	ALU	-	SINE/AluJo	UTR3	TPST2	-	-	UTR3	TPST2	-	-	UTR3	ENST00000338754.8	-	-	-
chr22	26523004	T	C	53.0686	AD:VAF	21,12:0.363636	10082401	chr22	26523004	T	C	-	A	ALU	rs193130903	SINE/AluJo	UTR3	TPST2	-	-	UTR3	TPST2	-	-	UTR3	ENST00000338754.8	-	-	491;152
chr22	26523681	T	C	45.4043	AD:VAF	8,8:0.5	10082463	chr22	26523681	T	C	-	A,R,D	ALU	rs890946752	SINE/AluSx	UTR3	TPST2	-	-	UTR3	TPST2	-	-	UTR3	ENST00000338754.8	-	-	-
chr22	26523856	T	C	62.8933	AD:VAF	5,10:0.666667	10082509	chr22	26523856	T	C	-	A,D	ALU	rs184190163	SINE/AluSx	UTR3	TPST2	-	-	UTR3	TPST2	-	-	UTR3	ENST00000338754.8	-	-	-
chr22	26524431	T	C	11.7289	AD:VAF	39,10:0.204082	10082528	chr22	26524431	T	C	-	A,R	ALU	-	SINE/AluJr	UTR3	TPST2	-	-	UTR3	TPST2	-	-	UTR3	ENST00000338754.8	-	-	-
chr22	26524476	T	C	7.16305	AD:VAF	50,14:0.21875	10082537	chr22	26524476	T	C	-	A,R,D	ALU	-	SINE/AluJr	UTR3	TPST2	-	-	UTR3	TPST2	-	-	UTR3	ENST00000338754.8	-	-	-
chr22	26525285	T	C	32.4786	AD:VAF	41,16:0.280702	10082568	chr22	26525285	T	C	-	A,R,D	ALU	rs1224259963	SINE/AluSx	UTR3	TPST2	-	-	UTR3	TPST2	-	-	UTR3	ENST00000338754.8	-	-	-
chr22	26718169	A	G	72.2949	AD:VAF	8,11:0.578947	10084758	chr22	26718169	A	G	+	A,R,D	ALU	-	SINE/AluJb	ncRNA_exonic	MIATNB	-	-	ncRNA_intronic	MIATNB	-	-	ncRNA_exonic	MIATNB	-	-	-
chr22	26718222	A	G	126.919	AD:VAF	3,22:0.88	10084766	chr22	26718222	A	G	+	A,D	ALU	rs151022451	SINE/AluJb	ncRNA_exonic	MIATNB	-	-	ncRNA_intronic	MIATNB	-	-	ncRNA_exonic	MIATNB	-	-	-
chr22	30660421	T	C	61.336	AD:VAF	7,9:0.5625	10130831	chr22	30660421	T	C	-	A,R	ALU	-	SINE/AluJb	intronic	DUSP18;SLC35E4	-	-	intronic	DUSP18;SLC35E4	-	-	intronic	DUSP18;SLC35E4	-	-	-
chr22	35659866	A	G	9.1755	AD:VAF	19,8:0.296296	10178633	chr22	35659866	A	G	+	A,R,D	ALU	-	SINE/AluSz	UTR3	APOL6	-	-	UTR3	APOL6	-	-	UTR3	ENST00000409652.4	-	-	-
chr22	35659869	A	G	49.3003	AD:VAF	15,11:0.423077	10178634	chr22	35659869	A	G	+	A,R,D	ALU	-	SINE/AluSz	UTR3	APOL6	-	-	UTR3	APOL6	-	-	UTR3	ENST00000409652.4	-	-	-
chr22	35660551	A	G	51.1436	AD:VAF	18,11:0.37931	10178707	chr22	35660551	A	G	+	A,R,D	REP	-	LTR/MLT1A0	UTR3	APOL6	-	-	UTR3	APOL6	-	-	UTR3	ENST00000409652.4	-	-	-
chr22	36266160	A	G	74.156	AD:VAF	3,10:0.769231	10183126	chr22	36266160	A	G	+	A,R,D	ALU	rs879170742	SINE/AluSc	UTR3	APOL1	-	-	UTR3	APOL1	-	-	UTR3	APOL1	-	-	-
chr22	36487900	T	C	47.3923	AD:VAF	10,9:0.473684	10188466	chr22	36487900	T	C	-	A,R	ALU	-	SINE/AluSq2	UTR3	FOXRED2	-	-	UTR3	FOXRED2	-	-	UTR3	FOXRED2	-	-	-
chr22	37942748	A	G	33.4061	AD:VAF	8,8:0.5	10206756	chr22	37942748	A	G	+	A,R	ALU	rs1258246432	SINE/AluY	UTR3	MICALL1	-	-	UTR3	MICALL1	-	-	UTR3	MICALL1	-	-	-
chr22	37942763	A	G	29.3551	AD:VAF	10,8:0.444444	10206759	chr22	37942763	A	G	+	A,R	ALU	rs1040705222	SINE/AluY	UTR3	MICALL1	-	-	UTR3	MICALL1	-	-	UTR3	MICALL1	-	-	-
chr22	37944672	A	G	9.74688	AD:VAF	29,8:0.216216	10206783	chr22	37944672	A	G	+	A,R,D	ALU	-	SINE/AluSq	ncRNA_exonic	AL031587.5	-	-	intronic	C22orf23	-	-	ncRNA_exonic	AL031587.5	-	-	-
chr22	37944792	A	G	44.9581	AD:VAF	21,11:0.34375	10206837	chr22	37944792	A	G	+	A,R	ALU	-	SINE/AluSq	ncRNA_exonic	AL031587.5	-	-	intronic	C22orf23	-	-	ncRNA_exonic	AL031587.5	-	-	-
chr22	37944805	A	G	15.5223	AD:VAF	24,9:0.272727	10206841	chr22	37944805	A	G	+	A,R	ALU	-	SINE/AluSq	ncRNA_exonic	AL031587.5	-	-	intronic	C22orf23	-	-	ncRNA_exonic	AL031587.5	-	-	-
chr22	37946482	A	G	21.3429	AD:VAF	39,14:0.264151	10207288	chr22	37946482	A	G	+	A,R	ALU	rs911072042	SINE/AluJo	intronic	C22orf23	-	-	intronic	C22orf23	-	-	intronic	C22orf23;ENST00000403305.5	-	-	-
chr22	37947611	A	G	57.4518	AD:VAF	3,8:0.727273	10207501	chr22	37947611	A	G	+	A,R	ALU	-	SINE/AluSz	intronic	C22orf23	-	-	intronic	C22orf23	-	-	intronic	C22orf23;ENST00000403305.5	-	-	-
chr22	37947896	A	G	23.4117	AD:VAF	10,9:0.473684	10207627	chr22	37947896	A	G	+	A,R	ALU	-	SINE/AluY	intronic	C22orf23	-	-	intronic	C22orf23	-	-	intronic	C22orf23;ENST00000403305.5	-	-	-
chr22	37947984	A	G	58.3683	AD:VAF	12,10:0.454545	10207669	chr22	37947984	A	G	+	A,R	ALU	rs372498126	SINE/AluY	intronic	C22orf23	-	-	intronic	C22orf23	-	-	intronic	C22orf23;ENST00000403305.5	-	-	-
chr22	37948064	A	G	77.3896	AD:VAF	18,16:0.470588	10207700	chr22	37948064	A	G	+	A,R,D	ALU	rs1352568334	SINE/AluY	intronic	C22orf23	-	-	intronic	C22orf23	-	-	intronic	C22orf23;ENST00000403305.5	-	-	-
chr22	37948067	A	G	40.8267	AD:VAF	23,11:0.323529	10207701	chr22	37948067	A	G	+	A,R	ALU	-	SINE/AluY	intronic	C22orf23	-	-	intronic	C22orf23	-	-	intronic	C22orf23;ENST00000403305.5	-	-	-
chr22	37948399	A	G	39.7557	AD:VAF	35,16:0.313726	10207831	chr22	37948399	A	G	+	A,R	ALU	-	SINE/AluSx1	intronic	C22orf23	-	-	intronic	C22orf23	-	-	intronic	C22orf23;ENST00000403305.5	-	-	-
chr22	37948407	A	G	20.3673	AD:VAF	38,9:0.191489	10207836	chr22	37948407	A	G	+	A,R	ALU	-	SINE/AluSx1	intronic	C22orf23	-	-	intronic	C22orf23	-	-	intronic	C22orf23;ENST00000403305.5	-	-	-
chr22	39018749	A	G	29.8495	AD:VAF	364,11:0.0293333	10229740	chr22	39018749	A	G	+	A,R,D	ALU	-	SINE/AluJb	UTR3	APOBEC3C	-	-	UTR3	APOBEC3C	-	-	UTR3	APOBEC3C;ENST00000361441.4	-	-	-
chr22	39018918	A	G	30.0347	AD:VAF	267,14:0.0498221	10229782	chr22	39018918	A	G	+	A,R,D	ALU	-	SINE/AluJb	UTR3	APOBEC3C	-	-	UTR3	APOBEC3C	-	-	UTR3	APOBEC3C;ENST00000361441.4	-	-	-
chr22	39019979	A	G	29.7141	AD:VAF	561,8:0.0140598	10229837	chr22	39019979	A	G	+	A,R,D	ALU	rs1208757421	SINE/AluSq2	UTR3	APOBEC3C	-	-	UTR3	APOBEC3C	-	-	UTR3	ENST00000361441.4	-	-	-
chr22	40929325	A	G	36.1517	AD:VAF	13,8:0.380952	10263167	chr22	40929325	A	G	+	A,R	ALU	-	SINE/AluSx3	UTR3	XPNPEP3	-	-	UTR3	XPNPEP3	-	-	UTR3	ENST00000357137.8	-	-	-
chr22	40930381	A	G	38.4047	AD:VAF	11,11:0.5	10263240	chr22	40930381	A	G	+	A,R	ALU	-	SINE/AluSc8	UTR3	XPNPEP3	-	-	UTR3	XPNPEP3	-	-	UTR3	ENST00000357137.8	-	-	-
chr22	41243836	T	C	64.3946	AD:VAF	10,11:0.52381	10272071	chr22	41243836	T	C	-	A,R	ALU	-	SINE/AluJb	intergenic	CHADL;RANGAP1	-	-	downstream	RANGAP1	-	-	intergenic	ENST00000216241.13;RANGAP1	-	-	-
chr22	41243865	T	C	45.4044	AD:VAF	8,8:0.5	10272081	chr22	41243865	T	C	-	A,R	ALU	-	SINE/AluJb	intergenic	CHADL;RANGAP1	-	-	downstream	RANGAP1	-	-	intergenic	ENST00000216241.13;RANGAP1	-	-	-
chr22	41243870	T	C	102.938	AD:VAF	2,14:0.875	10272083	chr22	41243870	T	C	-	A,R	ALU	-	SINE/AluJb	intergenic	CHADL;RANGAP1	-	-	downstream	RANGAP1	-	-	intergenic	ENST00000216241.13;RANGAP1	-	-	-
chr22	41244482	T	C	97.3728	AD:VAF	16,19:0.542857	10272151	chr22	41244482	T	C	-	A,R	ALU	-	SINE/AluJb	intergenic	CHADL;RANGAP1	-	-	downstream	RANGAP1	-	-	intergenic	ENST00000216241.13;RANGAP1	-	-	-
chr22	41244497	T	C	96.4049	AD:VAF	20,20:0.5	10272156	chr22	41244497	T	C	-	A,R	ALU	-	SINE/AluJb	intergenic	CHADL;RANGAP1	-	-	downstream	RANGAP1	-	-	intergenic	ENST00000216241.13;RANGAP1	-	-	-
chr22	41244577	T	C	52.9442	AD:VAF	27,14:0.341463	10272188	chr22	41244577	T	C	-	A,R	ALU	-	SINE/AluJb	intergenic	CHADL;RANGAP1	-	-	downstream	RANGAP1	-	-	intergenic	ENST00000216241.13;RANGAP1	-	-	-
chr22	41244627	T	C	8.84299	AD:VAF	26,9:0.257143	10272215	chr22	41244627	T	C	-	A,R	ALU	-	SINE/AluJb	downstream	RANGAP1	-	-	downstream	RANGAP1	-	-	downstream	RANGAP1	-	-	-
chr22	41244641	T	C	4.7489	AD:VAF	26,8:0.235294	10272221	chr22	41244641	T	C	-	A,R	ALU	-	SINE/AluJb	downstream	RANGAP1	-	-	downstream	RANGAP1	-	-	downstream	RANGAP1	-	-	-
chr22	41600013	T	C	66.2678	AD:VAF	3,9:0.75	10286233	chr22	41600013	T	C	-	A,R,D	ALU	-	SINE/AluSx	UTR3	DESI1	-	-	UTR3	DESI1	-	-	UTR3	ENST00000263256.6	-	-	-
chr22	41600067	T	C	58.2271	AD:VAF	6,9:0.6	10286248	chr22	41600067	T	C	-	A,R,D	ALU	-	SINE/AluSx	UTR3	DESI1	-	-	UTR3	DESI1	-	-	UTR3	ENST00000263256.6	-	-	-
chr22	41600096	T	C	62.2272	AD:VAF	6,9:0.6	10286258	chr22	41600096	T	C	-	A,R	ALU	-	SINE/AluSx	UTR3	DESI1	-	-	UTR3	DESI1	-	-	UTR3	ENST00000263256.6	-	-	-
chr22	43947220	A	G	26.5942	AD:VAF	29,12:0.292683	10326090	chr22	43947220	A	G	+	A,R	ALU	rs1195863804	SINE/AluSp	UTR3	PNPLA3	-	-	UTR3	PNPLA3	-	-	UTR3	ENST00000216180.7	-	-	-
chr22	43949526	A	G	61.0588	AD:VAF	30,17:0.361702	10326170	chr22	43949526	A	G	+	A,R,D	ALU	rs1484848010	SINE/AluSp	intergenic	PNPLA3;SAMM50	-	-	intergenic	PNPLA3;SAMM50	-	-	intronic	PNPLA3	-	-	-
chr22	43949561	A	G	29.0637	AD:VAF	30,17:0.361702	10326176	chr22	43949561	A	G	+	A,R	ALU	-	SINE/AluSp	intergenic	PNPLA3;SAMM50	-	-	intergenic	PNPLA3;SAMM50	-	-	intronic	PNPLA3	-	-	-
chr22	43949997	A	G	24.5791	AD:VAF	22,9:0.290323	10326246	chr22	43949997	A	G	+	A,R	ALU	-	SINE/AluSx1	intergenic	PNPLA3;SAMM50	-	-	intergenic	PNPLA3;SAMM50	-	-	intronic	PNPLA3	-	-	-
chr22	43950013	A	G	16.5273	AD:VAF	21,8:0.275862	10326248	chr22	43950013	A	G	+	A,R	ALU	-	SINE/AluSx1	intergenic	PNPLA3;SAMM50	-	-	intergenic	PNPLA3;SAMM50	-	-	intronic	PNPLA3	-	-	-
chr22	43950225	A	G	3.57059	AD:VAF	33,10:0.232558	10326282	chr22	43950225	A	G	+	A,R,D	REP	-	Retroposon&SINE/SVA_F&AluJo	intergenic	PNPLA3;SAMM50	-	-	intergenic	PNPLA3;SAMM50	-	-	intronic	PNPLA3	-	-	-
chr22	43950742	A	G	48.3298	AD:VAF	13,10:0.434783	10326310	chr22	43950742	A	G	+	A,R,D	ALU	-	SINE/AluJo	intergenic	PNPLA3;SAMM50	-	-	intergenic	PNPLA3;SAMM50	-	-	intronic	PNPLA3	-	-	-
chr22	43950756	A	G	72.3963	AD:VAF	11,12:0.521739	10326315	chr22	43950756	A	G	+	A,R,D	ALU	-	SINE/AluJo	intergenic	PNPLA3;SAMM50	-	-	intergenic	PNPLA3;SAMM50	-	-	intronic	PNPLA3	-	-	-
chr22	43951102	A	G	30.9134	AD:VAF	43,8:0.156863	10326357	chr22	43951102	A	G	+	A,R	ALU	-	SINE/AluSx1	intergenic	PNPLA3;SAMM50	-	-	intergenic	PNPLA3;SAMM50	-	-	intronic	PNPLA3	-	-	-
chr22	43951170	A	G	74.3057	AD:VAF	23,17:0.425	10326381	chr22	43951170	A	G	+	A,R,D	ALU	-	SINE/AluSx1	intergenic	PNPLA3;SAMM50	-	-	intergenic	PNPLA3;SAMM50	-	-	intronic	PNPLA3	-	-	-
chr22	43951189	A	G	20.5199	AD:VAF	23,9:0.28125	10326384	chr22	43951189	A	G	+	A,R	ALU	-	SINE/AluSx1	intergenic	PNPLA3;SAMM50	-	-	intergenic	PNPLA3;SAMM50	-	-	intronic	PNPLA3	-	-	-
chr22	44170070	A	G	68.1423	AD:VAF	3,13:0.8125	10329136	chr22	44170070	A	G	+	A,R,D	ALU	-	SINE/AluJb	UTR3	PARVB	-	-	downstream	PARVB	-	-	UTR3	PARVB	-	-	-
chr22	44170094	A	G	57.1668	AD:VAF	5,8:0.615385	10329139	chr22	44170094	A	G	+	A,R,D	ALU	-	SINE/AluJb	UTR3	PARVB	-	-	downstream	PARVB	-	-	UTR3	PARVB	-	-	-
chr22	44170221	A	G	76.4046	AD:VAF	13,13:0.5	10329166	chr22	44170221	A	G	+	A,R	ALU	-	SINE/AluJb	UTR3	PARVB	-	-	downstream	PARVB	-	-	UTR3	PARVB	-	-	-
chr22	45194408	T	C	29.8045	AD:VAF	82,23:0.219048	10336303	chr22	45194408	T	C	-	A,D	NONREP	rs112115936	-/-	UTR3	KIAA0930	-	-	UTR3	KIAA0930	-	-	UTR3	KIAA0930	-	-	-
chr22	45194413	T	C	31.0879	AD:VAF	85,16:0.158416	10336304	chr22	45194413	T	C	-	A,D	NONREP	rs112207040	-/-	UTR3	KIAA0930	-	-	UTR3	KIAA0930	-	-	UTR3	KIAA0930	-	-	-
chr22	50623655	T	C	30.0386	AD:VAF	5,9:0.642857	10374808	chr22	50623655	T	C	-	A,R	ALU	-	SINE/AluSx	UTR3	ARSA	-	-	UTR3	ARSA	-	-	intronic	ARSA	-	-	-
chr22	50623656	T	C	51.3117	AD:VAF	5,14:0.736842	10374809	chr22	50623656	T	C	-	A,R	ALU	-	SINE/AluSx	UTR3	ARSA	-	-	UTR3	ARSA	-	-	intronic	ARSA	-	-	-
chr22	50623664	T	C	86.9559	AD:VAF	2,16:0.888889	10374810	chr22	50623664	T	C	-	A,R	ALU	-	SINE/AluSx	UTR3	ARSA	-	-	UTR3	ARSA	-	-	intronic	ARSA	-	-	-
chr22	50623682	T	C	79.1368	AD:VAF	1,14:0.933333	10374813	chr22	50623682	T	C	-	A,R,D	ALU	-	SINE/AluSx	UTR3	ARSA	-	-	UTR3	ARSA	-	-	intronic	ARSA	-	-	-
chr22	50623696	T	C	62.4147	AD:VAF	0,13:1	10374817	chr22	50623696	T	C	-	A,R,D	ALU	-	SINE/AluSx	UTR3	ARSA	-	-	UTR3	ARSA	-	-	intronic	ARSA	-	-	-
chr22	50624069	T	C	31.0589	AD:VAF	65,12:0.155844	10374882	chr22	50624069	T	C	-	A	NONREP	rs114833506	-/-	UTR3	ARSA	-	-	UTR3	ARSA	-	-	intronic	ARSA	-	-	-
chr22	50624168	T	C	33.8176	AD:VAF	40,19:0.322034	10374918	chr22	50624168	T	C	-	A,R,D	ALU	-	SINE/AluSp	UTR3	ARSA	-	-	UTR3	ARSA	-	-	intronic	ARSA	-	-	-
chr22	50624232	T	C	43.3893	AD:VAF	9,8:0.470588	10374934	chr22	50624232	T	C	-	A,R	ALU	rs1429353437	SINE/AluSp	UTR3	ARSA	-	-	UTR3	ARSA	-	-	intronic	ARSA	-	-	-
chr22	50624289	T	C	58.4044	AD:VAF	12,12:0.5	10374956	chr22	50624289	T	C	-	A,R	ALU	-	SINE/AluSp	UTR3	ARSA	-	-	UTR3	ARSA	-	-	intronic	ARSA	-	-	-
chr22	50624303	T	C	44.2271	AD:VAF	8,12:0.6	10374958	chr22	50624303	T	C	-	A,R	ALU	-	SINE/AluSp	UTR3	ARSA	-	-	UTR3	ARSA	-	-	intronic	ARSA	-	-	-
chr22	50624308	T	C	43.3923	AD:VAF	10,9:0.473684	10374959	chr22	50624308	T	C	-	A,R	ALU	-	SINE/AluSp	UTR3	ARSA	-	-	UTR3	ARSA	-	-	intronic	ARSA	-	-	-
chr22	50624326	T	C	109.883	AD:VAF	3,20:0.869565	10374962	chr22	50624326	T	C	-	A,R	ALU	-	SINE/AluSp	UTR3	ARSA	-	-	UTR3	ARSA	-	-	intronic	ARSA	-	-	-
chr22	50624330	T	C	165.416	AD:VAF	0,26:1	10374964	chr22	50624330	T	C	-	A,R	ALU	-	SINE/AluSp	UTR3	ARSA	-	-	UTR3	ARSA	-	-	intronic	ARSA	-	-	-
chrX	1383415	T	C	59.3504	AD:VAF	15,12:0.444444	15272768	chrX	1383415	T	C	-	A,R,D	ALU	-	SINE/AluSx	downstream	IL3RA	-	-	downstream	IL3RA	-	-	downstream	ENST00000331035.9;IL3RA	-	-	-
chrX	1383567	T	C	37.7467	AD:VAF	33,15:0.3125	15272770	chrX	1383567	T	C	-	A,R,D	ALU	-	SINE/AluSx	downstream	IL3RA	-	-	downstream	IL3RA	-	-	downstream	ENST00000331035.9;IL3RA	-	-	-
chrX	1383872	T	C	51.227	AD:VAF	15,10:0.4	15272771	chrX	1383872	T	C	-	A,R,D	ALU	-	SINE/AluY	intergenic	IL3RA;SLC25A6	-	-	intergenic	IL3RA;SLC25A6	-	-	intergenic	IL3RA;ENST00000381401.10	-	-	-
chrX	1383993	T	C	18.675	AD:VAF	19,8:0.296296	15272772	chrX	1383993	T	C	-	A,R,D	ALU	-	SINE/AluY	intergenic	IL3RA;SLC25A6	-	-	intergenic	IL3RA;SLC25A6	-	-	intergenic	IL3RA;ENST00000381401.10	-	-	-
chrX	1385136	T	C	51.3991	AD:VAF	14,15:0.517241	15272776	chrX	1385136	T	C	-	A,R,D	ALU	-	SINE/AluSz	intergenic	IL3RA;SLC25A6	-	-	intergenic	IL3RA;SLC25A6	-	-	intergenic	IL3RA;ENST00000381401.10	-	-	-
chrX	2906270	T	C	25.609	AD:VAF	36,15:0.294118	15274978	chrX	2906270	T	C	-	A,R,D	ALU	-	SINE/AluJb	UTR3	ARSD	-	-	UTR3	ARSD	-	-	UTR3	ENST00000381154.5	-	-	-
chrX	2906415	T	C	19.3772	AD:VAF	41,10:0.196078	15275031	chrX	2906415	T	C	-	A,R,D	ALU	-	SINE/AluJb	UTR3	ARSD	-	-	UTR3	ARSD	-	-	UTR3	ENST00000381154.5	-	-	-
chrX	2906927	T	C	30.7125	AD:VAF	58,8:0.121212	15275058	chrX	2906927	T	C	-	A,R,D	ALU	rs1244214117	SINE/AluSz	UTR3	ARSD	-	-	UTR3	ARSD	-	-	UTR3	ENST00000381154.5	-	-	-
chrX	2907001	T	C	30.9282	AD:VAF	54,9:0.142857	15275083	chrX	2907001	T	C	-	A	ALU	rs5939392	SINE/AluSz	UTR3	ARSD	-	-	UTR3	ARSD	-	-	UTR3	ENST00000381154.5	-	-	-
chrX	2907035	T	C	17.5033	AD:VAF	41,10:0.196078	15275093	chrX	2907035	T	C	-	A,R	ALU	-	SINE/AluSz	UTR3	ARSD	-	-	UTR3	ARSD	-	-	UTR3	ENST00000381154.5	-	-	-
chrX	2907073	T	C	23.0262	AD:VAF	38,9:0.191489	15275101	chrX	2907073	T	C	-	A,R,D	ALU	-	SINE/AluSz	UTR3	ARSD	-	-	UTR3	ARSD	-	-	UTR3	ENST00000381154.5	-	-	-
chrX	3817307	T	C	64.3505	AD:VAF	8,10:0.555556	15279706	chrX	3817307	T	C	-	A	ALU	rs188273871	SINE/AluJr	downstream	BX890604.2	-	-	downstream	LOC389906	-	-	downstream	BX890604.2;ENST00000461011.5;ENST00000475317.4;ENST00000483854.5	-	-	-
chrX	16761044	A	G	30.2464	AD:VAF	204,16:0.0727273	15307542	chrX	16761044	A	G	+	A,R	ALU	-	SINE/AluSx1	UTR3	SYAP1	-	-	UTR3	SYAP1	-	-	UTR3	ENST00000380155.3	-	-	-
chrX	16761061	A	G	30.0872	AD:VAF	170,10:0.0555556	15307546	chrX	16761061	A	G	+	A,R	ALU	-	SINE/AluSx1	UTR3	SYAP1	-	-	UTR3	SYAP1	-	-	UTR3	ENST00000380155.3	-	-	-
chrX	16761064	A	G	30.111	AD:VAF	162,10:0.0581395	15307547	chrX	16761064	A	G	+	A,R	ALU	-	SINE/AluSx1	UTR3	SYAP1	-	-	UTR3	SYAP1	-	-	UTR3	ENST00000380155.3	-	-	-
chrX	16763063	A	G	46.7461	AD:VAF	55,25:0.3125	15307643	chrX	16763063	A	G	+	A,R	ALU	-	SINE/AluJo	UTR3	SYAP1	-	-	UTR3	SYAP1	-	-	UTR3	ENST00000380155.3	-	-	-
chrX	16763192	A	G	30.7855	AD:VAF	61,9:0.128571	15307678	chrX	16763192	A	G	+	A,R,D	ALU	-	SINE/AluJo	UTR3	SYAP1	-	-	UTR3	SYAP1	-	-	UTR3	ENST00000380155.3	-	-	-
chrX	16763575	A	G	22.9168	AD:VAF	60,15:0.2	15307738	chrX	16763575	A	G	+	A,R,D	ALU	-	SINE/AluSx1	UTR3	SYAP1	-	-	UTR3	SYAP1	-	-	UTR3	ENST00000380155.3	-	-	-
chrX	16763635	A	G	9.67121	AD:VAF	56,16:0.222222	15307753	chrX	16763635	A	G	+	A,R,D	ALU	-	SINE/AluSx1	UTR3	SYAP1	-	-	UTR3	SYAP1	-	-	UTR3	ENST00000380155.3	-	-	-
chrX	16764049	A	G	34.1955	AD:VAF	14,9:0.391304	15307792	chrX	16764049	A	G	+	A,R,D	ALU	-	SINE/AluSx	UTR3	SYAP1	-	-	UTR3	SYAP1	-	-	UTR3	ENST00000380155.3	-	-	-
chrX	16764743	A	G	48.1072	AD:VAF	22,13:0.371429	15307870	chrX	16764743	A	G	+	A,R,D	ALU	rs928498174	SINE/AluJb	UTR3	SYAP1	-	-	UTR3	SYAP1	-	-	UTR3	ENST00000380155.3	-	-	-
chrX	23701573	T	C	17.5033	AD:VAF	41,10:0.196078	15328995	chrX	23701573	T	C	-	A,R	ALU	-	SINE/AluJr	UTR3	ACOT9	-	-	UTR3	ACOT9	-	-	downstream	ENST00000379303.9	-	-	-
chrX	23701910	T	C	13.0169	AD:VAF	24,8:0.25	15329077	chrX	23701910	T	C	-	A,R	ALU	rs1411341497	SINE/AluSx1	UTR3	ACOT9	-	-	UTR3	ACOT9	-	-	downstream	ENST00000379303.9	-	-	-
chrX	23701925	T	C	9.21841	AD:VAF	25,9:0.264706	15329079	chrX	23701925	T	C	-	A,R,D	ALU	-	SINE/AluSx1	UTR3	ACOT9	-	-	UTR3	ACOT9	-	-	downstream	ENST00000379303.9	-	-	-
chrX	23701973	T	C	20.2434	AD:VAF	32,8:0.2	15329088	chrX	23701973	T	C	-	A,R	ALU	-	SINE/AluSx1	UTR3	ACOT9	-	-	UTR3	ACOT9	-	-	downstream	ENST00000379303.9	-	-	-
chrX	23701991	T	C	9.92653	AD:VAF	31,12:0.27907	15329091	chrX	23701991	T	C	-	A,R	ALU	-	SINE/AluSx1	UTR3	ACOT9	-	-	UTR3	ACOT9	-	-	downstream	ENST00000379303.9	-	-	-
chrX	23703544	T	C	30.5114	AD:VAF	41,8:0.163265	15329217	chrX	23703544	T	C	-	A,R	ALU	-	SINE/AluSc8	UTR3	ACOT9	-	-	UTR3	ACOT9	-	-	UTR3	ENST00000379303.9	-	-	-
chrX	24075956	A	G	7.23337	AD:VAF	37,10:0.212766	15334127	chrX	24075956	A	G	+	A,R,D	ALU	-	SINE/AluJr	intronic	EIF2S3	-	-	intronic	EIF2S3	-	-	intronic	ENST00000253039.8	-	-	-
chrX	24077173	A	G	29.6935	AD:VAF	675,8:0.011713	15334231	chrX	24077173	A	G	+	A,R	ALU	-	SINE/AluSx	UTR3	EIF2S3	-	-	UTR3	EIF2S3	-	-	UTR3	ENST00000253039.8	-	-	-
chrX	24077210	A	G	29.7055	AD:VAF	679,9:0.0130814	15334238	chrX	24077210	A	G	+	A,R	ALU	-	SINE/AluSx	UTR3	EIF2S3	-	-	UTR3	EIF2S3	-	-	UTR3	ENST00000253039.8	-	-	-
chrX	24077234	A	G	29.6911	AD:VAF	691,8:0.0114449	15334242	chrX	24077234	A	G	+	A,R	ALU	-	SINE/AluSx	UTR3	EIF2S3	-	-	UTR3	EIF2S3	-	-	UTR3	ENST00000253039.8	-	-	-
chrX	24077328	A	G	29.7426	AD:VAF	909,16:0.0172973	15334265	chrX	24077328	A	G	+	A,R	ALU	-	SINE/AluSx	UTR3	EIF2S3	-	-	UTR3	EIF2S3	-	-	UTR3	ENST00000253039.8	-	-	-
chrX	46604525	T	C	30.6811	AD:VAF	39,8:0.170213	15377198	chrX	46604525	T	C	-	A,R	ALU	-	SINE/AluJb	UTR3	SLC9A7	-	-	UTR3	SLC9A7	-	-	UTR3	ENST00000616978.4	-	-	-
chrX	46604581	T	C	30.9104	AD:VAF	67,11:0.141026	15377220	chrX	46604581	T	C	-	A,R	ALU	-	SINE/AluJb	UTR3	SLC9A7	-	-	UTR3	SLC9A7	-	-	UTR3	ENST00000616978.4	-	-	-
chrX	46604589	T	C	30.8092	AD:VAF	73,11:0.130952	15377223	chrX	46604589	T	C	-	A,R	ALU	-	SINE/AluJb	UTR3	SLC9A7	-	-	UTR3	SLC9A7	-	-	UTR3	ENST00000616978.4	-	-	-
chrX	46604614	T	C	30.8634	AD:VAF	76,12:0.136364	15377238	chrX	46604614	T	C	-	A,R,D	ALU	-	SINE/AluJb	UTR3	SLC9A7	-	-	UTR3	SLC9A7	-	-	UTR3	ENST00000616978.4	-	-	-
chrX	46604698	T	C	30.75	AD:VAF	91,13:0.125	15377263	chrX	46604698	T	C	-	A,R,D	ALU	-	SINE/AluJb	UTR3	SLC9A7	-	-	UTR3	SLC9A7	-	-	UTR3	ENST00000616978.4	-	-	-
chrX	46604704	T	C	30.8262	AD:VAF	85,13:0.132653	15377265	chrX	46604704	T	C	-	A,R	ALU	-	SINE/AluJb	UTR3	SLC9A7	-	-	UTR3	SLC9A7	-	-	UTR3	ENST00000616978.4	-	-	-
chrX	46604705	T	C	30.7247	AD:VAF	86,12:0.122449	15377266	chrX	46604705	T	C	-	A,R	ALU	-	SINE/AluJb	UTR3	SLC9A7	-	-	UTR3	SLC9A7	-	-	UTR3	ENST00000616978.4	-	-	-
chrX	46605069	T	C	6.16312	AD:VAF	36,11:0.234043	15377287	chrX	46605069	T	C	-	A,R,D	ALU	-	SINE/AluSx3	UTR3	SLC9A7	-	-	UTR3	SLC9A7	-	-	UTR3	ENST00000616978.4	-	-	-
chrX	46605899	T	C	30.8092	AD:VAF	73,11:0.130952	15377307	chrX	46605899	T	C	-	A,R,D	ALU	-	SINE/AluSx3	UTR3	SLC9A7	-	-	UTR3	SLC9A7	-	-	UTR3	ENST00000616978.4;SLC9A7	-	-	-
chrX	46605911	T	C	30.9957	AD:VAF	74,13:0.149425	15377309	chrX	46605911	T	C	-	A,R	ALU	rs1353927323	SINE/AluSx3	UTR3	SLC9A7	-	-	UTR3	SLC9A7	-	-	UTR3	ENST00000616978.4;SLC9A7	-	-	-
chrX	46605974	T	C	30.2858	AD:VAF	96,8:0.0769231	15377324	chrX	46605974	T	C	-	A,R,D	ALU	rs1466489869	SINE/AluSx3	UTR3	SLC9A7	-	-	UTR3	SLC9A7	-	-	UTR3	ENST00000616978.4;SLC9A7	-	-	-
chrX	46606072	T	C	30.4645	AD:VAF	85,9:0.0957447	15377351	chrX	46606072	T	C	-	A,R,D	ALU	-	SINE/AluSx3	UTR3	SLC9A7	-	-	UTR3	SLC9A7	-	-	UTR3	ENST00000616978.4;SLC9A7	-	-	-
chrX	48578002	A	G	29.6934	AD:VAF	760,9:0.0117035	15395534	chrX	48578002	A	G	+	A,R	ALU	-	SINE/AluSx	UTR3	RBM3	-	-	UTR3	RBM3	-	-	UTR3	ENST00000376759.7;RBM3	-	-	-
chrX	48986198	T	C	50.227	AD:VAF	6,9:0.6	15404082	chrX	48986198	T	C	-	A,R	ALU	-	SINE/AluSq2	intronic	GRIPAP1	-	-	intronic	GRIPAP1	-	-	intronic	GRIPAP1	-	-	-
chrX	49036076	T	C	54.3148	AD:VAF	6,8:0.571429	15405319	chrX	49036076	T	C	-	A,R,D	ALU	-	SINE/AluJb	intronic	TFE3	-	-	intronic	TFE3	-	-	intronic	ENST00000315869.7;TFE3	-	-	-
chrX	54562145	A	G	30.2234	AD:VAF	43,9:0.173077	15433023	chrX	54562145	A	G	+	A,R,D	ALU	-	SINE/AluSx1	UTR3	GNL3L	-	-	UTR3	GNL3L	-	-	intergenic	GNL3L;PGAM4P1	-	-	-
chrX	54562252	A	G	30.9435	AD:VAF	47,8:0.145455	15433045	chrX	54562252	A	G	+	A,R,D	ALU	-	SINE/AluSx1	UTR3	GNL3L	-	-	UTR3	GNL3L	-	-	intergenic	GNL3L;PGAM4P1	-	-	-
chrX	54562268	A	G	30.6286	AD:VAF	63,8:0.112676	15433048	chrX	54562268	A	G	+	A,R,D	ALU	-	SINE/AluSx1	UTR3	GNL3L	-	-	UTR3	GNL3L	-	-	intergenic	GNL3L;PGAM4P1	-	-	-
chrX	54562651	A	G	20.3072	AD:VAF	37,13:0.26	15433075	chrX	54562651	A	G	+	A,R,D	ALU	-	SINE/AluSx	UTR3	GNL3L	-	-	UTR3	GNL3L	-	-	intergenic	GNL3L;PGAM4P1	-	-	-
chrX	54562686	A	G	30.811	AD:VAF	53,8:0.131148	15433083	chrX	54562686	A	G	+	A,R,D	ALU	-	SINE/AluSx	UTR3	GNL3L	-	-	UTR3	GNL3L	-	-	intergenic	GNL3L;PGAM4P1	-	-	-
chrX	54563522	A	G	30.8634	AD:VAF	76,12:0.136364	15433140	chrX	54563522	A	G	+	A,R,D	ALU	-	SINE/AluJb	UTR3	GNL3L	-	-	UTR3	GNL3L	-	-	intergenic	GNL3L;PGAM4P1	-	-	-
chrX	54563582	A	G	30.6773	AD:VAF	60,8:0.117647	15433153	chrX	54563582	A	G	+	A,R,D	ALU	-	SINE/AluJb	UTR3	GNL3L	-	-	UTR3	GNL3L	-	-	intergenic	GNL3L;PGAM4P1	-	-	-
chrX	54563594	A	G	30.8232	AD:VAF	59,9:0.132353	15433158	chrX	54563594	A	G	+	A,R	ALU	-	SINE/AluJb	UTR3	GNL3L	-	-	UTR3	GNL3L	-	-	intergenic	GNL3L;PGAM4P1	-	-	-
chrX	54563626	A	G	17.4438	AD:VAF	32,8:0.2	15433172	chrX	54563626	A	G	+	A,R	ALU	-	SINE/AluJb	UTR3	GNL3L	-	-	UTR3	GNL3L	-	-	intergenic	GNL3L;PGAM4P1	-	-	-
chrX	54564814	A	G	45.4043	AD:VAF	9,9:0.5	15433279	chrX	54564814	A	G	+	A,R,D	ALU	rs1293126055	SINE/AluSx1	UTR3	GNL3L	-	-	UTR3	GNL3L	-	-	intergenic	GNL3L;PGAM4P1	-	-	-
chrX	54564982	A	G	28.5546	AD:VAF	47,11:0.189655	15433313	chrX	54564982	A	G	+	A,R,D	ALU	-	SINE/AluSx1	UTR3	GNL3L	-	-	UTR3	GNL3L	-	-	intergenic	GNL3L;PGAM4P1	-	-	-
chrX	71055315	T	C	8.84299	AD:VAF	26,9:0.257143	15460206	chrX	71055315	T	C	-	A,R,D	ALU	-	SINE/AluSx4	intergenic	RNU1-56P;SNX12	-	-	intergenic	SLC7A3;SNX12	-	-	intergenic	SOCS5P4;SNX12	-	-	-
chrX	71056186	T	C	51.227	AD:VAF	15,10:0.4	15460277	chrX	71056186	T	C	-	A,R	ALU	-	SINE/AluSz	downstream	SNX12	-	-	intergenic	SLC7A3;SNX12	-	-	downstream	SNX12	-	-	-
chrX	71056303	T	C	31.6746	AD:VAF	23,10:0.30303	15460316	chrX	71056303	T	C	-	A,R,D	ALU	-	SINE/AluSz	downstream	SNX12	-	-	intergenic	SLC7A3;SNX12	-	-	downstream	SNX12	-	-	-
chrX	71057789	T	C	53.3961	AD:VAF	12,11:0.478261	15460350	chrX	71057789	T	C	-	A,R,D	ALU	-	SINE/AluJo	intronic	SNX12	-	-	intergenic	SLC7A3;SNX12	-	-	intronic	SNX12	-	-	-
chrX	74197128	T	C	29.199	AD:VAF	14,9:0.391304	15481383	chrX	74197128	T	C	-	A,R,D	REP	rs1199869759	LINE/L1MA9	ncRNA_exonic	FTX	-	-	ncRNA_intronic	FTX	-	-	ncRNA_exonic	FTX	-	-	-
chrX	77827570	T	C	29.875	AD:VAF	361,12:0.0321716	15495043	chrX	77827570	T	C	-	A,R,D	ALU	-	SINE/AluSg	UTR3	MAGT1	-	-	UTR3	MAGT1	-	-	UTR3	MAGT1	-	-	-
chrX	77827574	T	C	29.7873	AD:VAF	350,8:0.0223464	15495044	chrX	77827574	T	C	-	A,R	ALU	rs567193995	SINE/AluSg	UTR3	MAGT1	-	-	UTR3	MAGT1	-	-	UTR3	MAGT1	-	-	-
chrX	77827606	T	C	29.9503	AD:VAF	355,15:0.0405405	15495049	chrX	77827606	T	C	-	A,R,D	ALU	-	SINE/AluSg	UTR3	MAGT1	-	-	UTR3	MAGT1	-	-	UTR3	MAGT1	-	-	-
chrX	77827610	T	C	29.7992	AD:VAF	371,9:0.0236842	15495051	chrX	77827610	T	C	-	A,R,D	ALU	-	SINE/AluSg	UTR3	MAGT1	-	-	UTR3	MAGT1	-	-	UTR3	MAGT1	-	-	-
chrX	77827619	T	C	29.9927	AD:VAF	359,17:0.0452128	15495058	chrX	77827619	T	C	-	A,R,D	ALU	-	SINE/AluSg	UTR3	MAGT1	-	-	UTR3	MAGT1	-	-	UTR3	MAGT1	-	-	-
chrX	77827686	T	C	30.0012	AD:VAF	434,21:0.0461538	15495077	chrX	77827686	T	C	-	A,R,D	ALU	-	SINE/AluSg	UTR3	MAGT1	-	-	UTR3	MAGT1	-	-	UTR3	MAGT1	-	-	-
chrX	77827691	T	C	29.738	AD:VAF	469,8:0.0167715	15495079	chrX	77827691	T	C	-	A,R	ALU	-	SINE/AluSg	UTR3	MAGT1	-	-	UTR3	MAGT1	-	-	UTR3	MAGT1	-	-	-
chrX	77827712	T	C	29.7866	AD:VAF	483,11:0.0222672	15495083	chrX	77827712	T	C	-	A,R,D	ALU	-	SINE/AluSg	UTR3	MAGT1	-	-	UTR3	MAGT1	-	-	UTR3	MAGT1	-	-	-
chrX	77828020	T	C	29.795	AD:VAF	463,11:0.0232068	15495099	chrX	77828020	T	C	-	A,R,D	ALU	-	SINE/AluSz6	UTR3	MAGT1	-	-	UTR3	MAGT1	-	-	UTR3	MAGT1	-	-	-
chrX	77828041	T	C	29.7604	AD:VAF	457,9:0.0193133	15495102	chrX	77828041	T	C	-	A,R,D	ALU	-	SINE/AluSz6	UTR3	MAGT1	-	-	UTR3	MAGT1	-	-	UTR3	MAGT1	-	-	-
chrX	77828055	T	C	29.7451	AD:VAF	447,8:0.0175824	15495106	chrX	77828055	T	C	-	A,R	ALU	-	SINE/AluSz6	UTR3	MAGT1	-	-	UTR3	MAGT1	-	-	UTR3	MAGT1	-	-	-
chrX	77828088	T	C	29.8854	AD:VAF	464,16:0.0333333	15495114	chrX	77828088	T	C	-	A,R	ALU	-	SINE/AluSz6	UTR3	MAGT1	-	-	UTR3	MAGT1	-	-	UTR3	MAGT1	-	-	-
chrX	77828118	T	C	29.828	AD:VAF	470,13:0.0269151	15495121	chrX	77828118	T	C	-	A,R,D	ALU	-	SINE/AluSz6	UTR3	MAGT1	-	-	UTR3	MAGT1	-	-	UTR3	MAGT1	-	-	-
chrX	77828147	T	C	29.9729	AD:VAF	467,21:0.0430328	15495125	chrX	77828147	T	C	-	A,R,D	ALU	-	SINE/AluSz6	UTR3	MAGT1	-	-	UTR3	MAGT1	-	-	UTR3	MAGT1	-	-	-
chrX	77828159	T	C	29.7488	AD:VAF	491,9:0.018	15495134	chrX	77828159	T	C	-	A,R	ALU	-	SINE/AluSz6	UTR3	MAGT1	-	-	UTR3	MAGT1	-	-	UTR3	MAGT1	-	-	-
chrX	77828207	T	C	29.8342	AD:VAF	493,14:0.0276134	15495149	chrX	77828207	T	C	-	A,R,D	ALU	rs782629729	SINE/AluSz6	UTR3	MAGT1	-	-	UTR3	MAGT1	-	-	UTR3	MAGT1	-	-	-
chrX	77828423	T	C	29.7476	AD:VAF	495,9:0.0178571	15495186	chrX	77828423	T	C	-	A,R	ALU	-	SINE/AluSz	UTR3	MAGT1	-	-	UTR3	MAGT1	-	-	UTR3	MAGT1	-	-	-
chrX	77828442	T	C	29.7308	AD:VAF	555,9:0.0159574	15495189	chrX	77828442	T	C	-	A,R,D	ALU	-	SINE/AluSz	UTR3	MAGT1	-	-	UTR3	MAGT1	-	-	UTR3	MAGT1	-	-	-
chrX	77828455	T	C	29.7504	AD:VAF	540,10:0.0181818	15495192	chrX	77828455	T	C	-	A,R	ALU	-	SINE/AluSz	UTR3	MAGT1	-	-	UTR3	MAGT1	-	-	UTR3	MAGT1	-	-	-
chrX	77828458	T	C	29.739	AD:VAF	524,9:0.0168856	15495193	chrX	77828458	T	C	-	A,R,D	ALU	-	SINE/AluSz	UTR3	MAGT1	-	-	UTR3	MAGT1	-	-	UTR3	MAGT1	-	-	-
chrX	77828520	T	C	29.7889	AD:VAF	564,13:0.0225303	15495205	chrX	77828520	T	C	-	A,R	ALU	-	SINE/AluSz	UTR3	MAGT1	-	-	UTR3	MAGT1	-	-	UTR3	MAGT1	-	-	-
chrX	77828545	T	C	29.8062	AD:VAF	558,14:0.0244755	15495210	chrX	77828545	T	C	-	A,R	ALU	-	SINE/AluSz	UTR3	MAGT1	-	-	UTR3	MAGT1	-	-	UTR3	MAGT1	-	-	-
chrX	77901921	A	G	97.4152	AD:VAF	0,10:1	15497120	chrX	77901921	A	G	+	A,R,D	ALU	-	SINE/AluJr	intronic	COX7B	-	-	intronic	COX7B	-	-	intronic	COX7B;ENST00000481445.1;ENST00000650309.1	-	-	-
chrX	77901925	A	G	91.0508	AD:VAF	1,10:0.909091	15497122	chrX	77901925	A	G	+	A,R,D	ALU	rs782669666	SINE/AluJr	intronic	COX7B	-	-	intronic	COX7B	-	-	intronic	COX7B;ENST00000481445.1;ENST00000650309.1	-	-	-
chrX	85088843	A	G	5.47959	AD:VAF	36,11:0.234043	15507101	chrX	85088843	A	G	+	A,R,D	NONREP	-	-/-	UTR3	APOOL	-	-	UTR3	APOOL	-	-	UTR3	APOOL	-	-	-
chrX	85091020	A	G	50.282	AD:VAF	14,10:0.416667	15507213	chrX	85091020	A	G	+	A,R,D	ALU	-	SINE/AluSq2	UTR3	APOOL	-	-	UTR3	APOOL	-	-	UTR3	APOOL	-	-	-
chrX	85091790	A	G	36.2278	AD:VAF	12,8:0.4	15507360	chrX	85091790	A	G	+	A,R	REP	-	DNA/Tigger19b	UTR3	APOOL	-	-	UTR3	APOOL	-	-	UTR3	APOOL	-	-	-
chrX	101009685	T	C	3.52655	AD:VAF	26,8:0.235294	15520277	chrX	101009685	T	C	-	A,R,D	ALU	-	SINE/AluSx1	UTR3	TRMT2B	-	-	UTR3	TRMT2B	-	-	UTR3	ENST00000372936.3;TRMT2B	-	-	-
chrX	101013692	T	C	36.8206	AD:VAF	21,10:0.322581	15520446	chrX	101013692	T	C	-	A,R,D	ALU	rs1307908508	SINE/AluSx	intronic	TRMT2B	-	-	intronic	TRMT2B	-	-	intronic	ENST00000372936.3;TRMT2B	-	-	-
chrX	104124486	T	C	62.2271	AD:VAF	6,9:0.6	15537375	chrX	104124486	T	C	-	A,R	ALU	-	SINE/AluJr	intronic	SLC25A53	-	-	ncRNA_exonic	LOC286437	-	-	intronic	ENST00000594199.2	-	-	-
chrX	119453552	A	G	30.0307	AD:VAF	154,8:0.0493827	15567217	chrX	119453552	A	G	+	A,R	ALU	-	SINE/AluJo	UTR3	SLC25A43	-	-	UTR3	SLC25A43	-	-	ncRNA_exonic	SLC25A43	-	-	-
chrX	119538562	T	C	54.3893	AD:VAF	8,9:0.529412	15569062	chrX	119538562	T	C	-	A,R,D	ALU	-	SINE/AluSx	UTR3	CXorf56	-	-	UTR3	CXorf56	-	-	UTR3	CXorf56	-	-	-
chrX	119538678	T	C	30.9521	AD:VAF	53,9:0.145161	15569095	chrX	119538678	T	C	-	A,R,D	ALU	-	SINE/AluSx	UTR3	CXorf56	-	-	UTR3	CXorf56	-	-	UTR3	CXorf56	-	-	-
chrX	119539302	T	C	30.4949	AD:VAF	82,9:0.0989011	15569123	chrX	119539302	T	C	-	A,R	ALU	-	SINE/AluSz	UTR3	CXorf56	-	-	UTR3	CXorf56	-	-	UTR3	CXorf56	-	-	-
chrX	119539306	T	C	8.82767	AD:VAF	67,23:0.255556	15569124	chrX	119539306	T	C	-	A,R,D	ALU	-	SINE/AluSz	UTR3	CXorf56	-	-	UTR3	CXorf56	-	-	UTR3	CXorf56	-	-	-
chrX	119539368	T	C	33.4998	AD:VAF	38,15:0.283019	15569138	chrX	119539368	T	C	-	A,R,D	ALU	-	SINE/AluSz	UTR3	CXorf56	-	-	UTR3	CXorf56	-	-	UTR3	CXorf56	-	-	-
chrX	119539448	T	C	49.3413	AD:VAF	14,11:0.44	15569152	chrX	119539448	T	C	-	A,R,D	ALU	-	SINE/AluSz	UTR3	CXorf56	-	-	UTR3	CXorf56	-	-	UTR3	CXorf56	-	-	-
chrX	119539449	T	C	51.3504	AD:VAF	15,12:0.444444	15569153	chrX	119539449	T	C	-	A,R,D	ALU	-	SINE/AluSz	UTR3	CXorf56	-	-	UTR3	CXorf56	-	-	UTR3	CXorf56	-	-	-
chrX	120437883	T	C	29.8003	AD:VAF	369,9:0.0238095	15581015	chrX	120437883	T	C	-	A,R	ALU	-	SINE/AluSq2	UTR3	LAMP2	-	-	UTR3	LAMP2	-	-	UTR3	LAMP2	-	-	-
chrX	120437924	T	C	29.8153	AD:VAF	344,9:0.0254958	15581028	chrX	120437924	T	C	-	A,R,D	ALU	-	SINE/AluSq2	UTR3	LAMP2	-	-	UTR3	LAMP2	-	-	UTR3	LAMP2	-	-	-
chrX	120437952	T	C	29.7991	AD:VAF	330,8:0.0236686	15581033	chrX	120437952	T	C	-	A,R	ALU	-	SINE/AluSq2	UTR3	LAMP2	-	-	UTR3	LAMP2	-	-	UTR3	LAMP2	-	-	-
chrX	123909133	A	G	30.2115	AD:VAF	39,8:0.170213	15588537	chrX	123909133	A	G	+	A,R	ALU	-	SINE/AluSz	UTR3	XIAP	-	-	UTR3	XIAP	-	-	UTR3	XIAP	-	-	-
chrX	123909266	A	G	5.69979	AD:VAF	33,12:0.266667	15588565	chrX	123909266	A	G	+	A,R,D	ALU	-	SINE/AluSz	UTR3	XIAP	-	-	UTR3	XIAP	-	-	UTR3	XIAP	-	-	-
chrX	123909293	A	G	56.1597	AD:VAF	29,18:0.382979	15588571	chrX	123909293	A	G	+	A,R,D	ALU	rs1445165397	SINE/AluSz	UTR3	XIAP	-	-	UTR3	XIAP	-	-	UTR3	XIAP	-	-	-
chrX	123911292	A	G	28.5625	AD:VAF	27,11:0.289474	15588678	chrX	123911292	A	G	+	A,R,D	ALU	-	SINE/AluSp	UTR3	XIAP	-	-	UTR3	XIAP	-	-	UTR3	XIAP	-	-	-
chrX	123912740	A	G	13.2376	AD:VAF	30,9:0.230769	15588842	chrX	123912740	A	G	+	A,R,D	ALU	rs1399488429	SINE/AluSz	UTR3	XIAP	-	-	UTR3	XIAP	-	-	UTR3	XIAP	-	-	-
chrX	123912792	A	G	7.82705	AD:VAF	41,13:0.240741	15588855	chrX	123912792	A	G	+	A,R,D	ALU	rs748757861	SINE/AluSz	UTR3	XIAP	-	-	UTR3	XIAP	-	-	UTR3	XIAP	-	-	-
chrX	123913435	A	G	30.7657	AD:VAF	69,10:0.126582	15588975	chrX	123913435	A	G	+	A,R,D	ALU	-	SINE/AluSx	UTR3	XIAP	-	-	UTR3	XIAP	-	-	UTR3	XIAP	-	-	-
chrX	150767751	T	C	29.7766	AD:VAF	1019,22:0.0211335	15631100	chrX	150767751	T	C	-	A,R,D	NONREP	-	-/-	UTR3	CD99L2	-	-	UTR3	CD99L2	-	-	UTR3	CD99L2;ENST00000370377.7	-	-	-
chrX	150767753	T	C	29.7351	AD:VAF	1017,17:0.016441	15631101	chrX	150767753	T	C	-	A,R	NONREP	-	-/-	UTR3	CD99L2	-	-	UTR3	CD99L2	-	-	UTR3	CD99L2;ENST00000370377.7	-	-	-
chrX	153760769	T	C	65.5816	AD:VAF	2,9:0.818182	15636118	chrX	153760769	T	C	-	A	ALU	-	SINE/AluSp	ncRNA_intronic	U52111.1	-	-	intergenic	ABCD1;PLXNB3	-	-	ncRNA_intronic	U52111.1	-	-	-
chrX	153760774	T	C	52.2631	AD:VAF	2,8:0.8	15636119	chrX	153760774	T	C	-	A	ALU	-	SINE/AluSp	ncRNA_intronic	U52111.1	-	-	intergenic	ABCD1;PLXNB3	-	-	ncRNA_intronic	U52111.1	-	-	-
chrX	153760775	T	C	100.415	AD:VAF	0,11:1	15636120	chrX	153760775	T	C	-	A	ALU	-	SINE/AluSp	ncRNA_intronic	U52111.1	-	-	intergenic	ABCD1;PLXNB3	-	-	ncRNA_intronic	U52111.1	-	-	-
chrX	153760903	T	C	72.2273	AD:VAF	8,12:0.6	15636127	chrX	153760903	T	C	-	A,R	ALU	-	SINE/AluSx1	ncRNA_intronic	U52111.1	-	-	intergenic	ABCD1;PLXNB3	-	-	ncRNA_intronic	U52111.1	-	-	-
chrX	153760909	T	C	158.416	AD:VAF	0,22:1	15636129	chrX	153760909	T	C	-	A,R	ALU	-	SINE/AluSx1	ncRNA_intronic	U52111.1	-	-	intergenic	ABCD1;PLXNB3	-	-	ncRNA_intronic	U52111.1	-	-	-
chrX	153760915	T	C	84.1667	AD:VAF	5,15:0.75	15636130	chrX	153760915	T	C	-	A,R	ALU	-	SINE/AluSx1	ncRNA_intronic	U52111.1	-	-	intergenic	ABCD1;PLXNB3	-	-	ncRNA_intronic	U52111.1	-	-	-
chrX	153760916	T	C	76.3686	AD:VAF	10,12:0.545455	15636131	chrX	153760916	T	C	-	A,R	ALU	rs1479216501	SINE/AluSx1	ncRNA_intronic	U52111.1	-	-	intergenic	ABCD1;PLXNB3	-	-	ncRNA_intronic	U52111.1	-	-	-
chrX	153761028	T	C	84.4594	AD:VAF	3,12:0.8	15636152	chrX	153761028	T	C	-	A,R,D	ALU	-	SINE/AluSx1	ncRNA_intronic	U52111.1	-	-	intergenic	ABCD1;PLXNB3	-	-	ncRNA_intronic	U52111.1	-	-	-
chrX	153761104	T	C	51.4043	AD:VAF	8,8:0.5	15636166	chrX	153761104	T	C	-	A,R	ALU	-	SINE/AluSx1	ncRNA_intronic	U52111.1	-	-	intergenic	ABCD1;PLXNB3	-	-	ncRNA_intronic	U52111.1	-	-	-
chrX	154351370	T	C	30.2858	AD:VAF	120,10:0.0769231	15641389	chrX	154351370	T	C	-	A	NONREP	rs113899441	-/-	intronic	FLNA	-	-	intronic	FLNA	-	-	intronic	ENST00000369850.8;ENST00000369856.7;FLNA	-	-	539;248
chrX	154351582	T	C	29.6908	AD:VAF	5025,58:0.0114106	15641398	chrX	154351582	T	C	-	A,D	NONREP	rs1137967	-/-	exonic	FLNA	nonsynonymous SNV	FLNA:ENST00000610817.4:exon39:c.A6026G:p.Q2009R,FLNA:ENST00000360319.9:exon41:c.A6998G:p.Q2333R,FLNA:ENST00000369856.8:exon42:c.A6941G:p.Q2314R,FLNA:ENST00000422373.5:exon42:c.A6998G:p.Q2333R,FLNA:ENST00000369850.10:exon43:c.A7022G:p.Q2341R	exonic	FLNA	nonsynonymous SNV	FLNA:NM_001456:exon42:c.A6998G:p.Q2333R,FLNA:NM_001110556:exon43:c.A7022G:p.Q2341R	exonic	ENST00000369850.8;ENST00000369856.7;FLNA	nonsynonymous SNV	FLNA:ENST00000444578.1:exon5:c.A842G:p.Q281R,FLNA:ENST00000610817.4:exon39:c.A6026G:p.Q2009R,FLNA:ENST00000360319.9:exon41:c.A6998G:p.Q2333R,ENST00000369856.7:ENST00000369856.7:exon42:c.A6941G:p.Q2314R,FLNA:ENST00000422373.5:exon42:c.A6998G:p.Q2333R,ENST00000369850.8:ENST00000369850.8:exon43:c.A7022G:p.Q2341R	599;454
chrX	154476116	A	G	46.2671	AD:VAF	7,10:0.588235	15644280	chrX	154476116	A	G	+	A,R	ALU	-	SINE/AluJo	UTR3	PLXNA3	-	-	UTR3	PLXNA3	-	-	UTR3	PLXNA3	-	-	-
