sample_id	rank	label	predicted_probability	position	relative_position	base	attribution	abs_attribution
NEG_VALIDATION_00001_01	1	0	0.77264977	113	13	C	0.89964849	0.89964849
NEG_VALIDATION_00001_01	2	0	0.77264977	47	-53	G	-0.66514826	0.66514826
NEG_VALIDATION_00001_01	3	0	0.77264977	36	-64	C	0.60675657	0.60675657
NEG_VALIDATION_00001_01	4	0	0.77264977	161	61	C	0.56870908	0.56870908
NEG_VALIDATION_00001_01	5	0	0.77264977	66	-34	G	-0.50779426	0.50779426
NEG_VALIDATION_00001_01	6	0	0.77264977	84	-16	C	0.38196018	0.38196018
NEG_VALIDATION_00001_01	7	0	0.77264977	0	-100	T	0.37872517	0.37872517
NEG_VALIDATION_00001_01	8	0	0.77264977	115	15	G	-0.36077148	0.36077148
NEG_VALIDATION_00001_01	9	0	0.77264977	138	38	G	-0.356727	0.356727
NEG_VALIDATION_00001_01	10	0	0.77264977	101	1	C	-0.35325673	0.35325673
NEG_VALIDATION_00001_01	11	0	0.77264977	76	-24	C	0.34924918	0.34924918
NEG_VALIDATION_00001_01	12	0	0.77264977	98	-2	G	-0.33701515	0.33701515
NEG_VALIDATION_00001_01	13	0	0.77264977	148	48	G	-0.32430995	0.32430995
NEG_VALIDATION_00001_01	14	0	0.77264977	119	19	C	0.31825891	0.31825891
NEG_VALIDATION_00001_01	15	0	0.77264977	132	32	G	-0.31606576	0.31606576
NEG_VALIDATION_00001_01	16	0	0.77264977	140	40	G	-0.29580241	0.29580241
NEG_VALIDATION_00001_01	17	0	0.77264977	56	-44	G	-0.27634624	0.27634624
NEG_VALIDATION_00001_01	18	0	0.77264977	164	64	C	-0.26570898	0.26570898
NEG_VALIDATION_00001_01	19	0	0.77264977	194	94	G	-0.25709039	0.25709039
NEG_VALIDATION_00001_01	20	0	0.77264977	26	-74	G	-0.25500211	0.25500211
NEG_VALIDATION_00001_01	21	0	0.77264977	167	67	G	-0.24960196	0.24960196
NEG_VALIDATION_00001_01	22	0	0.77264977	42	-58	G	-0.23673999	0.23673999
NEG_VALIDATION_00001_01	23	0	0.77264977	28	-72	G	-0.23495853	0.23495853
NEG_VALIDATION_00001_01	24	0	0.77264977	35	-65	T	0.23343569	0.23343569
NEG_VALIDATION_00001_01	25	0	0.77264977	153	53	C	0.2330465	0.2330465
NEG_VALIDATION_00001_01	26	0	0.77264977	139	39	G	-0.23186003	0.23186003
NEG_VALIDATION_00001_01	27	0	0.77264977	90	-10	C	0.2286436	0.2286436
NEG_VALIDATION_00001_01	28	0	0.77264977	25	-75	G	-0.22744027	0.22744027
NEG_VALIDATION_00001_01	29	0	0.77264977	75	-25	T	-0.22681665	0.22681665
NEG_VALIDATION_00001_01	30	0	0.77264977	71	-29	C	0.22305682	0.22305682
NEG_VALIDATION_00001_01	31	0	0.77264977	105	5	C	0.21968415	0.21968415
NEG_VALIDATION_00001_01	32	0	0.77264977	130	30	G	-0.21465361	0.21465361
NEG_VALIDATION_00001_01	33	0	0.77264977	125	25	C	-0.21041155	0.21041155
NEG_VALIDATION_00001_01	34	0	0.77264977	121	21	G	-0.20670016	0.20670016
NEG_VALIDATION_00001_01	35	0	0.77264977	87	-13	C	-0.20606184	0.20606184
NEG_VALIDATION_00001_01	36	0	0.77264977	135	35	G	-0.20375776	0.20375776
NEG_VALIDATION_00001_01	37	0	0.77264977	74	-26	C	0.19081616	0.19081616
NEG_VALIDATION_00001_01	38	0	0.77264977	12	-88	G	-0.19049162	0.19049162
NEG_VALIDATION_00001_01	39	0	0.77264977	166	66	G	-0.18887541	0.18887541
NEG_VALIDATION_00001_01	40	0	0.77264977	110	10	C	-0.18664637	0.18664637
NEG_VALIDATION_00001_01	41	0	0.77264977	24	-76	C	-0.17962021	0.17962021
NEG_VALIDATION_00001_01	42	0	0.77264977	112	12	C	0.17899552	0.17899552
NEG_VALIDATION_00001_01	43	0	0.77264977	97	-3	G	-0.1777043	0.1777043
NEG_VALIDATION_00001_01	44	0	0.77264977	64	-36	G	-0.17185444	0.17185444
NEG_VALIDATION_00001_01	45	0	0.77264977	141	41	A	-0.1650289	0.1650289
NEG_VALIDATION_00001_01	46	0	0.77264977	184	84	T	-0.16270527	0.16270527
NEG_VALIDATION_00001_01	47	0	0.77264977	51	-49	G	-0.16220999	0.16220999
NEG_VALIDATION_00001_01	48	0	0.77264977	95	-5	C	0.15753061	0.15753061
NEG_VALIDATION_00001_01	49	0	0.77264977	149	49	C	0.15590343	0.15590343
NEG_VALIDATION_00001_01	50	0	0.77264977	63	-37	G	-0.15157166	0.15157166
NEG_VALIDATION_00003_01	1	0	0.91100824	161	61	T	-0.81370783	0.81370783
NEG_VALIDATION_00003_01	2	0	0.91100824	101	1	T	-0.80533642	0.80533642
NEG_VALIDATION_00003_01	3	0	0.91100824	47	-53	G	-0.7355327	0.7355327
NEG_VALIDATION_00003_01	4	0	0.91100824	99	-1	C	0.65127385	0.65127385
NEG_VALIDATION_00003_01	5	0	0.91100824	178	78	C	0.64219427	0.64219427
NEG_VALIDATION_00003_01	6	0	0.91100824	0	-100	T	0.51987666	0.51987666
NEG_VALIDATION_00003_01	7	0	0.91100824	126	26	T	-0.5133878	0.5133878
NEG_VALIDATION_00003_01	8	0	0.91100824	75	-25	C	0.48308814	0.48308814
NEG_VALIDATION_00003_01	9	0	0.91100824	105	5	C	0.48096439	0.48096439
NEG_VALIDATION_00003_01	10	0	0.91100824	110	10	G	-0.35432997	0.35432997
NEG_VALIDATION_00003_01	11	0	0.91100824	98	-2	G	-0.33967534	0.33967534
NEG_VALIDATION_00003_01	12	0	0.91100824	35	-65	T	0.33428586	0.33428586
NEG_VALIDATION_00003_01	13	0	0.91100824	132	32	G	-0.30099055	0.30099055
NEG_VALIDATION_00003_01	14	0	0.91100824	116	16	G	-0.29968822	0.29968822
NEG_VALIDATION_00003_01	15	0	0.91100824	139	39	C	-0.29835376	0.29835376
NEG_VALIDATION_00003_01	16	0	0.91100824	138	38	G	-0.29555726	0.29555726
NEG_VALIDATION_00003_01	17	0	0.91100824	90	-10	G	-0.29282057	0.29282057
NEG_VALIDATION_00003_01	18	0	0.91100824	40	-60	G	-0.29178962	0.29178962
NEG_VALIDATION_00003_01	19	0	0.91100824	115	15	G	-0.26254427	0.26254427
NEG_VALIDATION_00003_01	20	0	0.91100824	123	23	C	0.24730369	0.24730369
NEG_VALIDATION_00003_01	21	0	0.91100824	125	25	G	-0.23554946	0.23554946
NEG_VALIDATION_00003_01	22	0	0.91100824	160	60	G	-0.23357725	0.23357725
NEG_VALIDATION_00003_01	23	0	0.91100824	56	-44	G	-0.2278285	0.2278285
NEG_VALIDATION_00003_01	24	0	0.91100824	3	-97	C	0.22721148	0.22721148
NEG_VALIDATION_00003_01	25	0	0.91100824	87	-13	G	-0.22148204	0.22148204
NEG_VALIDATION_00003_01	26	0	0.91100824	129	29	G	-0.2209841	0.2209841
NEG_VALIDATION_00003_01	27	0	0.91100824	42	-58	G	-0.21505788	0.21505788
NEG_VALIDATION_00003_01	28	0	0.91100824	74	-26	T	-0.21196851	0.21196851
NEG_VALIDATION_00003_01	29	0	0.91100824	154	54	G	-0.21186745	0.21186745
NEG_VALIDATION_00003_01	30	0	0.91100824	162	62	G	-0.20807761	0.20807761
NEG_VALIDATION_00003_01	31	0	0.91100824	142	42	C	0.20407504	0.20407504
NEG_VALIDATION_00003_01	32	0	0.91100824	152	52	C	0.18844977	0.18844977
NEG_VALIDATION_00003_01	33	0	0.91100824	50	-50	G	-0.18622304	0.18622304
NEG_VALIDATION_00003_01	34	0	0.91100824	143	43	A	-0.18586823	0.18586823
NEG_VALIDATION_00003_01	35	0	0.91100824	109	9	G	-0.18477033	0.18477033
NEG_VALIDATION_00003_01	36	0	0.91100824	11	-89	C	0.18411353	0.18411353
NEG_VALIDATION_00003_01	37	0	0.91100824	107	7	C	0.17985268	0.17985268
NEG_VALIDATION_00003_01	38	0	0.91100824	166	66	G	-0.17738339	0.17738339
NEG_VALIDATION_00003_01	39	0	0.91100824	19	-81	G	-0.16893253	0.16893253
NEG_VALIDATION_00003_01	40	0	0.91100824	80	-20	G	-0.16581184	0.16581184
NEG_VALIDATION_00003_01	41	0	0.91100824	120	20	T	0.16250999	0.16250999
NEG_VALIDATION_00003_01	42	0	0.91100824	122	22	G	-0.16024677	0.16024677
NEG_VALIDATION_00003_01	43	0	0.91100824	77	-23	G	-0.15908293	0.15908293
NEG_VALIDATION_00003_01	44	0	0.91100824	149	49	C	0.15861222	0.15861222
NEG_VALIDATION_00003_01	45	0	0.91100824	158	58	G	-0.15825823	0.15825823
NEG_VALIDATION_00003_01	46	0	0.91100824	52	-48	G	-0.15357935	0.15357935
NEG_VALIDATION_00003_01	47	0	0.91100824	131	31	C	-0.15344873	0.15344873
NEG_VALIDATION_00003_01	48	0	0.91100824	12	-88	G	-0.15146211	0.15146211
NEG_VALIDATION_00003_01	49	0	0.91100824	119	19	G	-0.14613867	0.14613867
NEG_VALIDATION_00003_01	50	0	0.91100824	16	-84	C	0.13949046	0.13949046
NEG_VALIDATION_00008_01	1	0	0.90011847	96	-4	C	0.55051494	0.55051494
NEG_VALIDATION_00008_01	2	0	0.90011847	75	-25	T	-0.40870437	0.40870437
NEG_VALIDATION_00008_01	3	0	0.90011847	36	-64	C	0.39772561	0.39772561
NEG_VALIDATION_00008_01	4	0	0.90011847	8	-92	C	-0.35424608	0.35424608
NEG_VALIDATION_00008_01	5	0	0.90011847	125	25	C	-0.343941	0.343941
NEG_VALIDATION_00008_01	6	0	0.90011847	25	-75	C	-0.33879286	0.33879286
NEG_VALIDATION_00008_01	7	0	0.90011847	5	-95	C	-0.3293364	0.3293364
NEG_VALIDATION_00008_01	8	0	0.90011847	76	-24	C	0.3127591	0.3127591
NEG_VALIDATION_00008_01	9	0	0.90011847	154	54	C	-0.28877342	0.28877342
NEG_VALIDATION_00008_01	10	0	0.90011847	177	77	G	-0.28753579	0.28753579
NEG_VALIDATION_00008_01	11	0	0.90011847	178	78	C	-0.27789104	0.27789104
NEG_VALIDATION_00008_01	12	0	0.90011847	191	91	A	-0.27303705	0.27303705
NEG_VALIDATION_00008_01	13	0	0.90011847	110	10	G	-0.26805747	0.26805747
NEG_VALIDATION_00008_01	14	0	0.90011847	196	96	C	0.26800027	0.26800027
NEG_VALIDATION_00008_01	15	0	0.90011847	84	-16	T	-0.24202126	0.24202126
NEG_VALIDATION_00008_01	16	0	0.90011847	66	-34	G	-0.23720732	0.23720732
NEG_VALIDATION_00008_01	17	0	0.90011847	161	61	C	0.21516921	0.21516921
NEG_VALIDATION_00008_01	18	0	0.90011847	89	-11	A	-0.2074319	0.2074319
NEG_VALIDATION_00008_01	19	0	0.90011847	190	90	C	0.18952404	0.18952404
NEG_VALIDATION_00008_01	20	0	0.90011847	35	-65	G	-0.18847519	0.18847519
NEG_VALIDATION_00008_01	21	0	0.90011847	51	-49	C	0.18679649	0.18679649
NEG_VALIDATION_00008_01	22	0	0.90011847	193	93	C	-0.17777206	0.17777206
NEG_VALIDATION_00008_01	23	0	0.90011847	24	-76	T	-0.17748144	0.17748144
NEG_VALIDATION_00008_01	24	0	0.90011847	121	21	A	-0.17249709	0.17249709
NEG_VALIDATION_00008_01	25	0	0.90011847	52	-48	T	-0.16204621	0.16204621
NEG_VALIDATION_00008_01	26	0	0.90011847	90	-10	G	-0.16006958	0.16006958
NEG_VALIDATION_00008_01	27	0	0.90011847	15	-85	G	-0.15910625	0.15910625
NEG_VALIDATION_00008_01	28	0	0.90011847	197	97	C	-0.15397683	0.15397683
NEG_VALIDATION_00008_01	29	0	0.90011847	99	-1	T	0.15287465	0.15287465
NEG_VALIDATION_00008_01	30	0	0.90011847	94	-6	A	-0.15134527	0.15134527
NEG_VALIDATION_00008_01	31	0	0.90011847	69	-31	T	-0.14897776	0.14897776
NEG_VALIDATION_00008_01	32	0	0.90011847	132	32	A	-0.14806716	0.14806716
NEG_VALIDATION_00008_01	33	0	0.90011847	116	16	G	-0.1465959	0.1465959
NEG_VALIDATION_00008_01	34	0	0.90011847	106	6	G	-0.14654273	0.14654273
NEG_VALIDATION_00008_01	35	0	0.90011847	173	73	G	-0.13957359	0.13957359
NEG_VALIDATION_00008_01	36	0	0.90011847	74	-26	A	-0.13337722	0.13337722
NEG_VALIDATION_00008_01	37	0	0.90011847	167	67	G	-0.13032685	0.13032685
NEG_VALIDATION_00008_01	38	0	0.90011847	189	89	C	-0.12905118	0.12905118
NEG_VALIDATION_00008_01	39	0	0.90011847	32	-68	G	-0.12768677	0.12768677
NEG_VALIDATION_00008_01	40	0	0.90011847	53	-47	C	-0.1269753	0.1269753
NEG_VALIDATION_00008_01	41	0	0.90011847	176	76	C	-0.12373239	0.12373239
NEG_VALIDATION_00008_01	42	0	0.90011847	28	-72	A	-0.12348346	0.12348346
NEG_VALIDATION_00008_01	43	0	0.90011847	152	52	C	0.1225863	0.1225863
NEG_VALIDATION_00008_01	44	0	0.90011847	143	43	A	-0.11864606	0.11864606
NEG_VALIDATION_00008_01	45	0	0.90011847	198	98	T	0.11837817	0.11837817
NEG_VALIDATION_00008_01	46	0	0.90011847	17	-83	C	0.11639845	0.11639845
NEG_VALIDATION_00008_01	47	0	0.90011847	39	-61	T	0.11426111	0.11426111
NEG_VALIDATION_00008_01	48	0	0.90011847	108	8	C	0.11322556	0.11322556
NEG_VALIDATION_00008_01	49	0	0.90011847	153	53	G	-0.11219189	0.11219189
NEG_VALIDATION_00008_01	50	0	0.90011847	2	-98	C	-0.10973743	0.10973743
NEG_VALIDATION_00009_01	1	0	0.72102046	178	78	C	0.6902597	0.6902597
NEG_VALIDATION_00009_01	2	0	0.72102046	161	61	A	-0.66311401	0.66311401
NEG_VALIDATION_00009_01	3	0	0.72102046	99	-1	C	0.6177696	0.6177696
NEG_VALIDATION_00009_01	4	0	0.72102046	181	81	G	-0.51630199	0.51630199
NEG_VALIDATION_00009_01	5	0	0.72102046	190	90	C	0.47899425	0.47899425
NEG_VALIDATION_00009_01	6	0	0.72102046	75	-25	T	-0.45055312	0.45055312
NEG_VALIDATION_00009_01	7	0	0.72102046	177	77	G	-0.44166231	0.44166231
NEG_VALIDATION_00009_01	8	0	0.72102046	110	10	G	-0.42728424	0.42728424
NEG_VALIDATION_00009_01	9	0	0.72102046	126	26	T	-0.36813956	0.36813956
NEG_VALIDATION_00009_01	10	0	0.72102046	198	98	G	-0.35123768	0.35123768
NEG_VALIDATION_00009_01	11	0	0.72102046	41	-59	G	-0.35016695	0.35016695
NEG_VALIDATION_00009_01	12	0	0.72102046	25	-75	C	-0.32209462	0.32209462
NEG_VALIDATION_00009_01	13	0	0.72102046	84	-16	T	-0.32016709	0.32016709
NEG_VALIDATION_00009_01	14	0	0.72102046	140	40	G	-0.31899929	0.31899929
NEG_VALIDATION_00009_01	15	0	0.72102046	119	19	C	0.29197431	0.29197431
NEG_VALIDATION_00009_01	16	0	0.72102046	125	25	C	-0.29149532	0.29149532
NEG_VALIDATION_00009_01	17	0	0.72102046	106	6	G	-0.28491089	0.28491089
NEG_VALIDATION_00009_01	18	0	0.72102046	69	-31	T	-0.28345096	0.28345096
NEG_VALIDATION_00009_01	19	0	0.72102046	194	94	G	-0.26840386	0.26840386
NEG_VALIDATION_00009_01	20	0	0.72102046	3	-97	C	0.26754922	0.26754922
NEG_VALIDATION_00009_01	21	0	0.72102046	184	84	G	-0.264936	0.264936
NEG_VALIDATION_00009_01	22	0	0.72102046	52	-48	C	-0.26136169	0.26136169
NEG_VALIDATION_00009_01	23	0	0.72102046	185	85	G	-0.25734907	0.25734907
NEG_VALIDATION_00009_01	24	0	0.72102046	152	52	C	0.25132522	0.25132522
NEG_VALIDATION_00009_01	25	0	0.72102046	143	43	C	0.24165767	0.24165767
NEG_VALIDATION_00009_01	26	0	0.72102046	108	8	C	0.2223388	0.2223388
NEG_VALIDATION_00009_01	27	0	0.72102046	123	23	C	0.21696493	0.21696493
NEG_VALIDATION_00009_01	28	0	0.72102046	59	-41	G	-0.21371235	0.21371235
NEG_VALIDATION_00009_01	29	0	0.72102046	132	32	G	-0.2115428	0.2115428
NEG_VALIDATION_00009_01	30	0	0.72102046	42	-58	T	-0.20949873	0.20949873
NEG_VALIDATION_00009_01	31	0	0.72102046	30	-70	C	0.20887867	0.20887867
NEG_VALIDATION_00009_01	32	0	0.72102046	173	73	T	-0.20767239	0.20767239
NEG_VALIDATION_00009_01	33	0	0.72102046	193	93	G	-0.20592818	0.20592818
NEG_VALIDATION_00009_01	34	0	0.72102046	40	-60	G	-0.20458168	0.20458168
NEG_VALIDATION_00009_01	35	0	0.72102046	151	51	G	-0.20364107	0.20364107
NEG_VALIDATION_00009_01	36	0	0.72102046	58	-42	C	0.20219681	0.20219681
NEG_VALIDATION_00009_01	37	0	0.72102046	167	67	G	-0.20141749	0.20141749
NEG_VALIDATION_00009_01	38	0	0.72102046	166	66	G	-0.20048264	0.20048264
NEG_VALIDATION_00009_01	39	0	0.72102046	163	63	C	0.19346797	0.19346797
NEG_VALIDATION_00009_01	40	0	0.72102046	0	-100	A	0.18934695	0.18934695
NEG_VALIDATION_00009_01	41	0	0.72102046	2	-98	A	-0.18380627	0.18380627
NEG_VALIDATION_00009_01	42	0	0.72102046	154	54	G	-0.17429651	0.17429651
NEG_VALIDATION_00009_01	43	0	0.72102046	10	-90	G	-0.17092907	0.17092907
NEG_VALIDATION_00009_01	44	0	0.72102046	56	-44	G	-0.16553146	0.16553146
NEG_VALIDATION_00009_01	45	0	0.72102046	145	45	C	0.1653831	0.1653831
NEG_VALIDATION_00009_01	46	0	0.72102046	23	-77	G	-0.16516599	0.16516599
NEG_VALIDATION_00009_01	47	0	0.72102046	149	49	C	0.16481972	0.16481972
NEG_VALIDATION_00009_01	48	0	0.72102046	129	29	G	-0.16170043	0.16170043
NEG_VALIDATION_00009_01	49	0	0.72102046	115	15	G	-0.16077344	0.16077344
NEG_VALIDATION_00009_01	50	0	0.72102046	138	38	A	-0.15226799	0.15226799
NEG_VALIDATION_00010_01	1	0	0.94406354	113	13	C	0.9348048	0.9348048
NEG_VALIDATION_00010_01	2	0	0.94406354	161	61	T	-0.90805817	0.90805817
NEG_VALIDATION_00010_01	3	0	0.94406354	36	-64	C	0.56895053	0.56895053
NEG_VALIDATION_00010_01	4	0	0.94406354	47	-53	G	-0.54407036	0.54407036
NEG_VALIDATION_00010_01	5	0	0.94406354	84	-16	C	0.42889881	0.42889881
NEG_VALIDATION_00010_01	6	0	0.94406354	110	10	G	-0.39996448	0.39996448
NEG_VALIDATION_00010_01	7	0	0.94406354	198	98	C	-0.3741585	0.3741585
NEG_VALIDATION_00010_01	8	0	0.94406354	148	48	G	-0.35910538	0.35910538
NEG_VALIDATION_00010_01	9	0	0.94406354	126	26	A	-0.31789696	0.31789696
NEG_VALIDATION_00010_01	10	0	0.94406354	166	66	C	-0.31783938	0.31783938
NEG_VALIDATION_00010_01	11	0	0.94406354	184	84	G	-0.30484331	0.30484331
NEG_VALIDATION_00010_01	12	0	0.94406354	15	-85	G	-0.30480289	0.30480289
NEG_VALIDATION_00010_01	13	0	0.94406354	52	-48	C	-0.29795694	0.29795694
NEG_VALIDATION_00010_01	14	0	0.94406354	26	-74	G	-0.29752111	0.29752111
NEG_VALIDATION_00010_01	15	0	0.94406354	1	-99	A	0.29627788	0.29627788
NEG_VALIDATION_00010_01	16	0	0.94406354	76	-24	C	0.28596064	0.28596064
NEG_VALIDATION_00010_01	17	0	0.94406354	0	-100	G	-0.28299379	0.28299379
NEG_VALIDATION_00010_01	18	0	0.94406354	83	-17	C	0.27680644	0.27680644
NEG_VALIDATION_00010_01	19	0	0.94406354	75	-25	C	0.25778973	0.25778973
NEG_VALIDATION_00010_01	20	0	0.94406354	164	64	C	-0.24554487	0.24554487
NEG_VALIDATION_00010_01	21	0	0.94406354	160	60	G	-0.23874409	0.23874409
NEG_VALIDATION_00010_01	22	0	0.94406354	71	-29	C	0.22467309	0.22467309
NEG_VALIDATION_00010_01	23	0	0.94406354	40	-60	G	-0.22359735	0.22359735
NEG_VALIDATION_00010_01	24	0	0.94406354	171	71	C	-0.22146711	0.22146711
NEG_VALIDATION_00010_01	25	0	0.94406354	56	-44	A	0.21300331	0.21300331
NEG_VALIDATION_00010_01	26	0	0.94406354	154	54	C	-0.2117537	0.2117537
NEG_VALIDATION_00010_01	27	0	0.94406354	69	-31	T	-0.21133405	0.21133405
NEG_VALIDATION_00010_01	28	0	0.94406354	98	-2	G	-0.21042027	0.21042027
NEG_VALIDATION_00010_01	29	0	0.94406354	8	-92	A	-0.19930393	0.19930393
NEG_VALIDATION_00010_01	30	0	0.94406354	197	97	T	0.19849907	0.19849907
NEG_VALIDATION_00010_01	31	0	0.94406354	147	47	G	-0.19846942	0.19846942
NEG_VALIDATION_00010_01	32	0	0.94406354	167	67	G	-0.18696921	0.18696921
NEG_VALIDATION_00010_01	33	0	0.94406354	54	-46	G	-0.18235564	0.18235564
NEG_VALIDATION_00010_01	34	0	0.94406354	107	7	G	-0.18026906	0.18026906
NEG_VALIDATION_00010_01	35	0	0.94406354	121	21	C	0.17579365	0.17579365
NEG_VALIDATION_00010_01	36	0	0.94406354	173	73	T	-0.17553309	0.17553309
NEG_VALIDATION_00010_01	37	0	0.94406354	90	-10	C	0.17535275	0.17535275
NEG_VALIDATION_00010_01	38	0	0.94406354	125	25	G	-0.17308152	0.17308152
NEG_VALIDATION_00010_01	39	0	0.94406354	41	-59	T	0.17137223	0.17137223
NEG_VALIDATION_00010_01	40	0	0.94406354	57	-43	C	-0.16731817	0.16731817
NEG_VALIDATION_00010_01	41	0	0.94406354	78	-22	C	0.1671204	0.1671204
NEG_VALIDATION_00010_01	42	0	0.94406354	10	-90	G	-0.16404821	0.16404821
NEG_VALIDATION_00010_01	43	0	0.94406354	6	-94	A	-0.16252731	0.16252731
NEG_VALIDATION_00010_01	44	0	0.94406354	74	-26	C	0.15957308	0.15957308
NEG_VALIDATION_00010_01	45	0	0.94406354	106	6	C	0.15957126	0.15957126
NEG_VALIDATION_00010_01	46	0	0.94406354	176	76	G	-0.15513177	0.15513177
NEG_VALIDATION_00010_01	47	0	0.94406354	5	-95	G	-0.15441582	0.15441582
NEG_VALIDATION_00010_01	48	0	0.94406354	129	29	C	0.15416181	0.15416181
NEG_VALIDATION_00010_01	49	0	0.94406354	53	-47	G	-0.15245032	0.15245032
NEG_VALIDATION_00010_01	50	0	0.94406354	109	9	G	-0.15153362	0.15153362
NEG_VALIDATION_00011_01	1	0	0.73723948	161	61	T	-0.89695436	0.89695436
NEG_VALIDATION_00011_01	2	0	0.73723948	47	-53	G	-0.82840377	0.82840377
NEG_VALIDATION_00011_01	3	0	0.73723948	101	1	T	-0.78892636	0.78892636
NEG_VALIDATION_00011_01	4	0	0.73723948	42	-58	C	-0.71606576	0.71606576
NEG_VALIDATION_00011_01	5	0	0.73723948	198	98	G	-0.64221001	0.64221001
NEG_VALIDATION_00011_01	6	0	0.73723948	36	-64	C	0.60259479	0.60259479
NEG_VALIDATION_00011_01	7	0	0.73723948	196	96	C	0.59279132	0.59279132
NEG_VALIDATION_00011_01	8	0	0.73723948	69	-31	C	0.43286347	0.43286347
NEG_VALIDATION_00011_01	9	0	0.73723948	1	-99	A	0.36472377	0.36472377
NEG_VALIDATION_00011_01	10	0	0.73723948	170	70	C	0.36030033	0.36030033
NEG_VALIDATION_00011_01	11	0	0.73723948	55	-45	G	-0.35344771	0.35344771
NEG_VALIDATION_00011_01	12	0	0.73723948	178	78	C	0.35110319	0.35110319
NEG_VALIDATION_00011_01	13	0	0.73723948	66	-34	T	-0.34163964	0.34163964
NEG_VALIDATION_00011_01	14	0	0.73723948	126	26	T	-0.33447301	0.33447301
NEG_VALIDATION_00011_01	15	0	0.73723948	40	-60	G	-0.3337127	0.3337127
NEG_VALIDATION_00011_01	16	0	0.73723948	93	-7	T	-0.33157614	0.33157614
NEG_VALIDATION_00011_01	17	0	0.73723948	184	84	G	-0.3294487	0.3294487
NEG_VALIDATION_00011_01	18	0	0.73723948	56	-44	G	-0.32538784	0.32538784
NEG_VALIDATION_00011_01	19	0	0.73723948	57	-43	G	-0.3061175	0.3061175
NEG_VALIDATION_00011_01	20	0	0.73723948	138	38	G	-0.29712945	0.29712945
NEG_VALIDATION_00011_01	21	0	0.73723948	115	15	G	-0.29663768	0.29663768
NEG_VALIDATION_00011_01	22	0	0.73723948	76	-24	C	0.2873567	0.2873567
NEG_VALIDATION_00011_01	23	0	0.73723948	164	64	G	-0.28616166	0.28616166
NEG_VALIDATION_00011_01	24	0	0.73723948	173	73	G	-0.28343904	0.28343904
NEG_VALIDATION_00011_01	25	0	0.73723948	10	-90	G	-0.25502208	0.25502208
NEG_VALIDATION_00011_01	26	0	0.73723948	172	72	C	0.24937165	0.24937165
NEG_VALIDATION_00011_01	27	0	0.73723948	137	37	G	-0.24750835	0.24750835
NEG_VALIDATION_00011_01	28	0	0.73723948	187	87	C	0.24555236	0.24555236
NEG_VALIDATION_00011_01	29	0	0.73723948	75	-25	C	0.24231282	0.24231282
NEG_VALIDATION_00011_01	30	0	0.73723948	23	-77	G	-0.23820393	0.23820393
NEG_VALIDATION_00011_01	31	0	0.73723948	114	14	G	-0.23296228	0.23296228
NEG_VALIDATION_00011_01	32	0	0.73723948	109	9	G	-0.23095869	0.23095869
NEG_VALIDATION_00011_01	33	0	0.73723948	125	25	G	-0.22292477	0.22292477
NEG_VALIDATION_00011_01	34	0	0.73723948	107	7	G	-0.20397763	0.20397763
NEG_VALIDATION_00011_01	35	0	0.73723948	16	-84	G	-0.19992201	0.19992201
NEG_VALIDATION_00011_01	36	0	0.73723948	94	-6	C	0.19250576	0.19250576
NEG_VALIDATION_00011_01	37	0	0.73723948	52	-48	G	-0.19169313	0.19169313
NEG_VALIDATION_00011_01	38	0	0.73723948	64	-36	G	-0.19118458	0.19118458
NEG_VALIDATION_00011_01	39	0	0.73723948	111	11	C	0.19102286	0.19102286
NEG_VALIDATION_00011_01	40	0	0.73723948	190	90	G	-0.18859932	0.18859932
NEG_VALIDATION_00011_01	41	0	0.73723948	104	4	G	-0.18495272	0.18495272
NEG_VALIDATION_00011_01	42	0	0.73723948	153	53	C	0.18451758	0.18451758
NEG_VALIDATION_00011_01	43	0	0.73723948	197	97	A	0.18354401	0.18354401
NEG_VALIDATION_00011_01	44	0	0.73723948	151	51	G	-0.18310674	0.18310674
NEG_VALIDATION_00011_01	45	0	0.73723948	83	-17	G	-0.1827836	0.1827836
NEG_VALIDATION_00011_01	46	0	0.73723948	129	29	G	-0.1824393	0.1824393
NEG_VALIDATION_00011_01	47	0	0.73723948	142	42	C	0.18211667	0.18211667
NEG_VALIDATION_00011_01	48	0	0.73723948	78	-22	C	0.1794444	0.1794444
NEG_VALIDATION_00011_01	49	0	0.73723948	116	16	T	-0.17727524	0.17727524
NEG_VALIDATION_00011_01	50	0	0.73723948	0	-100	C	0.17662044	0.17662044
NEG_VALIDATION_00018_01	1	0	0.81436098	113	13	C	0.86172187	0.86172187
NEG_VALIDATION_00018_01	2	0	0.81436098	161	61	A	-0.75580108	0.75580108
NEG_VALIDATION_00018_01	3	0	0.81436098	198	98	C	-0.47427639	0.47427639
NEG_VALIDATION_00018_01	4	0	0.81436098	191	91	C	0.45557916	0.45557916
NEG_VALIDATION_00018_01	5	0	0.81436098	0	-100	T	0.31612855	0.31612855
NEG_VALIDATION_00018_01	6	0	0.81436098	164	64	C	-0.30118057	0.30118057
NEG_VALIDATION_00018_01	7	0	0.81436098	131	31	C	-0.29797098	0.29797098
NEG_VALIDATION_00018_01	8	0	0.81436098	184	84	C	-0.25774974	0.25774974
NEG_VALIDATION_00018_01	9	0	0.81436098	190	90	C	0.23436674	0.23436674
NEG_VALIDATION_00018_01	10	0	0.81436098	75	-25	A	-0.22893927	0.22893927
NEG_VALIDATION_00018_01	11	0	0.81436098	35	-65	T	0.22025861	0.22025861
NEG_VALIDATION_00018_01	12	0	0.81436098	126	26	A	-0.21445477	0.21445477
NEG_VALIDATION_00018_01	13	0	0.81436098	8	-92	C	-0.21425019	0.21425019
NEG_VALIDATION_00018_01	14	0	0.81436098	25	-75	G	-0.2136981	0.2136981
NEG_VALIDATION_00018_01	15	0	0.81436098	151	51	C	0.20771033	0.20771033
NEG_VALIDATION_00018_01	16	0	0.81436098	96	-4	A	-0.20598862	0.20598862
NEG_VALIDATION_00018_01	17	0	0.81436098	90	-10	G	-0.1951023	0.1951023
NEG_VALIDATION_00018_01	18	0	0.81436098	141	41	A	-0.19392312	0.19392312
NEG_VALIDATION_00018_01	19	0	0.81436098	11	-89	G	-0.18988681	0.18988681
NEG_VALIDATION_00018_01	20	0	0.81436098	142	42	G	-0.18359078	0.18359078
NEG_VALIDATION_00018_01	21	0	0.81436098	106	6	C	0.17792863	0.17792863
NEG_VALIDATION_00018_01	22	0	0.81436098	56	-44	G	-0.16914748	0.16914748
NEG_VALIDATION_00018_01	23	0	0.81436098	194	94	G	-0.16626686	0.16626686
NEG_VALIDATION_00018_01	24	0	0.81436098	59	-41	G	-0.16531879	0.16531879
NEG_VALIDATION_00018_01	25	0	0.81436098	87	-13	C	-0.164987	0.164987
NEG_VALIDATION_00018_01	26	0	0.81436098	66	-34	C	-0.16388959	0.16388959
NEG_VALIDATION_00018_01	27	0	0.81436098	109	9	C	0.1621744	0.1621744
NEG_VALIDATION_00018_01	28	0	0.81436098	54	-46	G	-0.16029863	0.16029863
NEG_VALIDATION_00018_01	29	0	0.81436098	47	-53	T	-0.15616859	0.15616859
NEG_VALIDATION_00018_01	30	0	0.81436098	102	2	T	-0.15435115	0.15435115
NEG_VALIDATION_00018_01	31	0	0.81436098	80	-20	G	-0.1521067	0.1521067
NEG_VALIDATION_00018_01	32	0	0.81436098	110	10	C	-0.14954934	0.14954934
NEG_VALIDATION_00018_01	33	0	0.81436098	98	-2	C	0.14597978	0.14597978
NEG_VALIDATION_00018_01	34	0	0.81436098	86	-14	T	0.14469565	0.14469565
NEG_VALIDATION_00018_01	35	0	0.81436098	147	47	G	-0.14194548	0.14194548
NEG_VALIDATION_00018_01	36	0	0.81436098	10	-90	G	-0.14106606	0.14106606
NEG_VALIDATION_00018_01	37	0	0.81436098	70	-30	G	-0.1410509	0.1410509
NEG_VALIDATION_00018_01	38	0	0.81436098	115	15	T	0.139419	0.139419
NEG_VALIDATION_00018_01	39	0	0.81436098	162	62	G	-0.13901335	0.13901335
NEG_VALIDATION_00018_01	40	0	0.81436098	2	-98	G	-0.13485378	0.13485378
NEG_VALIDATION_00018_01	41	0	0.81436098	120	20	C	0.13400552	0.13400552
NEG_VALIDATION_00018_01	42	0	0.81436098	116	16	C	-0.13324308	0.13324308
NEG_VALIDATION_00018_01	43	0	0.81436098	42	-58	A	-0.13277839	0.13277839
NEG_VALIDATION_00018_01	44	0	0.81436098	57	-43	A	0.130862	0.130862
NEG_VALIDATION_00018_01	45	0	0.81436098	78	-22	C	0.12962431	0.12962431
NEG_VALIDATION_00018_01	46	0	0.81436098	72	-28	G	-0.12945996	0.12945996
NEG_VALIDATION_00018_01	47	0	0.81436098	74	-26	T	-0.12899545	0.12899545
NEG_VALIDATION_00018_01	48	0	0.81436098	67	-33	A	-0.12729916	0.12729916
NEG_VALIDATION_00018_01	49	0	0.81436098	133	33	G	-0.12649599	0.12649599
NEG_VALIDATION_00018_01	50	0	0.81436098	173	73	T	-0.12258565	0.12258565
NEG_VALIDATION_00024_01	1	0	0.77901947	161	61	T	-1.0344357	1.0344357
NEG_VALIDATION_00024_01	2	0	0.77901947	1	-99	C	0.68174797	0.68174797
NEG_VALIDATION_00024_01	3	0	0.77901947	99	-1	C	0.56562203	0.56562203
NEG_VALIDATION_00024_01	4	0	0.77901947	191	91	C	0.5344854	0.5344854
NEG_VALIDATION_00024_01	5	0	0.77901947	110	10	G	-0.4870542	0.4870542
NEG_VALIDATION_00024_01	6	0	0.77901947	45	-55	G	-0.48640603	0.48640603
NEG_VALIDATION_00024_01	7	0	0.77901947	24	-76	G	-0.46148568	0.46148568
NEG_VALIDATION_00024_01	8	0	0.77901947	140	40	G	-0.44160059	0.44160059
NEG_VALIDATION_00024_01	9	0	0.77901947	84	-16	C	0.41248086	0.41248086
NEG_VALIDATION_00024_01	10	0	0.77901947	123	23	A	-0.40057659	0.40057659
NEG_VALIDATION_00024_01	11	0	0.77901947	105	5	C	0.39685386	0.39685386
NEG_VALIDATION_00024_01	12	0	0.77901947	75	-25	C	0.38739586	0.38739586
NEG_VALIDATION_00024_01	13	0	0.77901947	52	-48	C	-0.38120699	0.38120699
NEG_VALIDATION_00024_01	14	0	0.77901947	173	73	G	-0.35686877	0.35686877
NEG_VALIDATION_00024_01	15	0	0.77901947	0	-100	T	0.33422989	0.33422989
NEG_VALIDATION_00024_01	16	0	0.77901947	121	21	C	0.32606184	0.32606184
NEG_VALIDATION_00024_01	17	0	0.77901947	167	67	C	0.3222335	0.3222335
NEG_VALIDATION_00024_01	18	0	0.77901947	16	-84	G	-0.3151888	0.3151888
NEG_VALIDATION_00024_01	19	0	0.77901947	111	11	G	-0.31113613	0.31113613
NEG_VALIDATION_00024_01	20	0	0.77901947	12	-88	G	-0.30655921	0.30655921
NEG_VALIDATION_00024_01	21	0	0.77901947	112	12	C	0.2968027	0.2968027
NEG_VALIDATION_00024_01	22	0	0.77901947	160	60	G	-0.29063857	0.29063857
NEG_VALIDATION_00024_01	23	0	0.77901947	98	-2	G	-0.28249294	0.28249294
NEG_VALIDATION_00024_01	24	0	0.77901947	26	-74	G	-0.28217357	0.28217357
NEG_VALIDATION_00024_01	25	0	0.77901947	35	-65	T	0.25740758	0.25740758
NEG_VALIDATION_00024_01	26	0	0.77901947	119	19	C	0.25311738	0.25311738
NEG_VALIDATION_00024_01	27	0	0.77901947	174	74	G	-0.23875332	0.23875332
NEG_VALIDATION_00024_01	28	0	0.77901947	198	98	C	-0.22750562	0.22750562
NEG_VALIDATION_00024_01	29	0	0.77901947	125	25	G	-0.22563072	0.22563072
NEG_VALIDATION_00024_01	30	0	0.77901947	30	-70	C	0.22539733	0.22539733
NEG_VALIDATION_00024_01	31	0	0.77901947	154	54	G	-0.22270516	0.22270516
NEG_VALIDATION_00024_01	32	0	0.77901947	115	15	G	-0.21899933	0.21899933
NEG_VALIDATION_00024_01	33	0	0.77901947	58	-42	C	0.21585694	0.21585694
NEG_VALIDATION_00024_01	34	0	0.77901947	187	87	C	0.21108826	0.21108826
NEG_VALIDATION_00024_01	35	0	0.77901947	38	-62	G	-0.20993465	0.20993465
NEG_VALIDATION_00024_01	36	0	0.77901947	179	79	G	-0.20882559	0.20882559
NEG_VALIDATION_00024_01	37	0	0.77901947	54	-46	G	-0.20427608	0.20427608
NEG_VALIDATION_00024_01	38	0	0.77901947	3	-97	C	0.20104191	0.20104191
NEG_VALIDATION_00024_01	39	0	0.77901947	6	-94	T	-0.19877636	0.19877636
NEG_VALIDATION_00024_01	40	0	0.77901947	74	-26	T	-0.19018398	0.19018398
NEG_VALIDATION_00024_01	41	0	0.77901947	182	82	G	-0.17877191	0.17877191
NEG_VALIDATION_00024_01	42	0	0.77901947	157	57	G	-0.17781983	0.17781983
NEG_VALIDATION_00024_01	43	0	0.77901947	34	-66	C	0.17496674	0.17496674
NEG_VALIDATION_00024_01	44	0	0.77901947	5	-95	G	-0.1726705	0.1726705
NEG_VALIDATION_00024_01	45	0	0.77901947	87	-13	C	-0.16829044	0.16829044
NEG_VALIDATION_00024_01	46	0	0.77901947	29	-71	G	-0.16628355	0.16628355
NEG_VALIDATION_00024_01	47	0	0.77901947	90	-10	C	0.16526666	0.16526666
NEG_VALIDATION_00024_01	48	0	0.77901947	175	75	C	0.16520341	0.16520341
NEG_VALIDATION_00024_01	49	0	0.77901947	62	-38	G	-0.16475004	0.16475004
NEG_VALIDATION_00024_01	50	0	0.77901947	122	22	C	0.16471477	0.16471477
NEG_VALIDATION_00032_01	1	0	0.91434264	36	-64	C	0.78457046	0.78457046
NEG_VALIDATION_00032_01	2	0	0.91434264	96	-4	C	0.77956212	0.77956212
NEG_VALIDATION_00032_01	3	0	0.91434264	120	20	G	-0.64570367	0.64570367
NEG_VALIDATION_00032_01	4	0	0.91434264	191	91	C	0.56535476	0.56535476
NEG_VALIDATION_00032_01	5	0	0.91434264	109	9	C	0.56279695	0.56279695
NEG_VALIDATION_00032_01	6	0	0.91434264	190	90	C	0.52785683	0.52785683
NEG_VALIDATION_00032_01	7	0	0.91434264	148	48	G	-0.49079794	0.49079794
NEG_VALIDATION_00032_01	8	0	0.91434264	101	1	A	-0.47898349	0.47898349
NEG_VALIDATION_00032_01	9	0	0.91434264	177	77	G	-0.44124174	0.44124174
NEG_VALIDATION_00032_01	10	0	0.91434264	170	70	C	0.38628587	0.38628587
NEG_VALIDATION_00032_01	11	0	0.91434264	84	-16	T	-0.37213737	0.37213737
NEG_VALIDATION_00032_01	12	0	0.91434264	15	-85	G	-0.35931572	0.35931572
NEG_VALIDATION_00032_01	13	0	0.91434264	26	-74	G	-0.34578842	0.34578842
NEG_VALIDATION_00032_01	14	0	0.91434264	181	81	C	0.33656597	0.33656597
NEG_VALIDATION_00032_01	15	0	0.91434264	198	98	G	-0.31832653	0.31832653
NEG_VALIDATION_00032_01	16	0	0.91434264	173	73	G	-0.3151651	0.3151651
NEG_VALIDATION_00032_01	17	0	0.91434264	52	-48	C	-0.31218055	0.31218055
NEG_VALIDATION_00032_01	18	0	0.91434264	112	12	C	0.30365002	0.30365002
NEG_VALIDATION_00032_01	19	0	0.91434264	75	-25	A	-0.29612029	0.29612029
NEG_VALIDATION_00032_01	20	0	0.91434264	185	85	G	-0.29510787	0.29510787
NEG_VALIDATION_00032_01	21	0	0.91434264	116	16	G	-0.29344112	0.29344112
NEG_VALIDATION_00032_01	22	0	0.91434264	3	-97	C	0.27709275	0.27709275
NEG_VALIDATION_00032_01	23	0	0.91434264	164	64	G	-0.25998586	0.25998586
NEG_VALIDATION_00032_01	24	0	0.91434264	106	6	C	0.248788	0.248788
NEG_VALIDATION_00032_01	25	0	0.91434264	69	-31	A	-0.23352876	0.23352876
NEG_VALIDATION_00032_01	26	0	0.91434264	145	45	C	0.23077177	0.23077177
NEG_VALIDATION_00032_01	27	0	0.91434264	184	84	T	-0.23018365	0.23018365
NEG_VALIDATION_00032_01	28	0	0.91434264	74	-26	T	-0.2301268	0.2301268
NEG_VALIDATION_00032_01	29	0	0.91434264	90	-10	C	0.21288306	0.21288306
NEG_VALIDATION_00032_01	30	0	0.91434264	40	-60	G	-0.20725818	0.20725818
NEG_VALIDATION_00032_01	31	0	0.91434264	151	51	G	-0.20230795	0.20230795
NEG_VALIDATION_00032_01	32	0	0.91434264	56	-44	A	0.20178375	0.20178375
NEG_VALIDATION_00032_01	33	0	0.91434264	27	-73	C	0.19970182	0.19970182
NEG_VALIDATION_00032_01	34	0	0.91434264	143	43	A	-0.19746396	0.19746396
NEG_VALIDATION_00032_01	35	0	0.91434264	7	-93	G	-0.19595879	0.19595879
NEG_VALIDATION_00032_01	36	0	0.91434264	193	93	G	-0.19424306	0.19424306
NEG_VALIDATION_00032_01	37	0	0.91434264	50	-50	G	-0.19421512	0.19421512
NEG_VALIDATION_00032_01	38	0	0.91434264	121	21	C	0.19203779	0.19203779
NEG_VALIDATION_00032_01	39	0	0.91434264	125	25	G	-0.19129665	0.19129665
NEG_VALIDATION_00032_01	40	0	0.91434264	111	11	A	-0.18853277	0.18853277
NEG_VALIDATION_00032_01	41	0	0.91434264	153	53	C	0.18550596	0.18550596
NEG_VALIDATION_00032_01	42	0	0.91434264	42	-58	G	-0.18218	0.18218
NEG_VALIDATION_00032_01	43	0	0.91434264	171	71	G	-0.17837244	0.17837244
NEG_VALIDATION_00032_01	44	0	0.91434264	80	-20	G	-0.1780498	0.1780498
NEG_VALIDATION_00032_01	45	0	0.91434264	24	-76	C	-0.17554703	0.17554703
NEG_VALIDATION_00032_01	46	0	0.91434264	19	-81	G	-0.16100246	0.16100246
NEG_VALIDATION_00032_01	47	0	0.91434264	130	30	G	-0.15572196	0.15572196
NEG_VALIDATION_00032_01	48	0	0.91434264	12	-88	G	-0.15277413	0.15277413
NEG_VALIDATION_00032_01	49	0	0.91434264	81	-19	G	-0.15127091	0.15127091
NEG_VALIDATION_00032_01	50	0	0.91434264	14	-86	A	-0.15030169	0.15030169
NEG_VALIDATION_00043_01	1	0	0.87193227	113	13	C	1.190454	1.190454
NEG_VALIDATION_00043_01	2	0	0.87193227	42	-58	C	-1.1382596	1.1382596
NEG_VALIDATION_00043_01	3	0	0.87193227	161	61	A	-0.61284804	0.61284804
NEG_VALIDATION_00043_01	4	0	0.87193227	84	-16	C	0.56471819	0.56471819
NEG_VALIDATION_00043_01	5	0	0.87193227	138	38	A	-0.46894068	0.46894068
NEG_VALIDATION_00043_01	6	0	0.87193227	171	71	G	-0.46759862	0.46759862
NEG_VALIDATION_00043_01	7	0	0.87193227	0	-100	T	0.42548215	0.42548215
NEG_VALIDATION_00043_01	8	0	0.87193227	89	-11	C	0.39679211	0.39679211
NEG_VALIDATION_00043_01	9	0	0.87193227	148	48	G	-0.38661027	0.38661027
NEG_VALIDATION_00043_01	10	0	0.87193227	75	-25	C	0.38516933	0.38516933
NEG_VALIDATION_00043_01	11	0	0.87193227	87	-13	G	-0.36922234	0.36922234
NEG_VALIDATION_00043_01	12	0	0.87193227	190	90	C	0.36525962	0.36525962
NEG_VALIDATION_00043_01	13	0	0.87193227	126	26	T	-0.35178339	0.35178339
NEG_VALIDATION_00043_01	14	0	0.87193227	2	-98	G	-0.33104193	0.33104193
NEG_VALIDATION_00043_01	15	0	0.87193227	132	32	G	-0.31972212	0.31972212
NEG_VALIDATION_00043_01	16	0	0.87193227	25	-75	G	-0.31810489	0.31810489
NEG_VALIDATION_00043_01	17	0	0.87193227	185	85	G	-0.3164697	0.3164697
NEG_VALIDATION_00043_01	18	0	0.87193227	61	-39	C	0.30222303	0.30222303
NEG_VALIDATION_00043_01	19	0	0.87193227	7	-93	G	-0.29780906	0.29780906
NEG_VALIDATION_00043_01	20	0	0.87193227	69	-31	C	0.29435116	0.29435116
NEG_VALIDATION_00043_01	21	0	0.87193227	8	-92	A	-0.28392458	0.28392458
NEG_VALIDATION_00043_01	22	0	0.87193227	107	7	G	-0.27492392	0.27492392
NEG_VALIDATION_00043_01	23	0	0.87193227	28	-72	G	-0.26927245	0.26927245
NEG_VALIDATION_00043_01	24	0	0.87193227	10	-90	G	-0.26757661	0.26757661
NEG_VALIDATION_00043_01	25	0	0.87193227	143	43	C	0.26560149	0.26560149
NEG_VALIDATION_00043_01	26	0	0.87193227	76	-24	C	0.2627247	0.2627247
NEG_VALIDATION_00043_01	27	0	0.87193227	35	-65	T	0.25623915	0.25623915
NEG_VALIDATION_00043_01	28	0	0.87193227	80	-20	G	-0.24213858	0.24213858
NEG_VALIDATION_00043_01	29	0	0.87193227	19	-81	G	-0.23670052	0.23670052
NEG_VALIDATION_00043_01	30	0	0.87193227	120	20	C	0.23303676	0.23303676
NEG_VALIDATION_00043_01	31	0	0.87193227	154	54	G	-0.22835708	0.22835708
NEG_VALIDATION_00043_01	32	0	0.87193227	176	76	G	-0.22487304	0.22487304
NEG_VALIDATION_00043_01	33	0	0.87193227	131	31	G	-0.22183672	0.22183672
NEG_VALIDATION_00043_01	34	0	0.87193227	97	-3	G	-0.22001375	0.22001375
NEG_VALIDATION_00043_01	35	0	0.87193227	56	-44	T	0.21925367	0.21925367
NEG_VALIDATION_00043_01	36	0	0.87193227	177	77	C	0.21212086	0.21212086
NEG_VALIDATION_00043_01	37	0	0.87193227	72	-28	G	-0.21027912	0.21027912
NEG_VALIDATION_00043_01	38	0	0.87193227	123	23	G	-0.20789403	0.20789403
NEG_VALIDATION_00043_01	39	0	0.87193227	78	-22	C	0.20672846	0.20672846
NEG_VALIDATION_00043_01	40	0	0.87193227	191	91	T	0.20533313	0.20533313
NEG_VALIDATION_00043_01	41	0	0.87193227	121	21	C	0.20376766	0.20376766
NEG_VALIDATION_00043_01	42	0	0.87193227	170	70	A	0.20008215	0.20008215
NEG_VALIDATION_00043_01	43	0	0.87193227	115	15	C	0.19968739	0.19968739
NEG_VALIDATION_00043_01	44	0	0.87193227	147	47	G	-0.19775334	0.19775334
NEG_VALIDATION_00043_01	45	0	0.87193227	6	-94	G	-0.19497362	0.19497362
NEG_VALIDATION_00043_01	46	0	0.87193227	71	-29	G	-0.19415382	0.19415382
NEG_VALIDATION_00043_01	47	0	0.87193227	118	18	G	-0.19107127	0.19107127
NEG_VALIDATION_00043_01	48	0	0.87193227	83	-17	G	-0.18925714	0.18925714
NEG_VALIDATION_00043_01	49	0	0.87193227	94	-6	G	-0.18693034	0.18693034
NEG_VALIDATION_00043_01	50	0	0.87193227	12	-88	C	0.18617946	0.18617946
NEG_VALIDATION_00045_01	1	0	0.87252724	113	13	C	0.7815932	0.7815932
NEG_VALIDATION_00045_01	2	0	0.87252724	101	1	C	-0.48434317	0.48434317
NEG_VALIDATION_00045_01	3	0	0.87252724	177	77	G	-0.38357225	0.38357225
NEG_VALIDATION_00045_01	4	0	0.87252724	191	91	C	0.33112255	0.33112255
NEG_VALIDATION_00045_01	5	0	0.87252724	99	-1	C	0.32455564	0.32455564
NEG_VALIDATION_00045_01	6	0	0.87252724	140	40	G	-0.316903	0.316903
NEG_VALIDATION_00045_01	7	0	0.87252724	75	-25	T	-0.30194831	0.30194831
NEG_VALIDATION_00045_01	8	0	0.87252724	93	-7	T	-0.29657534	0.29657534
NEG_VALIDATION_00045_01	9	0	0.87252724	66	-34	C	-0.28917262	0.28917262
NEG_VALIDATION_00045_01	10	0	0.87252724	193	93	C	-0.28315371	0.28315371
NEG_VALIDATION_00045_01	11	0	0.87252724	171	71	G	-0.26292819	0.26292819
NEG_VALIDATION_00045_01	12	0	0.87252724	1	-99	A	0.2622807	0.2622807
NEG_VALIDATION_00045_01	13	0	0.87252724	151	51	C	0.22873117	0.22873117
NEG_VALIDATION_00045_01	14	0	0.87252724	185	85	G	-0.22309951	0.22309951
NEG_VALIDATION_00045_01	15	0	0.87252724	172	72	C	0.21677506	0.21677506
NEG_VALIDATION_00045_01	16	0	0.87252724	62	-38	C	-0.20994434	0.20994434
NEG_VALIDATION_00045_01	17	0	0.87252724	59	-41	G	-0.1992411	0.1992411
NEG_VALIDATION_00045_01	18	0	0.87252724	184	84	T	-0.19813991	0.19813991
NEG_VALIDATION_00045_01	19	0	0.87252724	24	-76	C	-0.19480082	0.19480082
NEG_VALIDATION_00045_01	20	0	0.87252724	116	16	C	-0.18583067	0.18583067
NEG_VALIDATION_00045_01	21	0	0.87252724	103	3	C	0.18580253	0.18580253
NEG_VALIDATION_00045_01	22	0	0.87252724	35	-65	T	0.18459925	0.18459925
NEG_VALIDATION_00045_01	23	0	0.87252724	161	61	G	-0.17895024	0.17895024
NEG_VALIDATION_00045_01	24	0	0.87252724	167	67	A	-0.17723975	0.17723975
NEG_VALIDATION_00045_01	25	0	0.87252724	10	-90	G	-0.16681707	0.16681707
NEG_VALIDATION_00045_01	26	0	0.87252724	6	-94	A	-0.16237243	0.16237243
NEG_VALIDATION_00045_01	27	0	0.87252724	114	14	G	-0.1535508	0.1535508
NEG_VALIDATION_00045_01	28	0	0.87252724	81	-19	G	-0.15282802	0.15282802
NEG_VALIDATION_00045_01	29	0	0.87252724	92	-8	A	-0.1526936	0.1526936
NEG_VALIDATION_00045_01	30	0	0.87252724	122	22	G	-0.14736444	0.14736444
NEG_VALIDATION_00045_01	31	0	0.87252724	129	29	G	-0.14463893	0.14463893
NEG_VALIDATION_00045_01	32	0	0.87252724	98	-2	G	-0.1437197	0.1437197
NEG_VALIDATION_00045_01	33	0	0.87252724	106	6	C	0.14356497	0.14356497
NEG_VALIDATION_00045_01	34	0	0.87252724	64	-36	G	-0.1433062	0.1433062
NEG_VALIDATION_00045_01	35	0	0.87252724	109	9	C	0.14241663	0.14241663
NEG_VALIDATION_00045_01	36	0	0.87252724	54	-46	G	-0.13949555	0.13949555
NEG_VALIDATION_00045_01	37	0	0.87252724	121	21	G	-0.1384041	0.1384041
NEG_VALIDATION_00045_01	38	0	0.87252724	2	-98	A	-0.13356639	0.13356639
NEG_VALIDATION_00045_01	39	0	0.87252724	111	11	T	-0.13244446	0.13244446
NEG_VALIDATION_00045_01	40	0	0.87252724	118	18	C	-0.12836531	0.12836531
NEG_VALIDATION_00045_01	41	0	0.87252724	42	-58	T	-0.12728915	0.12728915
NEG_VALIDATION_00045_01	42	0	0.87252724	74	-26	C	0.12497807	0.12497807
NEG_VALIDATION_00045_01	43	0	0.87252724	127	27	A	0.12472655	0.12472655
NEG_VALIDATION_00045_01	44	0	0.87252724	30	-70	T	-0.12277985	0.12277985
NEG_VALIDATION_00045_01	45	0	0.87252724	197	97	T	0.1215655	0.1215655
NEG_VALIDATION_00045_01	46	0	0.87252724	11	-89	T	-0.11498594	0.11498594
NEG_VALIDATION_00045_01	47	0	0.87252724	158	58	G	-0.11245906	0.11245906
NEG_VALIDATION_00045_01	48	0	0.87252724	187	87	C	0.11168869	0.11168869
NEG_VALIDATION_00045_01	49	0	0.87252724	77	-23	G	-0.11020999	0.11020999
NEG_VALIDATION_00045_01	50	0	0.87252724	110	10	C	-0.10988178	0.10988178
NEG_VALIDATION_00049_01	1	0	0.77262819	45	-55	G	-0.79849201	0.79849201
NEG_VALIDATION_00049_01	2	0	0.77262819	99	-1	C	0.66377115	0.66377115
NEG_VALIDATION_00049_01	3	0	0.77262819	101	1	T	-0.62513238	0.62513238
NEG_VALIDATION_00049_01	4	0	0.77262819	74	-26	C	0.58656073	0.58656073
NEG_VALIDATION_00049_01	5	0	0.77262819	112	12	C	0.52248168	0.52248168
NEG_VALIDATION_00049_01	6	0	0.77262819	196	96	C	0.52218378	0.52218378
NEG_VALIDATION_00049_01	7	0	0.77262819	35	-65	G	-0.50773478	0.50773478
NEG_VALIDATION_00049_01	8	0	0.77262819	51	-49	C	0.46801773	0.46801773
NEG_VALIDATION_00049_01	9	0	0.77262819	55	-45	G	-0.4545618	0.4545618
NEG_VALIDATION_00049_01	10	0	0.77262819	32	-68	G	-0.4537752	0.4537752
NEG_VALIDATION_00049_01	11	0	0.77262819	0	-100	G	-0.43342412	0.43342412
NEG_VALIDATION_00049_01	12	0	0.77262819	172	72	C	0.41857886	0.41857886
NEG_VALIDATION_00049_01	13	0	0.77262819	173	73	C	0.4086706	0.4086706
NEG_VALIDATION_00049_01	14	0	0.77262819	142	42	G	-0.40476471	0.40476471
NEG_VALIDATION_00049_01	15	0	0.77262819	41	-59	G	-0.3996222	0.3996222
NEG_VALIDATION_00049_01	16	0	0.77262819	93	-7	T	-0.3941083	0.3941083
NEG_VALIDATION_00049_01	17	0	0.77262819	161	61	A	-0.3919124	0.3919124
NEG_VALIDATION_00049_01	18	0	0.77262819	153	53	G	-0.38644344	0.38644344
NEG_VALIDATION_00049_01	19	0	0.77262819	61	-39	C	0.38146347	0.38146347
NEG_VALIDATION_00049_01	20	0	0.77262819	98	-2	C	0.37089479	0.37089479
NEG_VALIDATION_00049_01	21	0	0.77262819	40	-60	G	-0.369504	0.369504
NEG_VALIDATION_00049_01	22	0	0.77262819	169	69	G	-0.36835936	0.36835936
NEG_VALIDATION_00049_01	23	0	0.77262819	68	-32	G	-0.35495368	0.35495368
NEG_VALIDATION_00049_01	24	0	0.77262819	151	51	C	0.34918618	0.34918618
NEG_VALIDATION_00049_01	25	0	0.77262819	185	85	G	-0.34659362	0.34659362
NEG_VALIDATION_00049_01	26	0	0.77262819	137	37	C	0.34583932	0.34583932
NEG_VALIDATION_00049_01	27	0	0.77262819	115	15	G	-0.33324355	0.33324355
NEG_VALIDATION_00049_01	28	0	0.77262819	171	71	G	-0.31552696	0.31552696
NEG_VALIDATION_00049_01	29	0	0.77262819	123	23	G	-0.31198096	0.31198096
NEG_VALIDATION_00049_01	30	0	0.77262819	194	94	G	-0.30807683	0.30807683
NEG_VALIDATION_00049_01	31	0	0.77262819	111	11	G	-0.30480582	0.30480582
NEG_VALIDATION_00049_01	32	0	0.77262819	10	-90	G	-0.30292633	0.30292633
NEG_VALIDATION_00049_01	33	0	0.77262819	50	-50	G	-0.29539952	0.29539952
NEG_VALIDATION_00049_01	34	0	0.77262819	143	43	C	0.29308406	0.29308406
NEG_VALIDATION_00049_01	35	0	0.77262819	94	-6	C	0.29227304	0.29227304
NEG_VALIDATION_00049_01	36	0	0.77262819	179	79	G	-0.27762368	0.27762368
NEG_VALIDATION_00049_01	37	0	0.77262819	125	25	G	-0.27561668	0.27561668
NEG_VALIDATION_00049_01	38	0	0.77262819	164	64	G	-0.2665047	0.2665047
NEG_VALIDATION_00049_01	39	0	0.77262819	149	49	C	0.26148456	0.26148456
NEG_VALIDATION_00049_01	40	0	0.77262819	6	-94	T	-0.2589536	0.2589536
NEG_VALIDATION_00049_01	41	0	0.77262819	81	-19	G	-0.25366095	0.25366095
NEG_VALIDATION_00049_01	42	0	0.77262819	48	-52	A	0.25320882	0.25320882
NEG_VALIDATION_00049_01	43	0	0.77262819	1	-99	A	0.25317901	0.25317901
NEG_VALIDATION_00049_01	44	0	0.77262819	97	-3	G	-0.25314587	0.25314587
NEG_VALIDATION_00049_01	45	0	0.77262819	132	32	C	0.25188148	0.25188148
NEG_VALIDATION_00049_01	46	0	0.77262819	162	62	G	-0.25035962	0.25035962
NEG_VALIDATION_00049_01	47	0	0.77262819	114	14	G	-0.24860817	0.24860817
NEG_VALIDATION_00049_01	48	0	0.77262819	184	84	T	-0.24675316	0.24675316
NEG_VALIDATION_00049_01	49	0	0.77262819	176	76	C	0.24105643	0.24105643
NEG_VALIDATION_00049_01	50	0	0.77262819	106	6	C	0.23829183	0.23829183
NEG_VALIDATION_00060_01	1	0	0.72123277	113	13	C	0.80383259	0.80383259
NEG_VALIDATION_00060_01	2	0	0.72123277	161	61	T	-0.73683321	0.73683321
NEG_VALIDATION_00060_01	3	0	0.72123277	25	-75	C	-0.61585081	0.61585081
NEG_VALIDATION_00060_01	4	0	0.72123277	110	10	G	-0.57719928	0.57719928
NEG_VALIDATION_00060_01	5	0	0.72123277	23	-77	C	0.38932014	0.38932014
NEG_VALIDATION_00060_01	6	0	0.72123277	116	16	G	-0.37840927	0.37840927
NEG_VALIDATION_00060_01	7	0	0.72123277	84	-16	T	-0.37754267	0.37754267
NEG_VALIDATION_00060_01	8	0	0.72123277	139	39	C	-0.36515361	0.36515361
NEG_VALIDATION_00060_01	9	0	0.72123277	181	81	G	-0.34584656	0.34584656
NEG_VALIDATION_00060_01	10	0	0.72123277	123	23	A	-0.34345695	0.34345695
NEG_VALIDATION_00060_01	11	0	0.72123277	41	-59	G	-0.30821294	0.30821294
NEG_VALIDATION_00060_01	12	0	0.72123277	190	90	C	0.3062672	0.3062672
NEG_VALIDATION_00060_01	13	0	0.72123277	75	-25	G	-0.29091001	0.29091001
NEG_VALIDATION_00060_01	14	0	0.72123277	32	-68	G	-0.28527594	0.28527594
NEG_VALIDATION_00060_01	15	0	0.72123277	28	-72	G	-0.28213111	0.28213111
NEG_VALIDATION_00060_01	16	0	0.72123277	167	67	A	-0.27636725	0.27636725
NEG_VALIDATION_00060_01	17	0	0.72123277	69	-31	C	0.2665652	0.2665652
NEG_VALIDATION_00060_01	18	0	0.72123277	138	38	G	-0.2650792	0.2650792
NEG_VALIDATION_00060_01	19	0	0.72123277	184	84	G	-0.26398286	0.26398286
NEG_VALIDATION_00060_01	20	0	0.72123277	142	42	G	-0.26209962	0.26209962
NEG_VALIDATION_00060_01	21	0	0.72123277	141	41	T	-0.26119858	0.26119858
NEG_VALIDATION_00060_01	22	0	0.72123277	185	85	G	-0.25277746	0.25277746
NEG_VALIDATION_00060_01	23	0	0.72123277	74	-26	T	-0.24905303	0.24905303
NEG_VALIDATION_00060_01	24	0	0.72123277	131	31	C	-0.2262603	0.2262603
NEG_VALIDATION_00060_01	25	0	0.72123277	1	-99	A	0.22078334	0.22078334
NEG_VALIDATION_00060_01	26	0	0.72123277	102	2	T	-0.22025739	0.22025739
NEG_VALIDATION_00060_01	27	0	0.72123277	196	96	G	-0.21791601	0.21791601
NEG_VALIDATION_00060_01	28	0	0.72123277	187	87	C	0.20850417	0.20850417
NEG_VALIDATION_00060_01	29	0	0.72123277	129	29	C	0.20562589	0.20562589
NEG_VALIDATION_00060_01	30	0	0.72123277	127	27	T	0.20304811	0.20304811
NEG_VALIDATION_00060_01	31	0	0.72123277	154	54	G	-0.20220673	0.20220673
NEG_VALIDATION_00060_01	32	0	0.72123277	66	-34	T	-0.20187819	0.20187819
NEG_VALIDATION_00060_01	33	0	0.72123277	89	-11	C	0.19929218	0.19929218
NEG_VALIDATION_00060_01	34	0	0.72123277	78	-22	G	-0.19654009	0.19654009
NEG_VALIDATION_00060_01	35	0	0.72123277	101	1	A	-0.19432139	0.19432139
NEG_VALIDATION_00060_01	36	0	0.72123277	42	-58	G	-0.19286838	0.19286838
NEG_VALIDATION_00060_01	37	0	0.72123277	125	25	G	-0.18562147	0.18562147
NEG_VALIDATION_00060_01	38	0	0.72123277	92	-8	A	-0.18471259	0.18471259
NEG_VALIDATION_00060_01	39	0	0.72123277	135	35	G	-0.18416797	0.18416797
NEG_VALIDATION_00060_01	40	0	0.72123277	178	78	C	0.18197161	0.18197161
NEG_VALIDATION_00060_01	41	0	0.72123277	0	-100	A	0.18196164	0.18196164
NEG_VALIDATION_00060_01	42	0	0.72123277	153	53	G	-0.17938757	0.17938757
NEG_VALIDATION_00060_01	43	0	0.72123277	162	62	G	-0.17148389	0.17148389
NEG_VALIDATION_00060_01	44	0	0.72123277	51	-49	C	0.16776527	0.16776527
NEG_VALIDATION_00060_01	45	0	0.72123277	98	-2	C	0.15712443	0.15712443
NEG_VALIDATION_00060_01	46	0	0.72123277	8	-92	A	-0.14593664	0.14593664
NEG_VALIDATION_00060_01	47	0	0.72123277	59	-41	C	-0.14097863	0.14097863
NEG_VALIDATION_00060_01	48	0	0.72123277	115	15	T	0.13916564	0.13916564
NEG_VALIDATION_00060_01	49	0	0.72123277	122	22	G	-0.13543959	0.13543959
NEG_VALIDATION_00060_01	50	0	0.72123277	83	-17	G	-0.129601	0.129601
NEG_VALIDATION_00082_01	1	0	0.74039865	42	-58	C	-1.1569246	1.1569246
NEG_VALIDATION_00082_01	2	0	0.74039865	113	13	C	1.0122211	1.0122211
NEG_VALIDATION_00082_01	3	0	0.74039865	1	-99	C	0.66725332	0.66725332
NEG_VALIDATION_00082_01	4	0	0.74039865	161	61	A	-0.53219438	0.53219438
NEG_VALIDATION_00082_01	5	0	0.74039865	198	98	G	-0.46299121	0.46299121
NEG_VALIDATION_00082_01	6	0	0.74039865	148	48	G	-0.42459363	0.42459363
NEG_VALIDATION_00082_01	7	0	0.74039865	123	23	A	-0.39247891	0.39247891
NEG_VALIDATION_00082_01	8	0	0.74039865	126	26	T	-0.36085907	0.36085907
NEG_VALIDATION_00082_01	9	0	0.74039865	106	6	G	-0.35771418	0.35771418
NEG_VALIDATION_00082_01	10	0	0.74039865	196	96	C	0.35671535	0.35671535
NEG_VALIDATION_00082_01	11	0	0.74039865	74	-26	T	-0.34202638	0.34202638
NEG_VALIDATION_00082_01	12	0	0.74039865	51	-49	C	0.33984399	0.33984399
NEG_VALIDATION_00082_01	13	0	0.74039865	99	-1	C	0.33528677	0.33528677
NEG_VALIDATION_00082_01	14	0	0.74039865	35	-65	G	-0.31487471	0.31487471
NEG_VALIDATION_00082_01	15	0	0.74039865	167	67	C	0.30863491	0.30863491
NEG_VALIDATION_00082_01	16	0	0.74039865	116	16	G	-0.30537802	0.30537802
NEG_VALIDATION_00082_01	17	0	0.74039865	87	-13	G	-0.30281603	0.30281603
NEG_VALIDATION_00082_01	18	0	0.74039865	0	-100	G	-0.27704561	0.27704561
NEG_VALIDATION_00082_01	19	0	0.74039865	15	-85	G	-0.27656597	0.27656597
NEG_VALIDATION_00082_01	20	0	0.74039865	75	-25	T	-0.27219972	0.27219972
NEG_VALIDATION_00082_01	21	0	0.74039865	90	-10	G	-0.26632991	0.26632991
NEG_VALIDATION_00082_01	22	0	0.74039865	84	-16	T	-0.25573599	0.25573599
NEG_VALIDATION_00082_01	23	0	0.74039865	166	66	G	-0.24997003	0.24997003
NEG_VALIDATION_00082_01	24	0	0.74039865	98	-2	G	-0.24410492	0.24410492
NEG_VALIDATION_00082_01	25	0	0.74039865	131	31	C	-0.23986502	0.23986502
NEG_VALIDATION_00082_01	26	0	0.74039865	139	39	G	-0.23982829	0.23982829
NEG_VALIDATION_00082_01	27	0	0.74039865	185	85	G	-0.23612766	0.23612766
NEG_VALIDATION_00082_01	28	0	0.74039865	66	-34	T	-0.23394653	0.23394653
NEG_VALIDATION_00082_01	29	0	0.74039865	108	8	C	0.2211424	0.2211424
NEG_VALIDATION_00082_01	30	0	0.74039865	109	9	C	0.22099341	0.22099341
NEG_VALIDATION_00082_01	31	0	0.74039865	141	41	T	-0.22074911	0.22074911
NEG_VALIDATION_00082_01	32	0	0.74039865	164	64	G	-0.2155942	0.2155942
NEG_VALIDATION_00082_01	33	0	0.74039865	12	-88	C	0.20815904	0.20815904
NEG_VALIDATION_00082_01	34	0	0.74039865	169	69	G	-0.20682772	0.20682772
NEG_VALIDATION_00082_01	35	0	0.74039865	23	-77	G	-0.19242191	0.19242191
NEG_VALIDATION_00082_01	36	0	0.74039865	50	-50	G	-0.17681274	0.17681274
NEG_VALIDATION_00082_01	37	0	0.74039865	137	37	G	-0.16669695	0.16669695
NEG_VALIDATION_00082_01	38	0	0.74039865	8	-92	C	-0.16439581	0.16439581
NEG_VALIDATION_00082_01	39	0	0.74039865	154	54	G	-0.16251884	0.16251884
NEG_VALIDATION_00082_01	40	0	0.74039865	92	-8	G	-0.15956683	0.15956683
NEG_VALIDATION_00082_01	41	0	0.74039865	97	-3	G	-0.14996487	0.14996487
NEG_VALIDATION_00082_01	42	0	0.74039865	30	-70	G	-0.14642307	0.14642307
NEG_VALIDATION_00082_01	43	0	0.74039865	197	97	A	0.14326714	0.14326714
NEG_VALIDATION_00082_01	44	0	0.74039865	158	58	C	0.13817692	0.13817692
NEG_VALIDATION_00082_01	45	0	0.74039865	56	-44	T	0.13810326	0.13810326
NEG_VALIDATION_00082_01	46	0	0.74039865	143	43	C	0.13790415	0.13790415
NEG_VALIDATION_00082_01	47	0	0.74039865	115	15	G	-0.13686232	0.13686232
NEG_VALIDATION_00082_01	48	0	0.74039865	93	-7	G	-0.13588652	0.13588652
NEG_VALIDATION_00082_01	49	0	0.74039865	183	83	G	-0.13534141	0.13534141
NEG_VALIDATION_00082_01	50	0	0.74039865	111	11	G	-0.13449463	0.13449463
NEG_VALIDATION_00085_01	1	0	0.78323662	195	95	G	-1.4934909	1.4934909
NEG_VALIDATION_00085_01	2	0	0.78323662	96	-4	C	0.84439212	0.84439212
NEG_VALIDATION_00085_01	3	0	0.78323662	161	61	A	-0.68522364	0.68522364
NEG_VALIDATION_00085_01	4	0	0.78323662	42	-58	C	-0.66582966	0.66582966
NEG_VALIDATION_00085_01	5	0	0.78323662	99	-1	C	0.57673109	0.57673109
NEG_VALIDATION_00085_01	6	0	0.78323662	93	-7	T	-0.56300467	0.56300467
NEG_VALIDATION_00085_01	7	0	0.78323662	47	-53	G	-0.4920671	0.4920671
NEG_VALIDATION_00085_01	8	0	0.78323662	69	-31	C	0.4007898	0.4007898
NEG_VALIDATION_00085_01	9	0	0.78323662	198	98	G	-0.36919597	0.36919597
NEG_VALIDATION_00085_01	10	0	0.78323662	196	96	C	0.36540389	0.36540389
NEG_VALIDATION_00085_01	11	0	0.78323662	32	-68	G	-0.35178131	0.35178131
NEG_VALIDATION_00085_01	12	0	0.78323662	173	73	G	-0.34211671	0.34211671
NEG_VALIDATION_00085_01	13	0	0.78323662	170	70	C	0.33636218	0.33636218
NEG_VALIDATION_00085_01	14	0	0.78323662	90	-10	C	0.3281287	0.3281287
NEG_VALIDATION_00085_01	15	0	0.78323662	101	1	A	-0.28841239	0.28841239
NEG_VALIDATION_00085_01	16	0	0.78323662	26	-74	G	-0.28215438	0.28215438
NEG_VALIDATION_00085_01	17	0	0.78323662	160	60	G	-0.26863983	0.26863983
NEG_VALIDATION_00085_01	18	0	0.78323662	68	-32	G	-0.2624824	0.2624824
NEG_VALIDATION_00085_01	19	0	0.78323662	66	-34	C	-0.25969356	0.25969356
NEG_VALIDATION_00085_01	20	0	0.78323662	181	81	C	0.25845671	0.25845671
NEG_VALIDATION_00085_01	21	0	0.78323662	194	94	G	-0.25779849	0.25779849
NEG_VALIDATION_00085_01	22	0	0.78323662	121	21	C	0.25734025	0.25734025
NEG_VALIDATION_00085_01	23	0	0.78323662	57	-43	G	-0.25547412	0.25547412
NEG_VALIDATION_00085_01	24	0	0.78323662	184	84	G	-0.25316456	0.25316456
NEG_VALIDATION_00085_01	25	0	0.78323662	123	23	A	-0.24877356	0.24877356
NEG_VALIDATION_00085_01	26	0	0.78323662	55	-45	G	-0.22258359	0.22258359
NEG_VALIDATION_00085_01	27	0	0.78323662	50	-50	G	-0.22254094	0.22254094
NEG_VALIDATION_00085_01	28	0	0.78323662	3	-97	C	0.22132385	0.22132385
NEG_VALIDATION_00085_01	29	0	0.78323662	12	-88	C	0.2182523	0.2182523
NEG_VALIDATION_00085_01	30	0	0.78323662	152	52	C	0.21196865	0.21196865
NEG_VALIDATION_00085_01	31	0	0.78323662	111	11	A	-0.21141508	0.21141508
NEG_VALIDATION_00085_01	32	0	0.78323662	151	51	G	-0.21137765	0.21137765
NEG_VALIDATION_00085_01	33	0	0.78323662	187	87	C	0.21126245	0.21126245
NEG_VALIDATION_00085_01	34	0	0.78323662	142	42	G	-0.20708141	0.20708141
NEG_VALIDATION_00085_01	35	0	0.78323662	52	-48	C	-0.20342368	0.20342368
NEG_VALIDATION_00085_01	36	0	0.78323662	27	-73	C	0.20283397	0.20283397
NEG_VALIDATION_00085_01	37	0	0.78323662	141	41	T	-0.20248629	0.20248629
NEG_VALIDATION_00085_01	38	0	0.78323662	56	-44	A	0.20162904	0.20162904
NEG_VALIDATION_00085_01	39	0	0.78323662	75	-25	C	0.19955364	0.19955364
NEG_VALIDATION_00085_01	40	0	0.78323662	166	66	G	-0.18952462	0.18952462
NEG_VALIDATION_00085_01	41	0	0.78323662	25	-75	G	-0.18930632	0.18930632
NEG_VALIDATION_00085_01	42	0	0.78323662	81	-19	G	-0.18667842	0.18667842
NEG_VALIDATION_00085_01	43	0	0.78323662	54	-46	G	-0.18424582	0.18424582
NEG_VALIDATION_00085_01	44	0	0.78323662	23	-77	G	-0.17875797	0.17875797
NEG_VALIDATION_00085_01	45	0	0.78323662	132	32	G	-0.17639184	0.17639184
NEG_VALIDATION_00085_01	46	0	0.78323662	6	-94	T	-0.1748976	0.1748976
NEG_VALIDATION_00085_01	47	0	0.78323662	116	16	T	-0.17127167	0.17127167
NEG_VALIDATION_00085_01	48	0	0.78323662	5	-95	G	-0.17066994	0.17066994
NEG_VALIDATION_00085_01	49	0	0.78323662	138	38	G	-0.16875988	0.16875988
NEG_VALIDATION_00085_01	50	0	0.78323662	94	-6	C	0.16609809	0.16609809
NEG_VALIDATION_00086_01	1	0	0.73501575	161	61	T	-0.881109	0.881109
NEG_VALIDATION_00086_01	2	0	0.73501575	101	1	T	-0.72397965	0.72397965
NEG_VALIDATION_00086_01	3	0	0.73501575	99	-1	C	0.63363731	0.63363731
NEG_VALIDATION_00086_01	4	0	0.73501575	148	48	G	-0.57682198	0.57682198
NEG_VALIDATION_00086_01	5	0	0.73501575	45	-55	G	-0.55326653	0.55326653
NEG_VALIDATION_00086_01	6	0	0.73501575	198	98	G	-0.45828643	0.45828643
NEG_VALIDATION_00086_01	7	0	0.73501575	167	67	C	0.45409226	0.45409226
NEG_VALIDATION_00086_01	8	0	0.73501575	0	-100	G	-0.43399194	0.43399194
NEG_VALIDATION_00086_01	9	0	0.73501575	35	-65	G	-0.42970937	0.42970937
NEG_VALIDATION_00086_01	10	0	0.73501575	139	39	C	-0.3895919	0.3895919
NEG_VALIDATION_00086_01	11	0	0.73501575	75	-25	C	0.38724387	0.38724387
NEG_VALIDATION_00086_01	12	0	0.73501575	170	70	C	0.36583671	0.36583671
NEG_VALIDATION_00086_01	13	0	0.73501575	116	16	G	-0.35734653	0.35734653
NEG_VALIDATION_00086_01	14	0	0.73501575	196	96	C	0.32561255	0.32561255
NEG_VALIDATION_00086_01	15	0	0.73501575	87	-13	G	-0.31569263	0.31569263
NEG_VALIDATION_00086_01	16	0	0.73501575	106	6	G	-0.30666575	0.30666575
NEG_VALIDATION_00086_01	17	0	0.73501575	109	9	C	0.2985898	0.2985898
NEG_VALIDATION_00086_01	18	0	0.73501575	69	-31	T	-0.28776255	0.28776255
NEG_VALIDATION_00086_01	19	0	0.73501575	129	29	C	0.26545152	0.26545152
NEG_VALIDATION_00086_01	20	0	0.73501575	194	94	G	-0.24730749	0.24730749
NEG_VALIDATION_00086_01	21	0	0.73501575	16	-84	G	-0.24712014	0.24712014
NEG_VALIDATION_00086_01	22	0	0.73501575	68	-32	G	-0.24081346	0.24081346
NEG_VALIDATION_00086_01	23	0	0.73501575	58	-42	C	0.23482566	0.23482566
NEG_VALIDATION_00086_01	24	0	0.73501575	193	93	G	-0.22997512	0.22997512
NEG_VALIDATION_00086_01	25	0	0.73501575	93	-7	C	0.22424546	0.22424546
NEG_VALIDATION_00086_01	26	0	0.73501575	107	7	G	-0.21136293	0.21136293
NEG_VALIDATION_00086_01	27	0	0.73501575	74	-26	C	0.21007732	0.21007732
NEG_VALIDATION_00086_01	28	0	0.73501575	142	42	C	0.20920156	0.20920156
NEG_VALIDATION_00086_01	29	0	0.73501575	8	-92	A	-0.20892236	0.20892236
NEG_VALIDATION_00086_01	30	0	0.73501575	27	-73	C	0.20724414	0.20724414
NEG_VALIDATION_00086_01	31	0	0.73501575	10	-90	G	-0.20716514	0.20716514
NEG_VALIDATION_00086_01	32	0	0.73501575	197	97	T	0.20604953	0.20604953
NEG_VALIDATION_00086_01	33	0	0.73501575	154	54	G	-0.20307967	0.20307967
NEG_VALIDATION_00086_01	34	0	0.73501575	70	-30	G	-0.20106626	0.20106626
NEG_VALIDATION_00086_01	35	0	0.73501575	77	-23	G	-0.19739549	0.19739549
NEG_VALIDATION_00086_01	36	0	0.73501575	5	-95	C	-0.1972882	0.1972882
NEG_VALIDATION_00086_01	37	0	0.73501575	115	15	A	0.19281058	0.19281058
NEG_VALIDATION_00086_01	38	0	0.73501575	2	-98	A	-0.18861642	0.18861642
NEG_VALIDATION_00086_01	39	0	0.73501575	143	43	C	0.18600416	0.18600416
NEG_VALIDATION_00086_01	40	0	0.73501575	172	72	C	-0.18314055	0.18314055
NEG_VALIDATION_00086_01	41	0	0.73501575	42	-58	T	-0.17903	0.17903
NEG_VALIDATION_00086_01	42	0	0.73501575	187	87	C	0.17303397	0.17303397
NEG_VALIDATION_00086_01	43	0	0.73501575	103	3	A	-0.17258087	0.17258087
NEG_VALIDATION_00086_01	44	0	0.73501575	151	51	T	-0.17230555	0.17230555
NEG_VALIDATION_00086_01	45	0	0.73501575	14	-86	T	-0.17113405	0.17113405
NEG_VALIDATION_00086_01	46	0	0.73501575	145	45	C	0.17085387	0.17085387
NEG_VALIDATION_00086_01	47	0	0.73501575	53	-47	G	-0.17053145	0.17053145
NEG_VALIDATION_00086_01	48	0	0.73501575	96	-4	A	-0.16876572	0.16876572
NEG_VALIDATION_00086_01	49	0	0.73501575	119	19	G	-0.16718367	0.16718367
NEG_VALIDATION_00086_01	50	0	0.73501575	169	69	A	0.16635266	0.16635266
NEG_VALIDATION_00087_01	1	0	0.7876001	23	-77	C	0.85414726	0.85414726
NEG_VALIDATION_00087_01	2	0	0.7876001	99	-1	C	0.83897024	0.83897024
NEG_VALIDATION_00087_01	3	0	0.7876001	101	1	T	-0.82362598	0.82362598
NEG_VALIDATION_00087_01	4	0	0.7876001	66	-34	G	-0.72984803	0.72984803
NEG_VALIDATION_00087_01	5	0	0.7876001	161	61	T	-0.62569642	0.62569642
NEG_VALIDATION_00087_01	6	0	0.7876001	103	3	C	0.56051791	0.56051791
NEG_VALIDATION_00087_01	7	0	0.7876001	120	20	G	-0.55097747	0.55097747
NEG_VALIDATION_00087_01	8	0	0.7876001	140	40	G	-0.49603933	0.49603933
NEG_VALIDATION_00087_01	9	0	0.7876001	148	48	G	-0.48519391	0.48519391
NEG_VALIDATION_00087_01	10	0	0.7876001	129	29	C	0.48421237	0.48421237
NEG_VALIDATION_00087_01	11	0	0.7876001	69	-31	T	-0.43843609	0.43843609
NEG_VALIDATION_00087_01	12	0	0.7876001	24	-76	G	-0.4351806	0.4351806
NEG_VALIDATION_00087_01	13	0	0.7876001	19	-81	C	0.412687	0.412687
NEG_VALIDATION_00087_01	14	0	0.7876001	121	21	C	0.38384622	0.38384622
NEG_VALIDATION_00087_01	15	0	0.7876001	119	19	C	0.3771401	0.3771401
NEG_VALIDATION_00087_01	16	0	0.7876001	32	-68	G	-0.3567875	0.3567875
NEG_VALIDATION_00087_01	17	0	0.7876001	131	31	C	0.35145456	0.35145456
NEG_VALIDATION_00087_01	18	0	0.7876001	94	-6	C	0.33989847	0.33989847
NEG_VALIDATION_00087_01	19	0	0.7876001	57	-43	G	-0.33987153	0.33987153
NEG_VALIDATION_00087_01	20	0	0.7876001	58	-42	G	-0.33867055	0.33867055
NEG_VALIDATION_00087_01	21	0	0.7876001	98	-2	G	-0.33281291	0.33281291
NEG_VALIDATION_00087_01	22	0	0.7876001	26	-74	G	-0.32970595	0.32970595
NEG_VALIDATION_00087_01	23	0	0.7876001	55	-45	G	-0.30954599	0.30954599
NEG_VALIDATION_00087_01	24	0	0.7876001	136	36	C	0.30863082	0.30863082
NEG_VALIDATION_00087_01	25	0	0.7876001	18	-82	C	0.30617762	0.30617762
NEG_VALIDATION_00087_01	26	0	0.7876001	132	32	C	0.30374777	0.30374777
NEG_VALIDATION_00087_01	27	0	0.7876001	40	-60	G	-0.30279961	0.30279961
NEG_VALIDATION_00087_01	28	0	0.7876001	138	38	G	-0.28668794	0.28668794
NEG_VALIDATION_00087_01	29	0	0.7876001	2	-98	A	-0.27481991	0.27481991
NEG_VALIDATION_00087_01	30	0	0.7876001	114	14	G	-0.26294446	0.26294446
NEG_VALIDATION_00087_01	31	0	0.7876001	90	-10	G	-0.26075369	0.26075369
NEG_VALIDATION_00087_01	32	0	0.7876001	79	-21	C	0.25131434	0.25131434
NEG_VALIDATION_00087_01	33	0	0.7876001	56	-44	G	-0.24872521	0.24872521
NEG_VALIDATION_00087_01	34	0	0.7876001	75	-25	A	-0.24659263	0.24659263
NEG_VALIDATION_00087_01	35	0	0.7876001	41	-59	T	0.24470453	0.24470453
NEG_VALIDATION_00087_01	36	0	0.7876001	111	11	C	0.23966822	0.23966822
NEG_VALIDATION_00087_01	37	0	0.7876001	149	49	C	0.23883101	0.23883101
NEG_VALIDATION_00087_01	38	0	0.7876001	46	-54	C	0.23795433	0.23795433
NEG_VALIDATION_00087_01	39	0	0.7876001	1	-99	A	0.22669928	0.22669928
NEG_VALIDATION_00087_01	40	0	0.7876001	80	-20	G	-0.21953495	0.21953495
NEG_VALIDATION_00087_01	41	0	0.7876001	21	-79	G	-0.21272847	0.21272847
NEG_VALIDATION_00087_01	42	0	0.7876001	173	73	T	-0.21145718	0.21145718
NEG_VALIDATION_00087_01	43	0	0.7876001	139	39	G	-0.20912667	0.20912667
NEG_VALIDATION_00087_01	44	0	0.7876001	107	7	G	-0.19806895	0.19806895
NEG_VALIDATION_00087_01	45	0	0.7876001	127	27	C	-0.19728114	0.19728114
NEG_VALIDATION_00087_01	46	0	0.7876001	8	-92	A	-0.19014713	0.19014713
NEG_VALIDATION_00087_01	47	0	0.7876001	29	-71	G	-0.19005361	0.19005361
NEG_VALIDATION_00087_01	48	0	0.7876001	73	-27	G	-0.18829758	0.18829758
NEG_VALIDATION_00087_01	49	0	0.7876001	67	-33	G	-0.18660089	0.18660089
NEG_VALIDATION_00087_01	50	0	0.7876001	123	23	A	-0.18343452	0.18343452
NEG_VALIDATION_00089_01	1	0	0.81471014	161	61	T	-0.81447136	0.81447136
NEG_VALIDATION_00089_01	2	0	0.81471014	120	20	G	-0.80480957	0.80480957
NEG_VALIDATION_00089_01	3	0	0.81471014	148	48	G	-0.56075406	0.56075406
NEG_VALIDATION_00089_01	4	0	0.81471014	0	-100	T	0.53444064	0.53444064
NEG_VALIDATION_00089_01	5	0	0.81471014	69	-31	C	0.50457495	0.50457495
NEG_VALIDATION_00089_01	6	0	0.81471014	96	-4	C	0.50246561	0.50246561
NEG_VALIDATION_00089_01	7	0	0.81471014	142	42	G	-0.43740419	0.43740419
NEG_VALIDATION_00089_01	8	0	0.81471014	93	-7	T	-0.43050677	0.43050677
NEG_VALIDATION_00089_01	9	0	0.81471014	41	-59	G	-0.39521289	0.39521289
NEG_VALIDATION_00089_01	10	0	0.81471014	140	40	G	-0.39101273	0.39101273
NEG_VALIDATION_00089_01	11	0	0.81471014	55	-45	G	-0.38626459	0.38626459
NEG_VALIDATION_00089_01	12	0	0.81471014	184	84	G	-0.38384777	0.38384777
NEG_VALIDATION_00089_01	13	0	0.81471014	40	-60	G	-0.38007104	0.38007104
NEG_VALIDATION_00089_01	14	0	0.81471014	105	5	C	0.34510028	0.34510028
NEG_VALIDATION_00089_01	15	0	0.81471014	107	7	C	0.32494861	0.32494861
NEG_VALIDATION_00089_01	16	0	0.81471014	42	-58	G	-0.32014361	0.32014361
NEG_VALIDATION_00089_01	17	0	0.81471014	167	67	G	-0.30771485	0.30771485
NEG_VALIDATION_00089_01	18	0	0.81471014	76	-24	C	0.30049068	0.30049068
NEG_VALIDATION_00089_01	19	0	0.81471014	109	9	C	0.29697102	0.29697102
NEG_VALIDATION_00089_01	20	0	0.81471014	115	15	G	-0.28728148	0.28728148
NEG_VALIDATION_00089_01	21	0	0.81471014	194	94	G	-0.28474087	0.28474087
NEG_VALIDATION_00089_01	22	0	0.81471014	149	49	C	0.27524227	0.27524227
NEG_VALIDATION_00089_01	23	0	0.81471014	50	-50	G	-0.27270734	0.27270734
NEG_VALIDATION_00089_01	24	0	0.81471014	132	32	G	-0.26328328	0.26328328
NEG_VALIDATION_00089_01	25	0	0.81471014	108	8	C	0.25738692	0.25738692
NEG_VALIDATION_00089_01	26	0	0.81471014	166	66	G	-0.25393865	0.25393865
NEG_VALIDATION_00089_01	27	0	0.81471014	196	96	C	0.2531985	0.2531985
NEG_VALIDATION_00089_01	28	0	0.81471014	32	-68	T	-0.24952804	0.24952804
NEG_VALIDATION_00089_01	29	0	0.81471014	150	50	A	0.24678396	0.24678396
NEG_VALIDATION_00089_01	30	0	0.81471014	119	19	G	-0.24219534	0.24219534
NEG_VALIDATION_00089_01	31	0	0.81471014	147	47	G	-0.22242393	0.22242393
NEG_VALIDATION_00089_01	32	0	0.81471014	70	-30	G	-0.21340242	0.21340242
NEG_VALIDATION_00089_01	33	0	0.81471014	145	45	C	0.21018329	0.21018329
NEG_VALIDATION_00089_01	34	0	0.81471014	52	-48	G	-0.20421621	0.20421621
NEG_VALIDATION_00089_01	35	0	0.81471014	75	-25	C	0.20302325	0.20302325
NEG_VALIDATION_00089_01	36	0	0.81471014	197	97	T	0.19992962	0.19992962
NEG_VALIDATION_00089_01	37	0	0.81471014	98	-2	C	0.19635966	0.19635966
NEG_VALIDATION_00089_01	38	0	0.81471014	8	-92	G	-0.18580878	0.18580878
NEG_VALIDATION_00089_01	39	0	0.81471014	3	-97	C	0.18341349	0.18341349
NEG_VALIDATION_00089_01	40	0	0.81471014	79	-21	G	-0.18143176	0.18143176
NEG_VALIDATION_00089_01	41	0	0.81471014	31	-69	G	-0.18097381	0.18097381
NEG_VALIDATION_00089_01	42	0	0.81471014	183	83	G	-0.18028224	0.18028224
NEG_VALIDATION_00089_01	43	0	0.81471014	188	88	C	0.17790425	0.17790425
NEG_VALIDATION_00089_01	44	0	0.81471014	143	43	C	0.17766432	0.17766432
NEG_VALIDATION_00089_01	45	0	0.81471014	94	-6	C	0.17435735	0.17435735
NEG_VALIDATION_00089_01	46	0	0.81471014	61	-39	G	-0.1696901	0.1696901
NEG_VALIDATION_00089_01	47	0	0.81471014	78	-22	G	-0.16580319	0.16580319
NEG_VALIDATION_00089_01	48	0	0.81471014	64	-36	G	-0.16491877	0.16491877
NEG_VALIDATION_00089_01	49	0	0.81471014	95	-5	C	0.16454928	0.16454928
NEG_VALIDATION_00089_01	50	0	0.81471014	130	30	G	-0.16254696	0.16254696
NEG_VALIDATION_00103_01	1	0	0.84425336	96	-4	C	1.1918129	1.1918129
NEG_VALIDATION_00103_01	2	0	0.84425336	101	1	T	-0.92235982	0.92235982
NEG_VALIDATION_00103_01	3	0	0.84425336	161	61	A	-0.8477875	0.8477875
NEG_VALIDATION_00103_01	4	0	0.84425336	47	-53	G	-0.78807414	0.78807414
NEG_VALIDATION_00103_01	5	0	0.84425336	99	-1	C	0.63996845	0.63996845
NEG_VALIDATION_00103_01	6	0	0.84425336	181	81	G	-0.58471215	0.58471215
NEG_VALIDATION_00103_01	7	0	0.84425336	23	-77	C	0.57227653	0.57227653
NEG_VALIDATION_00103_01	8	0	0.84425336	1	-99	C	0.51393449	0.51393449
NEG_VALIDATION_00103_01	9	0	0.84425336	66	-34	G	-0.51022005	0.51022005
NEG_VALIDATION_00103_01	10	0	0.84425336	110	10	G	-0.47827315	0.47827315
NEG_VALIDATION_00103_01	11	0	0.84425336	177	77	G	-0.4319495	0.4319495
NEG_VALIDATION_00103_01	12	0	0.84425336	116	16	G	-0.35644853	0.35644853
NEG_VALIDATION_00103_01	13	0	0.84425336	87	-13	G	-0.35347614	0.35347614
NEG_VALIDATION_00103_01	14	0	0.84425336	76	-24	C	0.35223296	0.35223296
NEG_VALIDATION_00103_01	15	0	0.84425336	105	5	C	0.34980941	0.34980941
NEG_VALIDATION_00103_01	16	0	0.84425336	93	-7	C	0.34654492	0.34654492
NEG_VALIDATION_00103_01	17	0	0.84425336	32	-68	G	-0.3401584	0.3401584
NEG_VALIDATION_00103_01	18	0	0.84425336	26	-74	G	-0.33017612	0.33017612
NEG_VALIDATION_00103_01	19	0	0.84425336	90	-10	C	0.31792626	0.31792626
NEG_VALIDATION_00103_01	20	0	0.84425336	103	3	C	0.31129903	0.31129903
NEG_VALIDATION_00103_01	21	0	0.84425336	41	-59	G	-0.30561417	0.30561417
NEG_VALIDATION_00103_01	22	0	0.84425336	75	-25	G	-0.28806132	0.28806132
NEG_VALIDATION_00103_01	23	0	0.84425336	89	-11	C	0.27622652	0.27622652
NEG_VALIDATION_00103_01	24	0	0.84425336	25	-75	G	-0.26815411	0.26815411
NEG_VALIDATION_00103_01	25	0	0.84425336	111	11	G	-0.25705856	0.25705856
NEG_VALIDATION_00103_01	26	0	0.84425336	0	-100	G	-0.25190109	0.25190109
NEG_VALIDATION_00103_01	27	0	0.84425336	19	-81	C	0.24763846	0.24763846
NEG_VALIDATION_00103_01	28	0	0.84425336	52	-48	A	-0.24157536	0.24157536
NEG_VALIDATION_00103_01	29	0	0.84425336	169	69	G	-0.23496979	0.23496979
NEG_VALIDATION_00103_01	30	0	0.84425336	2	-98	A	-0.23358756	0.23358756
NEG_VALIDATION_00103_01	31	0	0.84425336	164	64	G	-0.23251401	0.23251401
NEG_VALIDATION_00103_01	32	0	0.84425336	118	18	C	0.22069216	0.22069216
NEG_VALIDATION_00103_01	33	0	0.84425336	95	-5	C	0.21299343	0.21299343
NEG_VALIDATION_00103_01	34	0	0.84425336	196	96	G	-0.21120097	0.21120097
NEG_VALIDATION_00103_01	35	0	0.84425336	68	-32	G	-0.21003872	0.21003872
NEG_VALIDATION_00103_01	36	0	0.84425336	42	-58	T	-0.20878501	0.20878501
NEG_VALIDATION_00103_01	37	0	0.84425336	173	73	T	-0.20666271	0.20666271
NEG_VALIDATION_00103_01	38	0	0.84425336	123	23	C	0.19957754	0.19957754
NEG_VALIDATION_00103_01	39	0	0.84425336	171	71	G	-0.19847313	0.19847313
NEG_VALIDATION_00103_01	40	0	0.84425336	56	-44	G	-0.19657913	0.19657913
NEG_VALIDATION_00103_01	41	0	0.84425336	162	62	G	-0.19204964	0.19204964
NEG_VALIDATION_00103_01	42	0	0.84425336	107	7	G	-0.19125099	0.19125099
NEG_VALIDATION_00103_01	43	0	0.84425336	153	53	C	0.18507753	0.18507753
NEG_VALIDATION_00103_01	44	0	0.84425336	174	74	G	-0.18118215	0.18118215
NEG_VALIDATION_00103_01	45	0	0.84425336	70	-30	G	-0.17293222	0.17293222
NEG_VALIDATION_00103_01	46	0	0.84425336	37	-63	C	0.17173663	0.17173663
NEG_VALIDATION_00103_01	47	0	0.84425336	15	-85	C	0.16226982	0.16226982
NEG_VALIDATION_00103_01	48	0	0.84425336	59	-41	G	-0.1619624	0.1619624
NEG_VALIDATION_00103_01	49	0	0.84425336	94	-6	T	-0.15785632	0.15785632
NEG_VALIDATION_00103_01	50	0	0.84425336	48	-52	C	-0.15750301	0.15750301
NEG_VALIDATION_00108_01	1	0	0.83683246	195	95	G	-1.0833764	1.0833764
NEG_VALIDATION_00108_01	2	0	0.83683246	161	61	T	-0.841389	0.841389
NEG_VALIDATION_00108_01	3	0	0.83683246	191	91	C	0.53486192	0.53486192
NEG_VALIDATION_00108_01	4	0	0.83683246	110	10	G	-0.49416202	0.49416202
NEG_VALIDATION_00108_01	5	0	0.83683246	99	-1	C	0.42045945	0.42045945
NEG_VALIDATION_00108_01	6	0	0.83683246	148	48	G	-0.41429591	0.41429591
NEG_VALIDATION_00108_01	7	0	0.83683246	111	11	G	-0.36971763	0.36971763
NEG_VALIDATION_00108_01	8	0	0.83683246	196	96	C	0.35339493	0.35339493
NEG_VALIDATION_00108_01	9	0	0.83683246	140	40	G	-0.30854368	0.30854368
NEG_VALIDATION_00108_01	10	0	0.83683246	103	3	C	0.26824355	0.26824355
NEG_VALIDATION_00108_01	11	0	0.83683246	42	-58	G	-0.26561254	0.26561254
NEG_VALIDATION_00108_01	12	0	0.83683246	8	-92	A	-0.26246485	0.26246485
NEG_VALIDATION_00108_01	13	0	0.83683246	19	-81	C	0.25767154	0.25767154
NEG_VALIDATION_00108_01	14	0	0.83683246	149	49	C	0.24126039	0.24126039
NEG_VALIDATION_00108_01	15	0	0.83683246	35	-65	T	0.23957829	0.23957829
NEG_VALIDATION_00108_01	16	0	0.83683246	151	51	C	0.23233294	0.23233294
NEG_VALIDATION_00108_01	17	0	0.83683246	84	-16	C	0.22971646	0.22971646
NEG_VALIDATION_00108_01	18	0	0.83683246	135	35	G	-0.22359113	0.22359113
NEG_VALIDATION_00108_01	19	0	0.83683246	169	69	G	-0.22283211	0.22283211
NEG_VALIDATION_00108_01	20	0	0.83683246	138	38	G	-0.22261243	0.22261243
NEG_VALIDATION_00108_01	21	0	0.83683246	143	43	C	0.22185113	0.22185113
NEG_VALIDATION_00108_01	22	0	0.83683246	106	6	C	0.21630143	0.21630143
NEG_VALIDATION_00108_01	23	0	0.83683246	75	-25	C	0.21600641	0.21600641
NEG_VALIDATION_00108_01	24	0	0.83683246	116	16	C	-0.2112474	0.2112474
NEG_VALIDATION_00108_01	25	0	0.83683246	171	71	G	-0.21071082	0.21071082
NEG_VALIDATION_00108_01	26	0	0.83683246	94	-6	G	-0.20992807	0.20992807
NEG_VALIDATION_00108_01	27	0	0.83683246	92	-8	A	-0.18864617	0.18864617
NEG_VALIDATION_00108_01	28	0	0.83683246	181	81	C	0.18458657	0.18458657
NEG_VALIDATION_00108_01	29	0	0.83683246	112	12	C	0.1741129	0.1741129
NEG_VALIDATION_00108_01	30	0	0.83683246	12	-88	C	0.17268801	0.17268801
NEG_VALIDATION_00108_01	31	0	0.83683246	21	-79	A	-0.17129937	0.17129937
NEG_VALIDATION_00108_01	32	0	0.83683246	50	-50	G	-0.17012203	0.17012203
NEG_VALIDATION_00108_01	33	0	0.83683246	13	-87	A	-0.16915594	0.16915594
NEG_VALIDATION_00108_01	34	0	0.83683246	142	42	G	-0.16693512	0.16693512
NEG_VALIDATION_00108_01	35	0	0.83683246	66	-34	C	-0.1644153	0.1644153
NEG_VALIDATION_00108_01	36	0	0.83683246	25	-75	T	-0.16320239	0.16320239
NEG_VALIDATION_00108_01	37	0	0.83683246	64	-36	G	-0.16307548	0.16307548
NEG_VALIDATION_00108_01	38	0	0.83683246	2	-98	T	-0.16109431	0.16109431
NEG_VALIDATION_00108_01	39	0	0.83683246	74	-26	T	-0.16014047	0.16014047
NEG_VALIDATION_00108_01	40	0	0.83683246	193	93	C	-0.15986785	0.15986785
NEG_VALIDATION_00108_01	41	0	0.83683246	166	66	T	-0.15846302	0.15846302
NEG_VALIDATION_00108_01	42	0	0.83683246	154	54	G	-0.15825792	0.15825792
NEG_VALIDATION_00108_01	43	0	0.83683246	72	-28	G	-0.15789056	0.15789056
NEG_VALIDATION_00108_01	44	0	0.83683246	121	21	G	-0.15538496	0.15538496
NEG_VALIDATION_00108_01	45	0	0.83683246	52	-48	T	-0.1540515	0.1540515
NEG_VALIDATION_00108_01	46	0	0.83683246	117	17	C	-0.14689702	0.14689702
NEG_VALIDATION_00108_01	47	0	0.83683246	152	52	C	0.14601779	0.14601779
NEG_VALIDATION_00108_01	48	0	0.83683246	6	-94	A	-0.14495797	0.14495797
NEG_VALIDATION_00108_01	49	0	0.83683246	15	-85	C	0.14158225	0.14158225
NEG_VALIDATION_00108_01	50	0	0.83683246	47	-53	A	-0.13862246	0.13862246
NEG_VALIDATION_00109_01	1	0	0.72509682	195	95	G	-1.4707713	1.4707713
NEG_VALIDATION_00109_01	2	0	0.72509682	42	-58	C	-0.96296757	0.96296757
NEG_VALIDATION_00109_01	3	0	0.72509682	173	73	C	0.84133756	0.84133756
NEG_VALIDATION_00109_01	4	0	0.72509682	96	-4	C	0.82155919	0.82155919
NEG_VALIDATION_00109_01	5	0	0.72509682	36	-64	C	0.62743819	0.62743819
NEG_VALIDATION_00109_01	6	0	0.72509682	161	61	C	0.6254313	0.6254313
NEG_VALIDATION_00109_01	7	0	0.72509682	126	26	T	-0.52383292	0.52383292
NEG_VALIDATION_00109_01	8	0	0.72509682	178	78	C	0.50659716	0.50659716
NEG_VALIDATION_00109_01	9	0	0.72509682	93	-7	A	-0.40796328	0.40796328
NEG_VALIDATION_00109_01	10	0	0.72509682	140	40	G	-0.40316021	0.40316021
NEG_VALIDATION_00109_01	11	0	0.72509682	116	16	G	-0.40149498	0.40149498
NEG_VALIDATION_00109_01	12	0	0.72509682	28	-72	G	-0.35448799	0.35448799
NEG_VALIDATION_00109_01	13	0	0.72509682	76	-24	C	0.33457959	0.33457959
NEG_VALIDATION_00109_01	14	0	0.72509682	106	6	G	-0.32798642	0.32798642
NEG_VALIDATION_00109_01	15	0	0.72509682	82	-18	C	0.32339978	0.32339978
NEG_VALIDATION_00109_01	16	0	0.72509682	94	-6	G	-0.28286883	0.28286883
NEG_VALIDATION_00109_01	17	0	0.72509682	164	64	G	-0.27570468	0.27570468
NEG_VALIDATION_00109_01	18	0	0.72509682	137	37	G	-0.27436158	0.27436158
NEG_VALIDATION_00109_01	19	0	0.72509682	84	-16	T	-0.2713429	0.2713429
NEG_VALIDATION_00109_01	20	0	0.72509682	188	88	G	-0.26897311	0.26897311
NEG_VALIDATION_00109_01	21	0	0.72509682	95	-5	C	0.26018021	0.26018021
NEG_VALIDATION_00109_01	22	0	0.72509682	75	-25	G	-0.24715272	0.24715272
NEG_VALIDATION_00109_01	23	0	0.72509682	90	-10	C	0.24592407	0.24592407
NEG_VALIDATION_00109_01	24	0	0.72509682	153	53	G	-0.23605832	0.23605832
NEG_VALIDATION_00109_01	25	0	0.72509682	181	81	C	0.22748539	0.22748539
NEG_VALIDATION_00109_01	26	0	0.72509682	81	-19	G	-0.22625908	0.22625908
NEG_VALIDATION_00109_01	27	0	0.72509682	142	42	G	-0.22530022	0.22530022
NEG_VALIDATION_00109_01	28	0	0.72509682	129	29	C	0.21560855	0.21560855
NEG_VALIDATION_00109_01	29	0	0.72509682	109	9	G	-0.21218172	0.21218172
NEG_VALIDATION_00109_01	30	0	0.72509682	74	-26	G	-0.21002471	0.21002471
NEG_VALIDATION_00109_01	31	0	0.72509682	132	32	G	-0.20916033	0.20916033
NEG_VALIDATION_00109_01	32	0	0.72509682	99	-1	T	0.20694855	0.20694855
NEG_VALIDATION_00109_01	33	0	0.72509682	154	54	G	-0.20687518	0.20687518
NEG_VALIDATION_00109_01	34	0	0.72509682	114	14	G	-0.202195	0.202195
NEG_VALIDATION_00109_01	35	0	0.72509682	146	46	G	-0.20033789	0.20033789
NEG_VALIDATION_00109_01	36	0	0.72509682	115	15	G	-0.19606651	0.19606651
NEG_VALIDATION_00109_01	37	0	0.72509682	78	-22	C	0.19186363	0.19186363
NEG_VALIDATION_00109_01	38	0	0.72509682	2	-98	A	-0.19093478	0.19093478
NEG_VALIDATION_00109_01	39	0	0.72509682	135	35	A	-0.18968289	0.18968289
NEG_VALIDATION_00109_01	40	0	0.72509682	6	-94	T	-0.18825871	0.18825871
NEG_VALIDATION_00109_01	41	0	0.72509682	19	-81	G	-0.18287563	0.18287563
NEG_VALIDATION_00109_01	42	0	0.72509682	12	-88	C	0.18254282	0.18254282
NEG_VALIDATION_00109_01	43	0	0.72509682	98	-2	C	0.18110588	0.18110588
NEG_VALIDATION_00109_01	44	0	0.72509682	64	-36	C	0.17925647	0.17925647
NEG_VALIDATION_00109_01	45	0	0.72509682	0	-100	A	0.17737019	0.17737019
NEG_VALIDATION_00109_01	46	0	0.72509682	63	-37	G	-0.17357412	0.17357412
NEG_VALIDATION_00109_01	47	0	0.72509682	15	-85	C	0.16967954	0.16967954
NEG_VALIDATION_00109_01	48	0	0.72509682	122	22	G	-0.16937625	0.16937625
NEG_VALIDATION_00109_01	49	0	0.72509682	167	67	A	-0.16865242	0.16865242
NEG_VALIDATION_00109_01	50	0	0.72509682	5	-95	T	0.16275591	0.16275591
NEG_VALIDATION_00114_01	1	0	0.87248409	96	-4	C	0.97333467	0.97333467
NEG_VALIDATION_00114_01	2	0	0.87248409	47	-53	G	-0.91444355	0.91444355
NEG_VALIDATION_00114_01	3	0	0.87248409	161	61	T	-0.90817833	0.90817833
NEG_VALIDATION_00114_01	4	0	0.87248409	66	-34	G	-0.71488291	0.71488291
NEG_VALIDATION_00114_01	5	0	0.87248409	99	-1	C	0.67544824	0.67544824
NEG_VALIDATION_00114_01	6	0	0.87248409	198	98	G	-0.66621131	0.66621131
NEG_VALIDATION_00114_01	7	0	0.87248409	109	9	C	0.60138106	0.60138106
NEG_VALIDATION_00114_01	8	0	0.87248409	187	87	C	0.53112769	0.53112769
NEG_VALIDATION_00114_01	9	0	0.87248409	126	26	T	-0.52329081	0.52329081
NEG_VALIDATION_00114_01	10	0	0.87248409	177	77	G	-0.5072192	0.5072192
NEG_VALIDATION_00114_01	11	0	0.87248409	116	16	G	-0.48456943	0.48456943
NEG_VALIDATION_00114_01	12	0	0.87248409	169	69	G	-0.46520892	0.46520892
NEG_VALIDATION_00114_01	13	0	0.87248409	104	4	T	-0.46243161	0.46243161
NEG_VALIDATION_00114_01	14	0	0.87248409	0	-100	G	-0.42426726	0.42426726
NEG_VALIDATION_00114_01	15	0	0.87248409	105	5	C	0.42184326	0.42184326
NEG_VALIDATION_00114_01	16	0	0.87248409	142	42	G	-0.41897279	0.41897279
NEG_VALIDATION_00114_01	17	0	0.87248409	196	96	C	0.4172878	0.4172878
NEG_VALIDATION_00114_01	18	0	0.87248409	81	-19	C	0.40950537	0.40950537
NEG_VALIDATION_00114_01	19	0	0.87248409	112	12	C	0.40661427	0.40661427
NEG_VALIDATION_00114_01	20	0	0.87248409	76	-24	C	0.38834959	0.38834959
NEG_VALIDATION_00114_01	21	0	0.87248409	40	-60	G	-0.37975398	0.37975398
NEG_VALIDATION_00114_01	22	0	0.87248409	2	-98	A	-0.32181466	0.32181466
NEG_VALIDATION_00114_01	23	0	0.87248409	90	-10	G	-0.32079053	0.32079053
NEG_VALIDATION_00114_01	24	0	0.87248409	59	-41	G	-0.31197965	0.31197965
NEG_VALIDATION_00114_01	25	0	0.87248409	71	-29	C	0.310265	0.310265
NEG_VALIDATION_00114_01	26	0	0.87248409	129	29	C	0.30854225	0.30854225
NEG_VALIDATION_00114_01	27	0	0.87248409	28	-72	G	-0.30160439	0.30160439
NEG_VALIDATION_00114_01	28	0	0.87248409	108	8	C	0.29856798	0.29856798
NEG_VALIDATION_00114_01	29	0	0.87248409	160	60	G	-0.28409678	0.28409678
NEG_VALIDATION_00114_01	30	0	0.87248409	103	3	C	0.27296194	0.27296194
NEG_VALIDATION_00114_01	31	0	0.87248409	132	32	G	-0.27209216	0.27209216
NEG_VALIDATION_00114_01	32	0	0.87248409	75	-25	G	-0.27161324	0.27161324
NEG_VALIDATION_00114_01	33	0	0.87248409	138	38	A	-0.26989073	0.26989073
NEG_VALIDATION_00114_01	34	0	0.87248409	56	-44	T	0.26970047	0.26970047
NEG_VALIDATION_00114_01	35	0	0.87248409	194	94	G	-0.26596084	0.26596084
NEG_VALIDATION_00114_01	36	0	0.87248409	151	51	G	-0.26214206	0.26214206
NEG_VALIDATION_00114_01	37	0	0.87248409	58	-42	G	-0.26010212	0.26010212
NEG_VALIDATION_00114_01	38	0	0.87248409	111	11	C	0.25904545	0.25904545
NEG_VALIDATION_00114_01	39	0	0.87248409	139	39	C	-0.25215185	0.25215185
NEG_VALIDATION_00114_01	40	0	0.87248409	107	7	G	-0.24835512	0.24835512
NEG_VALIDATION_00114_01	41	0	0.87248409	174	74	G	-0.24572003	0.24572003
NEG_VALIDATION_00114_01	42	0	0.87248409	22	-78	C	-0.24478906	0.24478906
NEG_VALIDATION_00114_01	43	0	0.87248409	98	-2	C	0.24183646	0.24183646
NEG_VALIDATION_00114_01	44	0	0.87248409	122	22	G	-0.2351837	0.2351837
NEG_VALIDATION_00114_01	45	0	0.87248409	193	93	G	-0.22942315	0.22942315
NEG_VALIDATION_00114_01	46	0	0.87248409	119	19	G	-0.22899607	0.22899607
NEG_VALIDATION_00114_01	47	0	0.87248409	152	52	C	0.22871861	0.22871861
NEG_VALIDATION_00114_01	48	0	0.87248409	184	84	C	-0.22645174	0.22645174
NEG_VALIDATION_00114_01	49	0	0.87248409	115	15	A	0.22322562	0.22322562
NEG_VALIDATION_00114_01	50	0	0.87248409	12	-88	G	-0.21866481	0.21866481
NEG_VALIDATION_00132_01	1	0	0.76033932	47	-53	G	-0.74912894	0.74912894
NEG_VALIDATION_00132_01	2	0	0.76033932	161	61	C	0.57685697	0.57685697
NEG_VALIDATION_00132_01	3	0	0.76033932	45	-55	G	-0.4965789	0.4965789
NEG_VALIDATION_00132_01	4	0	0.76033932	181	81	G	-0.48449418	0.48449418
NEG_VALIDATION_00132_01	5	0	0.76033932	196	96	C	0.46639344	0.46639344
NEG_VALIDATION_00132_01	6	0	0.76033932	104	4	T	-0.45598701	0.45598701
NEG_VALIDATION_00132_01	7	0	0.76033932	76	-24	C	0.43697837	0.43697837
NEG_VALIDATION_00132_01	8	0	0.76033932	109	9	C	0.40960619	0.40960619
NEG_VALIDATION_00132_01	9	0	0.76033932	167	67	C	0.37082875	0.37082875
NEG_VALIDATION_00132_01	10	0	0.76033932	15	-85	G	-0.35277814	0.35277814
NEG_VALIDATION_00132_01	11	0	0.76033932	198	98	C	-0.3501519	0.3501519
NEG_VALIDATION_00132_01	12	0	0.76033932	28	-72	G	-0.34033549	0.34033549
NEG_VALIDATION_00132_01	13	0	0.76033932	75	-25	A	-0.33606911	0.33606911
NEG_VALIDATION_00132_01	14	0	0.76033932	119	19	C	0.33173704	0.33173704
NEG_VALIDATION_00132_01	15	0	0.76033932	57	-43	G	-0.32236785	0.32236785
NEG_VALIDATION_00132_01	16	0	0.76033932	173	73	G	-0.31926024	0.31926024
NEG_VALIDATION_00132_01	17	0	0.76033932	69	-31	C	0.30117688	0.30117688
NEG_VALIDATION_00132_01	18	0	0.76033932	170	70	C	0.30099231	0.30099231
NEG_VALIDATION_00132_01	19	0	0.76033932	121	21	C	0.29007003	0.29007003
NEG_VALIDATION_00132_01	20	0	0.76033932	129	29	C	0.28077781	0.28077781
NEG_VALIDATION_00132_01	21	0	0.76033932	8	-92	A	-0.27616078	0.27616078
NEG_VALIDATION_00132_01	22	0	0.76033932	74	-26	T	-0.26193094	0.26193094
NEG_VALIDATION_00132_01	23	0	0.76033932	61	-39	C	0.25861931	0.25861931
NEG_VALIDATION_00132_01	24	0	0.76033932	0	-100	T	0.2559548	0.2559548
NEG_VALIDATION_00132_01	25	0	0.76033932	151	51	G	-0.25005889	0.25005889
NEG_VALIDATION_00132_01	26	0	0.76033932	90	-10	G	-0.24668786	0.24668786
NEG_VALIDATION_00132_01	27	0	0.76033932	25	-75	T	-0.24213061	0.24213061
NEG_VALIDATION_00132_01	28	0	0.76033932	166	66	G	-0.2417683	0.2417683
NEG_VALIDATION_00132_01	29	0	0.76033932	123	23	C	0.23117663	0.23117663
NEG_VALIDATION_00132_01	30	0	0.76033932	111	11	G	-0.23019779	0.23019779
NEG_VALIDATION_00132_01	31	0	0.76033932	87	-13	G	-0.22827101	0.22827101
NEG_VALIDATION_00132_01	32	0	0.76033932	40	-60	G	-0.22600195	0.22600195
NEG_VALIDATION_00132_01	33	0	0.76033932	139	39	C	-0.22549126	0.22549126
NEG_VALIDATION_00132_01	34	0	0.76033932	193	93	G	-0.22470014	0.22470014
NEG_VALIDATION_00132_01	35	0	0.76033932	53	-47	G	-0.21716414	0.21716414
NEG_VALIDATION_00132_01	36	0	0.76033932	59	-41	G	-0.21658148	0.21658148
NEG_VALIDATION_00132_01	37	0	0.76033932	92	-8	A	-0.21650535	0.21650535
NEG_VALIDATION_00132_01	38	0	0.76033932	108	8	C	0.21365924	0.21365924
NEG_VALIDATION_00132_01	39	0	0.76033932	113	13	T	-0.20691654	0.20691654
NEG_VALIDATION_00132_01	40	0	0.76033932	2	-98	T	-0.20024718	0.20024718
NEG_VALIDATION_00132_01	41	0	0.76033932	23	-77	G	-0.1992878	0.1992878
NEG_VALIDATION_00132_01	42	0	0.76033932	56	-44	G	-0.19871068	0.19871068
NEG_VALIDATION_00132_01	43	0	0.76033932	117	17	G	-0.19684426	0.19684426
NEG_VALIDATION_00132_01	44	0	0.76033932	142	42	G	-0.19370437	0.19370437
NEG_VALIDATION_00132_01	45	0	0.76033932	195	95	C	0.19291076	0.19291076
NEG_VALIDATION_00132_01	46	0	0.76033932	52	-48	G	-0.19238687	0.19238687
NEG_VALIDATION_00132_01	47	0	0.76033932	94	-6	G	-0.18606755	0.18606755
NEG_VALIDATION_00132_01	48	0	0.76033932	43	-57	G	-0.18534912	0.18534912
NEG_VALIDATION_00132_01	49	0	0.76033932	6	-94	T	-0.18495062	0.18495062
NEG_VALIDATION_00132_01	50	0	0.76033932	182	82	G	-0.17434353	0.17434353
NEG_VALIDATION_00134_01	1	0	0.86664051	113	13	C	1.2835468	1.2835468
NEG_VALIDATION_00134_01	2	0	0.86664051	42	-58	C	-0.93061227	0.93061227
NEG_VALIDATION_00134_01	3	0	0.86664051	36	-64	C	0.79394495	0.79394495
NEG_VALIDATION_00134_01	4	0	0.86664051	120	20	G	-0.65528554	0.65528554
NEG_VALIDATION_00134_01	5	0	0.86664051	99	-1	C	0.61316681	0.61316681
NEG_VALIDATION_00134_01	6	0	0.86664051	161	61	C	0.602687	0.602687
NEG_VALIDATION_00134_01	7	0	0.86664051	84	-16	C	0.48476672	0.48476672
NEG_VALIDATION_00134_01	8	0	0.86664051	178	78	C	0.48426908	0.48426908
NEG_VALIDATION_00134_01	9	0	0.86664051	35	-65	G	-0.48138237	0.48138237
NEG_VALIDATION_00134_01	10	0	0.86664051	181	81	G	-0.47896916	0.47896916
NEG_VALIDATION_00134_01	11	0	0.86664051	66	-34	G	-0.47770461	0.47770461
NEG_VALIDATION_00134_01	12	0	0.86664051	177	77	G	-0.42743516	0.42743516
NEG_VALIDATION_00134_01	13	0	0.86664051	24	-76	G	-0.41928795	0.41928795
NEG_VALIDATION_00134_01	14	0	0.86664051	140	40	G	-0.4049964	0.4049964
NEG_VALIDATION_00134_01	15	0	0.86664051	142	42	G	-0.36367002	0.36367002
NEG_VALIDATION_00134_01	16	0	0.86664051	109	9	C	0.36348802	0.36348802
NEG_VALIDATION_00134_01	17	0	0.86664051	41	-59	G	-0.3556326	0.3556326
NEG_VALIDATION_00134_01	18	0	0.86664051	164	64	G	-0.3417069	0.3417069
NEG_VALIDATION_00134_01	19	0	0.86664051	0	-100	T	0.3396042	0.3396042
NEG_VALIDATION_00134_01	20	0	0.86664051	76	-24	C	0.33561307	0.33561307
NEG_VALIDATION_00134_01	21	0	0.86664051	132	32	G	-0.32301801	0.32301801
NEG_VALIDATION_00134_01	22	0	0.86664051	116	16	G	-0.32048875	0.32048875
NEG_VALIDATION_00134_01	23	0	0.86664051	7	-93	G	-0.31142586	0.31142586
NEG_VALIDATION_00134_01	24	0	0.86664051	106	6	G	-0.30913883	0.30913883
NEG_VALIDATION_00134_01	25	0	0.86664051	125	25	G	-0.30184999	0.30184999
NEG_VALIDATION_00134_01	26	0	0.86664051	69	-31	T	-0.30124408	0.30124408
NEG_VALIDATION_00134_01	27	0	0.86664051	98	-2	G	-0.29927561	0.29927561
NEG_VALIDATION_00134_01	28	0	0.86664051	198	98	C	-0.29785472	0.29785472
NEG_VALIDATION_00134_01	29	0	0.86664051	61	-39	C	0.29559404	0.29559404
NEG_VALIDATION_00134_01	30	0	0.86664051	193	93	G	-0.29150829	0.29150829
NEG_VALIDATION_00134_01	31	0	0.86664051	32	-68	T	-0.29104847	0.29104847
NEG_VALIDATION_00134_01	32	0	0.86664051	104	4	T	-0.27802604	0.27802604
NEG_VALIDATION_00134_01	33	0	0.86664051	23	-77	G	-0.2762517	0.2762517
NEG_VALIDATION_00134_01	34	0	0.86664051	187	87	C	0.26824957	0.26824957
NEG_VALIDATION_00134_01	35	0	0.86664051	153	53	C	0.26357847	0.26357847
NEG_VALIDATION_00134_01	36	0	0.86664051	166	66	G	-0.24186334	0.24186334
NEG_VALIDATION_00134_01	37	0	0.86664051	25	-75	G	-0.23663786	0.23663786
NEG_VALIDATION_00134_01	38	0	0.86664051	83	-17	C	0.22929513	0.22929513
NEG_VALIDATION_00134_01	39	0	0.86664051	74	-26	T	-0.22890928	0.22890928
NEG_VALIDATION_00134_01	40	0	0.86664051	12	-88	G	-0.22777736	0.22777736
NEG_VALIDATION_00134_01	41	0	0.86664051	107	7	C	0.22494838	0.22494838
NEG_VALIDATION_00134_01	42	0	0.86664051	121	21	C	0.2227986	0.2227986
NEG_VALIDATION_00134_01	43	0	0.86664051	150	50	G	-0.22053227	0.22053227
NEG_VALIDATION_00134_01	44	0	0.86664051	115	15	T	0.20729479	0.20729479
NEG_VALIDATION_00134_01	45	0	0.86664051	101	1	C	-0.19657423	0.19657423
NEG_VALIDATION_00134_01	46	0	0.86664051	75	-25	A	-0.1920201	0.1920201
NEG_VALIDATION_00134_01	47	0	0.86664051	172	72	G	-0.18404362	0.18404362
NEG_VALIDATION_00134_01	48	0	0.86664051	126	26	C	-0.1836517	0.1836517
NEG_VALIDATION_00134_01	49	0	0.86664051	182	82	G	-0.17830989	0.17830989
NEG_VALIDATION_00134_01	50	0	0.86664051	1	-99	G	-0.17211258	0.17211258
NEG_VALIDATION_00146_01	1	0	0.92933929	42	-58	C	-0.7331534	0.7331534
NEG_VALIDATION_00146_01	2	0	0.92933929	47	-53	G	-0.73313046	0.73313046
NEG_VALIDATION_00146_01	3	0	0.92933929	173	73	C	0.65192759	0.65192759
NEG_VALIDATION_00146_01	4	0	0.92933929	161	61	A	-0.64799094	0.64799094
NEG_VALIDATION_00146_01	5	0	0.92933929	99	-1	C	0.59422827	0.59422827
NEG_VALIDATION_00146_01	6	0	0.92933929	36	-64	C	0.59129483	0.59129483
NEG_VALIDATION_00146_01	7	0	0.92933929	104	4	T	-0.52004141	0.52004141
NEG_VALIDATION_00146_01	8	0	0.92933929	191	91	C	0.49265775	0.49265775
NEG_VALIDATION_00146_01	9	0	0.92933929	190	90	C	0.44282815	0.44282815
NEG_VALIDATION_00146_01	10	0	0.92933929	140	40	G	-0.44030029	0.44030029
NEG_VALIDATION_00146_01	11	0	0.92933929	45	-55	G	-0.43299735	0.43299735
NEG_VALIDATION_00146_01	12	0	0.92933929	24	-76	G	-0.39568609	0.39568609
NEG_VALIDATION_00146_01	13	0	0.92933929	69	-31	T	-0.34046504	0.34046504
NEG_VALIDATION_00146_01	14	0	0.92933929	87	-13	G	-0.33022457	0.33022457
NEG_VALIDATION_00146_01	15	0	0.92933929	81	-19	G	-0.32524702	0.32524702
NEG_VALIDATION_00146_01	16	0	0.92933929	109	9	C	0.30170521	0.30170521
NEG_VALIDATION_00146_01	17	0	0.92933929	75	-25	C	0.29470584	0.29470584
NEG_VALIDATION_00146_01	18	0	0.92933929	15	-85	G	-0.28550977	0.28550977
NEG_VALIDATION_00146_01	19	0	0.92933929	90	-10	G	-0.28172761	0.28172761
NEG_VALIDATION_00146_01	20	0	0.92933929	196	96	C	0.26480389	0.26480389
NEG_VALIDATION_00146_01	21	0	0.92933929	0	-100	A	0.24776381	0.24776381
NEG_VALIDATION_00146_01	22	0	0.92933929	102	2	T	-0.24192898	0.24192898
NEG_VALIDATION_00146_01	23	0	0.92933929	112	12	C	0.24015382	0.24015382
NEG_VALIDATION_00146_01	24	0	0.92933929	101	1	A	-0.23814726	0.23814726
NEG_VALIDATION_00146_01	25	0	0.92933929	143	43	C	0.23255698	0.23255698
NEG_VALIDATION_00146_01	26	0	0.92933929	80	-20	G	-0.23218349	0.23218349
NEG_VALIDATION_00146_01	27	0	0.92933929	82	-18	C	0.22920586	0.22920586
NEG_VALIDATION_00146_01	28	0	0.92933929	106	6	G	-0.22578013	0.22578013
NEG_VALIDATION_00146_01	29	0	0.92933929	50	-50	G	-0.22149399	0.22149399
NEG_VALIDATION_00146_01	30	0	0.92933929	84	-16	G	-0.22048767	0.22048767
NEG_VALIDATION_00146_01	31	0	0.92933929	11	-89	G	-0.21752813	0.21752813
NEG_VALIDATION_00146_01	32	0	0.92933929	27	-73	C	0.21429773	0.21429773
NEG_VALIDATION_00146_01	33	0	0.92933929	98	-2	C	0.21266912	0.21266912
NEG_VALIDATION_00146_01	34	0	0.92933929	74	-26	G	-0.21157639	0.21157639
NEG_VALIDATION_00146_01	35	0	0.92933929	167	67	G	-0.20828581	0.20828581
NEG_VALIDATION_00146_01	36	0	0.92933929	120	20	C	0.206251	0.206251
NEG_VALIDATION_00146_01	37	0	0.92933929	166	66	G	-0.20226774	0.20226774
NEG_VALIDATION_00146_01	38	0	0.92933929	151	51	G	-0.19638403	0.19638403
NEG_VALIDATION_00146_01	39	0	0.92933929	2	-98	A	-0.19463092	0.19463092
NEG_VALIDATION_00146_01	40	0	0.92933929	141	41	A	-0.19452313	0.19452313
NEG_VALIDATION_00146_01	41	0	0.92933929	56	-44	A	0.19207671	0.19207671
NEG_VALIDATION_00146_01	42	0	0.92933929	142	42	C	0.19090723	0.19090723
NEG_VALIDATION_00146_01	43	0	0.92933929	197	97	T	0.18995851	0.18995851
NEG_VALIDATION_00146_01	44	0	0.92933929	16	-84	G	-0.18837035	0.18837035
NEG_VALIDATION_00146_01	45	0	0.92933929	187	87	C	0.18104281	0.18104281
NEG_VALIDATION_00146_01	46	0	0.92933929	154	54	G	-0.1670506	0.1670506
NEG_VALIDATION_00146_01	47	0	0.92933929	179	79	G	-0.16698128	0.16698128
NEG_VALIDATION_00146_01	48	0	0.92933929	10	-90	G	-0.16214821	0.16214821
NEG_VALIDATION_00146_01	49	0	0.92933929	6	-94	G	-0.16026519	0.16026519
NEG_VALIDATION_00146_01	50	0	0.92933929	123	23	C	0.15939535	0.15939535
NEG_VALIDATION_00156_01	1	0	0.75558281	84	-16	C	0.73003745	0.73003745
NEG_VALIDATION_00156_01	2	0	0.75558281	191	91	C	0.70070779	0.70070779
NEG_VALIDATION_00156_01	3	0	0.75558281	173	73	C	0.69125152	0.69125152
NEG_VALIDATION_00156_01	4	0	0.75558281	66	-34	G	-0.65962446	0.65962446
NEG_VALIDATION_00156_01	5	0	0.75558281	190	90	C	0.63548923	0.63548923
NEG_VALIDATION_00156_01	6	0	0.75558281	140	40	G	-0.5968864	0.5968864
NEG_VALIDATION_00156_01	7	0	0.75558281	110	10	G	-0.59264493	0.59264493
NEG_VALIDATION_00156_01	8	0	0.75558281	35	-65	G	-0.55291927	0.55291927
NEG_VALIDATION_00156_01	9	0	0.75558281	24	-76	G	-0.55217212	0.55217212
NEG_VALIDATION_00156_01	10	0	0.75558281	93	-7	C	0.54450303	0.54450303
NEG_VALIDATION_00156_01	11	0	0.75558281	196	96	C	0.48500451	0.48500451
NEG_VALIDATION_00156_01	12	0	0.75558281	152	52	C	0.46295986	0.46295986
NEG_VALIDATION_00156_01	13	0	0.75558281	52	-48	A	-0.43617392	0.43617392
NEG_VALIDATION_00156_01	14	0	0.75558281	177	77	G	-0.40920085	0.40920085
NEG_VALIDATION_00156_01	15	0	0.75558281	106	6	G	-0.38757011	0.38757011
NEG_VALIDATION_00156_01	16	0	0.75558281	71	-29	C	0.35387158	0.35387158
NEG_VALIDATION_00156_01	17	0	0.75558281	197	97	C	0.35382193	0.35382193
NEG_VALIDATION_00156_01	18	0	0.75558281	26	-74	G	-0.33780122	0.33780122
NEG_VALIDATION_00156_01	19	0	0.75558281	55	-45	G	-0.3377434	0.3377434
NEG_VALIDATION_00156_01	20	0	0.75558281	169	69	G	-0.31025615	0.31025615
NEG_VALIDATION_00156_01	21	0	0.75558281	132	32	G	-0.30185893	0.30185893
NEG_VALIDATION_00156_01	22	0	0.75558281	89	-11	C	0.29686442	0.29686442
NEG_VALIDATION_00156_01	23	0	0.75558281	75	-25	A	-0.29467472	0.29467472
NEG_VALIDATION_00156_01	24	0	0.75558281	59	-41	G	-0.28623673	0.28623673
NEG_VALIDATION_00156_01	25	0	0.75558281	11	-89	C	0.28604025	0.28604025
NEG_VALIDATION_00156_01	26	0	0.75558281	37	-63	T	-0.26377046	0.26377046
NEG_VALIDATION_00156_01	27	0	0.75558281	145	45	C	0.2533668	0.2533668
NEG_VALIDATION_00156_01	28	0	0.75558281	115	15	G	-0.25260329	0.25260329
NEG_VALIDATION_00156_01	29	0	0.75558281	1	-99	G	-0.25064465	0.25064465
NEG_VALIDATION_00156_01	30	0	0.75558281	117	17	C	0.25051013	0.25051013
NEG_VALIDATION_00156_01	31	0	0.75558281	30	-70	T	-0.24874099	0.24874099
NEG_VALIDATION_00156_01	32	0	0.75558281	54	-46	G	-0.24849106	0.24849106
NEG_VALIDATION_00156_01	33	0	0.75558281	42	-58	T	-0.24614695	0.24614695
NEG_VALIDATION_00156_01	34	0	0.75558281	10	-90	G	-0.24588285	0.24588285
NEG_VALIDATION_00156_01	35	0	0.75558281	164	64	G	-0.2376641	0.2376641
NEG_VALIDATION_00156_01	36	0	0.75558281	193	93	G	-0.23632738	0.23632738
NEG_VALIDATION_00156_01	37	0	0.75558281	160	60	G	-0.2362432	0.2362432
NEG_VALIDATION_00156_01	38	0	0.75558281	6	-94	T	-0.23275802	0.23275802
NEG_VALIDATION_00156_01	39	0	0.75558281	151	51	G	-0.2247636	0.2247636
NEG_VALIDATION_00156_01	40	0	0.75558281	102	2	G	-0.21956782	0.21956782
NEG_VALIDATION_00156_01	41	0	0.75558281	48	-52	G	-0.21700904	0.21700904
NEG_VALIDATION_00156_01	42	0	0.75558281	44	-56	C	0.21472478	0.21472478
NEG_VALIDATION_00156_01	43	0	0.75558281	116	16	A	-0.21005963	0.21005963
NEG_VALIDATION_00156_01	44	0	0.75558281	195	95	T	-0.20990875	0.20990875
NEG_VALIDATION_00156_01	45	0	0.75558281	154	54	G	-0.20236164	0.20236164
NEG_VALIDATION_00156_01	46	0	0.75558281	137	37	G	-0.19439749	0.19439749
NEG_VALIDATION_00156_01	47	0	0.75558281	119	19	G	-0.19355074	0.19355074
NEG_VALIDATION_00156_01	48	0	0.75558281	141	41	A	-0.19305854	0.19305854
NEG_VALIDATION_00156_01	49	0	0.75558281	122	22	G	-0.19287579	0.19287579
NEG_VALIDATION_00156_01	50	0	0.75558281	124	24	G	-0.19099891	0.19099891
NEG_VALIDATION_00162_01	1	0	0.84482598	47	-53	G	-0.83639061	0.83639061
NEG_VALIDATION_00162_01	2	0	0.84482598	1	-99	C	0.73916173	0.73916173
NEG_VALIDATION_00162_01	3	0	0.84482598	161	61	T	-0.66984147	0.66984147
NEG_VALIDATION_00162_01	4	0	0.84482598	75	-25	C	0.52762187	0.52762187
NEG_VALIDATION_00162_01	5	0	0.84482598	35	-65	G	-0.4684304	0.4684304
NEG_VALIDATION_00162_01	6	0	0.84482598	41	-59	G	-0.46475816	0.46475816
NEG_VALIDATION_00162_01	7	0	0.84482598	69	-31	C	0.43956915	0.43956915
NEG_VALIDATION_00162_01	8	0	0.84482598	87	-13	G	-0.43066707	0.43066707
NEG_VALIDATION_00162_01	9	0	0.84482598	173	73	C	0.38644874	0.38644874
NEG_VALIDATION_00162_01	10	0	0.84482598	0	-100	T	0.38232589	0.38232589
NEG_VALIDATION_00162_01	11	0	0.84482598	126	26	T	-0.37913394	0.37913394
NEG_VALIDATION_00162_01	12	0	0.84482598	83	-17	C	0.36177218	0.36177218
NEG_VALIDATION_00162_01	13	0	0.84482598	184	84	G	-0.336077	0.336077
NEG_VALIDATION_00162_01	14	0	0.84482598	171	71	G	-0.33368534	0.33368534
NEG_VALIDATION_00162_01	15	0	0.84482598	68	-32	G	-0.3324596	0.3324596
NEG_VALIDATION_00162_01	16	0	0.84482598	90	-10	G	-0.2829825	0.2829825
NEG_VALIDATION_00162_01	17	0	0.84482598	15	-85	C	0.27631387	0.27631387
NEG_VALIDATION_00162_01	18	0	0.84482598	40	-60	G	-0.27573839	0.27573839
NEG_VALIDATION_00162_01	19	0	0.84482598	42	-58	G	-0.27391157	0.27391157
NEG_VALIDATION_00162_01	20	0	0.84482598	3	-97	C	0.2712054	0.2712054
NEG_VALIDATION_00162_01	21	0	0.84482598	53	-47	G	-0.2686345	0.2686345
NEG_VALIDATION_00162_01	22	0	0.84482598	139	39	C	-0.25745529	0.25745529
NEG_VALIDATION_00162_01	23	0	0.84482598	106	6	G	-0.25227001	0.25227001
NEG_VALIDATION_00162_01	24	0	0.84482598	71	-29	C	0.24728554	0.24728554
NEG_VALIDATION_00162_01	25	0	0.84482598	54	-46	G	-0.24142869	0.24142869
NEG_VALIDATION_00162_01	26	0	0.84482598	172	72	G	-0.23675473	0.23675473
NEG_VALIDATION_00162_01	27	0	0.84482598	74	-26	G	-0.23606151	0.23606151
NEG_VALIDATION_00162_01	28	0	0.84482598	93	-7	A	-0.23465393	0.23465393
NEG_VALIDATION_00162_01	29	0	0.84482598	114	14	G	-0.22880462	0.22880462
NEG_VALIDATION_00162_01	30	0	0.84482598	57	-43	C	-0.22651531	0.22651531
NEG_VALIDATION_00162_01	31	0	0.84482598	77	-23	G	-0.22478101	0.22478101
NEG_VALIDATION_00162_01	32	0	0.84482598	122	22	G	-0.22445822	0.22445822
NEG_VALIDATION_00162_01	33	0	0.84482598	66	-34	T	-0.21934763	0.21934763
NEG_VALIDATION_00162_01	34	0	0.84482598	99	-1	G	-0.21657634	0.21657634
NEG_VALIDATION_00162_01	35	0	0.84482598	190	90	G	-0.21237704	0.21237704
NEG_VALIDATION_00162_01	36	0	0.84482598	109	9	G	-0.20410077	0.20410077
NEG_VALIDATION_00162_01	37	0	0.84482598	147	47	G	-0.20341852	0.20341852
NEG_VALIDATION_00162_01	38	0	0.84482598	32	-68	T	-0.20325071	0.20325071
NEG_VALIDATION_00162_01	39	0	0.84482598	145	45	C	0.19786172	0.19786172
NEG_VALIDATION_00162_01	40	0	0.84482598	43	-57	G	-0.1976788	0.1976788
NEG_VALIDATION_00162_01	41	0	0.84482598	96	-4	A	-0.19658828	0.19658828
NEG_VALIDATION_00162_01	42	0	0.84482598	80	-20	G	-0.19340569	0.19340569
NEG_VALIDATION_00162_01	43	0	0.84482598	149	49	C	0.19331433	0.19331433
NEG_VALIDATION_00162_01	44	0	0.84482598	56	-44	T	0.19285154	0.19285154
NEG_VALIDATION_00162_01	45	0	0.84482598	154	54	G	-0.19251794	0.19251794
NEG_VALIDATION_00162_01	46	0	0.84482598	119	19	C	0.18845886	0.18845886
NEG_VALIDATION_00162_01	47	0	0.84482598	92	-8	G	-0.18337928	0.18337928
NEG_VALIDATION_00162_01	48	0	0.84482598	101	1	G	-0.18261814	0.18261814
NEG_VALIDATION_00162_01	49	0	0.84482598	95	-5	C	0.17930862	0.17930862
NEG_VALIDATION_00162_01	50	0	0.84482598	52	-48	G	-0.17598324	0.17598324
NEG_VALIDATION_00176_01	1	0	0.95132965	96	-4	C	0.87666893	0.87666893
NEG_VALIDATION_00176_01	2	0	0.95132965	120	20	G	-0.84065825	0.84065825
NEG_VALIDATION_00176_01	3	0	0.95132965	66	-34	G	-0.74867177	0.74867177
NEG_VALIDATION_00176_01	4	0	0.95132965	101	1	T	-0.66145378	0.66145378
NEG_VALIDATION_00176_01	5	0	0.95132965	178	78	C	0.65243101	0.65243101
NEG_VALIDATION_00176_01	6	0	0.95132965	84	-16	C	0.63116419	0.63116419
NEG_VALIDATION_00176_01	7	0	0.95132965	69	-31	C	0.62892824	0.62892824
NEG_VALIDATION_00176_01	8	0	0.95132965	110	10	G	-0.56432021	0.56432021
NEG_VALIDATION_00176_01	9	0	0.95132965	140	40	G	-0.55024993	0.55024993
NEG_VALIDATION_00176_01	10	0	0.95132965	173	73	C	0.54116416	0.54116416
NEG_VALIDATION_00176_01	11	0	0.95132965	142	42	G	-0.53548563	0.53548563
NEG_VALIDATION_00176_01	12	0	0.95132965	35	-65	G	-0.52058727	0.52058727
NEG_VALIDATION_00176_01	13	0	0.95132965	109	9	C	0.4751088	0.4751088
NEG_VALIDATION_00176_01	14	0	0.95132965	116	16	G	-0.47087628	0.47087628
NEG_VALIDATION_00176_01	15	0	0.95132965	93	-7	C	0.44542822	0.44542822
NEG_VALIDATION_00176_01	16	0	0.95132965	103	3	C	0.42326567	0.42326567
NEG_VALIDATION_00176_01	17	0	0.95132965	106	6	G	-0.4062019	0.4062019
NEG_VALIDATION_00176_01	18	0	0.95132965	167	67	C	0.40348351	0.40348351
NEG_VALIDATION_00176_01	19	0	0.95132965	171	71	G	-0.38879645	0.38879645
NEG_VALIDATION_00176_01	20	0	0.95132965	55	-45	G	-0.35781199	0.35781199
NEG_VALIDATION_00176_01	21	0	0.95132965	40	-60	G	-0.34871262	0.34871262
NEG_VALIDATION_00176_01	22	0	0.95132965	153	53	C	0.34765202	0.34765202
NEG_VALIDATION_00176_01	23	0	0.95132965	25	-75	G	-0.32899195	0.32899195
NEG_VALIDATION_00176_01	24	0	0.95132965	71	-29	C	0.32832956	0.32832956
NEG_VALIDATION_00176_01	25	0	0.95132965	0	-100	G	-0.31468204	0.31468204
NEG_VALIDATION_00176_01	26	0	0.95132965	161	61	G	-0.29716089	0.29716089
NEG_VALIDATION_00176_01	27	0	0.95132965	151	51	G	-0.29059154	0.29059154
NEG_VALIDATION_00176_01	28	0	0.95132965	75	-25	G	-0.28701231	0.28701231
NEG_VALIDATION_00176_01	29	0	0.95132965	149	49	C	0.28406	0.28406
NEG_VALIDATION_00176_01	30	0	0.95132965	10	-90	G	-0.27402735	0.27402735
NEG_VALIDATION_00176_01	31	0	0.95132965	82	-18	G	-0.27319026	0.27319026
NEG_VALIDATION_00176_01	32	0	0.95132965	145	45	C	0.26475698	0.26475698
NEG_VALIDATION_00176_01	33	0	0.95132965	83	-17	C	0.25321043	0.25321043
NEG_VALIDATION_00176_01	34	0	0.95132965	68	-32	G	-0.25093159	0.25093159
NEG_VALIDATION_00176_01	35	0	0.95132965	107	7	G	-0.25055462	0.25055462
NEG_VALIDATION_00176_01	36	0	0.95132965	198	98	C	-0.22731091	0.22731091
NEG_VALIDATION_00176_01	37	0	0.95132965	108	8	C	0.22554913	0.22554913
NEG_VALIDATION_00176_01	38	0	0.95132965	53	-47	G	-0.22427011	0.22427011
NEG_VALIDATION_00176_01	39	0	0.95132965	62	-38	G	-0.22174278	0.22174278
NEG_VALIDATION_00176_01	40	0	0.95132965	2	-98	A	-0.21809116	0.21809116
NEG_VALIDATION_00176_01	41	0	0.95132965	41	-59	A	0.21778031	0.21778031
NEG_VALIDATION_00176_01	42	0	0.95132965	32	-68	C	0.21661881	0.21661881
NEG_VALIDATION_00176_01	43	0	0.95132965	72	-28	G	-0.21652529	0.21652529
NEG_VALIDATION_00176_01	44	0	0.95132965	56	-44	A	0.20655997	0.20655997
NEG_VALIDATION_00176_01	45	0	0.95132965	59	-41	C	-0.20125662	0.20125662
NEG_VALIDATION_00176_01	46	0	0.95132965	98	-2	C	0.19911461	0.19911461
NEG_VALIDATION_00176_01	47	0	0.95132965	91	-9	C	0.19435215	0.19435215
NEG_VALIDATION_00176_01	48	0	0.95132965	144	44	C	0.19294678	0.19294678
NEG_VALIDATION_00176_01	49	0	0.95132965	43	-57	G	-0.19290584	0.19290584
NEG_VALIDATION_00176_01	50	0	0.95132965	157	57	C	0.19185373	0.19185373
NEG_VALIDATION_00183_01	1	0	0.84035683	173	73	C	0.6417973	0.6417973
NEG_VALIDATION_00183_01	2	0	0.84035683	47	-53	G	-0.55334997	0.55334997
NEG_VALIDATION_00183_01	3	0	0.84035683	166	66	C	-0.38232645	0.38232645
NEG_VALIDATION_00183_01	4	0	0.84035683	161	61	C	0.36924538	0.36924538
NEG_VALIDATION_00183_01	5	0	0.84035683	191	91	C	0.36331248	0.36331248
NEG_VALIDATION_00183_01	6	0	0.84035683	24	-76	G	-0.33588314	0.33588314
NEG_VALIDATION_00183_01	7	0	0.84035683	140	40	G	-0.32956696	0.32956696
NEG_VALIDATION_00183_01	8	0	0.84035683	142	42	G	-0.32857716	0.32857716
NEG_VALIDATION_00183_01	9	0	0.84035683	104	4	T	-0.29957998	0.29957998
NEG_VALIDATION_00183_01	10	0	0.84035683	116	16	G	-0.29819396	0.29819396
NEG_VALIDATION_00183_01	11	0	0.84035683	84	-16	T	-0.29737318	0.29737318
NEG_VALIDATION_00183_01	12	0	0.84035683	75	-25	T	-0.29735655	0.29735655
NEG_VALIDATION_00183_01	13	0	0.84035683	138	38	A	-0.29624486	0.29624486
NEG_VALIDATION_00183_01	14	0	0.84035683	101	1	C	-0.29307649	0.29307649
NEG_VALIDATION_00183_01	15	0	0.84035683	41	-59	G	-0.28141591	0.28141591
NEG_VALIDATION_00183_01	16	0	0.84035683	32	-68	G	-0.27901089	0.27901089
NEG_VALIDATION_00183_01	17	0	0.84035683	35	-65	T	0.27423197	0.27423197
NEG_VALIDATION_00183_01	18	0	0.84035683	109	9	C	0.27360445	0.27360445
NEG_VALIDATION_00183_01	19	0	0.84035683	181	81	G	-0.27322873	0.27322873
NEG_VALIDATION_00183_01	20	0	0.84035683	87	-13	G	-0.27131915	0.27131915
NEG_VALIDATION_00183_01	21	0	0.84035683	160	60	G	-0.25620511	0.25620511
NEG_VALIDATION_00183_01	22	0	0.84035683	0	-100	A	0.24936065	0.24936065
NEG_VALIDATION_00183_01	23	0	0.84035683	40	-60	G	-0.24072394	0.24072394
NEG_VALIDATION_00183_01	24	0	0.84035683	25	-75	G	-0.23965162	0.23965162
NEG_VALIDATION_00183_01	25	0	0.84035683	69	-31	T	-0.23379299	0.23379299
NEG_VALIDATION_00183_01	26	0	0.84035683	123	23	G	-0.23034453	0.23034453
NEG_VALIDATION_00183_01	27	0	0.84035683	151	51	G	-0.22120292	0.22120292
NEG_VALIDATION_00183_01	28	0	0.84035683	193	93	G	-0.2208285	0.2208285
NEG_VALIDATION_00183_01	29	0	0.84035683	92	-8	A	-0.21089149	0.21089149
NEG_VALIDATION_00183_01	30	0	0.84035683	164	64	G	-0.20819533	0.20819533
NEG_VALIDATION_00183_01	31	0	0.84035683	23	-77	G	-0.19613622	0.19613622
NEG_VALIDATION_00183_01	32	0	0.84035683	106	6	G	-0.19592592	0.19592592
NEG_VALIDATION_00183_01	33	0	0.84035683	135	35	G	-0.19313417	0.19313417
NEG_VALIDATION_00183_01	34	0	0.84035683	59	-41	G	-0.1925761	0.1925761
NEG_VALIDATION_00183_01	35	0	0.84035683	141	41	A	-0.18761283	0.18761283
NEG_VALIDATION_00183_01	36	0	0.84035683	167	67	C	0.18583509	0.18583509
NEG_VALIDATION_00183_01	37	0	0.84035683	90	-10	C	0.18536478	0.18536478
NEG_VALIDATION_00183_01	38	0	0.84035683	103	3	C	0.18442878	0.18442878
NEG_VALIDATION_00183_01	39	0	0.84035683	56	-44	A	0.18175483	0.18175483
NEG_VALIDATION_00183_01	40	0	0.84035683	144	44	C	0.17585438	0.17585438
NEG_VALIDATION_00183_01	41	0	0.84035683	3	-97	C	0.1747098	0.1747098
NEG_VALIDATION_00183_01	42	0	0.84035683	76	-24	C	0.17429194	0.17429194
NEG_VALIDATION_00183_01	43	0	0.84035683	150	50	G	-0.16953251	0.16953251
NEG_VALIDATION_00183_01	44	0	0.84035683	42	-58	A	-0.16659723	0.16659723
NEG_VALIDATION_00183_01	45	0	0.84035683	99	-1	T	-0.16658971	0.16658971
NEG_VALIDATION_00183_01	46	0	0.84035683	147	47	G	-0.16632901	0.16632901
NEG_VALIDATION_00183_01	47	0	0.84035683	115	15	G	-0.16305819	0.16305819
NEG_VALIDATION_00183_01	48	0	0.84035683	19	-81	A	0.1574654	0.1574654
NEG_VALIDATION_00183_01	49	0	0.84035683	145	45	C	0.15676722	0.15676722
NEG_VALIDATION_00183_01	50	0	0.84035683	70	-30	G	-0.15229584	0.15229584
NEG_VALIDATION_00193_01	1	0	0.85853618	96	-4	C	1.2715192	1.2715192
NEG_VALIDATION_00193_01	2	0	0.85853618	161	61	A	-0.61519116	0.61519116
NEG_VALIDATION_00193_01	3	0	0.85853618	173	73	C	0.57183838	0.57183838
NEG_VALIDATION_00193_01	4	0	0.85853618	109	9	C	0.56438887	0.56438887
NEG_VALIDATION_00193_01	5	0	0.85853618	84	-16	C	0.55497742	0.55497742
NEG_VALIDATION_00193_01	6	0	0.85853618	140	40	G	-0.52749616	0.52749616
NEG_VALIDATION_00193_01	7	0	0.85853618	24	-76	G	-0.49374413	0.49374413
NEG_VALIDATION_00193_01	8	0	0.85853618	106	6	C	0.49031642	0.49031642
NEG_VALIDATION_00193_01	9	0	0.85853618	190	90	C	0.4107511	0.4107511
NEG_VALIDATION_00193_01	10	0	0.85853618	15	-85	G	-0.40590811	0.40590811
NEG_VALIDATION_00193_01	11	0	0.85853618	148	48	G	-0.37355441	0.37355441
NEG_VALIDATION_00193_01	12	0	0.85853618	75	-25	T	-0.35202575	0.35202575
NEG_VALIDATION_00193_01	13	0	0.85853618	74	-26	C	0.32810906	0.32810906
NEG_VALIDATION_00193_01	14	0	0.85853618	90	-10	G	-0.32171515	0.32171515
NEG_VALIDATION_00193_01	15	0	0.85853618	120	20	C	0.31401169	0.31401169
NEG_VALIDATION_00193_01	16	0	0.85853618	57	-43	G	-0.30111253	0.30111253
NEG_VALIDATION_00193_01	17	0	0.85853618	56	-44	T	0.28991953	0.28991953
NEG_VALIDATION_00193_01	18	0	0.85853618	25	-75	G	-0.28764367	0.28764367
NEG_VALIDATION_00193_01	19	0	0.85853618	176	76	G	-0.27184248	0.27184248
NEG_VALIDATION_00193_01	20	0	0.85853618	174	74	G	-0.26737851	0.26737851
NEG_VALIDATION_00193_01	21	0	0.85853618	71	-29	C	0.26487887	0.26487887
NEG_VALIDATION_00193_01	22	0	0.85853618	138	38	G	-0.26115793	0.26115793
NEG_VALIDATION_00193_01	23	0	0.85853618	162	62	G	-0.25398824	0.25398824
NEG_VALIDATION_00193_01	24	0	0.85853618	58	-42	G	-0.25139907	0.25139907
NEG_VALIDATION_00193_01	25	0	0.85853618	169	69	G	-0.24905695	0.24905695
NEG_VALIDATION_00193_01	26	0	0.85853618	99	-1	T	0.24188527	0.24188527
NEG_VALIDATION_00193_01	27	0	0.85853618	6	-94	T	-0.23301631	0.23301631
NEG_VALIDATION_00193_01	28	0	0.85853618	164	64	G	-0.21801423	0.21801423
NEG_VALIDATION_00193_01	29	0	0.85853618	77	-23	G	-0.21795061	0.21795061
NEG_VALIDATION_00193_01	30	0	0.85853618	54	-46	G	-0.20871559	0.20871559
NEG_VALIDATION_00193_01	31	0	0.85853618	154	54	G	-0.20072749	0.20072749
NEG_VALIDATION_00193_01	32	0	0.85853618	122	22	G	-0.20066622	0.20066622
NEG_VALIDATION_00193_01	33	0	0.85853618	130	30	G	-0.19695523	0.19695523
NEG_VALIDATION_00193_01	34	0	0.85853618	49	-51	C	0.19431968	0.19431968
NEG_VALIDATION_00193_01	35	0	0.85853618	129	29	G	-0.19371745	0.19371745
NEG_VALIDATION_00193_01	36	0	0.85853618	115	15	G	-0.19024827	0.19024827
NEG_VALIDATION_00193_01	37	0	0.85853618	10	-90	G	-0.1885514	0.1885514
NEG_VALIDATION_00193_01	38	0	0.85853618	79	-21	C	0.18703957	0.18703957
NEG_VALIDATION_00193_01	39	0	0.85853618	102	2	G	-0.18513101	0.18513101
NEG_VALIDATION_00193_01	40	0	0.85853618	166	66	C	-0.18445241	0.18445241
NEG_VALIDATION_00193_01	41	0	0.85853618	11	-89	G	-0.18175963	0.18175963
NEG_VALIDATION_00193_01	42	0	0.85853618	5	-95	T	0.17966554	0.17966554
NEG_VALIDATION_00193_01	43	0	0.85853618	47	-53	T	-0.17680191	0.17680191
NEG_VALIDATION_00193_01	44	0	0.85853618	44	-56	C	0.17606859	0.17606859
NEG_VALIDATION_00193_01	45	0	0.85853618	151	51	G	-0.17330576	0.17330576
NEG_VALIDATION_00193_01	46	0	0.85853618	93	-7	G	-0.17114253	0.17114253
NEG_VALIDATION_00193_01	47	0	0.85853618	8	-92	G	-0.1703451	0.1703451
NEG_VALIDATION_00193_01	48	0	0.85853618	123	23	G	-0.16768232	0.16768232
NEG_VALIDATION_00193_01	49	0	0.85853618	67	-33	C	0.1641677	0.1641677
NEG_VALIDATION_00193_01	50	0	0.85853618	14	-86	T	-0.15880749	0.15880749
NEG_VALIDATION_00195_01	1	0	0.82635313	23	-77	C	0.77096844	0.77096844
NEG_VALIDATION_00195_01	2	0	0.82635313	96	-4	C	0.74082649	0.74082649
NEG_VALIDATION_00195_01	3	0	0.82635313	161	61	A	-0.65243924	0.65243924
NEG_VALIDATION_00195_01	4	0	0.82635313	173	73	C	0.64030403	0.64030403
NEG_VALIDATION_00195_01	5	0	0.82635313	45	-55	G	-0.56020021	0.56020021
NEG_VALIDATION_00195_01	6	0	0.82635313	110	10	G	-0.53665233	0.53665233
NEG_VALIDATION_00195_01	7	0	0.82635313	181	81	G	-0.51640463	0.51640463
NEG_VALIDATION_00195_01	8	0	0.82635313	101	1	T	-0.49994937	0.49994937
NEG_VALIDATION_00195_01	9	0	0.82635313	177	77	G	-0.41718629	0.41718629
NEG_VALIDATION_00195_01	10	0	0.82635313	191	91	C	0.41407591	0.41407591
NEG_VALIDATION_00195_01	11	0	0.82635313	93	-7	T	-0.40078151	0.40078151
NEG_VALIDATION_00195_01	12	0	0.82635313	75	-25	C	0.34423149	0.34423149
NEG_VALIDATION_00195_01	13	0	0.82635313	106	6	G	-0.33665556	0.33665556
NEG_VALIDATION_00195_01	14	0	0.82635313	1	-99	A	0.32290697	0.32290697
NEG_VALIDATION_00195_01	15	0	0.82635313	68	-32	G	-0.31956324	0.31956324
NEG_VALIDATION_00195_01	16	0	0.82635313	87	-13	G	-0.29905412	0.29905412
NEG_VALIDATION_00195_01	17	0	0.82635313	0	-100	A	0.29601479	0.29601479
NEG_VALIDATION_00195_01	18	0	0.82635313	55	-45	G	-0.29458502	0.29458502
NEG_VALIDATION_00195_01	19	0	0.82635313	154	54	C	-0.29151782	0.29151782
NEG_VALIDATION_00195_01	20	0	0.82635313	170	70	C	0.28166279	0.28166279
NEG_VALIDATION_00195_01	21	0	0.82635313	90	-10	C	0.27431908	0.27431908
NEG_VALIDATION_00195_01	22	0	0.82635313	3	-97	C	0.2734637	0.2734637
NEG_VALIDATION_00195_01	23	0	0.82635313	81	-19	G	-0.25262865	0.25262865
NEG_VALIDATION_00195_01	24	0	0.82635313	10	-90	G	-0.24317396	0.24317396
NEG_VALIDATION_00195_01	25	0	0.82635313	109	9	G	-0.22932255	0.22932255
NEG_VALIDATION_00195_01	26	0	0.82635313	123	23	C	0.22737186	0.22737186
NEG_VALIDATION_00195_01	27	0	0.82635313	167	67	G	-0.22379288	0.22379288
NEG_VALIDATION_00195_01	28	0	0.82635313	184	84	C	-0.22332215	0.22332215
NEG_VALIDATION_00195_01	29	0	0.82635313	53	-47	G	-0.22180119	0.22180119
NEG_VALIDATION_00195_01	30	0	0.82635313	139	39	C	-0.22051804	0.22051804
NEG_VALIDATION_00195_01	31	0	0.82635313	77	-23	G	-0.2181136	0.2181136
NEG_VALIDATION_00195_01	32	0	0.82635313	94	-6	G	-0.21392468	0.21392468
NEG_VALIDATION_00195_01	33	0	0.82635313	52	-48	G	-0.21328901	0.21328901
NEG_VALIDATION_00195_01	34	0	0.82635313	160	60	G	-0.2121404	0.2121404
NEG_VALIDATION_00195_01	35	0	0.82635313	120	20	C	0.20880853	0.20880853
NEG_VALIDATION_00195_01	36	0	0.82635313	153	53	C	0.20550206	0.20550206
NEG_VALIDATION_00195_01	37	0	0.82635313	98	-2	C	0.19785225	0.19785225
NEG_VALIDATION_00195_01	38	0	0.82635313	43	-57	G	-0.19547679	0.19547679
NEG_VALIDATION_00195_01	39	0	0.82635313	80	-20	G	-0.1925211	0.1925211
NEG_VALIDATION_00195_01	40	0	0.82635313	8	-92	A	-0.18630093	0.18630093
NEG_VALIDATION_00195_01	41	0	0.82635313	115	15	T	0.18230073	0.18230073
NEG_VALIDATION_00195_01	42	0	0.82635313	155	55	C	0.18003985	0.18003985
NEG_VALIDATION_00195_01	43	0	0.82635313	71	-29	G	-0.1756698	0.1756698
NEG_VALIDATION_00195_01	44	0	0.82635313	35	-65	T	0.17526966	0.17526966
NEG_VALIDATION_00195_01	45	0	0.82635313	141	41	T	-0.17307395	0.17307395
NEG_VALIDATION_00195_01	46	0	0.82635313	63	-37	G	-0.17172289	0.17172289
NEG_VALIDATION_00195_01	47	0	0.82635313	74	-26	T	-0.17052206	0.17052206
NEG_VALIDATION_00195_01	48	0	0.82635313	88	-12	G	-0.16859882	0.16859882
NEG_VALIDATION_00195_01	49	0	0.82635313	193	93	G	-0.16372235	0.16372235
NEG_VALIDATION_00195_01	50	0	0.82635313	149	49	C	0.16301011	0.16301011
NEG_VALIDATION_00214_01	1	0	0.86216581	96	-4	C	1.1620828	1.1620828
NEG_VALIDATION_00214_01	2	0	0.86216581	195	95	G	-1.1334667	1.1334667
NEG_VALIDATION_00214_01	3	0	0.86216581	161	61	A	-0.69268698	0.69268698
NEG_VALIDATION_00214_01	4	0	0.86216581	47	-53	G	-0.68491989	0.68491989
NEG_VALIDATION_00214_01	5	0	0.86216581	190	90	C	0.61176789	0.61176789
NEG_VALIDATION_00214_01	6	0	0.86216581	173	73	C	0.60370737	0.60370737
NEG_VALIDATION_00214_01	7	0	0.86216581	120	20	G	-0.50619161	0.50619161
NEG_VALIDATION_00214_01	8	0	0.86216581	167	67	C	0.3613027	0.3613027
NEG_VALIDATION_00214_01	9	0	0.86216581	198	98	G	-0.36016595	0.36016595
NEG_VALIDATION_00214_01	10	0	0.86216581	52	-48	A	-0.35873532	0.35873532
NEG_VALIDATION_00214_01	11	0	0.86216581	143	43	C	0.3297199	0.3297199
NEG_VALIDATION_00214_01	12	0	0.86216581	51	-49	C	0.32576752	0.32576752
NEG_VALIDATION_00214_01	13	0	0.86216581	110	10	G	-0.31704956	0.31704956
NEG_VALIDATION_00214_01	14	0	0.86216581	106	6	G	-0.30179596	0.30179596
NEG_VALIDATION_00214_01	15	0	0.86216581	126	26	A	-0.28174046	0.28174046
NEG_VALIDATION_00214_01	16	0	0.86216581	141	41	T	-0.27952713	0.27952713
NEG_VALIDATION_00214_01	17	0	0.86216581	142	42	C	0.27906898	0.27906898
NEG_VALIDATION_00214_01	18	0	0.86216581	0	-100	C	0.27754715	0.27754715
NEG_VALIDATION_00214_01	19	0	0.86216581	61	-39	C	0.27635345	0.27635345
NEG_VALIDATION_00214_01	20	0	0.86216581	123	23	A	-0.25384766	0.25384766
NEG_VALIDATION_00214_01	21	0	0.86216581	74	-26	T	-0.24740392	0.24740392
NEG_VALIDATION_00214_01	22	0	0.86216581	116	16	G	-0.24245176	0.24245176
NEG_VALIDATION_00214_01	23	0	0.86216581	58	-42	C	0.23717831	0.23717831
NEG_VALIDATION_00214_01	24	0	0.86216581	32	-68	T	-0.23298097	0.23298097
NEG_VALIDATION_00214_01	25	0	0.86216581	151	51	G	-0.23285043	0.23285043
NEG_VALIDATION_00214_01	26	0	0.86216581	79	-21	C	0.22469065	0.22469065
NEG_VALIDATION_00214_01	27	0	0.86216581	121	21	C	0.2173271	0.2173271
NEG_VALIDATION_00214_01	28	0	0.86216581	133	33	C	0.21322277	0.21322277
NEG_VALIDATION_00214_01	29	0	0.86216581	2	-98	A	-0.2100552	0.2100552
NEG_VALIDATION_00214_01	30	0	0.86216581	3	-97	C	0.20929492	0.20929492
NEG_VALIDATION_00214_01	31	0	0.86216581	117	17	T	-0.20897271	0.20897271
NEG_VALIDATION_00214_01	32	0	0.86216581	42	-58	A	-0.20723332	0.20723332
NEG_VALIDATION_00214_01	33	0	0.86216581	75	-25	G	-0.20721601	0.20721601
NEG_VALIDATION_00214_01	34	0	0.86216581	90	-10	C	0.20662746	0.20662746
NEG_VALIDATION_00214_01	35	0	0.86216581	5	-95	T	0.20401326	0.20401326
NEG_VALIDATION_00214_01	36	0	0.86216581	153	53	G	-0.19885206	0.19885206
NEG_VALIDATION_00214_01	37	0	0.86216581	81	-19	G	-0.19799715	0.19799715
NEG_VALIDATION_00214_01	38	0	0.86216581	54	-46	G	-0.19627795	0.19627795
NEG_VALIDATION_00214_01	39	0	0.86216581	132	32	C	0.18138145	0.18138145
NEG_VALIDATION_00214_01	40	0	0.86216581	7	-93	G	-0.17721163	0.17721163
NEG_VALIDATION_00214_01	41	0	0.86216581	99	-1	G	-0.17337999	0.17337999
NEG_VALIDATION_00214_01	42	0	0.86216581	169	69	G	-0.17265928	0.17265928
NEG_VALIDATION_00214_01	43	0	0.86216581	15	-85	C	0.17063336	0.17063336
NEG_VALIDATION_00214_01	44	0	0.86216581	25	-75	C	-0.16925533	0.16925533
NEG_VALIDATION_00214_01	45	0	0.86216581	150	50	G	-0.16784285	0.16784285
NEG_VALIDATION_00214_01	46	0	0.86216581	4	-96	G	-0.1665224	0.1665224
NEG_VALIDATION_00214_01	47	0	0.86216581	10	-90	G	-0.16643831	0.16643831
NEG_VALIDATION_00214_01	48	0	0.86216581	97	-3	C	0.16447201	0.16447201
NEG_VALIDATION_00214_01	49	0	0.86216581	8	-92	T	-0.16168106	0.16168106
NEG_VALIDATION_00214_01	50	0	0.86216581	77	-23	G	-0.16038178	0.16038178
NEG_VALIDATION_00223_01	1	0	0.8020283	42	-58	C	-0.80192626	0.80192626
NEG_VALIDATION_00223_01	2	0	0.8020283	161	61	A	-0.54282182	0.54282182
NEG_VALIDATION_00223_01	3	0	0.8020283	47	-53	G	-0.53828049	0.53828049
NEG_VALIDATION_00223_01	4	0	0.8020283	173	73	C	0.48251846	0.48251846
NEG_VALIDATION_00223_01	5	0	0.8020283	99	-1	C	0.42695475	0.42695475
NEG_VALIDATION_00223_01	6	0	0.8020283	93	-7	T	-0.39924967	0.39924967
NEG_VALIDATION_00223_01	7	0	0.8020283	120	20	G	-0.38091731	0.38091731
NEG_VALIDATION_00223_01	8	0	0.8020283	23	-77	C	0.3697398	0.3697398
NEG_VALIDATION_00223_01	9	0	0.8020283	35	-65	G	-0.36426133	0.36426133
NEG_VALIDATION_00223_01	10	0	0.8020283	45	-55	G	-0.3484506	0.3484506
NEG_VALIDATION_00223_01	11	0	0.8020283	198	98	G	-0.34254521	0.34254521
NEG_VALIDATION_00223_01	12	0	0.8020283	74	-26	G	-0.29444829	0.29444829
NEG_VALIDATION_00223_01	13	0	0.8020283	66	-34	C	-0.27872121	0.27872121
NEG_VALIDATION_00223_01	14	0	0.8020283	154	54	C	-0.24005502	0.24005502
NEG_VALIDATION_00223_01	15	0	0.8020283	106	6	G	-0.23425108	0.23425108
NEG_VALIDATION_00223_01	16	0	0.8020283	151	51	G	-0.23406927	0.23406927
NEG_VALIDATION_00223_01	17	0	0.8020283	111	11	G	-0.23298782	0.23298782
NEG_VALIDATION_00223_01	18	0	0.8020283	0	-100	A	0.23070523	0.23070523
NEG_VALIDATION_00223_01	19	0	0.8020283	145	45	C	0.21332809	0.21332809
NEG_VALIDATION_00223_01	20	0	0.8020283	196	96	G	-0.21161857	0.21161857
NEG_VALIDATION_00223_01	21	0	0.8020283	153	53	G	-0.20760983	0.20760983
NEG_VALIDATION_00223_01	22	0	0.8020283	126	26	A	-0.19791545	0.19791545
NEG_VALIDATION_00223_01	23	0	0.8020283	40	-60	G	-0.192368	0.192368
NEG_VALIDATION_00223_01	24	0	0.8020283	19	-81	A	0.19011597	0.19011597
NEG_VALIDATION_00223_01	25	0	0.8020283	56	-44	A	0.1870026	0.1870026
NEG_VALIDATION_00223_01	26	0	0.8020283	3	-97	C	0.18297109	0.18297109
NEG_VALIDATION_00223_01	27	0	0.8020283	141	41	A	-0.17140043	0.17140043
NEG_VALIDATION_00223_01	28	0	0.8020283	34	-66	G	-0.17120813	0.17120813
NEG_VALIDATION_00223_01	29	0	0.8020283	2	-98	A	-0.17087162	0.17087162
NEG_VALIDATION_00223_01	30	0	0.8020283	32	-68	C	-0.16668583	0.16668583
NEG_VALIDATION_00223_01	31	0	0.8020283	81	-19	C	-0.16474482	0.16474482
NEG_VALIDATION_00223_01	32	0	0.8020283	8	-92	A	-0.15839416	0.15839416
NEG_VALIDATION_00223_01	33	0	0.8020283	144	44	C	0.15365231	0.15365231
NEG_VALIDATION_00223_01	34	0	0.8020283	86	-14	T	0.15349734	0.15349734
NEG_VALIDATION_00223_01	35	0	0.8020283	57	-43	T	0.15325297	0.15325297
NEG_VALIDATION_00223_01	36	0	0.8020283	160	60	G	-0.15262619	0.15262619
NEG_VALIDATION_00223_01	37	0	0.8020283	96	-4	A	-0.15125947	0.15125947
NEG_VALIDATION_00223_01	38	0	0.8020283	131	31	G	-0.15032031	0.15032031
NEG_VALIDATION_00223_01	39	0	0.8020283	77	-23	G	-0.14667435	0.14667435
NEG_VALIDATION_00223_01	40	0	0.8020283	53	-47	G	-0.14381671	0.14381671
NEG_VALIDATION_00223_01	41	0	0.8020283	1	-99	A	0.14311236	0.14311236
NEG_VALIDATION_00223_01	42	0	0.8020283	115	15	G	-0.14307129	0.14307129
NEG_VALIDATION_00223_01	43	0	0.8020283	197	97	T	0.1423976	0.1423976
NEG_VALIDATION_00223_01	44	0	0.8020283	54	-46	T	-0.14235841	0.14235841
NEG_VALIDATION_00223_01	45	0	0.8020283	67	-33	C	0.14123829	0.14123829
NEG_VALIDATION_00223_01	46	0	0.8020283	191	91	A	0.13594508	0.13594508
NEG_VALIDATION_00223_01	47	0	0.8020283	36	-64	T	0.13177319	0.13177319
NEG_VALIDATION_00223_01	48	0	0.8020283	33	-67	A	-0.1296307	0.1296307
NEG_VALIDATION_00223_01	49	0	0.8020283	139	39	G	-0.12390484	0.12390484
NEG_VALIDATION_00223_01	50	0	0.8020283	48	-52	C	-0.12310213	0.12310213
NEG_VALIDATION_00228_01	1	0	0.74500829	45	-55	G	-0.74401003	0.74401003
NEG_VALIDATION_00228_01	2	0	0.74500829	161	61	A	-0.73260176	0.73260176
NEG_VALIDATION_00228_01	3	0	0.74500829	69	-31	C	0.70209539	0.70209539
NEG_VALIDATION_00228_01	4	0	0.74500829	140	40	G	-0.68498325	0.68498325
NEG_VALIDATION_00228_01	5	0	0.74500829	42	-58	C	-0.67754972	0.67754972
NEG_VALIDATION_00228_01	6	0	0.74500829	35	-65	G	-0.54412204	0.54412204
NEG_VALIDATION_00228_01	7	0	0.74500829	98	-2	G	-0.49246725	0.49246725
NEG_VALIDATION_00228_01	8	0	0.74500829	76	-24	C	0.46357918	0.46357918
NEG_VALIDATION_00228_01	9	0	0.74500829	103	3	C	0.45711988	0.45711988
NEG_VALIDATION_00228_01	10	0	0.74500829	74	-26	C	0.42714372	0.42714372
NEG_VALIDATION_00228_01	11	0	0.74500829	71	-29	C	0.40170264	0.40170264
NEG_VALIDATION_00228_01	12	0	0.74500829	41	-59	G	-0.39071074	0.39071074
NEG_VALIDATION_00228_01	13	0	0.74500829	0	-100	T	0.38898823	0.38898823
NEG_VALIDATION_00228_01	14	0	0.74500829	61	-39	C	0.38740629	0.38740629
NEG_VALIDATION_00228_01	15	0	0.74500829	123	23	A	-0.38072425	0.38072425
NEG_VALIDATION_00228_01	16	0	0.74500829	116	16	G	-0.34845349	0.34845349
NEG_VALIDATION_00228_01	17	0	0.74500829	129	29	C	0.34527451	0.34527451
NEG_VALIDATION_00228_01	18	0	0.74500829	119	19	C	0.344832	0.344832
NEG_VALIDATION_00228_01	19	0	0.74500829	56	-44	T	0.32815593	0.32815593
NEG_VALIDATION_00228_01	20	0	0.74500829	184	84	G	-0.32262424	0.32262424
NEG_VALIDATION_00228_01	21	0	0.74500829	40	-60	G	-0.31603456	0.31603456
NEG_VALIDATION_00228_01	22	0	0.74500829	50	-50	G	-0.31379938	0.31379938
NEG_VALIDATION_00228_01	23	0	0.74500829	12	-88	C	0.31141227	0.31141227
NEG_VALIDATION_00228_01	24	0	0.74500829	81	-19	G	-0.29847258	0.29847258
NEG_VALIDATION_00228_01	25	0	0.74500829	10	-90	G	-0.29255188	0.29255188
NEG_VALIDATION_00228_01	26	0	0.74500829	152	52	C	0.29122305	0.29122305
NEG_VALIDATION_00228_01	27	0	0.74500829	90	-10	G	-0.28469986	0.28469986
NEG_VALIDATION_00228_01	28	0	0.74500829	16	-84	G	-0.28426886	0.28426886
NEG_VALIDATION_00228_01	29	0	0.74500829	106	6	G	-0.28022948	0.28022948
NEG_VALIDATION_00228_01	30	0	0.74500829	126	26	A	-0.26296407	0.26296407
NEG_VALIDATION_00228_01	31	0	0.74500829	158	58	C	0.25596747	0.25596747
NEG_VALIDATION_00228_01	32	0	0.74500829	49	-51	C	0.24684951	0.24684951
NEG_VALIDATION_00228_01	33	0	0.74500829	93	-7	T	-0.236716	0.236716
NEG_VALIDATION_00228_01	34	0	0.74500829	132	32	G	-0.23661864	0.23661864
NEG_VALIDATION_00228_01	35	0	0.74500829	131	31	G	-0.2346662	0.2346662
NEG_VALIDATION_00228_01	36	0	0.74500829	194	94	C	0.22371641	0.22371641
NEG_VALIDATION_00228_01	37	0	0.74500829	108	8	G	-0.21538334	0.21538334
NEG_VALIDATION_00228_01	38	0	0.74500829	174	74	G	-0.21532762	0.21532762
NEG_VALIDATION_00228_01	39	0	0.74500829	97	-3	G	-0.21010488	0.21010488
NEG_VALIDATION_00228_01	40	0	0.74500829	133	33	C	0.20489559	0.20489559
NEG_VALIDATION_00228_01	41	0	0.74500829	195	95	C	0.20092443	0.20092443
NEG_VALIDATION_00228_01	42	0	0.74500829	193	93	G	-0.19590905	0.19590905
NEG_VALIDATION_00228_01	43	0	0.74500829	114	14	G	-0.19582598	0.19582598
NEG_VALIDATION_00228_01	44	0	0.74500829	80	-20	G	-0.19538121	0.19538121
NEG_VALIDATION_00228_01	45	0	0.74500829	179	79	G	-0.19130644	0.19130644
NEG_VALIDATION_00228_01	46	0	0.74500829	109	9	G	-0.18909115	0.18909115
NEG_VALIDATION_00228_01	47	0	0.74500829	117	17	T	-0.18445067	0.18445067
NEG_VALIDATION_00228_01	48	0	0.74500829	147	47	C	0.18358414	0.18358414
NEG_VALIDATION_00228_01	49	0	0.74500829	122	22	G	-0.18351391	0.18351391
NEG_VALIDATION_00228_01	50	0	0.74500829	135	35	A	-0.18244362	0.18244362
NEG_VALIDATION_00232_01	1	0	0.88928998	113	13	C	1.1653553	1.1653553
NEG_VALIDATION_00232_01	2	0	0.88928998	191	91	C	0.65864551	0.65864551
NEG_VALIDATION_00232_01	3	0	0.88928998	161	61	A	-0.63428169	0.63428169
NEG_VALIDATION_00232_01	4	0	0.88928998	120	20	G	-0.55780232	0.55780232
NEG_VALIDATION_00232_01	5	0	0.88928998	1	-99	C	0.54595721	0.54595721
NEG_VALIDATION_00232_01	6	0	0.88928998	110	10	G	-0.49069661	0.49069661
NEG_VALIDATION_00232_01	7	0	0.88928998	177	77	G	-0.47322395	0.47322395
NEG_VALIDATION_00232_01	8	0	0.88928998	35	-65	G	-0.39418572	0.39418572
NEG_VALIDATION_00232_01	9	0	0.88928998	123	23	A	-0.38036227	0.38036227
NEG_VALIDATION_00232_01	10	0	0.88928998	76	-24	C	0.37638488	0.37638488
NEG_VALIDATION_00232_01	11	0	0.88928998	24	-76	G	-0.37146389	0.37146389
NEG_VALIDATION_00232_01	12	0	0.88928998	173	73	G	-0.36313358	0.36313358
NEG_VALIDATION_00232_01	13	0	0.88928998	69	-31	T	-0.32077312	0.32077312
NEG_VALIDATION_00232_01	14	0	0.88928998	41	-59	G	-0.30364797	0.30364797
NEG_VALIDATION_00232_01	15	0	0.88928998	75	-25	G	-0.30157268	0.30157268
NEG_VALIDATION_00232_01	16	0	0.88928998	197	97	T	0.29000974	0.29000974
NEG_VALIDATION_00232_01	17	0	0.88928998	54	-46	G	-0.28525218	0.28525218
NEG_VALIDATION_00232_01	18	0	0.88928998	185	85	G	-0.27825731	0.27825731
NEG_VALIDATION_00232_01	19	0	0.88928998	52	-48	C	-0.2732873	0.2732873
NEG_VALIDATION_00232_01	20	0	0.88928998	140	40	G	-0.26778257	0.26778257
NEG_VALIDATION_00232_01	21	0	0.88928998	51	-49	C	0.26169682	0.26169682
NEG_VALIDATION_00232_01	22	0	0.88928998	99	-1	T	0.26113421	0.26113421
NEG_VALIDATION_00232_01	23	0	0.88928998	0	-100	G	-0.25819516	0.25819516
NEG_VALIDATION_00232_01	24	0	0.88928998	40	-60	G	-0.24570911	0.24570911
NEG_VALIDATION_00232_01	25	0	0.88928998	74	-26	G	-0.21923809	0.21923809
NEG_VALIDATION_00232_01	26	0	0.88928998	171	71	T	0.21222749	0.21222749
NEG_VALIDATION_00232_01	27	0	0.88928998	112	12	C	0.20192158	0.20192158
NEG_VALIDATION_00232_01	28	0	0.88928998	23	-77	G	-0.19726899	0.19726899
NEG_VALIDATION_00232_01	29	0	0.88928998	95	-5	C	0.19134153	0.19134153
NEG_VALIDATION_00232_01	30	0	0.88928998	81	-19	G	-0.19105308	0.19105308
NEG_VALIDATION_00232_01	31	0	0.88928998	50	-50	G	-0.1901122	0.1901122
NEG_VALIDATION_00232_01	32	0	0.88928998	136	36	C	0.18769115	0.18769115
NEG_VALIDATION_00232_01	33	0	0.88928998	8	-92	A	-0.18751119	0.18751119
NEG_VALIDATION_00232_01	34	0	0.88928998	132	32	G	-0.18715045	0.18715045
NEG_VALIDATION_00232_01	35	0	0.88928998	196	96	G	-0.17887789	0.17887789
NEG_VALIDATION_00232_01	36	0	0.88928998	121	21	C	0.17851397	0.17851397
NEG_VALIDATION_00232_01	37	0	0.88928998	93	-7	C	0.17745906	0.17745906
NEG_VALIDATION_00232_01	38	0	0.88928998	194	94	C	0.17623639	0.17623639
NEG_VALIDATION_00232_01	39	0	0.88928998	66	-34	C	-0.17255011	0.17255011
NEG_VALIDATION_00232_01	40	0	0.88928998	184	84	T	-0.16575038	0.16575038
NEG_VALIDATION_00232_01	41	0	0.88928998	3	-97	A	0.16465999	0.16465999
NEG_VALIDATION_00232_01	42	0	0.88928998	84	-16	G	-0.15541731	0.15541731
NEG_VALIDATION_00232_01	43	0	0.88928998	42	-58	T	-0.1519804	0.1519804
NEG_VALIDATION_00232_01	44	0	0.88928998	108	8	G	-0.15117274	0.15117274
NEG_VALIDATION_00232_01	45	0	0.88928998	115	15	G	-0.14766452	0.14766452
NEG_VALIDATION_00232_01	46	0	0.88928998	38	-62	G	-0.14528868	0.14528868
NEG_VALIDATION_00232_01	47	0	0.88928998	12	-88	G	-0.14458629	0.14458629
NEG_VALIDATION_00232_01	48	0	0.88928998	70	-30	G	-0.14402556	0.14402556
NEG_VALIDATION_00232_01	49	0	0.88928998	63	-37	G	-0.14398898	0.14398898
NEG_VALIDATION_00232_01	50	0	0.88928998	117	17	C	-0.1406665	0.1406665
NEG_VALIDATION_00236_01	1	0	0.77022564	42	-58	C	-0.96264583	0.96264583
NEG_VALIDATION_00236_01	2	0	0.77022564	96	-4	A	-0.38396686	0.38396686
NEG_VALIDATION_00236_01	3	0	0.77022564	5	-95	C	-0.36758187	0.36758187
NEG_VALIDATION_00236_01	4	0	0.77022564	101	1	A	-0.33919987	0.33919987
NEG_VALIDATION_00236_01	5	0	0.77022564	154	54	C	-0.33185494	0.33185494
NEG_VALIDATION_00236_01	6	0	0.77022564	99	-1	C	0.31866568	0.31866568
NEG_VALIDATION_00236_01	7	0	0.77022564	75	-25	A	-0.30266076	0.30266076
NEG_VALIDATION_00236_01	8	0	0.77022564	76	-24	C	0.2957536	0.2957536
NEG_VALIDATION_00236_01	9	0	0.77022564	173	73	G	-0.28641891	0.28641891
NEG_VALIDATION_00236_01	10	0	0.77022564	66	-34	T	-0.27949718	0.27949718
NEG_VALIDATION_00236_01	11	0	0.77022564	84	-16	T	-0.24649125	0.24649125
NEG_VALIDATION_00236_01	12	0	0.77022564	45	-55	G	-0.23933515	0.23933515
NEG_VALIDATION_00236_01	13	0	0.77022564	151	51	C	0.23736224	0.23736224
NEG_VALIDATION_00236_01	14	0	0.77022564	167	67	A	-0.22455186	0.22455186
NEG_VALIDATION_00236_01	15	0	0.77022564	57	-43	G	-0.21363217	0.21363217
NEG_VALIDATION_00236_01	16	0	0.77022564	161	61	C	0.20384207	0.20384207
NEG_VALIDATION_00236_01	17	0	0.77022564	193	93	G	-0.20324945	0.20324945
NEG_VALIDATION_00236_01	18	0	0.77022564	108	8	C	0.18561412	0.18561412
NEG_VALIDATION_00236_01	19	0	0.77022564	59	-41	G	-0.18064368	0.18064368
NEG_VALIDATION_00236_01	20	0	0.77022564	125	25	C	-0.17621803	0.17621803
NEG_VALIDATION_00236_01	21	0	0.77022564	25	-75	G	-0.17167056	0.17167056
NEG_VALIDATION_00236_01	22	0	0.77022564	56	-44	A	0.15892586	0.15892586
NEG_VALIDATION_00236_01	23	0	0.77022564	184	84	T	-0.15759897	0.15759897
NEG_VALIDATION_00236_01	24	0	0.77022564	110	10	C	-0.15357783	0.15357783
NEG_VALIDATION_00236_01	25	0	0.77022564	82	-18	C	0.15240777	0.15240777
NEG_VALIDATION_00236_01	26	0	0.77022564	69	-31	C	0.15203583	0.15203583
NEG_VALIDATION_00236_01	27	0	0.77022564	116	16	T	-0.15126935	0.15126935
NEG_VALIDATION_00236_01	28	0	0.77022564	111	11	A	-0.14389426	0.14389426
NEG_VALIDATION_00236_01	29	0	0.77022564	103	3	C	0.14282331	0.14282331
NEG_VALIDATION_00236_01	30	0	0.77022564	54	-46	G	-0.13966097	0.13966097
NEG_VALIDATION_00236_01	31	0	0.77022564	117	17	C	-0.13921398	0.13921398
NEG_VALIDATION_00236_01	32	0	0.77022564	19	-81	T	-0.13768914	0.13768914
NEG_VALIDATION_00236_01	33	0	0.77022564	78	-22	G	-0.1360901	0.1360901
NEG_VALIDATION_00236_01	34	0	0.77022564	185	85	G	-0.13515934	0.13515934
NEG_VALIDATION_00236_01	35	0	0.77022564	6	-94	T	-0.12727644	0.12727644
NEG_VALIDATION_00236_01	36	0	0.77022564	83	-17	C	0.12138212	0.12138212
NEG_VALIDATION_00236_01	37	0	0.77022564	89	-11	C	0.12131216	0.12131216
NEG_VALIDATION_00236_01	38	0	0.77022564	50	-50	G	-0.12130702	0.12130702
NEG_VALIDATION_00236_01	39	0	0.77022564	14	-86	T	-0.11142253	0.11142253
NEG_VALIDATION_00236_01	40	0	0.77022564	47	-53	A	-0.11119875	0.11119875
NEG_VALIDATION_00236_01	41	0	0.77022564	115	15	C	0.11018281	0.11018281
NEG_VALIDATION_00236_01	42	0	0.77022564	152	52	C	0.10705475	0.10705475
NEG_VALIDATION_00236_01	43	0	0.77022564	189	89	C	-0.10644949	0.10644949
NEG_VALIDATION_00236_01	44	0	0.77022564	141	41	C	-0.10641305	0.10641305
NEG_VALIDATION_00236_01	45	0	0.77022564	182	82	G	-0.10501358	0.10501358
NEG_VALIDATION_00236_01	46	0	0.77022564	61	-39	C	0.10435252	0.10435252
NEG_VALIDATION_00236_01	47	0	0.77022564	126	26	G	0.098444112	0.098444112
NEG_VALIDATION_00236_01	48	0	0.77022564	119	19	G	0.097239375	0.097239375
NEG_VALIDATION_00236_01	49	0	0.77022564	36	-64	T	0.094608307	0.094608307
NEG_VALIDATION_00236_01	50	0	0.77022564	138	38	T	-0.094054431	0.094054431
NEG_VALIDATION_00240_01	1	0	0.74541986	23	-77	C	1.069111	1.069111
NEG_VALIDATION_00240_01	2	0	0.74541986	42	-58	C	-1.0190176	1.0190176
NEG_VALIDATION_00240_01	3	0	0.74541986	113	13	C	0.94802487	0.94802487
NEG_VALIDATION_00240_01	4	0	0.74541986	96	-4	C	0.72769463	0.72769463
NEG_VALIDATION_00240_01	5	0	0.74541986	99	-1	C	0.54240602	0.54240602
NEG_VALIDATION_00240_01	6	0	0.74541986	161	61	A	-0.5417341	0.5417341
NEG_VALIDATION_00240_01	7	0	0.74541986	35	-65	G	-0.54115152	0.54115152
NEG_VALIDATION_00240_01	8	0	0.74541986	1	-99	C	0.4714213	0.4714213
NEG_VALIDATION_00240_01	9	0	0.74541986	148	48	G	-0.45251849	0.45251849
NEG_VALIDATION_00240_01	10	0	0.74541986	93	-7	T	-0.43395641	0.43395641
NEG_VALIDATION_00240_01	11	0	0.74541986	106	6	C	0.42633051	0.42633051
NEG_VALIDATION_00240_01	12	0	0.74541986	32	-68	G	-0.42328787	0.42328787
NEG_VALIDATION_00240_01	13	0	0.74541986	126	26	T	-0.42006719	0.42006719
NEG_VALIDATION_00240_01	14	0	0.74541986	75	-25	G	-0.39441195	0.39441195
NEG_VALIDATION_00240_01	15	0	0.74541986	0	-100	G	-0.38806167	0.38806167
NEG_VALIDATION_00240_01	16	0	0.74541986	140	40	G	-0.36153334	0.36153334
NEG_VALIDATION_00240_01	17	0	0.74541986	105	5	C	0.34853801	0.34853801
NEG_VALIDATION_00240_01	18	0	0.74541986	139	39	G	-0.34787685	0.34787685
NEG_VALIDATION_00240_01	19	0	0.74541986	116	16	G	-0.344044	0.344044
NEG_VALIDATION_00240_01	20	0	0.74541986	55	-45	G	-0.34174949	0.34174949
NEG_VALIDATION_00240_01	21	0	0.74541986	87	-13	G	-0.32123882	0.32123882
NEG_VALIDATION_00240_01	22	0	0.74541986	138	38	G	-0.31670117	0.31670117
NEG_VALIDATION_00240_01	23	0	0.74541986	8	-92	C	-0.31082833	0.31082833
NEG_VALIDATION_00240_01	24	0	0.74541986	173	73	C	0.29704636	0.29704636
NEG_VALIDATION_00240_01	25	0	0.74541986	121	21	C	0.27464443	0.27464443
NEG_VALIDATION_00240_01	26	0	0.74541986	25	-75	G	-0.27142024	0.27142024
NEG_VALIDATION_00240_01	27	0	0.74541986	56	-44	G	-0.26470727	0.26470727
NEG_VALIDATION_00240_01	28	0	0.74541986	160	60	G	-0.26117173	0.26117173
NEG_VALIDATION_00240_01	29	0	0.74541986	74	-26	G	-0.25744545	0.25744545
NEG_VALIDATION_00240_01	30	0	0.74541986	111	11	A	-0.24698263	0.24698263
NEG_VALIDATION_00240_01	31	0	0.74541986	141	41	A	-0.24336711	0.24336711
NEG_VALIDATION_00240_01	32	0	0.74541986	104	4	T	-0.24160777	0.24160777
NEG_VALIDATION_00240_01	33	0	0.74541986	137	37	G	-0.23296139	0.23296139
NEG_VALIDATION_00240_01	34	0	0.74541986	3	-97	C	0.22948055	0.22948055
NEG_VALIDATION_00240_01	35	0	0.74541986	114	14	G	-0.22544277	0.22544277
NEG_VALIDATION_00240_01	36	0	0.74541986	16	-84	G	-0.21986742	0.21986742
NEG_VALIDATION_00240_01	37	0	0.74541986	27	-73	C	0.21977718	0.21977718
NEG_VALIDATION_00240_01	38	0	0.74541986	135	35	G	-0.21701157	0.21701157
NEG_VALIDATION_00240_01	39	0	0.74541986	154	54	G	-0.21340832	0.21340832
NEG_VALIDATION_00240_01	40	0	0.74541986	71	-29	C	0.2110652	0.2110652
NEG_VALIDATION_00240_01	41	0	0.74541986	151	51	G	-0.20960143	0.20960143
NEG_VALIDATION_00240_01	42	0	0.74541986	68	-32	G	-0.20907138	0.20907138
NEG_VALIDATION_00240_01	43	0	0.74541986	53	-47	G	-0.20884463	0.20884463
NEG_VALIDATION_00240_01	44	0	0.74541986	54	-46	G	-0.2026282	0.2026282
NEG_VALIDATION_00240_01	45	0	0.74541986	184	84	T	-0.19545764	0.19545764
NEG_VALIDATION_00240_01	46	0	0.74541986	117	17	G	-0.18692771	0.18692771
NEG_VALIDATION_00240_01	47	0	0.74541986	61	-39	C	0.18577939	0.18577939
NEG_VALIDATION_00240_01	48	0	0.74541986	5	-95	G	-0.18401457	0.18401457
NEG_VALIDATION_00240_01	49	0	0.74541986	115	15	G	-0.18127108	0.18127108
NEG_VALIDATION_00240_01	50	0	0.74541986	78	-22	C	0.18121125	0.18121125
NEG_VALIDATION_00241_01	1	0	0.85785306	191	91	C	0.88345796	0.88345796
NEG_VALIDATION_00241_01	2	0	0.85785306	99	-1	C	0.86404121	0.86404121
NEG_VALIDATION_00241_01	3	0	0.85785306	196	96	C	0.80635065	0.80635065
NEG_VALIDATION_00241_01	4	0	0.85785306	178	78	C	0.73981148	0.73981148
NEG_VALIDATION_00241_01	5	0	0.85785306	161	61	T	-0.71874744	0.71874744
NEG_VALIDATION_00241_01	6	0	0.85785306	120	20	G	-0.70861578	0.70861578
NEG_VALIDATION_00241_01	7	0	0.85785306	181	81	G	-0.68265408	0.68265408
NEG_VALIDATION_00241_01	8	0	0.85785306	170	70	C	0.61565387	0.61565387
NEG_VALIDATION_00241_01	9	0	0.85785306	110	10	G	-0.49663749	0.49663749
NEG_VALIDATION_00241_01	10	0	0.85785306	111	11	C	0.48725212	0.48725212
NEG_VALIDATION_00241_01	11	0	0.85785306	51	-49	C	0.47609276	0.47609276
NEG_VALIDATION_00241_01	12	0	0.85785306	198	98	G	-0.47501063	0.47501063
NEG_VALIDATION_00241_01	13	0	0.85785306	74	-26	C	0.4632532	0.4632532
NEG_VALIDATION_00241_01	14	0	0.85785306	93	-7	T	-0.43808895	0.43808895
NEG_VALIDATION_00241_01	15	0	0.85785306	112	12	C	0.42343765	0.42343765
NEG_VALIDATION_00241_01	16	0	0.85785306	173	73	G	-0.37688392	0.37688392
NEG_VALIDATION_00241_01	17	0	0.85785306	55	-45	G	-0.35186458	0.35186458
NEG_VALIDATION_00241_01	18	0	0.85785306	143	43	C	0.34699583	0.34699583
NEG_VALIDATION_00241_01	19	0	0.85785306	84	-16	T	-0.34670973	0.34670973
NEG_VALIDATION_00241_01	20	0	0.85785306	47	-53	T	-0.33099553	0.33099553
NEG_VALIDATION_00241_01	21	0	0.85785306	83	-17	C	0.32888719	0.32888719
NEG_VALIDATION_00241_01	22	0	0.85785306	75	-25	T	-0.32785451	0.32785451
NEG_VALIDATION_00241_01	23	0	0.85785306	153	53	G	-0.31486082	0.31486082
NEG_VALIDATION_00241_01	24	0	0.85785306	52	-48	A	-0.30422235	0.30422235
NEG_VALIDATION_00241_01	25	0	0.85785306	167	67	G	-0.30213234	0.30213234
NEG_VALIDATION_00241_01	26	0	0.85785306	25	-75	G	-0.29846659	0.29846659
NEG_VALIDATION_00241_01	27	0	0.85785306	131	31	C	0.29187214	0.29187214
NEG_VALIDATION_00241_01	28	0	0.85785306	14	-86	T	-0.28384569	0.28384569
NEG_VALIDATION_00241_01	29	0	0.85785306	57	-43	G	-0.27726033	0.27726033
NEG_VALIDATION_00241_01	30	0	0.85785306	16	-84	G	-0.27621585	0.27621585
NEG_VALIDATION_00241_01	31	0	0.85785306	194	94	G	-0.27490842	0.27490842
NEG_VALIDATION_00241_01	32	0	0.85785306	68	-32	G	-0.27163699	0.27163699
NEG_VALIDATION_00241_01	33	0	0.85785306	2	-98	G	-0.26772505	0.26772505
NEG_VALIDATION_00241_01	34	0	0.85785306	195	95	C	0.26362503	0.26362503
NEG_VALIDATION_00241_01	35	0	0.85785306	166	66	G	-0.26305249	0.26305249
NEG_VALIDATION_00241_01	36	0	0.85785306	160	60	G	-0.26210022	0.26210022
NEG_VALIDATION_00241_01	37	0	0.85785306	0	-100	C	0.26141512	0.26141512
NEG_VALIDATION_00241_01	38	0	0.85785306	164	64	G	-0.25944352	0.25944352
NEG_VALIDATION_00241_01	39	0	0.85785306	32	-68	G	-0.2531234	0.2531234
NEG_VALIDATION_00241_01	40	0	0.85785306	107	7	G	-0.24534547	0.24534547
NEG_VALIDATION_00241_01	41	0	0.85785306	155	55	C	0.23953067	0.23953067
NEG_VALIDATION_00241_01	42	0	0.85785306	3	-97	C	0.23769808	0.23769808
NEG_VALIDATION_00241_01	43	0	0.85785306	184	84	T	-0.23308966	0.23308966
NEG_VALIDATION_00241_01	44	0	0.85785306	172	72	C	0.23125066	0.23125066
NEG_VALIDATION_00241_01	45	0	0.85785306	1	-99	A	0.22970596	0.22970596
NEG_VALIDATION_00241_01	46	0	0.85785306	6	-94	T	-0.22892401	0.22892401
NEG_VALIDATION_00241_01	47	0	0.85785306	23	-77	G	-0.22590406	0.22590406
NEG_VALIDATION_00241_01	48	0	0.85785306	109	9	G	-0.2247539	0.2247539
NEG_VALIDATION_00241_01	49	0	0.85785306	35	-65	C	0.21875495	0.21875495
NEG_VALIDATION_00241_01	50	0	0.85785306	104	4	G	-0.20777787	0.20777787
NEG_VALIDATION_00248_01	1	0	0.91837174	191	91	C	0.49971324	0.49971324
NEG_VALIDATION_00248_01	2	0	0.91837174	47	-53	G	-0.49246275	0.49246275
NEG_VALIDATION_00248_01	3	0	0.91837174	126	26	T	-0.48777556	0.48777556
NEG_VALIDATION_00248_01	4	0	0.91837174	173	73	C	0.48614681	0.48614681
NEG_VALIDATION_00248_01	5	0	0.91837174	196	96	C	0.44429356	0.44429356
NEG_VALIDATION_00248_01	6	0	0.91837174	181	81	G	-0.42905128	0.42905128
NEG_VALIDATION_00248_01	7	0	0.91837174	161	61	C	0.38195419	0.38195419
NEG_VALIDATION_00248_01	8	0	0.91837174	177	77	G	-0.35933986	0.35933986
NEG_VALIDATION_00248_01	9	0	0.91837174	75	-25	T	-0.32908097	0.32908097
NEG_VALIDATION_00248_01	10	0	0.91837174	190	90	C	0.29460999	0.29460999
NEG_VALIDATION_00248_01	11	0	0.91837174	28	-72	G	-0.29027665	0.29027665
NEG_VALIDATION_00248_01	12	0	0.91837174	103	3	C	0.26627719	0.26627719
NEG_VALIDATION_00248_01	13	0	0.91837174	170	70	C	0.25736034	0.25736034
NEG_VALIDATION_00248_01	14	0	0.91837174	194	94	G	-0.2276848	0.2276848
NEG_VALIDATION_00248_01	15	0	0.91837174	90	-10	G	-0.21473736	0.21473736
NEG_VALIDATION_00248_01	16	0	0.91837174	51	-49	C	0.20536858	0.20536858
NEG_VALIDATION_00248_01	17	0	0.91837174	106	6	G	-0.20453411	0.20453411
NEG_VALIDATION_00248_01	18	0	0.91837174	32	-68	T	-0.19177537	0.19177537
NEG_VALIDATION_00248_01	19	0	0.91837174	167	67	G	-0.18082848	0.18082848
NEG_VALIDATION_00248_01	20	0	0.91837174	56	-44	T	0.17720389	0.17720389
NEG_VALIDATION_00248_01	21	0	0.91837174	69	-31	A	-0.17567989	0.17567989
NEG_VALIDATION_00248_01	22	0	0.91837174	66	-34	T	-0.17223583	0.17223583
NEG_VALIDATION_00248_01	23	0	0.91837174	57	-43	C	-0.16455457	0.16455457
NEG_VALIDATION_00248_01	24	0	0.91837174	52	-48	G	-0.16364157	0.16364157
NEG_VALIDATION_00248_01	25	0	0.91837174	8	-92	A	-0.15754637	0.15754637
NEG_VALIDATION_00248_01	26	0	0.91837174	31	-69	A	-0.15545142	0.15545142
NEG_VALIDATION_00248_01	27	0	0.91837174	154	54	G	-0.15349384	0.15349384
NEG_VALIDATION_00248_01	28	0	0.91837174	87	-13	C	-0.15293707	0.15293707
NEG_VALIDATION_00248_01	29	0	0.91837174	59	-41	G	-0.15133378	0.15133378
NEG_VALIDATION_00248_01	30	0	0.91837174	193	93	G	-0.14123276	0.14123276
NEG_VALIDATION_00248_01	31	0	0.91837174	149	49	C	0.14063621	0.14063621
NEG_VALIDATION_00248_01	32	0	0.91837174	15	-85	C	0.13922484	0.13922484
NEG_VALIDATION_00248_01	33	0	0.91837174	110	10	C	-0.13735652	0.13735652
NEG_VALIDATION_00248_01	34	0	0.91837174	98	-2	C	0.13730589	0.13730589
NEG_VALIDATION_00248_01	35	0	0.91837174	143	43	C	0.13707839	0.13707839
NEG_VALIDATION_00248_01	36	0	0.91837174	125	25	G	-0.13637067	0.13637067
NEG_VALIDATION_00248_01	37	0	0.91837174	171	71	C	-0.13601419	0.13601419
NEG_VALIDATION_00248_01	38	0	0.91837174	184	84	T	-0.12349565	0.12349565
NEG_VALIDATION_00248_01	39	0	0.91837174	97	-3	T	-0.12285933	0.12285933
NEG_VALIDATION_00248_01	40	0	0.91837174	2	-98	A	-0.1227196	0.1227196
NEG_VALIDATION_00248_01	41	0	0.91837174	92	-8	A	-0.12095147	0.12095147
NEG_VALIDATION_00248_01	42	0	0.91837174	114	14	G	-0.11912115	0.11912115
NEG_VALIDATION_00248_01	43	0	0.91837174	6	-94	G	-0.11630247	0.11630247
NEG_VALIDATION_00248_01	44	0	0.91837174	107	7	G	-0.11622325	0.11622325
NEG_VALIDATION_00248_01	45	0	0.91837174	25	-75	T	-0.11575399	0.11575399
NEG_VALIDATION_00248_01	46	0	0.91837174	116	16	A	-0.11394186	0.11394186
NEG_VALIDATION_00248_01	47	0	0.91837174	109	9	G	-0.11209281	0.11209281
NEG_VALIDATION_00248_01	48	0	0.91837174	182	82	G	-0.11084257	0.11084257
NEG_VALIDATION_00248_01	49	0	0.91837174	12	-88	G	-0.11014032	0.11014032
NEG_VALIDATION_00248_01	50	0	0.91837174	138	38	G	-0.10999137	0.10999137
NEG_VALIDATION_00270_01	1	0	0.71910357	113	13	C	0.88220382	0.88220382
NEG_VALIDATION_00270_01	2	0	0.71910357	36	-64	C	0.60489631	0.60489631
NEG_VALIDATION_00270_01	3	0	0.71910357	47	-53	G	-0.58609807	0.58609807
NEG_VALIDATION_00270_01	4	0	0.71910357	101	1	C	-0.50757056	0.50757056
NEG_VALIDATION_00270_01	5	0	0.71910357	25	-75	C	-0.49573439	0.49573439
NEG_VALIDATION_00270_01	6	0	0.71910357	120	20	G	-0.49563789	0.49563789
NEG_VALIDATION_00270_01	7	0	0.71910357	161	61	C	0.3213371	0.3213371
NEG_VALIDATION_00270_01	8	0	0.71910357	138	38	G	-0.31332019	0.31332019
NEG_VALIDATION_00270_01	9	0	0.71910357	52	-48	C	-0.31274733	0.31274733
NEG_VALIDATION_00270_01	10	0	0.71910357	84	-16	T	-0.30273682	0.30273682
NEG_VALIDATION_00270_01	11	0	0.71910357	141	41	T	-0.29363266	0.29363266
NEG_VALIDATION_00270_01	12	0	0.71910357	166	66	C	-0.26350522	0.26350522
NEG_VALIDATION_00270_01	13	0	0.71910357	57	-43	G	-0.24741714	0.24741714
NEG_VALIDATION_00270_01	14	0	0.71910357	35	-65	T	0.24513529	0.24513529
NEG_VALIDATION_00270_01	15	0	0.71910357	125	25	C	-0.24506585	0.24506585
NEG_VALIDATION_00270_01	16	0	0.71910357	12	-88	G	-0.2407991	0.2407991
NEG_VALIDATION_00270_01	17	0	0.71910357	56	-44	G	-0.23789863	0.23789863
NEG_VALIDATION_00270_01	18	0	0.71910357	10	-90	G	-0.21400884	0.21400884
NEG_VALIDATION_00270_01	19	0	0.71910357	42	-58	G	-0.20837148	0.20837148
NEG_VALIDATION_00270_01	20	0	0.71910357	173	73	T	-0.19469476	0.19469476
NEG_VALIDATION_00270_01	21	0	0.71910357	110	10	C	-0.19015563	0.19015563
NEG_VALIDATION_00270_01	22	0	0.71910357	71	-29	C	0.18528417	0.18528417
NEG_VALIDATION_00270_01	23	0	0.71910357	132	32	G	-0.18479016	0.18479016
NEG_VALIDATION_00270_01	24	0	0.71910357	87	-13	C	-0.17407393	0.17407393
NEG_VALIDATION_00270_01	25	0	0.71910357	176	76	G	-0.17321238	0.17321238
NEG_VALIDATION_00270_01	26	0	0.71910357	75	-25	C	0.16964081	0.16964081
NEG_VALIDATION_00270_01	27	0	0.71910357	182	82	G	-0.16809419	0.16809419
NEG_VALIDATION_00270_01	28	0	0.71910357	106	6	C	0.16704823	0.16704823
NEG_VALIDATION_00270_01	29	0	0.71910357	2	-98	G	-0.16181761	0.16181761
NEG_VALIDATION_00270_01	30	0	0.71910357	127	27	T	0.16100976	0.16100976
NEG_VALIDATION_00270_01	31	0	0.71910357	112	12	C	0.15982923	0.15982923
NEG_VALIDATION_00270_01	32	0	0.71910357	0	-100	A	0.15885401	0.15885401
NEG_VALIDATION_00270_01	33	0	0.71910357	174	74	G	-0.15837005	0.15837005
NEG_VALIDATION_00270_01	34	0	0.71910357	5	-95	G	-0.15599656	0.15599656
NEG_VALIDATION_00270_01	35	0	0.71910357	38	-62	G	-0.15533397	0.15533397
NEG_VALIDATION_00270_01	36	0	0.71910357	143	43	C	0.15447123	0.15447123
NEG_VALIDATION_00270_01	37	0	0.71910357	3	-97	C	0.15202078	0.15202078
NEG_VALIDATION_00270_01	38	0	0.71910357	74	-26	G	-0.1473387	0.1473387
NEG_VALIDATION_00270_01	39	0	0.71910357	99	-1	T	-0.14591411	0.14591411
NEG_VALIDATION_00270_01	40	0	0.71910357	81	-19	T	-0.14568934	0.14568934
NEG_VALIDATION_00270_01	41	0	0.71910357	63	-37	G	-0.14524353	0.14524353
NEG_VALIDATION_00270_01	42	0	0.71910357	1	-99	A	0.14521073	0.14521073
NEG_VALIDATION_00270_01	43	0	0.71910357	78	-22	C	0.14370468	0.14370468
NEG_VALIDATION_00270_01	44	0	0.71910357	189	89	C	-0.14272588	0.14272588
NEG_VALIDATION_00270_01	45	0	0.71910357	67	-33	G	-0.1404126	0.1404126
NEG_VALIDATION_00270_01	46	0	0.71910357	102	2	A	-0.13970912	0.13970912
NEG_VALIDATION_00270_01	47	0	0.71910357	147	47	G	-0.1384519	0.1384519
NEG_VALIDATION_00270_01	48	0	0.71910357	109	9	G	-0.13807563	0.13807563
NEG_VALIDATION_00270_01	49	0	0.71910357	69	-31	A	-0.13692886	0.13692886
NEG_VALIDATION_00270_01	50	0	0.71910357	22	-78	G	-0.13672164	0.13672164
NEG_VALIDATION_00280_01	1	0	0.85414946	190	90	C	0.69082546	0.69082546
NEG_VALIDATION_00280_01	2	0	0.85414946	93	-7	C	0.56794274	0.56794274
NEG_VALIDATION_00280_01	3	0	0.85414946	66	-34	G	-0.51883185	0.51883185
NEG_VALIDATION_00280_01	4	0	0.85414946	69	-31	C	0.48245299	0.48245299
NEG_VALIDATION_00280_01	5	0	0.85414946	35	-65	G	-0.43954164	0.43954164
NEG_VALIDATION_00280_01	6	0	0.85414946	198	98	G	-0.42518765	0.42518765
NEG_VALIDATION_00280_01	7	0	0.85414946	173	73	C	0.41820061	0.41820061
NEG_VALIDATION_00280_01	8	0	0.85414946	99	-1	T	0.38400686	0.38400686
NEG_VALIDATION_00280_01	9	0	0.85414946	169	69	G	-0.369609	0.369609
NEG_VALIDATION_00280_01	10	0	0.85414946	51	-49	C	0.36690411	0.36690411
NEG_VALIDATION_00280_01	11	0	0.85414946	74	-26	C	0.33401597	0.33401597
NEG_VALIDATION_00280_01	12	0	0.85414946	28	-72	G	-0.32782501	0.32782501
NEG_VALIDATION_00280_01	13	0	0.85414946	126	26	A	-0.31621903	0.31621903
NEG_VALIDATION_00280_01	14	0	0.85414946	75	-25	A	-0.3058041	0.3058041
NEG_VALIDATION_00280_01	15	0	0.85414946	187	87	C	0.30349684	0.30349684
NEG_VALIDATION_00280_01	16	0	0.85414946	55	-45	G	-0.2981517	0.2981517
NEG_VALIDATION_00280_01	17	0	0.85414946	26	-74	G	-0.29793829	0.29793829
NEG_VALIDATION_00280_01	18	0	0.85414946	3	-97	C	0.28706679	0.28706679
NEG_VALIDATION_00280_01	19	0	0.85414946	47	-53	T	-0.27858287	0.27858287
NEG_VALIDATION_00280_01	20	0	0.85414946	52	-48	C	-0.27828026	0.27828026
NEG_VALIDATION_00280_01	21	0	0.85414946	106	6	C	0.27302867	0.27302867
NEG_VALIDATION_00280_01	22	0	0.85414946	98	-2	G	-0.25477558	0.25477558
NEG_VALIDATION_00280_01	23	0	0.85414946	166	66	G	-0.24288186	0.24288186
NEG_VALIDATION_00280_01	24	0	0.85414946	2	-98	A	-0.2372237	0.2372237
NEG_VALIDATION_00280_01	25	0	0.85414946	90	-10	G	-0.23607761	0.23607761
NEG_VALIDATION_00280_01	26	0	0.85414946	164	64	G	-0.22130089	0.22130089
NEG_VALIDATION_00280_01	27	0	0.85414946	104	4	G	-0.21789491	0.21789491
NEG_VALIDATION_00280_01	28	0	0.85414946	142	42	G	-0.2177013	0.2177013
NEG_VALIDATION_00280_01	29	0	0.85414946	131	31	C	0.21483672	0.21483672
NEG_VALIDATION_00280_01	30	0	0.85414946	162	62	G	-0.21379595	0.21379595
NEG_VALIDATION_00280_01	31	0	0.85414946	42	-58	A	-0.21193106	0.21193106
NEG_VALIDATION_00280_01	32	0	0.85414946	25	-75	T	-0.20886442	0.20886442
NEG_VALIDATION_00280_01	33	0	0.85414946	119	19	C	0.20835851	0.20835851
NEG_VALIDATION_00280_01	34	0	0.85414946	167	67	G	-0.20812795	0.20812795
NEG_VALIDATION_00280_01	35	0	0.85414946	0	-100	A	0.20672385	0.20672385
NEG_VALIDATION_00280_01	36	0	0.85414946	80	-20	G	-0.2050693	0.2050693
NEG_VALIDATION_00280_01	37	0	0.85414946	109	9	G	-0.20223381	0.20223381
NEG_VALIDATION_00280_01	38	0	0.85414946	44	-56	C	0.20212585	0.20212585
NEG_VALIDATION_00280_01	39	0	0.85414946	123	23	G	-0.19646618	0.19646618
NEG_VALIDATION_00280_01	40	0	0.85414946	160	60	G	-0.18947303	0.18947303
NEG_VALIDATION_00280_01	41	0	0.85414946	149	49	C	0.18329757	0.18329757
NEG_VALIDATION_00280_01	42	0	0.85414946	184	84	T	-0.18146223	0.18146223
NEG_VALIDATION_00280_01	43	0	0.85414946	23	-77	G	-0.17952332	0.17952332
NEG_VALIDATION_00280_01	44	0	0.85414946	196	96	G	-0.17553894	0.17553894
NEG_VALIDATION_00280_01	45	0	0.85414946	178	78	C	0.17519593	0.17519593
NEG_VALIDATION_00280_01	46	0	0.85414946	22	-78	G	-0.16994609	0.16994609
NEG_VALIDATION_00280_01	47	0	0.85414946	158	58	C	0.16932674	0.16932674
NEG_VALIDATION_00280_01	48	0	0.85414946	10	-90	G	-0.16580167	0.16580167
NEG_VALIDATION_00280_01	49	0	0.85414946	12	-88	G	-0.16141343	0.16141343
NEG_VALIDATION_00280_01	50	0	0.85414946	125	25	G	-0.15956706	0.15956706
NEG_VALIDATION_00287_01	1	0	0.81387532	170	70	C	0.75823116	0.75823116
NEG_VALIDATION_00287_01	2	0	0.81387532	120	20	G	-0.61649632	0.61649632
NEG_VALIDATION_00287_01	3	0	0.81387532	84	-16	C	0.61204904	0.61204904
NEG_VALIDATION_00287_01	4	0	0.81387532	101	1	T	-0.59595335	0.59595335
NEG_VALIDATION_00287_01	5	0	0.81387532	153	53	G	-0.54139656	0.54139656
NEG_VALIDATION_00287_01	6	0	0.81387532	35	-65	G	-0.50833809	0.50833809
NEG_VALIDATION_00287_01	7	0	0.81387532	173	73	G	-0.45776254	0.45776254
NEG_VALIDATION_00287_01	8	0	0.81387532	190	90	C	0.45598051	0.45598051
NEG_VALIDATION_00287_01	9	0	0.81387532	142	42	G	-0.45309418	0.45309418
NEG_VALIDATION_00287_01	10	0	0.81387532	81	-19	G	-0.44826335	0.44826335
NEG_VALIDATION_00287_01	11	0	0.81387532	40	-60	G	-0.40056282	0.40056282
NEG_VALIDATION_00287_01	12	0	0.81387532	169	69	G	-0.38310856	0.38310856
NEG_VALIDATION_00287_01	13	0	0.81387532	98	-2	C	0.38103515	0.38103515
NEG_VALIDATION_00287_01	14	0	0.81387532	161	61	G	-0.36869243	0.36869243
NEG_VALIDATION_00287_01	15	0	0.81387532	56	-44	G	-0.34444952	0.34444952
NEG_VALIDATION_00287_01	16	0	0.81387532	51	-49	C	0.34053585	0.34053585
NEG_VALIDATION_00287_01	17	0	0.81387532	71	-29	C	0.32884407	0.32884407
NEG_VALIDATION_00287_01	18	0	0.81387532	160	60	G	-0.30888301	0.30888301
NEG_VALIDATION_00287_01	19	0	0.81387532	145	45	C	0.30650041	0.30650041
NEG_VALIDATION_00287_01	20	0	0.81387532	1	-99	A	0.29697752	0.29697752
NEG_VALIDATION_00287_01	21	0	0.81387532	7	-93	G	-0.28915146	0.28915146
NEG_VALIDATION_00287_01	22	0	0.81387532	77	-23	G	-0.27463081	0.27463081
NEG_VALIDATION_00287_01	23	0	0.81387532	106	6	G	-0.27264348	0.27264348
NEG_VALIDATION_00287_01	24	0	0.81387532	58	-42	G	-0.2605274	0.2605274
NEG_VALIDATION_00287_01	25	0	0.81387532	59	-41	G	-0.25938153	0.25938153
NEG_VALIDATION_00287_01	26	0	0.81387532	82	-18	G	-0.25867322	0.25867322
NEG_VALIDATION_00287_01	27	0	0.81387532	43	-57	G	-0.25364351	0.25364351
NEG_VALIDATION_00287_01	28	0	0.81387532	108	8	G	-0.23992512	0.23992512
NEG_VALIDATION_00287_01	29	0	0.81387532	52	-48	G	-0.23486316	0.23486316
NEG_VALIDATION_00287_01	30	0	0.81387532	109	9	G	-0.23060271	0.23060271
NEG_VALIDATION_00287_01	31	0	0.81387532	12	-88	C	0.23026137	0.23026137
NEG_VALIDATION_00287_01	32	0	0.81387532	2	-98	G	-0.22918682	0.22918682
NEG_VALIDATION_00287_01	33	0	0.81387532	133	33	C	0.22468883	0.22468883
NEG_VALIDATION_00287_01	34	0	0.81387532	146	46	C	0.21903256	0.21903256
NEG_VALIDATION_00287_01	35	0	0.81387532	105	5	G	-0.21128435	0.21128435
NEG_VALIDATION_00287_01	36	0	0.81387532	166	66	C	-0.20934179	0.20934179
NEG_VALIDATION_00287_01	37	0	0.81387532	4	-96	G	-0.20090124	0.20090124
NEG_VALIDATION_00287_01	38	0	0.81387532	94	-6	G	-0.20038949	0.20038949
NEG_VALIDATION_00287_01	39	0	0.81387532	130	30	G	-0.19764906	0.19764906
NEG_VALIDATION_00287_01	40	0	0.81387532	69	-31	T	-0.19425729	0.19425729
NEG_VALIDATION_00287_01	41	0	0.81387532	60	-40	G	-0.19212665	0.19212665
NEG_VALIDATION_00287_01	42	0	0.81387532	102	2	C	0.19032104	0.19032104
NEG_VALIDATION_00287_01	43	0	0.81387532	39	-61	G	-0.18811013	0.18811013
NEG_VALIDATION_00287_01	44	0	0.81387532	44	-56	G	-0.18790632	0.18790632
NEG_VALIDATION_00287_01	45	0	0.81387532	74	-26	G	-0.18788868	0.18788868
NEG_VALIDATION_00287_01	46	0	0.81387532	158	58	C	0.18365556	0.18365556
NEG_VALIDATION_00287_01	47	0	0.81387532	115	15	T	0.1808207	0.1808207
NEG_VALIDATION_00287_01	48	0	0.81387532	46	-54	C	0.18064328	0.18064328
NEG_VALIDATION_00287_01	49	0	0.81387532	93	-7	G	-0.18046239	0.18046239
NEG_VALIDATION_00287_01	50	0	0.81387532	95	-5	G	-0.17772338	0.17772338
NEG_VALIDATION_00294_01	1	0	0.80904335	113	13	C	1.0828979	1.0828979
NEG_VALIDATION_00294_01	2	0	0.80904335	195	95	G	-0.93532526	0.93532526
NEG_VALIDATION_00294_01	3	0	0.80904335	23	-77	C	0.82192516	0.82192516
NEG_VALIDATION_00294_01	4	0	0.80904335	101	1	T	-0.73676693	0.73676693
NEG_VALIDATION_00294_01	5	0	0.80904335	110	10	G	-0.66419321	0.66419321
NEG_VALIDATION_00294_01	6	0	0.80904335	191	91	C	0.53093976	0.53093976
NEG_VALIDATION_00294_01	7	0	0.80904335	93	-7	T	-0.49118429	0.49118429
NEG_VALIDATION_00294_01	8	0	0.80904335	170	70	C	0.40205607	0.40205607
NEG_VALIDATION_00294_01	9	0	0.80904335	15	-85	G	-0.36772901	0.36772901
NEG_VALIDATION_00294_01	10	0	0.80904335	84	-16	T	-0.36730462	0.36730462
NEG_VALIDATION_00294_01	11	0	0.80904335	26	-74	G	-0.36257198	0.36257198
NEG_VALIDATION_00294_01	12	0	0.80904335	76	-24	C	0.35481477	0.35481477
NEG_VALIDATION_00294_01	13	0	0.80904335	75	-25	G	-0.33372903	0.33372903
NEG_VALIDATION_00294_01	14	0	0.80904335	25	-75	G	-0.3334775	0.3334775
NEG_VALIDATION_00294_01	15	0	0.80904335	69	-31	C	0.3096016	0.3096016
NEG_VALIDATION_00294_01	16	0	0.80904335	48	-52	G	-0.29724795	0.29724795
NEG_VALIDATION_00294_01	17	0	0.80904335	103	3	C	0.29541212	0.29541212
NEG_VALIDATION_00294_01	18	0	0.80904335	51	-49	C	0.2951583	0.2951583
NEG_VALIDATION_00294_01	19	0	0.80904335	56	-44	A	0.2866852	0.2866852
NEG_VALIDATION_00294_01	20	0	0.80904335	0	-100	A	0.2847895	0.2847895
NEG_VALIDATION_00294_01	21	0	0.80904335	161	61	G	-0.28382239	0.28382239
NEG_VALIDATION_00294_01	22	0	0.80904335	82	-18	C	0.28206003	0.28206003
NEG_VALIDATION_00294_01	23	0	0.80904335	125	25	G	-0.27946258	0.27946258
NEG_VALIDATION_00294_01	24	0	0.80904335	59	-41	T	-0.27894279	0.27894279
NEG_VALIDATION_00294_01	25	0	0.80904335	196	96	G	-0.26940578	0.26940578
NEG_VALIDATION_00294_01	26	0	0.80904335	81	-19	G	-0.26882225	0.26882225
NEG_VALIDATION_00294_01	27	0	0.80904335	7	-93	G	-0.26136526	0.26136526
NEG_VALIDATION_00294_01	28	0	0.80904335	98	-2	G	-0.25635415	0.25635415
NEG_VALIDATION_00294_01	29	0	0.80904335	106	6	G	-0.25331855	0.25331855
NEG_VALIDATION_00294_01	30	0	0.80904335	166	66	G	-0.25023872	0.25023872
NEG_VALIDATION_00294_01	31	0	0.80904335	160	60	G	-0.24179453	0.24179453
NEG_VALIDATION_00294_01	32	0	0.80904335	12	-88	G	-0.23933554	0.23933554
NEG_VALIDATION_00294_01	33	0	0.80904335	121	21	C	0.22941679	0.22941679
NEG_VALIDATION_00294_01	34	0	0.80904335	169	69	G	-0.2265203	0.2265203
NEG_VALIDATION_00294_01	35	0	0.80904335	179	79	G	-0.22632322	0.22632322
NEG_VALIDATION_00294_01	36	0	0.80904335	5	-95	G	-0.22296418	0.22296418
NEG_VALIDATION_00294_01	37	0	0.80904335	64	-36	G	-0.22134019	0.22134019
NEG_VALIDATION_00294_01	38	0	0.80904335	151	51	G	-0.2165518	0.2165518
NEG_VALIDATION_00294_01	39	0	0.80904335	129	29	G	-0.21553069	0.21553069
NEG_VALIDATION_00294_01	40	0	0.80904335	80	-20	G	-0.21336949	0.21336949
NEG_VALIDATION_00294_01	41	0	0.80904335	61	-39	C	0.19680822	0.19680822
NEG_VALIDATION_00294_01	42	0	0.80904335	124	24	G	-0.19313085	0.19313085
NEG_VALIDATION_00294_01	43	0	0.80904335	173	73	A	-0.19301577	0.19301577
NEG_VALIDATION_00294_01	44	0	0.80904335	83	-17	C	0.19129181	0.19129181
NEG_VALIDATION_00294_01	45	0	0.80904335	150	50	G	-0.19087976	0.19087976
NEG_VALIDATION_00294_01	46	0	0.80904335	141	41	T	-0.18334101	0.18334101
NEG_VALIDATION_00294_01	47	0	0.80904335	29	-71	G	-0.18245693	0.18245693
NEG_VALIDATION_00294_01	48	0	0.80904335	127	27	T	0.17975523	0.17975523
NEG_VALIDATION_00294_01	49	0	0.80904335	118	18	G	-0.17438176	0.17438176
NEG_VALIDATION_00294_01	50	0	0.80904335	188	88	G	-0.17087486	0.17087486
NEG_VALIDATION_00307_01	1	0	0.73407286	198	98	G	-0.86443317	0.86443317
NEG_VALIDATION_00307_01	2	0	0.73407286	36	-64	C	0.73930931	0.73930931
NEG_VALIDATION_00307_01	3	0	0.73407286	101	1	T	-0.71866608	0.71866608
NEG_VALIDATION_00307_01	4	0	0.73407286	120	20	G	-0.70983106	0.70983106
NEG_VALIDATION_00307_01	5	0	0.73407286	161	61	A	-0.6530112	0.6530112
NEG_VALIDATION_00307_01	6	0	0.73407286	23	-77	C	0.58961743	0.58961743
NEG_VALIDATION_00307_01	7	0	0.73407286	177	77	G	-0.49243656	0.49243656
NEG_VALIDATION_00307_01	8	0	0.73407286	140	40	G	-0.46659791	0.46659791
NEG_VALIDATION_00307_01	9	0	0.73407286	15	-85	G	-0.44315222	0.44315222
NEG_VALIDATION_00307_01	10	0	0.73407286	105	5	C	0.43558115	0.43558115
NEG_VALIDATION_00307_01	11	0	0.73407286	40	-60	G	-0.41003501	0.41003501
NEG_VALIDATION_00307_01	12	0	0.73407286	76	-24	C	0.38102058	0.38102058
NEG_VALIDATION_00307_01	13	0	0.73407286	196	96	G	-0.36238605	0.36238605
NEG_VALIDATION_00307_01	14	0	0.73407286	109	9	C	0.35648829	0.35648829
NEG_VALIDATION_00307_01	15	0	0.73407286	26	-74	G	-0.33614054	0.33614054
NEG_VALIDATION_00307_01	16	0	0.73407286	119	19	C	0.33466983	0.33466983
NEG_VALIDATION_00307_01	17	0	0.73407286	66	-34	C	-0.30320093	0.30320093
NEG_VALIDATION_00307_01	18	0	0.73407286	138	38	G	-0.28336033	0.28336033
NEG_VALIDATION_00307_01	19	0	0.73407286	32	-68	T	-0.27646959	0.27646959
NEG_VALIDATION_00307_01	20	0	0.73407286	185	85	G	-0.27626809	0.27626809
NEG_VALIDATION_00307_01	21	0	0.73407286	84	-16	T	-0.27450663	0.27450663
NEG_VALIDATION_00307_01	22	0	0.73407286	61	-39	C	0.26723427	0.26723427
NEG_VALIDATION_00307_01	23	0	0.73407286	154	54	C	-0.26520926	0.26520926
NEG_VALIDATION_00307_01	24	0	0.73407286	0	-100	A	0.26185137	0.26185137
NEG_VALIDATION_00307_01	25	0	0.73407286	107	7	G	-0.2460407	0.2460407
NEG_VALIDATION_00307_01	26	0	0.73407286	25	-75	G	-0.23578063	0.23578063
NEG_VALIDATION_00307_01	27	0	0.73407286	5	-95	C	-0.2309659	0.2309659
NEG_VALIDATION_00307_01	28	0	0.73407286	90	-10	G	-0.23022795	0.23022795
NEG_VALIDATION_00307_01	29	0	0.73407286	58	-42	G	-0.2299584	0.2299584
NEG_VALIDATION_00307_01	30	0	0.73407286	137	37	G	-0.22908276	0.22908276
NEG_VALIDATION_00307_01	31	0	0.73407286	56	-44	G	-0.22674555	0.22674555
NEG_VALIDATION_00307_01	32	0	0.73407286	53	-47	G	-0.22465859	0.22465859
NEG_VALIDATION_00307_01	33	0	0.73407286	197	97	T	0.2236166	0.2236166
NEG_VALIDATION_00307_01	34	0	0.73407286	125	25	G	-0.222905	0.222905
NEG_VALIDATION_00307_01	35	0	0.73407286	153	53	C	0.22226165	0.22226165
NEG_VALIDATION_00307_01	36	0	0.73407286	54	-46	G	-0.22220105	0.22220105
NEG_VALIDATION_00307_01	37	0	0.73407286	129	29	G	-0.21880618	0.21880618
NEG_VALIDATION_00307_01	38	0	0.73407286	83	-17	C	0.20885727	0.20885727
NEG_VALIDATION_00307_01	39	0	0.73407286	158	58	C	0.20848627	0.20848627
NEG_VALIDATION_00307_01	40	0	0.73407286	130	30	G	-0.20557672	0.20557672
NEG_VALIDATION_00307_01	41	0	0.73407286	173	73	T	-0.20085411	0.20085411
NEG_VALIDATION_00307_01	42	0	0.73407286	133	33	T	0.19858864	0.19858864
NEG_VALIDATION_00307_01	43	0	0.73407286	96	-4	G	-0.19325039	0.19325039
NEG_VALIDATION_00307_01	44	0	0.73407286	21	-79	G	-0.19300246	0.19300246
NEG_VALIDATION_00307_01	45	0	0.73407286	30	-70	T	-0.18560544	0.18560544
NEG_VALIDATION_00307_01	46	0	0.73407286	111	11	C	0.1819354	0.1819354
NEG_VALIDATION_00307_01	47	0	0.73407286	19	-81	G	-0.17958406	0.17958406
NEG_VALIDATION_00307_01	48	0	0.73407286	115	15	C	0.17826682	0.17826682
NEG_VALIDATION_00307_01	49	0	0.73407286	49	-51	C	0.17576823	0.17576823
NEG_VALIDATION_00307_01	50	0	0.73407286	157	57	G	-0.17571181	0.17571181
NEG_VALIDATION_00321_01	1	0	0.87857652	96	-4	C	1.2565783	1.2565783
NEG_VALIDATION_00321_01	2	0	0.87857652	23	-77	C	1.095185	1.095185
NEG_VALIDATION_00321_01	3	0	0.87857652	119	19	C	0.80038095	0.80038095
NEG_VALIDATION_00321_01	4	0	0.87857652	191	91	C	0.67705035	0.67705035
NEG_VALIDATION_00321_01	5	0	0.87857652	75	-25	C	0.54476845	0.54476845
NEG_VALIDATION_00321_01	6	0	0.87857652	140	40	G	-0.53704637	0.53704637
NEG_VALIDATION_00321_01	7	0	0.87857652	151	51	C	0.51697677	0.51697677
NEG_VALIDATION_00321_01	8	0	0.87857652	198	98	G	-0.49958044	0.49958044
NEG_VALIDATION_00321_01	9	0	0.87857652	15	-85	G	-0.49069509	0.49069509
NEG_VALIDATION_00321_01	10	0	0.87857652	76	-24	C	0.48586571	0.48586571
NEG_VALIDATION_00321_01	11	0	0.87857652	112	12	C	0.46106315	0.46106315
NEG_VALIDATION_00321_01	12	0	0.87857652	130	30	G	-0.38644391	0.38644391
NEG_VALIDATION_00321_01	13	0	0.87857652	121	21	C	0.38596666	0.38596666
NEG_VALIDATION_00321_01	14	0	0.87857652	13	-87	A	-0.37325811	0.37325811
NEG_VALIDATION_00321_01	15	0	0.87857652	171	71	G	-0.35269576	0.35269576
NEG_VALIDATION_00321_01	16	0	0.87857652	172	72	C	-0.34627065	0.34627065
NEG_VALIDATION_00321_01	17	0	0.87857652	131	31	C	0.3452943	0.3452943
NEG_VALIDATION_00321_01	18	0	0.87857652	94	-6	C	0.33737236	0.33737236
NEG_VALIDATION_00321_01	19	0	0.87857652	142	42	G	-0.32616675	0.32616675
NEG_VALIDATION_00321_01	20	0	0.87857652	2	-98	G	-0.31147319	0.31147319
NEG_VALIDATION_00321_01	21	0	0.87857652	135	35	G	-0.31118226	0.31118226
NEG_VALIDATION_00321_01	22	0	0.87857652	25	-75	G	-0.30399001	0.30399001
NEG_VALIDATION_00321_01	23	0	0.87857652	56	-44	A	0.29112577	0.29112577
NEG_VALIDATION_00321_01	24	0	0.87857652	153	53	G	-0.28749305	0.28749305
NEG_VALIDATION_00321_01	25	0	0.87857652	74	-26	T	-0.28505275	0.28505275
NEG_VALIDATION_00321_01	26	0	0.87857652	138	38	G	-0.27680516	0.27680516
NEG_VALIDATION_00321_01	27	0	0.87857652	69	-31	A	-0.26771975	0.26771975
NEG_VALIDATION_00321_01	28	0	0.87857652	27	-73	T	-0.26493561	0.26493561
NEG_VALIDATION_00321_01	29	0	0.87857652	116	16	A	-0.26223603	0.26223603
NEG_VALIDATION_00321_01	30	0	0.87857652	57	-43	G	-0.25648153	0.25648153
NEG_VALIDATION_00321_01	31	0	0.87857652	108	8	C	0.2554014	0.2554014
NEG_VALIDATION_00321_01	32	0	0.87857652	160	60	G	-0.24219333	0.24219333
NEG_VALIDATION_00321_01	33	0	0.87857652	195	95	C	0.23997286	0.23997286
NEG_VALIDATION_00321_01	34	0	0.87857652	169	69	C	0.23490383	0.23490383
NEG_VALIDATION_00321_01	35	0	0.87857652	87	-13	G	-0.2346091	0.2346091
NEG_VALIDATION_00321_01	36	0	0.87857652	59	-41	T	-0.2283642	0.2283642
NEG_VALIDATION_00321_01	37	0	0.87857652	194	94	G	-0.22798572	0.22798572
NEG_VALIDATION_00321_01	38	0	0.87857652	155	55	C	0.22751246	0.22751246
NEG_VALIDATION_00321_01	39	0	0.87857652	52	-48	T	-0.2256256	0.2256256
NEG_VALIDATION_00321_01	40	0	0.87857652	91	-9	C	0.22261254	0.22261254
NEG_VALIDATION_00321_01	41	0	0.87857652	5	-95	G	-0.21836829	0.21836829
NEG_VALIDATION_00321_01	42	0	0.87857652	106	6	G	-0.21542573	0.21542573
NEG_VALIDATION_00321_01	43	0	0.87857652	16	-84	G	-0.2136931	0.2136931
NEG_VALIDATION_00321_01	44	0	0.87857652	111	11	T	-0.21043262	0.21043262
NEG_VALIDATION_00321_01	45	0	0.87857652	8	-92	T	-0.21037702	0.21037702
NEG_VALIDATION_00321_01	46	0	0.87857652	92	-8	A	-0.20876017	0.20876017
NEG_VALIDATION_00321_01	47	0	0.87857652	104	4	G	-0.19960478	0.19960478
NEG_VALIDATION_00321_01	48	0	0.87857652	6	-94	A	-0.19657391	0.19657391
NEG_VALIDATION_00321_01	49	0	0.87857652	0	-100	G	-0.1933587	0.1933587
NEG_VALIDATION_00321_01	50	0	0.87857652	98	-2	C	0.1904031	0.1904031
NEG_VALIDATION_00323_01	1	0	0.88683695	161	61	T	-0.94909996	0.94909996
NEG_VALIDATION_00323_01	2	0	0.88683695	191	91	C	0.65162736	0.65162736
NEG_VALIDATION_00323_01	3	0	0.88683695	167	67	C	0.61618054	0.61618054
NEG_VALIDATION_00323_01	4	0	0.88683695	75	-25	C	0.55061197	0.55061197
NEG_VALIDATION_00323_01	5	0	0.88683695	99	-1	C	0.51722097	0.51722097
NEG_VALIDATION_00323_01	6	0	0.88683695	32	-68	G	-0.489104	0.489104
NEG_VALIDATION_00323_01	7	0	0.88683695	198	98	G	-0.47533894	0.47533894
NEG_VALIDATION_00323_01	8	0	0.88683695	87	-13	G	-0.45127451	0.45127451
NEG_VALIDATION_00323_01	9	0	0.88683695	41	-59	G	-0.43074366	0.43074366
NEG_VALIDATION_00323_01	10	0	0.88683695	51	-49	C	0.4225156	0.4225156
NEG_VALIDATION_00323_01	11	0	0.88683695	109	9	C	0.41196999	0.41196999
NEG_VALIDATION_00323_01	12	0	0.88683695	90	-10	C	0.40302742	0.40302742
NEG_VALIDATION_00323_01	13	0	0.88683695	106	6	G	-0.38423118	0.38423118
NEG_VALIDATION_00323_01	14	0	0.88683695	40	-60	G	-0.38107991	0.38107991
NEG_VALIDATION_00323_01	15	0	0.88683695	26	-74	G	-0.37933391	0.37933391
NEG_VALIDATION_00323_01	16	0	0.88683695	116	16	G	-0.377233	0.377233
NEG_VALIDATION_00323_01	17	0	0.88683695	112	12	C	0.36724919	0.36724919
NEG_VALIDATION_00323_01	18	0	0.88683695	196	96	G	-0.35972103	0.35972103
NEG_VALIDATION_00323_01	19	0	0.88683695	115	15	C	0.33193171	0.33193171
NEG_VALIDATION_00323_01	20	0	0.88683695	0	-100	A	0.32233891	0.32233891
NEG_VALIDATION_00323_01	21	0	0.88683695	82	-18	C	0.32167429	0.32167429
NEG_VALIDATION_00323_01	22	0	0.88683695	172	72	C	0.31705785	0.31705785
NEG_VALIDATION_00323_01	23	0	0.88683695	171	71	G	-0.31649193	0.31649193
NEG_VALIDATION_00323_01	24	0	0.88683695	7	-93	G	-0.30904406	0.30904406
NEG_VALIDATION_00323_01	25	0	0.88683695	16	-84	G	-0.2963731	0.2963731
NEG_VALIDATION_00323_01	26	0	0.88683695	174	74	G	-0.29443589	0.29443589
NEG_VALIDATION_00323_01	27	0	0.88683695	10	-90	G	-0.28881407	0.28881407
NEG_VALIDATION_00323_01	28	0	0.88683695	49	-51	C	0.28532743	0.28532743
NEG_VALIDATION_00323_01	29	0	0.88683695	123	23	C	0.28530669	0.28530669
NEG_VALIDATION_00323_01	30	0	0.88683695	119	19	C	0.26563409	0.26563409
NEG_VALIDATION_00323_01	31	0	0.88683695	151	51	G	-0.2461299	0.2461299
NEG_VALIDATION_00323_01	32	0	0.88683695	177	77	C	0.24005659	0.24005659
NEG_VALIDATION_00323_01	33	0	0.88683695	166	66	G	-0.23671757	0.23671757
NEG_VALIDATION_00323_01	34	0	0.88683695	114	14	G	-0.23325077	0.23325077
NEG_VALIDATION_00323_01	35	0	0.88683695	33	-67	C	0.23301068	0.23301068
NEG_VALIDATION_00323_01	36	0	0.88683695	158	58	C	0.22875139	0.22875139
NEG_VALIDATION_00323_01	37	0	0.88683695	126	26	A	-0.22235405	0.22235405
NEG_VALIDATION_00323_01	38	0	0.88683695	83	-17	C	0.22069544	0.22069544
NEG_VALIDATION_00323_01	39	0	0.88683695	12	-88	G	-0.21980192	0.21980192
NEG_VALIDATION_00323_01	40	0	0.88683695	173	73	T	-0.21951351	0.21951351
NEG_VALIDATION_00323_01	41	0	0.88683695	54	-46	G	-0.2142472	0.2142472
NEG_VALIDATION_00323_01	42	0	0.88683695	184	84	T	-0.20983651	0.20983651
NEG_VALIDATION_00323_01	43	0	0.88683695	111	11	A	-0.2069135	0.2069135
NEG_VALIDATION_00323_01	44	0	0.88683695	77	-23	G	-0.20263043	0.20263043
NEG_VALIDATION_00323_01	45	0	0.88683695	132	32	G	-0.19751248	0.19751248
NEG_VALIDATION_00323_01	46	0	0.88683695	2	-98	T	-0.1864911	0.1864911
NEG_VALIDATION_00323_01	47	0	0.88683695	139	39	C	-0.18446879	0.18446879
NEG_VALIDATION_00323_01	48	0	0.88683695	127	27	T	0.18168885	0.18168885
NEG_VALIDATION_00323_01	49	0	0.88683695	62	-38	G	-0.17896518	0.17896518
NEG_VALIDATION_00323_01	50	0	0.88683695	143	43	A	-0.17645752	0.17645752
NEG_VALIDATION_00330_01	1	0	0.76871914	42	-58	C	-0.99668854	0.99668854
NEG_VALIDATION_00330_01	2	0	0.76871914	113	13	C	0.81334889	0.81334889
NEG_VALIDATION_00330_01	3	0	0.76871914	96	-4	C	0.78906274	0.78906274
NEG_VALIDATION_00330_01	4	0	0.76871914	99	-1	C	0.52652115	0.52652115
NEG_VALIDATION_00330_01	5	0	0.76871914	23	-77	C	0.4560537	0.4560537
NEG_VALIDATION_00330_01	6	0	0.76871914	45	-55	G	-0.42604783	0.42604783
NEG_VALIDATION_00330_01	7	0	0.76871914	93	-7	T	-0.40568689	0.40568689
NEG_VALIDATION_00330_01	8	0	0.76871914	198	98	G	-0.35023504	0.35023504
NEG_VALIDATION_00330_01	9	0	0.76871914	41	-59	G	-0.33678132	0.33678132
NEG_VALIDATION_00330_01	10	0	0.76871914	69	-31	T	-0.33218992	0.33218992
NEG_VALIDATION_00330_01	11	0	0.76871914	15	-85	G	-0.31458282	0.31458282
NEG_VALIDATION_00330_01	12	0	0.76871914	28	-72	G	-0.30698559	0.30698559
NEG_VALIDATION_00330_01	13	0	0.76871914	52	-48	A	-0.30460492	0.30460492
NEG_VALIDATION_00330_01	14	0	0.76871914	138	38	A	-0.28873521	0.28873521
NEG_VALIDATION_00330_01	15	0	0.76871914	103	3	C	0.2781705	0.2781705
NEG_VALIDATION_00330_01	16	0	0.76871914	185	85	G	-0.27108765	0.27108765
NEG_VALIDATION_00330_01	17	0	0.76871914	140	40	G	-0.26677436	0.26677436
NEG_VALIDATION_00330_01	18	0	0.76871914	111	11	C	0.26593283	0.26593283
NEG_VALIDATION_00330_01	19	0	0.76871914	161	61	C	0.26487479	0.26487479
NEG_VALIDATION_00330_01	20	0	0.76871914	126	26	A	-0.26260787	0.26260787
NEG_VALIDATION_00330_01	21	0	0.76871914	26	-74	G	-0.25476366	0.25476366
NEG_VALIDATION_00330_01	22	0	0.76871914	32	-68	G	-0.23741852	0.23741852
NEG_VALIDATION_00330_01	23	0	0.76871914	106	6	G	-0.23554082	0.23554082
NEG_VALIDATION_00330_01	24	0	0.76871914	123	23	C	0.23361209	0.23361209
NEG_VALIDATION_00330_01	25	0	0.76871914	6	-94	T	-0.23332012	0.23332012
NEG_VALIDATION_00330_01	26	0	0.76871914	92	-8	A	-0.22588739	0.22588739
NEG_VALIDATION_00330_01	27	0	0.76871914	171	71	G	-0.22563103	0.22563103
NEG_VALIDATION_00330_01	28	0	0.76871914	173	73	A	-0.22414976	0.22414976
NEG_VALIDATION_00330_01	29	0	0.76871914	74	-26	G	-0.20878196	0.20878196
NEG_VALIDATION_00330_01	30	0	0.76871914	116	16	G	-0.19848661	0.19848661
NEG_VALIDATION_00330_01	31	0	0.76871914	141	41	A	-0.19753139	0.19753139
NEG_VALIDATION_00330_01	32	0	0.76871914	90	-10	G	-0.19696008	0.19696008
NEG_VALIDATION_00330_01	33	0	0.76871914	142	42	G	-0.19515692	0.19515692
NEG_VALIDATION_00330_01	34	0	0.76871914	35	-65	T	0.1890347	0.1890347
NEG_VALIDATION_00330_01	35	0	0.76871914	121	21	C	0.18496516	0.18496516
NEG_VALIDATION_00330_01	36	0	0.76871914	56	-44	G	-0.17478193	0.17478193
NEG_VALIDATION_00330_01	37	0	0.76871914	194	94	G	-0.1746521	0.1746521
NEG_VALIDATION_00330_01	38	0	0.76871914	94	-6	G	-0.17338185	0.17338185
NEG_VALIDATION_00330_01	39	0	0.76871914	12	-88	C	0.1688363	0.1688363
NEG_VALIDATION_00330_01	40	0	0.76871914	2	-98	T	-0.16736534	0.16736534
NEG_VALIDATION_00330_01	41	0	0.76871914	75	-25	A	-0.1670918	0.1670918
NEG_VALIDATION_00330_01	42	0	0.76871914	189	89	C	-0.16193798	0.16193798
NEG_VALIDATION_00330_01	43	0	0.76871914	164	64	G	-0.16148047	0.16148047
NEG_VALIDATION_00330_01	44	0	0.76871914	170	70	A	0.1566551	0.1566551
NEG_VALIDATION_00330_01	45	0	0.76871914	152	52	C	0.15065639	0.15065639
NEG_VALIDATION_00330_01	46	0	0.76871914	61	-39	C	0.14855817	0.14855817
NEG_VALIDATION_00330_01	47	0	0.76871914	196	96	G	-0.14524415	0.14524415
NEG_VALIDATION_00330_01	48	0	0.76871914	77	-23	G	-0.14403877	0.14403877
NEG_VALIDATION_00330_01	49	0	0.76871914	154	54	A	-0.14100376	0.14100376
NEG_VALIDATION_00330_01	50	0	0.76871914	114	14	G	-0.1404762	0.1404762
NEG_VALIDATION_00341_01	1	0	0.72879004	42	-58	C	-1.0311651	1.0311651
NEG_VALIDATION_00341_01	2	0	0.72879004	195	95	G	-0.90692812	0.90692812
NEG_VALIDATION_00341_01	3	0	0.72879004	101	1	T	-0.76299638	0.76299638
NEG_VALIDATION_00341_01	4	0	0.72879004	161	61	T	-0.62310278	0.62310278
NEG_VALIDATION_00341_01	5	0	0.72879004	36	-64	C	0.60905886	0.60905886
NEG_VALIDATION_00341_01	6	0	0.72879004	23	-77	C	0.55746955	0.55746955
NEG_VALIDATION_00341_01	7	0	0.72879004	191	91	C	0.46952727	0.46952727
NEG_VALIDATION_00341_01	8	0	0.72879004	99	-1	C	0.42233521	0.42233521
NEG_VALIDATION_00341_01	9	0	0.72879004	141	41	T	-0.39811528	0.39811528
NEG_VALIDATION_00341_01	10	0	0.72879004	76	-24	C	0.3949005	0.3949005
NEG_VALIDATION_00341_01	11	0	0.72879004	35	-65	G	-0.39023921	0.39023921
NEG_VALIDATION_00341_01	12	0	0.72879004	32	-68	G	-0.37138918	0.37138918
NEG_VALIDATION_00341_01	13	0	0.72879004	120	20	G	-0.36484325	0.36484325
NEG_VALIDATION_00341_01	14	0	0.72879004	69	-31	T	-0.33834204	0.33834204
NEG_VALIDATION_00341_01	15	0	0.72879004	190	90	C	0.326139	0.326139
NEG_VALIDATION_00341_01	16	0	0.72879004	52	-48	A	-0.31934783	0.31934783
NEG_VALIDATION_00341_01	17	0	0.72879004	75	-25	C	0.27183348	0.27183348
NEG_VALIDATION_00341_01	18	0	0.72879004	41	-59	G	-0.25489122	0.25489122
NEG_VALIDATION_00341_01	19	0	0.72879004	47	-53	T	-0.25094983	0.25094983
NEG_VALIDATION_00341_01	20	0	0.72879004	51	-49	C	0.23796244	0.23796244
NEG_VALIDATION_00341_01	21	0	0.72879004	116	16	C	-0.23683092	0.23683092
NEG_VALIDATION_00341_01	22	0	0.72879004	90	-10	G	-0.23349944	0.23349944
NEG_VALIDATION_00341_01	23	0	0.72879004	93	-7	C	0.23171714	0.23171714
NEG_VALIDATION_00341_01	24	0	0.72879004	160	60	G	-0.22783329	0.22783329
NEG_VALIDATION_00341_01	25	0	0.72879004	103	3	A	-0.22336118	0.22336118
NEG_VALIDATION_00341_01	26	0	0.72879004	125	25	G	-0.21381292	0.21381292
NEG_VALIDATION_00341_01	27	0	0.72879004	56	-44	A	0.21345501	0.21345501
NEG_VALIDATION_00341_01	28	0	0.72879004	3	-97	C	0.20487697	0.20487697
NEG_VALIDATION_00341_01	29	0	0.72879004	53	-47	G	-0.19443518	0.19443518
NEG_VALIDATION_00341_01	30	0	0.72879004	81	-19	G	-0.19176258	0.19176258
NEG_VALIDATION_00341_01	31	0	0.72879004	178	78	C	0.19068238	0.19068238
NEG_VALIDATION_00341_01	32	0	0.72879004	106	6	G	-0.18938982	0.18938982
NEG_VALIDATION_00341_01	33	0	0.72879004	153	53	G	-0.18654242	0.18654242
NEG_VALIDATION_00341_01	34	0	0.72879004	59	-41	G	-0.18387708	0.18387708
NEG_VALIDATION_00341_01	35	0	0.72879004	10	-90	G	-0.17990185	0.17990185
NEG_VALIDATION_00341_01	36	0	0.72879004	173	73	T	-0.17862149	0.17862149
NEG_VALIDATION_00341_01	37	0	0.72879004	111	11	G	-0.17581721	0.17581721
NEG_VALIDATION_00341_01	38	0	0.72879004	107	7	G	-0.172373	0.172373
NEG_VALIDATION_00341_01	39	0	0.72879004	143	43	A	-0.15944833	0.15944833
NEG_VALIDATION_00341_01	40	0	0.72879004	150	50	G	-0.15913403	0.15913403
NEG_VALIDATION_00341_01	41	0	0.72879004	96	-4	A	-0.15614289	0.15614289
NEG_VALIDATION_00341_01	42	0	0.72879004	5	-95	G	-0.15308563	0.15308563
NEG_VALIDATION_00341_01	43	0	0.72879004	2	-98	T	-0.14476734	0.14476734
NEG_VALIDATION_00341_01	44	0	0.72879004	8	-92	G	-0.13991925	0.13991925
NEG_VALIDATION_00341_01	45	0	0.72879004	121	21	C	0.13941412	0.13941412
NEG_VALIDATION_00341_01	46	0	0.72879004	25	-75	T	-0.13835716	0.13835716
NEG_VALIDATION_00341_01	47	0	0.72879004	94	-6	A	-0.13611338	0.13611338
NEG_VALIDATION_00341_01	48	0	0.72879004	114	14	G	-0.1357767	0.1357767
NEG_VALIDATION_00341_01	49	0	0.72879004	171	71	G	-0.13146698	0.13146698
NEG_VALIDATION_00341_01	50	0	0.72879004	181	81	C	0.13016386	0.13016386
NEG_VALIDATION_00357_01	1	0	0.89007413	195	95	G	-1.3443818	1.3443818
NEG_VALIDATION_00357_01	2	0	0.89007413	161	61	C	0.75562251	0.75562251
NEG_VALIDATION_00357_01	3	0	0.89007413	47	-53	G	-0.73064363	0.73064363
NEG_VALIDATION_00357_01	4	0	0.89007413	101	1	T	-0.69576299	0.69576299
NEG_VALIDATION_00357_01	5	0	0.89007413	84	-16	C	0.64134651	0.64134651
NEG_VALIDATION_00357_01	6	0	0.89007413	191	91	C	0.63401437	0.63401437
NEG_VALIDATION_00357_01	7	0	0.89007413	93	-7	T	-0.55992448	0.55992448
NEG_VALIDATION_00357_01	8	0	0.89007413	170	70	C	0.52936542	0.52936542
NEG_VALIDATION_00357_01	9	0	0.89007413	198	98	G	-0.52824891	0.52824891
NEG_VALIDATION_00357_01	10	0	0.89007413	42	-58	C	-0.50817144	0.50817144
NEG_VALIDATION_00357_01	11	0	0.89007413	99	-1	C	0.49410334	0.49410334
NEG_VALIDATION_00357_01	12	0	0.89007413	109	9	C	0.44910526	0.44910526
NEG_VALIDATION_00357_01	13	0	0.89007413	177	77	G	-0.44545737	0.44545737
NEG_VALIDATION_00357_01	14	0	0.89007413	75	-25	C	0.42694741	0.42694741
NEG_VALIDATION_00357_01	15	0	0.89007413	35	-65	C	0.40730059	0.40730059
NEG_VALIDATION_00357_01	16	0	0.89007413	112	12	C	0.39291772	0.39291772
NEG_VALIDATION_00357_01	17	0	0.89007413	69	-31	T	-0.38364226	0.38364226
NEG_VALIDATION_00357_01	18	0	0.89007413	41	-59	G	-0.37013593	0.37013593
NEG_VALIDATION_00357_01	19	0	0.89007413	185	85	G	-0.33778399	0.33778399
NEG_VALIDATION_00357_01	20	0	0.89007413	152	52	C	0.31155148	0.31155148
NEG_VALIDATION_00357_01	21	0	0.89007413	40	-60	G	-0.30371413	0.30371413
NEG_VALIDATION_00357_01	22	0	0.89007413	80	-20	G	-0.29597187	0.29597187
NEG_VALIDATION_00357_01	23	0	0.89007413	0	-100	T	0.29172322	0.29172322
NEG_VALIDATION_00357_01	24	0	0.89007413	123	23	C	0.28703046	0.28703046
NEG_VALIDATION_00357_01	25	0	0.89007413	132	32	C	0.27826643	0.27826643
NEG_VALIDATION_00357_01	26	0	0.89007413	194	94	G	-0.27658719	0.27658719
NEG_VALIDATION_00357_01	27	0	0.89007413	55	-45	G	-0.27588516	0.27588516
NEG_VALIDATION_00357_01	28	0	0.89007413	83	-17	C	0.27374622	0.27374622
NEG_VALIDATION_00357_01	29	0	0.89007413	90	-10	G	-0.2632491	0.2632491
NEG_VALIDATION_00357_01	30	0	0.89007413	116	16	G	-0.26033768	0.26033768
NEG_VALIDATION_00357_01	31	0	0.89007413	125	25	G	-0.25330788	0.25330788
NEG_VALIDATION_00357_01	32	0	0.89007413	34	-66	C	0.25138542	0.25138542
NEG_VALIDATION_00357_01	33	0	0.89007413	155	55	C	0.24128021	0.24128021
NEG_VALIDATION_00357_01	34	0	0.89007413	28	-72	G	-0.23646565	0.23646565
NEG_VALIDATION_00357_01	35	0	0.89007413	144	44	C	0.2294675	0.2294675
NEG_VALIDATION_00357_01	36	0	0.89007413	67	-33	C	0.22939593	0.22939593
NEG_VALIDATION_00357_01	37	0	0.89007413	137	37	G	-0.22743174	0.22743174
NEG_VALIDATION_00357_01	38	0	0.89007413	129	29	C	0.21824779	0.21824779
NEG_VALIDATION_00357_01	39	0	0.89007413	179	79	G	-0.21740639	0.21740639
NEG_VALIDATION_00357_01	40	0	0.89007413	151	51	G	-0.21500747	0.21500747
NEG_VALIDATION_00357_01	41	0	0.89007413	138	38	A	-0.21134514	0.21134514
NEG_VALIDATION_00357_01	42	0	0.89007413	111	11	A	-0.21024524	0.21024524
NEG_VALIDATION_00357_01	43	0	0.89007413	131	31	G	-0.20395309	0.20395309
NEG_VALIDATION_00357_01	44	0	0.89007413	115	15	A	0.20129277	0.20129277
NEG_VALIDATION_00357_01	45	0	0.89007413	52	-48	G	-0.20097004	0.20097004
NEG_VALIDATION_00357_01	46	0	0.89007413	74	-26	T	-0.19718848	0.19718848
NEG_VALIDATION_00357_01	47	0	0.89007413	98	-2	C	0.19425964	0.19425964
NEG_VALIDATION_00357_01	48	0	0.89007413	105	5	G	-0.19306909	0.19306909
NEG_VALIDATION_00357_01	49	0	0.89007413	119	19	C	0.19253218	0.19253218
NEG_VALIDATION_00357_01	50	0	0.89007413	120	20	C	0.18925019	0.18925019
NEG_VALIDATION_00361_01	1	0	0.83409333	161	61	A	-0.69196457	0.69196457
NEG_VALIDATION_00361_01	2	0	0.83409333	25	-75	C	-0.45019928	0.45019928
NEG_VALIDATION_00361_01	3	0	0.83409333	87	-13	G	-0.38733354	0.38733354
NEG_VALIDATION_00361_01	4	0	0.83409333	99	-1	C	0.37362373	0.37362373
NEG_VALIDATION_00361_01	5	0	0.83409333	35	-65	G	-0.36029837	0.36029837
NEG_VALIDATION_00361_01	6	0	0.83409333	138	38	A	-0.32618371	0.32618371
NEG_VALIDATION_00361_01	7	0	0.83409333	126	26	T	-0.31614286	0.31614286
NEG_VALIDATION_00361_01	8	0	0.83409333	123	23	A	-0.31091267	0.31091267
NEG_VALIDATION_00361_01	9	0	0.83409333	93	-7	A	-0.28249723	0.28249723
NEG_VALIDATION_00361_01	10	0	0.83409333	41	-59	G	-0.28108147	0.28108147
NEG_VALIDATION_00361_01	11	0	0.83409333	106	6	G	-0.27600944	0.27600944
NEG_VALIDATION_00361_01	12	0	0.83409333	196	96	C	0.27080232	0.27080232
NEG_VALIDATION_00361_01	13	0	0.83409333	184	84	C	-0.27023512	0.27023512
NEG_VALIDATION_00361_01	14	0	0.83409333	84	-16	T	-0.2700488	0.2700488
NEG_VALIDATION_00361_01	15	0	0.83409333	171	71	G	-0.26881659	0.26881659
NEG_VALIDATION_00361_01	16	0	0.83409333	1	-99	A	0.24829462	0.24829462
NEG_VALIDATION_00361_01	17	0	0.83409333	167	67	G	-0.24659206	0.24659206
NEG_VALIDATION_00361_01	18	0	0.83409333	69	-31	C	0.24245246	0.24245246
NEG_VALIDATION_00361_01	19	0	0.83409333	74	-26	T	-0.24045241	0.24045241
NEG_VALIDATION_00361_01	20	0	0.83409333	0	-100	A	0.23937909	0.23937909
NEG_VALIDATION_00361_01	21	0	0.83409333	190	90	C	0.23176531	0.23176531
NEG_VALIDATION_00361_01	22	0	0.83409333	42	-58	G	-0.22840182	0.22840182
NEG_VALIDATION_00361_01	23	0	0.83409333	56	-44	G	-0.22824597	0.22824597
NEG_VALIDATION_00361_01	24	0	0.83409333	66	-34	C	-0.2147709	0.2147709
NEG_VALIDATION_00361_01	25	0	0.83409333	115	15	T	0.20593998	0.20593998
NEG_VALIDATION_00361_01	26	0	0.83409333	75	-25	C	0.19744685	0.19744685
NEG_VALIDATION_00361_01	27	0	0.83409333	82	-18	C	0.19059557	0.19059557
NEG_VALIDATION_00361_01	28	0	0.83409333	172	72	G	-0.17820996	0.17820996
NEG_VALIDATION_00361_01	29	0	0.83409333	151	51	C	0.17685324	0.17685324
NEG_VALIDATION_00361_01	30	0	0.83409333	143	43	C	0.17422697	0.17422697
NEG_VALIDATION_00361_01	31	0	0.83409333	27	-73	C	0.17173949	0.17173949
NEG_VALIDATION_00361_01	32	0	0.83409333	129	29	G	-0.17010646	0.17010646
NEG_VALIDATION_00361_01	33	0	0.83409333	197	97	T	0.16912983	0.16912983
NEG_VALIDATION_00361_01	34	0	0.83409333	122	22	G	-0.16732757	0.16732757
NEG_VALIDATION_00361_01	35	0	0.83409333	52	-48	C	-0.16726735	0.16726735
NEG_VALIDATION_00361_01	36	0	0.83409333	80	-20	G	-0.16567107	0.16567107
NEG_VALIDATION_00361_01	37	0	0.83409333	47	-53	T	-0.16530454	0.16530454
NEG_VALIDATION_00361_01	38	0	0.83409333	119	19	C	0.16451924	0.16451924
NEG_VALIDATION_00361_01	39	0	0.83409333	153	53	G	-0.15802842	0.15802842
NEG_VALIDATION_00361_01	40	0	0.83409333	154	54	G	-0.15800589	0.15800589
NEG_VALIDATION_00361_01	41	0	0.83409333	114	14	G	-0.15490645	0.15490645
NEG_VALIDATION_00361_01	42	0	0.83409333	102	2	T	-0.15473282	0.15473282
NEG_VALIDATION_00361_01	43	0	0.83409333	92	-8	G	-0.15042035	0.15042035
NEG_VALIDATION_00361_01	44	0	0.83409333	137	37	G	-0.14446676	0.14446676
NEG_VALIDATION_00361_01	45	0	0.83409333	90	-10	C	0.14305082	0.14305082
NEG_VALIDATION_00361_01	46	0	0.83409333	94	-6	G	-0.14084357	0.14084357
NEG_VALIDATION_00361_01	47	0	0.83409333	111	11	A	-0.13820735	0.13820735
NEG_VALIDATION_00361_01	48	0	0.83409333	11	-89	G	-0.13762471	0.13762471
NEG_VALIDATION_00361_01	49	0	0.83409333	8	-92	T	-0.13672626	0.13672626
NEG_VALIDATION_00361_01	50	0	0.83409333	78	-22	C	0.1351926	0.1351926
NEG_VALIDATION_00367_01	1	0	0.75352675	113	13	C	1.1064045	1.1064045
NEG_VALIDATION_00367_01	2	0	0.75352675	161	61	A	-0.90593195	0.90593195
NEG_VALIDATION_00367_01	3	0	0.75352675	47	-53	G	-0.81594342	0.81594342
NEG_VALIDATION_00367_01	4	0	0.75352675	99	-1	C	0.60086608	0.60086608
NEG_VALIDATION_00367_01	5	0	0.75352675	52	-48	A	-0.56816953	0.56816953
NEG_VALIDATION_00367_01	6	0	0.75352675	101	1	C	-0.47297579	0.47297579
NEG_VALIDATION_00367_01	7	0	0.75352675	173	73	C	0.46573678	0.46573678
NEG_VALIDATION_00367_01	8	0	0.75352675	181	81	G	-0.45004284	0.45004284
NEG_VALIDATION_00367_01	9	0	0.75352675	148	48	G	-0.41978419	0.41978419
NEG_VALIDATION_00367_01	10	0	0.75352675	140	40	G	-0.41415235	0.41415235
NEG_VALIDATION_00367_01	11	0	0.75352675	190	90	C	0.37730163	0.37730163
NEG_VALIDATION_00367_01	12	0	0.75352675	198	98	C	-0.34719065	0.34719065
NEG_VALIDATION_00367_01	13	0	0.75352675	160	60	G	-0.34712163	0.34712163
NEG_VALIDATION_00367_01	14	0	0.75352675	75	-25	T	-0.34310019	0.34310019
NEG_VALIDATION_00367_01	15	0	0.75352675	170	70	C	0.31202149	0.31202149
NEG_VALIDATION_00367_01	16	0	0.75352675	103	3	C	0.29564402	0.29564402
NEG_VALIDATION_00367_01	17	0	0.75352675	87	-13	G	-0.29369259	0.29369259
NEG_VALIDATION_00367_01	18	0	0.75352675	13	-87	A	-0.28588462	0.28588462
NEG_VALIDATION_00367_01	19	0	0.75352675	0	-100	T	0.2842744	0.2842744
NEG_VALIDATION_00367_01	20	0	0.75352675	164	64	C	-0.27248588	0.27248588
NEG_VALIDATION_00367_01	21	0	0.75352675	90	-10	G	-0.26096031	0.26096031
NEG_VALIDATION_00367_01	22	0	0.75352675	84	-16	C	0.25148568	0.25148568
NEG_VALIDATION_00367_01	23	0	0.75352675	129	29	C	0.24991745	0.24991745
NEG_VALIDATION_00367_01	24	0	0.75352675	8	-92	C	-0.24866183	0.24866183
NEG_VALIDATION_00367_01	25	0	0.75352675	153	53	G	-0.24491739	0.24491739
NEG_VALIDATION_00367_01	26	0	0.75352675	171	71	G	-0.24376374	0.24376374
NEG_VALIDATION_00367_01	27	0	0.75352675	53	-47	G	-0.23976952	0.23976952
NEG_VALIDATION_00367_01	28	0	0.75352675	193	93	C	-0.23474722	0.23474722
NEG_VALIDATION_00367_01	29	0	0.75352675	139	39	G	-0.21854214	0.21854214
NEG_VALIDATION_00367_01	30	0	0.75352675	115	15	G	-0.21756381	0.21756381
NEG_VALIDATION_00367_01	31	0	0.75352675	89	-11	C	0.21592987	0.21592987
NEG_VALIDATION_00367_01	32	0	0.75352675	3	-97	C	0.2138586	0.2138586
NEG_VALIDATION_00367_01	33	0	0.75352675	35	-65	T	0.20509607	0.20509607
NEG_VALIDATION_00367_01	34	0	0.75352675	10	-90	G	-0.20382024	0.20382024
NEG_VALIDATION_00367_01	35	0	0.75352675	42	-58	G	-0.20033354	0.20033354
NEG_VALIDATION_00367_01	36	0	0.75352675	187	87	C	0.19059573	0.19059573
NEG_VALIDATION_00367_01	37	0	0.75352675	66	-34	T	-0.17729458	0.17729458
NEG_VALIDATION_00367_01	38	0	0.75352675	162	62	G	-0.17712367	0.17712367
NEG_VALIDATION_00367_01	39	0	0.75352675	48	-52	C	-0.17692329	0.17692329
NEG_VALIDATION_00367_01	40	0	0.75352675	122	22	G	-0.17692056	0.17692056
NEG_VALIDATION_00367_01	41	0	0.75352675	112	12	C	0.16379592	0.16379592
NEG_VALIDATION_00367_01	42	0	0.75352675	83	-17	G	-0.16190124	0.16190124
NEG_VALIDATION_00367_01	43	0	0.75352675	154	54	G	-0.16189319	0.16189319
NEG_VALIDATION_00367_01	44	0	0.75352675	6	-94	T	-0.15869167	0.15869167
NEG_VALIDATION_00367_01	45	0	0.75352675	51	-49	G	-0.15258121	0.15258121
NEG_VALIDATION_00367_01	46	0	0.75352675	145	45	C	0.15090051	0.15090051
NEG_VALIDATION_00367_01	47	0	0.75352675	132	32	G	-0.15063354	0.15063354
NEG_VALIDATION_00367_01	48	0	0.75352675	31	-69	A	-0.14924504	0.14924504
NEG_VALIDATION_00367_01	49	0	0.75352675	172	72	G	-0.1485818	0.1485818
NEG_VALIDATION_00367_01	50	0	0.75352675	143	43	C	0.14736593	0.14736593
NEG_VALIDATION_00377_01	1	0	0.77436018	195	95	G	-1.2962756	1.2962756
NEG_VALIDATION_00377_01	2	0	0.77436018	23	-77	C	0.87274849	0.87274849
NEG_VALIDATION_00377_01	3	0	0.77436018	181	81	G	-0.62374187	0.62374187
NEG_VALIDATION_00377_01	4	0	0.77436018	1	-99	C	0.5911628	0.5911628
NEG_VALIDATION_00377_01	5	0	0.77436018	148	48	G	-0.52363563	0.52363563
NEG_VALIDATION_00377_01	6	0	0.77436018	99	-1	C	0.4383761	0.4383761
NEG_VALIDATION_00377_01	7	0	0.77436018	55	-45	G	-0.40323234	0.40323234
NEG_VALIDATION_00377_01	8	0	0.77436018	84	-16	C	0.40314585	0.40314585
NEG_VALIDATION_00377_01	9	0	0.77436018	119	19	C	0.33724737	0.33724737
NEG_VALIDATION_00377_01	10	0	0.77436018	75	-25	C	0.3249388	0.3249388
NEG_VALIDATION_00377_01	11	0	0.77436018	76	-24	C	0.32015708	0.32015708
NEG_VALIDATION_00377_01	12	0	0.77436018	153	53	C	0.30829936	0.30829936
NEG_VALIDATION_00377_01	13	0	0.77436018	185	85	G	-0.29997927	0.29997927
NEG_VALIDATION_00377_01	14	0	0.77436018	115	15	G	-0.28622407	0.28622407
NEG_VALIDATION_00377_01	15	0	0.77436018	69	-31	T	-0.28314009	0.28314009
NEG_VALIDATION_00377_01	16	0	0.77436018	51	-49	C	0.27924868	0.27924868
NEG_VALIDATION_00377_01	17	0	0.77436018	57	-43	G	-0.27014059	0.27014059
NEG_VALIDATION_00377_01	18	0	0.77436018	93	-7	C	0.26094979	0.26094979
NEG_VALIDATION_00377_01	19	0	0.77436018	145	45	G	-0.25580812	0.25580812
NEG_VALIDATION_00377_01	20	0	0.77436018	173	73	G	-0.25381362	0.25381362
NEG_VALIDATION_00377_01	21	0	0.77436018	61	-39	C	0.24952126	0.24952126
NEG_VALIDATION_00377_01	22	0	0.77436018	184	84	T	-0.24406709	0.24406709
NEG_VALIDATION_00377_01	23	0	0.77436018	59	-41	G	-0.24114148	0.24114148
NEG_VALIDATION_00377_01	24	0	0.77436018	139	39	G	-0.23992752	0.23992752
NEG_VALIDATION_00377_01	25	0	0.77436018	25	-75	G	-0.23712352	0.23712352
NEG_VALIDATION_00377_01	26	0	0.77436018	126	26	A	-0.23701662	0.23701662
NEG_VALIDATION_00377_01	27	0	0.77436018	71	-29	C	0.23283267	0.23283267
NEG_VALIDATION_00377_01	28	0	0.77436018	130	30	G	-0.23243761	0.23243761
NEG_VALIDATION_00377_01	29	0	0.77436018	108	8	C	0.23122512	0.23122512
NEG_VALIDATION_00377_01	30	0	0.77436018	98	-2	G	-0.23028131	0.23028131
NEG_VALIDATION_00377_01	31	0	0.77436018	167	67	G	-0.2290125	0.2290125
NEG_VALIDATION_00377_01	32	0	0.77436018	28	-72	T	-0.22831926	0.22831926
NEG_VALIDATION_00377_01	33	0	0.77436018	36	-64	T	0.2255688	0.2255688
NEG_VALIDATION_00377_01	34	0	0.77436018	83	-17	C	0.21789332	0.21789332
NEG_VALIDATION_00377_01	35	0	0.77436018	42	-58	G	-0.21430403	0.21430403
NEG_VALIDATION_00377_01	36	0	0.77436018	52	-48	C	-0.20863673	0.20863673
NEG_VALIDATION_00377_01	37	0	0.77436018	0	-100	A	0.20811081	0.20811081
NEG_VALIDATION_00377_01	38	0	0.77436018	66	-34	C	-0.20772219	0.20772219
NEG_VALIDATION_00377_01	39	0	0.77436018	196	96	G	-0.20379014	0.20379014
NEG_VALIDATION_00377_01	40	0	0.77436018	179	79	G	-0.20294878	0.20294878
NEG_VALIDATION_00377_01	41	0	0.77436018	106	6	C	0.20203331	0.20203331
NEG_VALIDATION_00377_01	42	0	0.77436018	114	14	G	-0.19571236	0.19571236
NEG_VALIDATION_00377_01	43	0	0.77436018	110	10	C	-0.19533727	0.19533727
NEG_VALIDATION_00377_01	44	0	0.77436018	49	-51	C	0.19522014	0.19522014
NEG_VALIDATION_00377_01	45	0	0.77436018	151	51	G	-0.1906237	0.1906237
NEG_VALIDATION_00377_01	46	0	0.77436018	11	-89	G	-0.18614256	0.18614256
NEG_VALIDATION_00377_01	47	0	0.77436018	41	-59	T	-0.17704561	0.17704561
NEG_VALIDATION_00377_01	48	0	0.77436018	58	-42	G	-0.17649414	0.17649414
NEG_VALIDATION_00377_01	49	0	0.77436018	54	-46	G	-0.17539254	0.17539254
NEG_VALIDATION_00377_01	50	0	0.77436018	34	-66	C	0.17424154	0.17424154
NEG_VALIDATION_00393_01	1	0	0.84485412	113	13	C	0.94541502	0.94541502
NEG_VALIDATION_00393_01	2	0	0.84485412	25	-75	C	-0.72900951	0.72900951
NEG_VALIDATION_00393_01	3	0	0.84485412	93	-7	A	-0.49376005	0.49376005
NEG_VALIDATION_00393_01	4	0	0.84485412	96	-4	C	0.43533787	0.43533787
NEG_VALIDATION_00393_01	5	0	0.84485412	101	1	C	-0.41098815	0.41098815
NEG_VALIDATION_00393_01	6	0	0.84485412	123	23	A	-0.36903152	0.36903152
NEG_VALIDATION_00393_01	7	0	0.84485412	45	-55	G	-0.34533137	0.34533137
NEG_VALIDATION_00393_01	8	0	0.84485412	36	-64	C	0.32694441	0.32694441
NEG_VALIDATION_00393_01	9	0	0.84485412	0	-100	T	0.29442436	0.29442436
NEG_VALIDATION_00393_01	10	0	0.84485412	139	39	C	-0.29388332	0.29388332
NEG_VALIDATION_00393_01	11	0	0.84485412	106	6	G	-0.27952865	0.27952865
NEG_VALIDATION_00393_01	12	0	0.84485412	148	48	G	-0.27492264	0.27492264
NEG_VALIDATION_00393_01	13	0	0.84485412	87	-13	G	-0.25513631	0.25513631
NEG_VALIDATION_00393_01	14	0	0.84485412	196	96	C	0.23981158	0.23981158
NEG_VALIDATION_00393_01	15	0	0.84485412	98	-2	G	-0.23360425	0.23360425
NEG_VALIDATION_00393_01	16	0	0.84485412	111	11	A	-0.22983223	0.22983223
NEG_VALIDATION_00393_01	17	0	0.84485412	161	61	G	-0.22783861	0.22783861
NEG_VALIDATION_00393_01	18	0	0.84485412	74	-26	A	-0.22593519	0.22593519
NEG_VALIDATION_00393_01	19	0	0.84485412	184	84	G	-0.22360653	0.22360653
NEG_VALIDATION_00393_01	20	0	0.84485412	84	-16	C	0.21091543	0.21091543
NEG_VALIDATION_00393_01	21	0	0.84485412	76	-24	C	0.20753217	0.20753217
NEG_VALIDATION_00393_01	22	0	0.84485412	197	97	C	-0.20577592	0.20577592
NEG_VALIDATION_00393_01	23	0	0.84485412	117	17	C	-0.19365807	0.19365807
NEG_VALIDATION_00393_01	24	0	0.84485412	103	3	C	0.18231818	0.18231818
NEG_VALIDATION_00393_01	25	0	0.84485412	11	-89	G	-0.18160579	0.18160579
NEG_VALIDATION_00393_01	26	0	0.84485412	66	-34	T	-0.18084896	0.18084896
NEG_VALIDATION_00393_01	27	0	0.84485412	127	27	T	0.17922316	0.17922316
NEG_VALIDATION_00393_01	28	0	0.84485412	116	16	C	-0.17634995	0.17634995
NEG_VALIDATION_00393_01	29	0	0.84485412	167	67	T	-0.17457214	0.17457214
NEG_VALIDATION_00393_01	30	0	0.84485412	42	-58	G	-0.17131835	0.17131835
NEG_VALIDATION_00393_01	31	0	0.84485412	23	-77	C	0.1666652	0.1666652
NEG_VALIDATION_00393_01	32	0	0.84485412	80	-20	G	-0.16476767	0.16476767
NEG_VALIDATION_00393_01	33	0	0.84485412	173	73	T	-0.16129622	0.16129622
NEG_VALIDATION_00393_01	34	0	0.84485412	16	-84	G	-0.16020241	0.16020241
NEG_VALIDATION_00393_01	35	0	0.84485412	138	38	A	-0.15740952	0.15740952
NEG_VALIDATION_00393_01	36	0	0.84485412	188	88	G	-0.14745042	0.14745042
NEG_VALIDATION_00393_01	37	0	0.84485412	115	15	T	0.14356376	0.14356376
NEG_VALIDATION_00393_01	38	0	0.84485412	102	2	T	-0.1409556	0.1409556
NEG_VALIDATION_00393_01	39	0	0.84485412	179	79	G	-0.138878	0.138878
NEG_VALIDATION_00393_01	40	0	0.84485412	132	32	G	-0.13874993	0.13874993
NEG_VALIDATION_00393_01	41	0	0.84485412	153	53	C	0.13736223	0.13736223
NEG_VALIDATION_00393_01	42	0	0.84485412	99	-1	T	-0.13647807	0.13647807
NEG_VALIDATION_00393_01	43	0	0.84485412	160	60	G	-0.13383819	0.13383819
NEG_VALIDATION_00393_01	44	0	0.84485412	191	91	T	0.13259411	0.13259411
NEG_VALIDATION_00393_01	45	0	0.84485412	108	8	C	0.12991458	0.12991458
NEG_VALIDATION_00393_01	46	0	0.84485412	166	66	T	-0.12705907	0.12705907
NEG_VALIDATION_00393_01	47	0	0.84485412	129	29	G	-0.1262227	0.1262227
NEG_VALIDATION_00393_01	48	0	0.84485412	6	-94	T	-0.12607455	0.12607455
NEG_VALIDATION_00393_01	49	0	0.84485412	121	21	G	-0.12325397	0.12325397
NEG_VALIDATION_00393_01	50	0	0.84485412	78	-22	C	0.12214708	0.12214708
NEG_VALIDATION_00411_01	1	0	0.90304303	99	-1	C	0.87919056	0.87919056
NEG_VALIDATION_00411_01	2	0	0.90304303	23	-77	C	0.67108047	0.67108047
NEG_VALIDATION_00411_01	3	0	0.90304303	161	61	A	-0.66073573	0.66073573
NEG_VALIDATION_00411_01	4	0	0.90304303	75	-25	C	0.57626736	0.57626736
NEG_VALIDATION_00411_01	5	0	0.90304303	45	-55	G	-0.57033217	0.57033217
NEG_VALIDATION_00411_01	6	0	0.90304303	93	-7	T	-0.54376352	0.54376352
NEG_VALIDATION_00411_01	7	0	0.90304303	177	77	G	-0.53174955	0.53174955
NEG_VALIDATION_00411_01	8	0	0.90304303	140	40	G	-0.49776274	0.49776274
NEG_VALIDATION_00411_01	9	0	0.90304303	173	73	C	0.45964918	0.45964918
NEG_VALIDATION_00411_01	10	0	0.90304303	148	48	G	-0.45597404	0.45597404
NEG_VALIDATION_00411_01	11	0	0.90304303	110	10	G	-0.43607843	0.43607843
NEG_VALIDATION_00411_01	12	0	0.90304303	181	81	C	0.41596839	0.41596839
NEG_VALIDATION_00411_01	13	0	0.90304303	138	38	A	-0.40228102	0.40228102
NEG_VALIDATION_00411_01	14	0	0.90304303	116	16	G	-0.38394183	0.38394183
NEG_VALIDATION_00411_01	15	0	0.90304303	89	-11	C	0.34318608	0.34318608
NEG_VALIDATION_00411_01	16	0	0.90304303	28	-72	G	-0.34043673	0.34043673
NEG_VALIDATION_00411_01	17	0	0.90304303	84	-16	T	-0.3254807	0.3254807
NEG_VALIDATION_00411_01	18	0	0.90304303	66	-34	T	-0.31284195	0.31284195
NEG_VALIDATION_00411_01	19	0	0.90304303	26	-74	G	-0.29514796	0.29514796
NEG_VALIDATION_00411_01	20	0	0.90304303	40	-60	G	-0.29447356	0.29447356
NEG_VALIDATION_00411_01	21	0	0.90304303	166	66	G	-0.28742796	0.28742796
NEG_VALIDATION_00411_01	22	0	0.90304303	90	-10	C	0.28537288	0.28537288
NEG_VALIDATION_00411_01	23	0	0.90304303	167	67	G	-0.28019032	0.28019032
NEG_VALIDATION_00411_01	24	0	0.90304303	83	-17	C	0.27220994	0.27220994
NEG_VALIDATION_00411_01	25	0	0.90304303	35	-65	T	0.26709813	0.26709813
NEG_VALIDATION_00411_01	26	0	0.90304303	25	-75	C	-0.26239988	0.26239988
NEG_VALIDATION_00411_01	27	0	0.90304303	145	45	C	0.2467884	0.2467884
NEG_VALIDATION_00411_01	28	0	0.90304303	68	-32	G	-0.24454179	0.24454179
NEG_VALIDATION_00411_01	29	0	0.90304303	97	-3	C	0.24214549	0.24214549
NEG_VALIDATION_00411_01	30	0	0.90304303	163	63	C	0.24138258	0.24138258
NEG_VALIDATION_00411_01	31	0	0.90304303	58	-42	G	-0.23801053	0.23801053
NEG_VALIDATION_00411_01	32	0	0.90304303	142	42	G	-0.23599344	0.23599344
NEG_VALIDATION_00411_01	33	0	0.90304303	111	11	A	-0.22665465	0.22665465
NEG_VALIDATION_00411_01	34	0	0.90304303	169	69	G	-0.2256957	0.2256957
NEG_VALIDATION_00411_01	35	0	0.90304303	139	39	G	-0.22472718	0.22472718
NEG_VALIDATION_00411_01	36	0	0.90304303	32	-68	T	-0.22435731	0.22435731
NEG_VALIDATION_00411_01	37	0	0.90304303	151	51	C	0.21615835	0.21615835
NEG_VALIDATION_00411_01	38	0	0.90304303	125	25	G	-0.21114326	0.21114326
NEG_VALIDATION_00411_01	39	0	0.90304303	154	54	C	-0.2081165	0.2081165
NEG_VALIDATION_00411_01	40	0	0.90304303	47	-53	T	-0.20657735	0.20657735
NEG_VALIDATION_00411_01	41	0	0.90304303	144	44	C	0.20422684	0.20422684
NEG_VALIDATION_00411_01	42	0	0.90304303	57	-43	A	0.20151803	0.20151803
NEG_VALIDATION_00411_01	43	0	0.90304303	2	-98	A	-0.20063993	0.20063993
NEG_VALIDATION_00411_01	44	0	0.90304303	191	91	T	0.19845186	0.19845186
NEG_VALIDATION_00411_01	45	0	0.90304303	155	55	C	0.19711289	0.19711289
NEG_VALIDATION_00411_01	46	0	0.90304303	42	-58	G	-0.19623256	0.19623256
NEG_VALIDATION_00411_01	47	0	0.90304303	109	9	G	-0.19545382	0.19545382
NEG_VALIDATION_00411_01	48	0	0.90304303	64	-36	C	0.19487783	0.19487783
NEG_VALIDATION_00411_01	49	0	0.90304303	132	32	G	-0.19224636	0.19224636
NEG_VALIDATION_00411_01	50	0	0.90304303	123	23	G	-0.18618037	0.18618037
NEG_VALIDATION_00415_01	1	0	0.82887077	25	-75	C	-0.89829987	0.89829987
NEG_VALIDATION_00415_01	2	0	0.82887077	113	13	C	0.81294638	0.81294638
NEG_VALIDATION_00415_01	3	0	0.82887077	141	41	T	-0.41976824	0.41976824
NEG_VALIDATION_00415_01	4	0	0.82887077	171	71	C	-0.36735535	0.36735535
NEG_VALIDATION_00415_01	5	0	0.82887077	125	25	C	-0.34411317	0.34411317
NEG_VALIDATION_00415_01	6	0	0.82887077	101	1	A	-0.34407607	0.34407607
NEG_VALIDATION_00415_01	7	0	0.82887077	116	16	C	-0.33516967	0.33516967
NEG_VALIDATION_00415_01	8	0	0.82887077	52	-48	C	-0.31381416	0.31381416
NEG_VALIDATION_00415_01	9	0	0.82887077	191	91	A	-0.2649183	0.2649183
NEG_VALIDATION_00415_01	10	0	0.82887077	0	-100	T	0.25955915	0.25955915
NEG_VALIDATION_00415_01	11	0	0.82887077	62	-38	C	-0.25333536	0.25333536
NEG_VALIDATION_00415_01	12	0	0.82887077	76	-24	C	0.24006248	0.24006248
NEG_VALIDATION_00415_01	13	0	0.82887077	69	-31	C	-0.22892386	0.22892386
NEG_VALIDATION_00415_01	14	0	0.82887077	36	-64	C	0.20856191	0.20856191
NEG_VALIDATION_00415_01	15	0	0.82887077	172	72	T	-0.20052226	0.20052226
NEG_VALIDATION_00415_01	16	0	0.82887077	42	-58	T	-0.1834242	0.1834242
NEG_VALIDATION_00415_01	17	0	0.82887077	123	23	A	-0.17791189	0.17791189
NEG_VALIDATION_00415_01	18	0	0.82887077	140	40	T	0.1771287	0.1771287
NEG_VALIDATION_00415_01	19	0	0.82887077	148	48	C	-0.17546442	0.17546442
NEG_VALIDATION_00415_01	20	0	0.82887077	190	90	C	0.1689361	0.1689361
NEG_VALIDATION_00415_01	21	0	0.82887077	74	-26	G	-0.16726226	0.16726226
NEG_VALIDATION_00415_01	22	0	0.82887077	23	-77	T	-0.16260867	0.16260867
NEG_VALIDATION_00415_01	23	0	0.82887077	33	-67	T	-0.15839933	0.15839933
NEG_VALIDATION_00415_01	24	0	0.82887077	47	-53	T	-0.15626222	0.15626222
NEG_VALIDATION_00415_01	25	0	0.82887077	95	-5	G	0.15540206	0.15540206
NEG_VALIDATION_00415_01	26	0	0.82887077	197	97	C	-0.15055409	0.15055409
NEG_VALIDATION_00415_01	27	0	0.82887077	118	18	C	-0.15009034	0.15009034
NEG_VALIDATION_00415_01	28	0	0.82887077	30	-70	T	-0.14837661	0.14837661
NEG_VALIDATION_00415_01	29	0	0.82887077	167	67	T	-0.14716685	0.14716685
NEG_VALIDATION_00415_01	30	0	0.82887077	59	-41	C	-0.14660957	0.14660957
NEG_VALIDATION_00415_01	31	0	0.82887077	48	-52	C	-0.14649905	0.14649905
NEG_VALIDATION_00415_01	32	0	0.82887077	55	-45	C	-0.14503559	0.14503559
NEG_VALIDATION_00415_01	33	0	0.82887077	110	10	A	-0.14300004	0.14300004
NEG_VALIDATION_00415_01	34	0	0.82887077	102	2	C	-0.14219001	0.14219001
NEG_VALIDATION_00415_01	35	0	0.82887077	93	-7	C	-0.13353637	0.13353637
NEG_VALIDATION_00415_01	36	0	0.82887077	2	-98	T	-0.13035949	0.13035949
NEG_VALIDATION_00415_01	37	0	0.82887077	81	-19	C	-0.12982634	0.12982634
NEG_VALIDATION_00415_01	38	0	0.82887077	134	34	C	-0.12769911	0.12769911
NEG_VALIDATION_00415_01	39	0	0.82887077	56	-44	T	0.12401111	0.12401111
NEG_VALIDATION_00415_01	40	0	0.82887077	1	-99	G	0.12380153	0.12380153
NEG_VALIDATION_00415_01	41	0	0.82887077	6	-94	T	-0.12076178	0.12076178
NEG_VALIDATION_00415_01	42	0	0.82887077	161	61	C	-0.11865005	0.11865005
NEG_VALIDATION_00415_01	43	0	0.82887077	119	19	G	0.11403111	0.11403111
NEG_VALIDATION_00415_01	44	0	0.82887077	117	17	A	-0.11345142	0.11345142
NEG_VALIDATION_00415_01	45	0	0.82887077	176	76	T	-0.11232094	0.11232094
NEG_VALIDATION_00415_01	46	0	0.82887077	34	-66	A	-0.1094211	0.1094211
NEG_VALIDATION_00415_01	47	0	0.82887077	142	42	T	0.10728243	0.10728243
NEG_VALIDATION_00415_01	48	0	0.82887077	22	-78	T	-0.10224126	0.10224126
NEG_VALIDATION_00415_01	49	0	0.82887077	15	-85	G	-0.097510591	0.097510591
NEG_VALIDATION_00415_01	50	0	0.82887077	32	-68	T	-0.095406368	0.095406368
NEG_VALIDATION_00422_01	1	0	0.81973326	161	61	T	-0.93675959	0.93675959
NEG_VALIDATION_00422_01	2	0	0.81973326	120	20	G	-0.67819273	0.67819273
NEG_VALIDATION_00422_01	3	0	0.81973326	96	-4	C	0.62457401	0.62457401
NEG_VALIDATION_00422_01	4	0	0.81973326	1	-99	C	0.57461965	0.57461965
NEG_VALIDATION_00422_01	5	0	0.81973326	35	-65	G	-0.46201679	0.46201679
NEG_VALIDATION_00422_01	6	0	0.81973326	101	1	C	-0.42541006	0.42541006
NEG_VALIDATION_00422_01	7	0	0.81973326	76	-24	C	0.38499007	0.38499007
NEG_VALIDATION_00422_01	8	0	0.81973326	177	77	G	-0.37580115	0.37580115
NEG_VALIDATION_00422_01	9	0	0.81973326	196	96	C	0.33179939	0.33179939
NEG_VALIDATION_00422_01	10	0	0.81973326	184	84	G	-0.31633613	0.31633613
NEG_VALIDATION_00422_01	11	0	0.81973326	140	40	G	-0.31386003	0.31386003
NEG_VALIDATION_00422_01	12	0	0.81973326	56	-44	G	-0.31274059	0.31274059
NEG_VALIDATION_00422_01	13	0	0.81973326	41	-59	G	-0.31242454	0.31242454
NEG_VALIDATION_00422_01	14	0	0.81973326	186	86	T	0.27733308	0.27733308
NEG_VALIDATION_00422_01	15	0	0.81973326	0	-100	A	0.2632677	0.2632677
NEG_VALIDATION_00422_01	16	0	0.81973326	99	-1	C	0.24865022	0.24865022
NEG_VALIDATION_00422_01	17	0	0.81973326	40	-60	G	-0.24625364	0.24625364
NEG_VALIDATION_00422_01	18	0	0.81973326	55	-45	G	-0.23978418	0.23978418
NEG_VALIDATION_00422_01	19	0	0.81973326	185	85	G	-0.23873071	0.23873071
NEG_VALIDATION_00422_01	20	0	0.81973326	126	26	A	-0.23123372	0.23123372
NEG_VALIDATION_00422_01	21	0	0.81973326	149	49	C	0.23039079	0.23039079
NEG_VALIDATION_00422_01	22	0	0.81973326	105	5	C	0.21062557	0.21062557
NEG_VALIDATION_00422_01	23	0	0.81973326	42	-58	G	-0.2091271	0.2091271
NEG_VALIDATION_00422_01	24	0	0.81973326	75	-25	C	0.20767811	0.20767811
NEG_VALIDATION_00422_01	25	0	0.81973326	10	-90	G	-0.20153461	0.20153461
NEG_VALIDATION_00422_01	26	0	0.81973326	115	15	G	-0.20090151	0.20090151
NEG_VALIDATION_00422_01	27	0	0.81973326	152	52	C	0.18898541	0.18898541
NEG_VALIDATION_00422_01	28	0	0.81973326	132	32	G	-0.18807645	0.18807645
NEG_VALIDATION_00422_01	29	0	0.81973326	117	17	T	-0.17754075	0.17754075
NEG_VALIDATION_00422_01	30	0	0.81973326	2	-98	C	-0.17206791	0.17206791
NEG_VALIDATION_00422_01	31	0	0.81973326	151	51	T	-0.17112415	0.17112415
NEG_VALIDATION_00422_01	32	0	0.81973326	108	8	C	0.16886123	0.16886123
NEG_VALIDATION_00422_01	33	0	0.81973326	69	-31	C	0.16644108	0.16644108
NEG_VALIDATION_00422_01	34	0	0.81973326	173	73	T	-0.16488066	0.16488066
NEG_VALIDATION_00422_01	35	0	0.81973326	74	-26	T	-0.16286714	0.16286714
NEG_VALIDATION_00422_01	36	0	0.81973326	197	97	A	0.16079994	0.16079994
NEG_VALIDATION_00422_01	37	0	0.81973326	181	81	C	0.15747519	0.15747519
NEG_VALIDATION_00422_01	38	0	0.81973326	179	79	G	-0.14863423	0.14863423
NEG_VALIDATION_00422_01	39	0	0.81973326	147	47	G	-0.14666045	0.14666045
NEG_VALIDATION_00422_01	40	0	0.81973326	141	41	C	-0.14528677	0.14528677
NEG_VALIDATION_00422_01	41	0	0.81973326	107	7	C	0.14040415	0.14040415
NEG_VALIDATION_00422_01	42	0	0.81973326	191	91	T	0.13785082	0.13785082
NEG_VALIDATION_00422_01	43	0	0.81973326	52	-48	G	-0.13574445	0.13574445
NEG_VALIDATION_00422_01	44	0	0.81973326	5	-95	G	-0.13251618	0.13251618
NEG_VALIDATION_00422_01	45	0	0.81973326	94	-6	C	-0.13241281	0.13241281
NEG_VALIDATION_00422_01	46	0	0.81973326	62	-38	C	-0.13104841	0.13104841
NEG_VALIDATION_00422_01	47	0	0.81973326	25	-75	T	-0.13086933	0.13086933
NEG_VALIDATION_00422_01	48	0	0.81973326	172	72	C	0.12915909	0.12915909
NEG_VALIDATION_00422_01	49	0	0.81973326	111	11	A	-0.12791377	0.12791377
NEG_VALIDATION_00422_01	50	0	0.81973326	160	60	C	0.12739588	0.12739588
POS_VALIDATION_00001	1	1	0.88082373	113	13	C	0.98339921	0.98339921
POS_VALIDATION_00001	2	1	0.88082373	161	61	C	0.68010056	0.68010056
POS_VALIDATION_00001	3	1	0.88082373	101	1	A	-0.54768908	0.54768908
POS_VALIDATION_00001	4	1	0.88082373	198	98	G	-0.48773703	0.48773703
POS_VALIDATION_00001	5	1	0.88082373	84	-16	C	0.46208489	0.46208489
POS_VALIDATION_00001	6	1	0.88082373	148	48	G	-0.45826536	0.45826536
POS_VALIDATION_00001	7	1	0.88082373	15	-85	G	-0.44846666	0.44846666
POS_VALIDATION_00001	8	1	0.88082373	177	77	G	-0.42312127	0.42312127
POS_VALIDATION_00001	9	1	0.88082373	126	26	T	-0.39997017	0.39997017
POS_VALIDATION_00001	10	1	0.88082373	0	-100	T	0.37075466	0.37075466
POS_VALIDATION_00001	11	1	0.88082373	57	-43	G	-0.36587688	0.36587688
POS_VALIDATION_00001	12	1	0.88082373	75	-25	C	0.35738289	0.35738289
POS_VALIDATION_00001	13	1	0.88082373	76	-24	C	0.35515866	0.35515866
POS_VALIDATION_00001	14	1	0.88082373	32	-68	G	-0.33719009	0.33719009
POS_VALIDATION_00001	15	1	0.88082373	87	-13	G	-0.33486438	0.33486438
POS_VALIDATION_00001	16	1	0.88082373	170	70	C	0.33227268	0.33227268
POS_VALIDATION_00001	17	1	0.88082373	8	-92	C	-0.32975161	0.32975161
POS_VALIDATION_00001	18	1	0.88082373	193	93	C	-0.30068386	0.30068386
POS_VALIDATION_00001	19	1	0.88082373	48	-52	A	0.28974798	0.28974798
POS_VALIDATION_00001	20	1	0.88082373	123	23	A	-0.28477144	0.28477144
POS_VALIDATION_00001	21	1	0.88082373	55	-45	G	-0.28336567	0.28336567
POS_VALIDATION_00001	22	1	0.88082373	56	-44	G	-0.26845968	0.26845968
POS_VALIDATION_00001	23	1	0.88082373	173	73	G	-0.2597295	0.2597295
POS_VALIDATION_00001	24	1	0.88082373	125	25	C	-0.25829685	0.25829685
POS_VALIDATION_00001	25	1	0.88082373	109	9	C	0.25711733	0.25711733
POS_VALIDATION_00001	26	1	0.88082373	52	-48	C	-0.25681537	0.25681537
POS_VALIDATION_00001	27	1	0.88082373	25	-75	G	-0.25196406	0.25196406
POS_VALIDATION_00001	28	1	0.88082373	112	12	C	0.25091827	0.25091827
POS_VALIDATION_00001	29	1	0.88082373	7	-93	G	-0.24622151	0.24622151
POS_VALIDATION_00001	30	1	0.88082373	167	67	G	-0.23820794	0.23820794
POS_VALIDATION_00001	31	1	0.88082373	141	41	T	-0.23788485	0.23788485
POS_VALIDATION_00001	32	1	0.88082373	176	76	G	-0.23780704	0.23780704
POS_VALIDATION_00001	33	1	0.88082373	71	-29	C	0.23020519	0.23020519
POS_VALIDATION_00001	34	1	0.88082373	116	16	C	-0.22437106	0.22437106
POS_VALIDATION_00001	35	1	0.88082373	11	-89	G	-0.22430769	0.22430769
POS_VALIDATION_00001	36	1	0.88082373	121	21	C	0.21706933	0.21706933
POS_VALIDATION_00001	37	1	0.88082373	187	87	C	0.21473029	0.21473029
POS_VALIDATION_00001	38	1	0.88082373	172	72	G	-0.21308939	0.21308939
POS_VALIDATION_00001	39	1	0.88082373	142	42	G	-0.20970574	0.20970574
POS_VALIDATION_00001	40	1	0.88082373	10	-90	G	-0.20894097	0.20894097
POS_VALIDATION_00001	41	1	0.88082373	80	-20	G	-0.20853433	0.20853433
POS_VALIDATION_00001	42	1	0.88082373	153	53	G	-0.20347768	0.20347768
POS_VALIDATION_00001	43	1	0.88082373	54	-46	G	-0.19256724	0.19256724
POS_VALIDATION_00001	44	1	0.88082373	6	-94	G	-0.19239379	0.19239379
POS_VALIDATION_00001	45	1	0.88082373	74	-26	G	-0.19189455	0.19189455
POS_VALIDATION_00001	46	1	0.88082373	110	10	C	-0.19169876	0.19169876
POS_VALIDATION_00001	47	1	0.88082373	164	64	G	-0.18601857	0.18601857
POS_VALIDATION_00001	48	1	0.88082373	93	-7	C	0.18572351	0.18572351
POS_VALIDATION_00001	49	1	0.88082373	154	54	G	-0.18383218	0.18383218
POS_VALIDATION_00001	50	1	0.88082373	3	-97	C	0.17699526	0.17699526
POS_VALIDATION_00002	1	1	0.80893457	1	-99	C	1.1814592	1.1814592
POS_VALIDATION_00002	2	1	0.80893457	36	-64	C	0.89262778	0.89262778
POS_VALIDATION_00002	3	1	0.80893457	161	61	C	0.77694821	0.77694821
POS_VALIDATION_00002	4	1	0.80893457	99	-1	C	0.66923016	0.66923016
POS_VALIDATION_00002	5	1	0.80893457	84	-16	C	0.6178512	0.6178512
POS_VALIDATION_00002	6	1	0.80893457	93	-7	T	-0.56516171	0.56516171
POS_VALIDATION_00002	7	1	0.80893457	66	-34	G	-0.51874197	0.51874197
POS_VALIDATION_00002	8	1	0.80893457	35	-65	G	-0.47030497	0.47030497
POS_VALIDATION_00002	9	1	0.80893457	126	26	T	-0.4654398	0.4654398
POS_VALIDATION_00002	10	1	0.80893457	131	31	C	0.46286595	0.46286595
POS_VALIDATION_00002	11	1	0.80893457	177	77	G	-0.42601305	0.42601305
POS_VALIDATION_00002	12	1	0.80893457	109	9	C	0.42253655	0.42253655
POS_VALIDATION_00002	13	1	0.80893457	76	-24	C	0.41989091	0.41989091
POS_VALIDATION_00002	14	1	0.80893457	98	-2	G	-0.41368046	0.41368046
POS_VALIDATION_00002	15	1	0.80893457	57	-43	G	-0.37034214	0.37034214
POS_VALIDATION_00002	16	1	0.80893457	75	-25	T	-0.36877492	0.36877492
POS_VALIDATION_00002	17	1	0.80893457	26	-74	G	-0.35005867	0.35005867
POS_VALIDATION_00002	18	1	0.80893457	0	-100	G	-0.34873313	0.34873313
POS_VALIDATION_00002	19	1	0.80893457	41	-59	G	-0.34422427	0.34422427
POS_VALIDATION_00002	20	1	0.80893457	123	23	C	0.32167554	0.32167554
POS_VALIDATION_00002	21	1	0.80893457	185	85	G	-0.31340027	0.31340027
POS_VALIDATION_00002	22	1	0.80893457	121	21	C	0.30714649	0.30714649
POS_VALIDATION_00002	23	1	0.80893457	55	-45	G	-0.30530995	0.30530995
POS_VALIDATION_00002	24	1	0.80893457	138	38	G	-0.30443853	0.30443853
POS_VALIDATION_00002	25	1	0.80893457	30	-70	C	0.29347616	0.29347616
POS_VALIDATION_00002	26	1	0.80893457	28	-72	G	-0.28999588	0.28999588
POS_VALIDATION_00002	27	1	0.80893457	108	8	G	-0.28776902	0.28776902
POS_VALIDATION_00002	28	1	0.80893457	106	6	G	-0.28533727	0.28533727
POS_VALIDATION_00002	29	1	0.80893457	139	39	G	-0.28109717	0.28109717
POS_VALIDATION_00002	30	1	0.80893457	25	-75	G	-0.27539274	0.27539274
POS_VALIDATION_00002	31	1	0.80893457	143	43	C	0.2724694	0.2724694
POS_VALIDATION_00002	32	1	0.80893457	3	-97	C	0.2653473	0.2653473
POS_VALIDATION_00002	33	1	0.80893457	68	-32	G	-0.2554366	0.2554366
POS_VALIDATION_00002	34	1	0.80893457	111	11	A	-0.25028569	0.25028569
POS_VALIDATION_00002	35	1	0.80893457	125	25	G	-0.24520706	0.24520706
POS_VALIDATION_00002	36	1	0.80893457	152	52	C	0.24395561	0.24395561
POS_VALIDATION_00002	37	1	0.80893457	96	-4	A	-0.24306247	0.24306247
POS_VALIDATION_00002	38	1	0.80893457	70	-30	G	-0.241914	0.241914
POS_VALIDATION_00002	39	1	0.80893457	151	51	G	-0.2355175	0.2355175
POS_VALIDATION_00002	40	1	0.80893457	130	30	C	0.22861263	0.22861263
POS_VALIDATION_00002	41	1	0.80893457	61	-39	C	0.22648856	0.22648856
POS_VALIDATION_00002	42	1	0.80893457	42	-58	G	-0.22026592	0.22026592
POS_VALIDATION_00002	43	1	0.80893457	163	63	C	0.21792869	0.21792869
POS_VALIDATION_00002	44	1	0.80893457	120	20	C	0.21398085	0.21398085
POS_VALIDATION_00002	45	1	0.80893457	59	-41	G	-0.20909841	0.20909841
POS_VALIDATION_00002	46	1	0.80893457	2	-98	T	-0.20803624	0.20803624
POS_VALIDATION_00002	47	1	0.80893457	56	-44	G	-0.20617251	0.20617251
POS_VALIDATION_00002	48	1	0.80893457	115	15	T	0.20407528	0.20407528
POS_VALIDATION_00002	49	1	0.80893457	155	55	G	-0.19682936	0.19682936
POS_VALIDATION_00002	50	1	0.80893457	102	2	C	0.19651765	0.19651765
POS_VALIDATION_00003	1	1	0.88396192	113	13	C	1.144367	1.144367
POS_VALIDATION_00003	2	1	0.88396192	161	61	A	-0.86804265	0.86804265
POS_VALIDATION_00003	3	1	0.88396192	101	1	C	-0.56149393	0.56149393
POS_VALIDATION_00003	4	1	0.88396192	191	91	C	0.52438235	0.52438235
POS_VALIDATION_00003	5	1	0.88396192	66	-34	G	-0.46965823	0.46965823
POS_VALIDATION_00003	6	1	0.88396192	45	-55	G	-0.45042923	0.45042923
POS_VALIDATION_00003	7	1	0.88396192	24	-76	G	-0.41747269	0.41747269
POS_VALIDATION_00003	8	1	0.88396192	196	96	C	0.39701402	0.39701402
POS_VALIDATION_00003	9	1	0.88396192	119	19	C	0.39545843	0.39545843
POS_VALIDATION_00003	10	1	0.88396192	140	40	G	-0.36930332	0.36930332
POS_VALIDATION_00003	11	1	0.88396192	110	10	G	-0.35787243	0.35787243
POS_VALIDATION_00003	12	1	0.88396192	105	5	C	0.34700441	0.34700441
POS_VALIDATION_00003	13	1	0.88396192	106	6	C	0.34461555	0.34461555
POS_VALIDATION_00003	14	1	0.88396192	184	84	C	-0.33444583	0.33444583
POS_VALIDATION_00003	15	1	0.88396192	138	38	A	-0.32708982	0.32708982
POS_VALIDATION_00003	16	1	0.88396192	42	-58	G	-0.29829448	0.29829448
POS_VALIDATION_00003	17	1	0.88396192	173	73	G	-0.28575113	0.28575113
POS_VALIDATION_00003	18	1	0.88396192	123	23	G	-0.28365993	0.28365993
POS_VALIDATION_00003	19	1	0.88396192	84	-16	C	0.273164	0.273164
POS_VALIDATION_00003	20	1	0.88396192	26	-74	G	-0.27049953	0.27049953
POS_VALIDATION_00003	21	1	0.88396192	57	-43	G	-0.2602452	0.2602452
POS_VALIDATION_00003	22	1	0.88396192	41	-59	G	-0.25366849	0.25366849
POS_VALIDATION_00003	23	1	0.88396192	68	-32	G	-0.25167495	0.25167495
POS_VALIDATION_00003	24	1	0.88396192	167	67	C	0.24045397	0.24045397
POS_VALIDATION_00003	25	1	0.88396192	71	-29	C	0.23332186	0.23332186
POS_VALIDATION_00003	26	1	0.88396192	47	-53	T	-0.2304626	0.2304626
POS_VALIDATION_00003	27	1	0.88396192	55	-45	G	-0.22407879	0.22407879
POS_VALIDATION_00003	28	1	0.88396192	108	8	C	0.22164951	0.22164951
POS_VALIDATION_00003	29	1	0.88396192	3	-97	C	0.21616653	0.21616653
POS_VALIDATION_00003	30	1	0.88396192	54	-46	G	-0.20389572	0.20389572
POS_VALIDATION_00003	31	1	0.88396192	193	93	G	-0.19486792	0.19486792
POS_VALIDATION_00003	32	1	0.88396192	40	-60	G	-0.19414008	0.19414008
POS_VALIDATION_00003	33	1	0.88396192	98	-2	G	-0.1916118	0.1916118
POS_VALIDATION_00003	34	1	0.88396192	10	-90	G	-0.19014585	0.19014585
POS_VALIDATION_00003	35	1	0.88396192	0	-100	A	0.18579622	0.18579622
POS_VALIDATION_00003	36	1	0.88396192	58	-42	G	-0.18507725	0.18507725
POS_VALIDATION_00003	37	1	0.88396192	111	11	T	-0.18052593	0.18052593
POS_VALIDATION_00003	38	1	0.88396192	95	-5	C	0.17526793	0.17526793
POS_VALIDATION_00003	39	1	0.88396192	141	41	A	-0.17364553	0.17364553
POS_VALIDATION_00003	40	1	0.88396192	174	74	G	-0.17340955	0.17340955
POS_VALIDATION_00003	41	1	0.88396192	126	26	G	0.16877872	0.16877872
POS_VALIDATION_00003	42	1	0.88396192	74	-26	G	-0.16439599	0.16439599
POS_VALIDATION_00003	43	1	0.88396192	75	-25	A	-0.16197377	0.16197377
POS_VALIDATION_00003	44	1	0.88396192	53	-47	G	-0.16082358	0.16082358
POS_VALIDATION_00003	45	1	0.88396192	93	-7	G	-0.15684763	0.15684763
POS_VALIDATION_00003	46	1	0.88396192	11	-89	G	-0.15462327	0.15462327
POS_VALIDATION_00003	47	1	0.88396192	56	-44	A	0.15345258	0.15345258
POS_VALIDATION_00003	48	1	0.88396192	130	30	G	-0.15042996	0.15042996
POS_VALIDATION_00003	49	1	0.88396192	77	-23	G	-0.1483725	0.1483725
POS_VALIDATION_00003	50	1	0.88396192	25	-75	T	-0.14827335	0.14827335
POS_VALIDATION_00006	1	1	0.73466146	113	13	C	0.98729354	0.98729354
POS_VALIDATION_00006	2	1	0.73466146	42	-58	C	-0.81707543	0.81707543
POS_VALIDATION_00006	3	1	0.73466146	161	61	T	-0.81496549	0.81496549
POS_VALIDATION_00006	4	1	0.73466146	1	-99	C	0.7609936	0.7609936
POS_VALIDATION_00006	5	1	0.73466146	36	-64	C	0.72591001	0.72591001
POS_VALIDATION_00006	6	1	0.73466146	66	-34	G	-0.63634968	0.63634968
POS_VALIDATION_00006	7	1	0.73466146	110	10	G	-0.5227046	0.5227046
POS_VALIDATION_00006	8	1	0.73466146	99	-1	C	0.49898404	0.49898404
POS_VALIDATION_00006	9	1	0.73466146	177	77	G	-0.44106394	0.44106394
POS_VALIDATION_00006	10	1	0.73466146	105	5	C	0.4406068	0.4406068
POS_VALIDATION_00006	11	1	0.73466146	116	16	G	-0.41377658	0.41377658
POS_VALIDATION_00006	12	1	0.73466146	87	-13	G	-0.41310596	0.41310596
POS_VALIDATION_00006	13	1	0.73466146	24	-76	G	-0.41104019	0.41104019
POS_VALIDATION_00006	14	1	0.73466146	148	48	G	-0.38586187	0.38586187
POS_VALIDATION_00006	15	1	0.73466146	15	-85	G	-0.37782159	0.37782159
POS_VALIDATION_00006	16	1	0.73466146	0	-100	G	-0.32671434	0.32671434
POS_VALIDATION_00006	17	1	0.73466146	68	-32	G	-0.32671213	0.32671213
POS_VALIDATION_00006	18	1	0.73466146	35	-65	T	0.31628168	0.31628168
POS_VALIDATION_00006	19	1	0.73466146	173	73	G	-0.31076732	0.31076732
POS_VALIDATION_00006	20	1	0.73466146	74	-26	G	-0.29032555	0.29032555
POS_VALIDATION_00006	21	1	0.73466146	56	-44	A	0.28899276	0.28899276
POS_VALIDATION_00006	22	1	0.73466146	8	-92	A	-0.27332249	0.27332249
POS_VALIDATION_00006	23	1	0.73466146	112	12	C	0.27089775	0.27089775
POS_VALIDATION_00006	24	1	0.73466146	164	64	G	-0.26820129	0.26820129
POS_VALIDATION_00006	25	1	0.73466146	90	-10	C	0.26398832	0.26398832
POS_VALIDATION_00006	26	1	0.73466146	194	94	G	-0.26057655	0.26057655
POS_VALIDATION_00006	27	1	0.73466146	75	-25	T	-0.25782853	0.25782853
POS_VALIDATION_00006	28	1	0.73466146	7	-93	G	-0.25771421	0.25771421
POS_VALIDATION_00006	29	1	0.73466146	111	11	G	-0.25694352	0.25694352
POS_VALIDATION_00006	30	1	0.73466146	127	27	T	0.25602159	0.25602159
POS_VALIDATION_00006	31	1	0.73466146	25	-75	G	-0.25147778	0.25147778
POS_VALIDATION_00006	32	1	0.73466146	12	-88	G	-0.24641454	0.24641454
POS_VALIDATION_00006	33	1	0.73466146	121	21	C	0.24203202	0.24203202
POS_VALIDATION_00006	34	1	0.73466146	89	-11	C	0.23937413	0.23937413
POS_VALIDATION_00006	35	1	0.73466146	54	-46	G	-0.23031278	0.23031278
POS_VALIDATION_00006	36	1	0.73466146	162	62	G	-0.2284538	0.2284538
POS_VALIDATION_00006	37	1	0.73466146	176	76	G	-0.21956822	0.21956822
POS_VALIDATION_00006	38	1	0.73466146	6	-94	T	-0.21126114	0.21126114
POS_VALIDATION_00006	39	1	0.73466146	78	-22	C	0.20919676	0.20919676
POS_VALIDATION_00006	40	1	0.73466146	108	8	C	0.20829695	0.20829695
POS_VALIDATION_00006	41	1	0.73466146	97	-3	G	-0.20394218	0.20394218
POS_VALIDATION_00006	42	1	0.73466146	84	-16	G	-0.18861085	0.18861085
POS_VALIDATION_00006	43	1	0.73466146	158	58	G	-0.18141657	0.18141657
POS_VALIDATION_00006	44	1	0.73466146	30	-70	C	0.17818886	0.17818886
POS_VALIDATION_00006	45	1	0.73466146	63	-37	G	-0.17383742	0.17383742
POS_VALIDATION_00006	46	1	0.73466146	92	-8	G	-0.17167693	0.17167693
POS_VALIDATION_00006	47	1	0.73466146	126	26	A	-0.17135558	0.17135558
POS_VALIDATION_00006	48	1	0.73466146	196	96	G	-0.16986445	0.16986445
POS_VALIDATION_00006	49	1	0.73466146	133	33	G	-0.16722022	0.16722022
POS_VALIDATION_00006	50	1	0.73466146	115	15	T	0.16366225	0.16366225
POS_VALIDATION_00007	1	1	0.7407769	36	-64	C	1.0512546	1.0512546
POS_VALIDATION_00007	2	1	0.7407769	47	-53	G	-0.70127445	0.70127445
POS_VALIDATION_00007	3	1	0.7407769	120	20	G	-0.66417313	0.66417313
POS_VALIDATION_00007	4	1	0.7407769	161	61	A	-0.56292993	0.56292993
POS_VALIDATION_00007	5	1	0.7407769	105	5	C	0.5222531	0.5222531
POS_VALIDATION_00007	6	1	0.7407769	87	-13	G	-0.44906589	0.44906589
POS_VALIDATION_00007	7	1	0.7407769	196	96	C	0.44198731	0.44198731
POS_VALIDATION_00007	8	1	0.7407769	140	40	G	-0.43951541	0.43951541
POS_VALIDATION_00007	9	1	0.7407769	15	-85	G	-0.43812299	0.43812299
POS_VALIDATION_00007	10	1	0.7407769	129	29	C	0.41364086	0.41364086
POS_VALIDATION_00007	11	1	0.7407769	71	-29	C	0.41253144	0.41253144
POS_VALIDATION_00007	12	1	0.7407769	51	-49	C	0.410135	0.410135
POS_VALIDATION_00007	13	1	0.7407769	24	-76	G	-0.40710613	0.40710613
POS_VALIDATION_00007	14	1	0.7407769	173	73	G	-0.40026462	0.40026462
POS_VALIDATION_00007	15	1	0.7407769	75	-25	T	-0.39201635	0.39201635
POS_VALIDATION_00007	16	1	0.7407769	198	98	C	-0.38094664	0.38094664
POS_VALIDATION_00007	17	1	0.7407769	152	52	C	0.35972479	0.35972479
POS_VALIDATION_00007	18	1	0.7407769	68	-32	G	-0.34733766	0.34733766
POS_VALIDATION_00007	19	1	0.7407769	41	-59	G	-0.34317046	0.34317046
POS_VALIDATION_00007	20	1	0.7407769	32	-68	G	-0.32970095	0.32970095
POS_VALIDATION_00007	21	1	0.7407769	28	-72	G	-0.32165056	0.32165056
POS_VALIDATION_00007	22	1	0.7407769	52	-48	A	-0.31268072	0.31268072
POS_VALIDATION_00007	23	1	0.7407769	25	-75	G	-0.30821139	0.30821139
POS_VALIDATION_00007	24	1	0.7407769	40	-60	G	-0.30413288	0.30413288
POS_VALIDATION_00007	25	1	0.7407769	184	84	G	-0.29932994	0.29932994
POS_VALIDATION_00007	26	1	0.7407769	89	-11	C	0.29200953	0.29200953
POS_VALIDATION_00007	27	1	0.7407769	123	23	C	0.27818337	0.27818337
POS_VALIDATION_00007	28	1	0.7407769	58	-42	G	-0.2745896	0.2745896
POS_VALIDATION_00007	29	1	0.7407769	90	-10	G	-0.25972387	0.25972387
POS_VALIDATION_00007	30	1	0.7407769	55	-45	G	-0.25940573	0.25940573
POS_VALIDATION_00007	31	1	0.7407769	132	32	G	-0.23921393	0.23921393
POS_VALIDATION_00007	32	1	0.7407769	194	94	C	0.23670569	0.23670569
POS_VALIDATION_00007	33	1	0.7407769	142	42	C	0.23604152	0.23604152
POS_VALIDATION_00007	34	1	0.7407769	74	-26	T	-0.2349187	0.2349187
POS_VALIDATION_00007	35	1	0.7407769	99	-1	G	-0.22752456	0.22752456
POS_VALIDATION_00007	36	1	0.7407769	8	-92	A	-0.22574851	0.22574851
POS_VALIDATION_00007	37	1	0.7407769	59	-41	G	-0.22417669	0.22417669
POS_VALIDATION_00007	38	1	0.7407769	56	-44	G	-0.22091325	0.22091325
POS_VALIDATION_00007	39	1	0.7407769	177	77	C	0.21842526	0.21842526
POS_VALIDATION_00007	40	1	0.7407769	84	-16	G	-0.21520734	0.21520734
POS_VALIDATION_00007	41	1	0.7407769	158	58	C	0.20289668	0.20289668
POS_VALIDATION_00007	42	1	0.7407769	114	14	G	-0.19756824	0.19756824
POS_VALIDATION_00007	43	1	0.7407769	154	54	G	-0.18944846	0.18944846
POS_VALIDATION_00007	44	1	0.7407769	49	-51	C	0.18922427	0.18922427
POS_VALIDATION_00007	45	1	0.7407769	44	-56	C	0.18916017	0.18916017
POS_VALIDATION_00007	46	1	0.7407769	141	41	A	-0.18415007	0.18415007
POS_VALIDATION_00007	47	1	0.7407769	171	71	A	0.18224764	0.18224764
POS_VALIDATION_00007	48	1	0.7407769	96	-4	G	-0.17974186	0.17974186
POS_VALIDATION_00007	49	1	0.7407769	193	93	C	-0.17787126	0.17787126
POS_VALIDATION_00007	50	1	0.7407769	83	-17	G	-0.16719763	0.16719763
POS_VALIDATION_00010	1	1	0.759583	42	-58	C	-0.89580464	0.89580464
POS_VALIDATION_00010	2	1	0.759583	99	-1	C	0.78862071	0.78862071
POS_VALIDATION_00010	3	1	0.759583	120	20	G	-0.71719539	0.71719539
POS_VALIDATION_00010	4	1	0.759583	173	73	C	0.69906974	0.69906974
POS_VALIDATION_00010	5	1	0.759583	105	5	C	0.5982222	0.5982222
POS_VALIDATION_00010	6	1	0.759583	196	96	C	0.57623053	0.57623053
POS_VALIDATION_00010	7	1	0.759583	161	61	A	-0.56327581	0.56327581
POS_VALIDATION_00010	8	1	0.759583	110	10	G	-0.56194437	0.56194437
POS_VALIDATION_00010	9	1	0.759583	170	70	C	0.54930496	0.54930496
POS_VALIDATION_00010	10	1	0.759583	190	90	C	0.47731352	0.47731352
POS_VALIDATION_00010	11	1	0.759583	69	-31	T	-0.46386385	0.46386385
POS_VALIDATION_00010	12	1	0.759583	24	-76	G	-0.46367875	0.46367875
POS_VALIDATION_00010	13	1	0.759583	126	26	T	-0.46158275	0.46158275
POS_VALIDATION_00010	14	1	0.759583	148	48	G	-0.4357636	0.4357636
POS_VALIDATION_00010	15	1	0.759583	101	1	A	-0.43242818	0.43242818
POS_VALIDATION_00010	16	1	0.759583	98	-2	G	-0.4169873	0.4169873
POS_VALIDATION_00010	17	1	0.759583	177	77	G	-0.41464257	0.41464257
POS_VALIDATION_00010	18	1	0.759583	93	-7	T	-0.39671052	0.39671052
POS_VALIDATION_00010	19	1	0.759583	0	-100	G	-0.35340941	0.35340941
POS_VALIDATION_00010	20	1	0.759583	95	-5	C	0.35252351	0.35252351
POS_VALIDATION_00010	21	1	0.759583	35	-65	C	0.34518924	0.34518924
POS_VALIDATION_00010	22	1	0.759583	84	-16	T	-0.34237632	0.34237632
POS_VALIDATION_00010	23	1	0.759583	75	-25	G	-0.31172407	0.31172407
POS_VALIDATION_00010	24	1	0.759583	139	39	G	-0.30707482	0.30707482
POS_VALIDATION_00010	25	1	0.759583	152	52	C	0.30299592	0.30299592
POS_VALIDATION_00010	26	1	0.759583	184	84	G	-0.29507416	0.29507416
POS_VALIDATION_00010	27	1	0.759583	194	94	G	-0.28668272	0.28668272
POS_VALIDATION_00010	28	1	0.759583	136	36	C	0.28461152	0.28461152
POS_VALIDATION_00010	29	1	0.759583	82	-18	C	0.27380434	0.27380434
POS_VALIDATION_00010	30	1	0.759583	52	-48	A	-0.26909238	0.26909238
POS_VALIDATION_00010	31	1	0.759583	138	38	G	-0.26846337	0.26846337
POS_VALIDATION_00010	32	1	0.759583	25	-75	G	-0.25949326	0.25949326
POS_VALIDATION_00010	33	1	0.759583	115	15	G	-0.25943843	0.25943843
POS_VALIDATION_00010	34	1	0.759583	74	-26	T	-0.25245005	0.25245005
POS_VALIDATION_00010	35	1	0.759583	149	49	C	0.2431795	0.2431795
POS_VALIDATION_00010	36	1	0.759583	151	51	G	-0.23679774	0.23679774
POS_VALIDATION_00010	37	1	0.759583	164	64	G	-0.2357381	0.2357381
POS_VALIDATION_00010	38	1	0.759583	154	54	G	-0.23518851	0.23518851
POS_VALIDATION_00010	39	1	0.759583	10	-90	G	-0.23251317	0.23251317
POS_VALIDATION_00010	40	1	0.759583	16	-84	G	-0.22898394	0.22898394
POS_VALIDATION_00010	41	1	0.759583	8	-92	A	-0.22330613	0.22330613
POS_VALIDATION_00010	42	1	0.759583	109	9	G	-0.21385853	0.21385853
POS_VALIDATION_00010	43	1	0.759583	107	7	G	-0.21375506	0.21375506
POS_VALIDATION_00010	44	1	0.759583	83	-17	A	0.2111654	0.2111654
POS_VALIDATION_00010	45	1	0.759583	150	50	A	0.20861924	0.20861924
POS_VALIDATION_00010	46	1	0.759583	40	-60	C	0.20609133	0.20609133
POS_VALIDATION_00010	47	1	0.759583	79	-21	G	-0.20579398	0.20579398
POS_VALIDATION_00010	48	1	0.759583	29	-71	G	-0.20523921	0.20523921
POS_VALIDATION_00010	49	1	0.759583	111	11	C	0.19726801	0.19726801
POS_VALIDATION_00010	50	1	0.759583	12	-88	G	-0.19265702	0.19265702
POS_VALIDATION_00012	1	1	0.94471931	96	-4	C	0.93490344	0.93490344
POS_VALIDATION_00012	2	1	0.94471931	161	61	T	-0.82210112	0.82210112
POS_VALIDATION_00012	3	1	0.94471931	23	-77	C	0.66333878	0.66333878
POS_VALIDATION_00012	4	1	0.94471931	101	1	T	-0.63225019	0.63225019
POS_VALIDATION_00012	5	1	0.94471931	66	-34	G	-0.5665223	0.5665223
POS_VALIDATION_00012	6	1	0.94471931	120	20	G	-0.56080908	0.56080908
POS_VALIDATION_00012	7	1	0.94471931	110	10	G	-0.55776757	0.55776757
POS_VALIDATION_00012	8	1	0.94471931	84	-16	C	0.43159103	0.43159103
POS_VALIDATION_00012	9	1	0.94471931	126	26	T	-0.42042696	0.42042696
POS_VALIDATION_00012	10	1	0.94471931	170	70	C	0.38552612	0.38552612
POS_VALIDATION_00012	11	1	0.94471931	106	6	G	-0.35630414	0.35630414
POS_VALIDATION_00012	12	1	0.94471931	69	-31	C	0.33090448	0.33090448
POS_VALIDATION_00012	13	1	0.94471931	68	-32	G	-0.31800371	0.31800371
POS_VALIDATION_00012	14	1	0.94471931	151	51	C	0.30671111	0.30671111
POS_VALIDATION_00012	15	1	0.94471931	138	38	G	-0.30290118	0.30290118
POS_VALIDATION_00012	16	1	0.94471931	153	53	G	-0.30246341	0.30246341
POS_VALIDATION_00012	17	1	0.94471931	173	73	G	-0.30061528	0.30061528
POS_VALIDATION_00012	18	1	0.94471931	0	-100	A	0.29745963	0.29745963
POS_VALIDATION_00012	19	1	0.94471931	109	9	C	0.28846446	0.28846446
POS_VALIDATION_00012	20	1	0.94471931	7	-93	G	-0.28588432	0.28588432
POS_VALIDATION_00012	21	1	0.94471931	50	-50	G	-0.27049157	0.27049157
POS_VALIDATION_00012	22	1	0.94471931	142	42	G	-0.26425683	0.26425683
POS_VALIDATION_00012	23	1	0.94471931	131	31	G	-0.23852369	0.23852369
POS_VALIDATION_00012	24	1	0.94471931	42	-58	G	-0.23724818	0.23724818
POS_VALIDATION_00012	25	1	0.94471931	75	-25	G	-0.21001488	0.21001488
POS_VALIDATION_00012	26	1	0.94471931	47	-53	T	-0.20925285	0.20925285
POS_VALIDATION_00012	27	1	0.94471931	162	62	G	-0.20345622	0.20345622
POS_VALIDATION_00012	28	1	0.94471931	154	54	G	-0.20201589	0.20201589
POS_VALIDATION_00012	29	1	0.94471931	99	-1	T	0.19731103	0.19731103
POS_VALIDATION_00012	30	1	0.94471931	197	97	T	0.18612173	0.18612173
POS_VALIDATION_00012	31	1	0.94471931	107	7	G	-0.18608314	0.18608314
POS_VALIDATION_00012	32	1	0.94471931	191	91	A	0.17930606	0.17930606
POS_VALIDATION_00012	33	1	0.94471931	172	72	C	-0.1771331	0.1771331
POS_VALIDATION_00012	34	1	0.94471931	53	-47	G	-0.1765933	0.1765933
POS_VALIDATION_00012	35	1	0.94471931	70	-30	G	-0.17583831	0.17583831
POS_VALIDATION_00012	36	1	0.94471931	51	-49	G	-0.17359526	0.17359526
POS_VALIDATION_00012	37	1	0.94471931	115	15	G	-0.16678883	0.16678883
POS_VALIDATION_00012	38	1	0.94471931	2	-98	A	-0.16627915	0.16627915
POS_VALIDATION_00012	39	1	0.94471931	27	-73	C	0.16472796	0.16472796
POS_VALIDATION_00012	40	1	0.94471931	34	-66	C	0.16347153	0.16347153
POS_VALIDATION_00012	41	1	0.94471931	123	23	C	0.15046526	0.15046526
POS_VALIDATION_00012	42	1	0.94471931	93	-7	C	0.14608294	0.14608294
POS_VALIDATION_00012	43	1	0.94471931	108	8	C	0.1450932	0.1450932
POS_VALIDATION_00012	44	1	0.94471931	67	-33	G	-0.14492734	0.14492734
POS_VALIDATION_00012	45	1	0.94471931	72	-28	G	-0.14476559	0.14476559
POS_VALIDATION_00012	46	1	0.94471931	41	-59	T	0.14464404	0.14464404
POS_VALIDATION_00012	47	1	0.94471931	52	-48	A	-0.14225601	0.14225601
POS_VALIDATION_00012	48	1	0.94471931	8	-92	G	-0.14111437	0.14111437
POS_VALIDATION_00012	49	1	0.94471931	130	30	G	-0.14079249	0.14079249
POS_VALIDATION_00012	50	1	0.94471931	135	35	G	-0.13878641	0.13878641
POS_VALIDATION_00014	1	1	0.7338686	101	1	T	-0.87822413	0.87822413
POS_VALIDATION_00014	2	1	0.7338686	161	61	C	0.80313879	0.80313879
POS_VALIDATION_00014	3	1	0.7338686	23	-77	C	0.74510777	0.74510777
POS_VALIDATION_00014	4	1	0.7338686	191	91	C	0.67441571	0.67441571
POS_VALIDATION_00014	5	1	0.7338686	66	-34	G	-0.54901719	0.54901719
POS_VALIDATION_00014	6	1	0.7338686	120	20	G	-0.54333752	0.54333752
POS_VALIDATION_00014	7	1	0.7338686	57	-43	G	-0.37957883	0.37957883
POS_VALIDATION_00014	8	1	0.7338686	58	-42	G	-0.35312194	0.35312194
POS_VALIDATION_00014	9	1	0.7338686	26	-74	G	-0.34552312	0.34552312
POS_VALIDATION_00014	10	1	0.7338686	98	-2	G	-0.34476393	0.34476393
POS_VALIDATION_00014	11	1	0.7338686	153	53	G	-0.33619693	0.33619693
POS_VALIDATION_00014	12	1	0.7338686	40	-60	G	-0.33569112	0.33569112
POS_VALIDATION_00014	13	1	0.7338686	185	85	G	-0.31639352	0.31639352
POS_VALIDATION_00014	14	1	0.7338686	129	29	C	0.30929643	0.30929643
POS_VALIDATION_00014	15	1	0.7338686	90	-10	G	-0.29830885	0.29830885
POS_VALIDATION_00014	16	1	0.7338686	52	-48	A	-0.2628586	0.2628586
POS_VALIDATION_00014	17	1	0.7338686	69	-31	A	-0.23614009	0.23614009
POS_VALIDATION_00014	18	1	0.7338686	41	-59	T	0.23395467	0.23395467
POS_VALIDATION_00014	19	1	0.7338686	75	-25	A	-0.22887051	0.22887051
POS_VALIDATION_00014	20	1	0.7338686	103	3	C	0.22820313	0.22820313
POS_VALIDATION_00014	21	1	0.7338686	121	21	C	0.22668454	0.22668454
POS_VALIDATION_00014	22	1	0.7338686	123	23	A	-0.22337845	0.22337845
POS_VALIDATION_00014	23	1	0.7338686	143	43	C	0.22071031	0.22071031
POS_VALIDATION_00014	24	1	0.7338686	1	-99	A	0.21313441	0.21313441
POS_VALIDATION_00014	25	1	0.7338686	56	-44	A	0.21036714	0.21036714
POS_VALIDATION_00014	26	1	0.7338686	8	-92	A	-0.20758298	0.20758298
POS_VALIDATION_00014	27	1	0.7338686	166	66	T	-0.19242847	0.19242847
POS_VALIDATION_00014	28	1	0.7338686	197	97	T	0.19021922	0.19021922
POS_VALIDATION_00014	29	1	0.7338686	99	-1	G	-0.18932065	0.18932065
POS_VALIDATION_00014	30	1	0.7338686	92	-8	G	-0.18871363	0.18871363
POS_VALIDATION_00014	31	1	0.7338686	37	-63	C	0.18818161	0.18818161
POS_VALIDATION_00014	32	1	0.7338686	110	10	C	-0.18369988	0.18369988
POS_VALIDATION_00014	33	1	0.7338686	2	-98	A	-0.1825797	0.1825797
POS_VALIDATION_00014	34	1	0.7338686	79	-21	C	0.18113247	0.18113247
POS_VALIDATION_00014	35	1	0.7338686	0	-100	A	0.18018027	0.18018027
POS_VALIDATION_00014	36	1	0.7338686	141	41	G	-0.17944199	0.17944199
POS_VALIDATION_00014	37	1	0.7338686	14	-86	T	-0.17775729	0.17775729
POS_VALIDATION_00014	38	1	0.7338686	151	51	C	0.17515963	0.17515963
POS_VALIDATION_00014	39	1	0.7338686	94	-6	C	0.17064005	0.17064005
POS_VALIDATION_00014	40	1	0.7338686	147	47	G	-0.16637313	0.16637313
POS_VALIDATION_00014	41	1	0.7338686	142	42	C	0.16544148	0.16544148
POS_VALIDATION_00014	42	1	0.7338686	46	-54	C	0.16101089	0.16101089
POS_VALIDATION_00014	43	1	0.7338686	70	-30	G	-0.16069615	0.16069615
POS_VALIDATION_00014	44	1	0.7338686	111	11	C	0.16051701	0.16051701
POS_VALIDATION_00014	45	1	0.7338686	188	88	G	-0.1601381	0.1601381
POS_VALIDATION_00014	46	1	0.7338686	18	-82	C	0.15831919	0.15831919
POS_VALIDATION_00014	47	1	0.7338686	105	5	G	-0.15717107	0.15717107
POS_VALIDATION_00014	48	1	0.7338686	29	-71	G	-0.15589416	0.15589416
POS_VALIDATION_00014	49	1	0.7338686	21	-79	G	-0.15582523	0.15582523
POS_VALIDATION_00014	50	1	0.7338686	88	-12	G	-0.15232332	0.15232332
POS_VALIDATION_00016	1	1	0.86383092	161	61	T	-0.94512904	0.94512904
POS_VALIDATION_00016	2	1	0.86383092	47	-53	G	-0.78721762	0.78721762
POS_VALIDATION_00016	3	1	0.86383092	99	-1	C	0.74133229	0.74133229
POS_VALIDATION_00016	4	1	0.86383092	84	-16	C	0.7244854	0.7244854
POS_VALIDATION_00016	5	1	0.86383092	181	81	G	-0.59875274	0.59875274
POS_VALIDATION_00016	6	1	0.86383092	110	10	G	-0.57552361	0.57552361
POS_VALIDATION_00016	7	1	0.86383092	105	5	C	0.54655719	0.54655719
POS_VALIDATION_00016	8	1	0.86383092	35	-65	G	-0.52071947	0.52071947
POS_VALIDATION_00016	9	1	0.86383092	178	78	C	0.48009202	0.48009202
POS_VALIDATION_00016	10	1	0.86383092	109	9	C	0.43872944	0.43872944
POS_VALIDATION_00016	11	1	0.86383092	177	77	G	-0.40812588	0.40812588
POS_VALIDATION_00016	12	1	0.86383092	32	-68	G	-0.35190469	0.35190469
POS_VALIDATION_00016	13	1	0.86383092	0	-100	G	-0.35027143	0.35027143
POS_VALIDATION_00016	14	1	0.86383092	87	-13	G	-0.3446289	0.3446289
POS_VALIDATION_00016	15	1	0.86383092	75	-25	G	-0.33200154	0.33200154
POS_VALIDATION_00016	16	1	0.86383092	93	-7	A	-0.32545471	0.32545471
POS_VALIDATION_00016	17	1	0.86383092	55	-45	G	-0.30158016	0.30158016
POS_VALIDATION_00016	18	1	0.86383092	170	70	C	0.29901007	0.29901007
POS_VALIDATION_00016	19	1	0.86383092	173	73	G	-0.29286569	0.29286569
POS_VALIDATION_00016	20	1	0.86383092	187	87	C	0.28864738	0.28864738
POS_VALIDATION_00016	21	1	0.86383092	167	67	G	-0.2866154	0.2866154
POS_VALIDATION_00016	22	1	0.86383092	112	12	C	0.28481585	0.28481585
POS_VALIDATION_00016	23	1	0.86383092	26	-74	G	-0.28065974	0.28065974
POS_VALIDATION_00016	24	1	0.86383092	52	-48	C	-0.27323171	0.27323171
POS_VALIDATION_00016	25	1	0.86383092	5	-95	G	-0.27212203	0.27212203
POS_VALIDATION_00016	26	1	0.86383092	184	84	C	-0.2708011	0.2708011
POS_VALIDATION_00016	27	1	0.86383092	42	-58	G	-0.26110476	0.26110476
POS_VALIDATION_00016	28	1	0.86383092	154	54	G	-0.23758093	0.23758093
POS_VALIDATION_00016	29	1	0.86383092	50	-50	G	-0.22539437	0.22539437
POS_VALIDATION_00016	30	1	0.86383092	115	15	C	0.2238988	0.2238988
POS_VALIDATION_00016	31	1	0.86383092	151	51	G	-0.22344942	0.22344942
POS_VALIDATION_00016	32	1	0.86383092	68	-32	G	-0.22193131	0.22193131
POS_VALIDATION_00016	33	1	0.86383092	23	-77	G	-0.22110274	0.22110274
POS_VALIDATION_00016	34	1	0.86383092	166	66	G	-0.21964066	0.21964066
POS_VALIDATION_00016	35	1	0.86383092	147	47	C	0.21566792	0.21566792
POS_VALIDATION_00016	36	1	0.86383092	58	-42	C	0.20669615	0.20669615
POS_VALIDATION_00016	37	1	0.86383092	59	-41	T	-0.20443773	0.20443773
POS_VALIDATION_00016	38	1	0.86383092	77	-23	G	-0.20102033	0.20102033
POS_VALIDATION_00016	39	1	0.86383092	106	6	C	0.19611081	0.19611081
POS_VALIDATION_00016	40	1	0.86383092	95	-5	C	0.19543847	0.19543847
POS_VALIDATION_00016	41	1	0.86383092	29	-71	G	-0.19378546	0.19378546
POS_VALIDATION_00016	42	1	0.86383092	90	-10	C	0.19314413	0.19314413
POS_VALIDATION_00016	43	1	0.86383092	142	42	G	-0.18541023	0.18541023
POS_VALIDATION_00016	44	1	0.86383092	175	75	C	0.17720184	0.17720184
POS_VALIDATION_00016	45	1	0.86383092	44	-56	G	-0.17607258	0.17607258
POS_VALIDATION_00016	46	1	0.86383092	164	64	C	-0.17411494	0.17411494
POS_VALIDATION_00016	47	1	0.86383092	111	11	C	0.17122157	0.17122157
POS_VALIDATION_00016	48	1	0.86383092	78	-22	C	0.16982058	0.16982058
POS_VALIDATION_00016	49	1	0.86383092	12	-88	C	0.16929892	0.16929892
POS_VALIDATION_00016	50	1	0.86383092	83	-17	G	-0.16774946	0.16774946
POS_VALIDATION_00020	1	1	0.89453965	96	-4	C	0.84136987	0.84136987
POS_VALIDATION_00020	2	1	0.89453965	113	13	C	0.80762345	0.80762345
POS_VALIDATION_00020	3	1	0.89453965	23	-77	C	0.67068601	0.67068601
POS_VALIDATION_00020	4	1	0.89453965	45	-55	G	-0.46045041	0.46045041
POS_VALIDATION_00020	5	1	0.89453965	198	98	G	-0.45274267	0.45274267
POS_VALIDATION_00020	6	1	0.89453965	148	48	G	-0.39994401	0.39994401
POS_VALIDATION_00020	7	1	0.89453965	99	-1	C	0.38378507	0.38378507
POS_VALIDATION_00020	8	1	0.89453965	87	-13	G	-0.35964429	0.35964429
POS_VALIDATION_00020	9	1	0.89453965	57	-43	G	-0.35650164	0.35650164
POS_VALIDATION_00020	10	1	0.89453965	106	6	C	0.34808469	0.34808469
POS_VALIDATION_00020	11	1	0.89453965	13	-87	A	-0.34538543	0.34538543
POS_VALIDATION_00020	12	1	0.89453965	8	-92	A	-0.33212298	0.33212298
POS_VALIDATION_00020	13	1	0.89453965	140	40	G	-0.32613179	0.32613179
POS_VALIDATION_00020	14	1	0.89453965	15	-85	G	-0.31170398	0.31170398
POS_VALIDATION_00020	15	1	0.89453965	171	71	G	-0.30667907	0.30667907
POS_VALIDATION_00020	16	1	0.89453965	56	-44	A	0.29327217	0.29327217
POS_VALIDATION_00020	17	1	0.89453965	153	53	G	-0.28625941	0.28625941
POS_VALIDATION_00020	18	1	0.89453965	59	-41	G	-0.28045815	0.28045815
POS_VALIDATION_00020	19	1	0.89453965	69	-31	T	-0.27866775	0.27866775
POS_VALIDATION_00020	20	1	0.89453965	103	3	C	0.27539378	0.27539378
POS_VALIDATION_00020	21	1	0.89453965	190	90	C	0.27356872	0.27356872
POS_VALIDATION_00020	22	1	0.89453965	139	39	G	-0.2726413	0.2726413
POS_VALIDATION_00020	23	1	0.89453965	25	-75	G	-0.27239627	0.27239627
POS_VALIDATION_00020	24	1	0.89453965	173	73	C	0.26941833	0.26941833
POS_VALIDATION_00020	25	1	0.89453965	0	-100	T	0.26817185	0.26817185
POS_VALIDATION_00020	26	1	0.89453965	5	-95	G	-0.25474912	0.25474912
POS_VALIDATION_00020	27	1	0.89453965	136	36	G	-0.25055733	0.25055733
POS_VALIDATION_00020	28	1	0.89453965	2	-98	G	-0.24797359	0.24797359
POS_VALIDATION_00020	29	1	0.89453965	112	12	C	0.24638766	0.24638766
POS_VALIDATION_00020	30	1	0.89453965	117	17	C	-0.24430957	0.24430957
POS_VALIDATION_00020	31	1	0.89453965	74	-26	T	-0.23693016	0.23693016
POS_VALIDATION_00020	32	1	0.89453965	30	-70	C	0.22920835	0.22920835
POS_VALIDATION_00020	33	1	0.89453965	170	70	C	0.21780606	0.21780606
POS_VALIDATION_00020	34	1	0.89453965	167	67	G	-0.2168477	0.2168477
POS_VALIDATION_00020	35	1	0.89453965	19	-81	C	0.2123467	0.2123467
POS_VALIDATION_00020	36	1	0.89453965	75	-25	G	-0.21145608	0.21145608
POS_VALIDATION_00020	37	1	0.89453965	98	-2	C	0.21014549	0.21014549
POS_VALIDATION_00020	38	1	0.89453965	7	-93	G	-0.20840031	0.20840031
POS_VALIDATION_00020	39	1	0.89453965	90	-10	C	0.20729277	0.20729277
POS_VALIDATION_00020	40	1	0.89453965	184	84	T	-0.20238191	0.20238191
POS_VALIDATION_00020	41	1	0.89453965	164	64	C	-0.19496511	0.19496511
POS_VALIDATION_00020	42	1	0.89453965	1	-99	A	0.18903543	0.18903543
POS_VALIDATION_00020	43	1	0.89453965	151	51	G	-0.1878866	0.1878866
POS_VALIDATION_00020	44	1	0.89453965	191	91	A	0.18516409	0.18516409
POS_VALIDATION_00020	45	1	0.89453965	29	-71	G	-0.18434548	0.18434548
POS_VALIDATION_00020	46	1	0.89453965	181	81	T	-0.18148299	0.18148299
POS_VALIDATION_00020	47	1	0.89453965	83	-17	G	-0.18130645	0.18130645
POS_VALIDATION_00020	48	1	0.89453965	109	9	G	-0.17987306	0.17987306
POS_VALIDATION_00020	49	1	0.89453965	179	79	G	-0.17878638	0.17878638
POS_VALIDATION_00020	50	1	0.89453965	61	-39	C	0.17796397	0.17796397
POS_VALIDATION_00021	1	1	0.89624554	148	48	G	-0.43190402	0.43190402
POS_VALIDATION_00021	2	1	0.89624554	23	-77	C	0.41471136	0.41471136
POS_VALIDATION_00021	3	1	0.89624554	161	61	C	0.39523953	0.39523953
POS_VALIDATION_00021	4	1	0.89624554	24	-76	G	-0.38185862	0.38185862
POS_VALIDATION_00021	5	1	0.89624554	101	1	C	-0.37330782	0.37330782
POS_VALIDATION_00021	6	1	0.89624554	99	-1	C	0.37058625	0.37058625
POS_VALIDATION_00021	7	1	0.89624554	57	-43	G	-0.31995511	0.31995511
POS_VALIDATION_00021	8	1	0.89624554	35	-65	T	0.31239328	0.31239328
POS_VALIDATION_00021	9	1	0.89624554	0	-100	G	-0.29663897	0.29663897
POS_VALIDATION_00021	10	1	0.89624554	40	-60	G	-0.29029778	0.29029778
POS_VALIDATION_00021	11	1	0.89624554	196	96	C	0.28908402	0.28908402
POS_VALIDATION_00021	12	1	0.89624554	76	-24	C	0.28461325	0.28461325
POS_VALIDATION_00021	13	1	0.89624554	69	-31	T	-0.26315647	0.26315647
POS_VALIDATION_00021	14	1	0.89624554	75	-25	C	0.24620019	0.24620019
POS_VALIDATION_00021	15	1	0.89624554	59	-41	G	-0.24285521	0.24285521
POS_VALIDATION_00021	16	1	0.89624554	112	12	C	0.23543608	0.23543608
POS_VALIDATION_00021	17	1	0.89624554	84	-16	T	-0.23407187	0.23407187
POS_VALIDATION_00021	18	1	0.89624554	25	-75	C	-0.23061243	0.23061243
POS_VALIDATION_00021	19	1	0.89624554	8	-92	A	-0.22412683	0.22412683
POS_VALIDATION_00021	20	1	0.89624554	58	-42	G	-0.2168718	0.2168718
POS_VALIDATION_00021	21	1	0.89624554	126	26	A	-0.20292141	0.20292141
POS_VALIDATION_00021	22	1	0.89624554	6	-94	A	-0.20219743	0.20219743
POS_VALIDATION_00021	23	1	0.89624554	66	-34	T	-0.20145476	0.20145476
POS_VALIDATION_00021	24	1	0.89624554	10	-90	G	-0.20024955	0.20024955
POS_VALIDATION_00021	25	1	0.89624554	31	-69	T	-0.18943018	0.18943018
POS_VALIDATION_00021	26	1	0.89624554	54	-46	G	-0.18053804	0.18053804
POS_VALIDATION_00021	27	1	0.89624554	98	-2	C	0.17822263	0.17822263
POS_VALIDATION_00021	28	1	0.89624554	162	62	G	-0.17667061	0.17667061
POS_VALIDATION_00021	29	1	0.89624554	74	-26	G	-0.17622221	0.17622221
POS_VALIDATION_00021	30	1	0.89624554	151	51	C	0.17433432	0.17433432
POS_VALIDATION_00021	31	1	0.89624554	2	-98	G	-0.17144856	0.17144856
POS_VALIDATION_00021	32	1	0.89624554	154	54	C	-0.16980663	0.16980663
POS_VALIDATION_00021	33	1	0.89624554	16	-84	G	-0.16689754	0.16689754
POS_VALIDATION_00021	34	1	0.89624554	121	21	C	0.15840635	0.15840635
POS_VALIDATION_00021	35	1	0.89624554	193	93	G	-0.15806353	0.15806353
POS_VALIDATION_00021	36	1	0.89624554	5	-95	T	0.15786256	0.15786256
POS_VALIDATION_00021	37	1	0.89624554	131	31	G	-0.15646365	0.15646365
POS_VALIDATION_00021	38	1	0.89624554	173	73	T	-0.15526815	0.15526815
POS_VALIDATION_00021	39	1	0.89624554	198	98	C	-0.1533664	0.1533664
POS_VALIDATION_00021	40	1	0.89624554	125	25	C	-0.14956555	0.14956555
POS_VALIDATION_00021	41	1	0.89624554	117	17	T	-0.14624476	0.14624476
POS_VALIDATION_00021	42	1	0.89624554	177	77	T	-0.14231136	0.14231136
POS_VALIDATION_00021	43	1	0.89624554	152	52	C	0.13855439	0.13855439
POS_VALIDATION_00021	44	1	0.89624554	27	-73	C	0.13803506	0.13803506
POS_VALIDATION_00021	45	1	0.89624554	194	94	A	-0.13727342	0.13727342
POS_VALIDATION_00021	46	1	0.89624554	92	-8	G	-0.1358756	0.1358756
POS_VALIDATION_00021	47	1	0.89624554	86	-14	T	0.13468631	0.13468631
POS_VALIDATION_00021	48	1	0.89624554	158	58	G	-0.1346603	0.1346603
POS_VALIDATION_00021	49	1	0.89624554	174	74	G	-0.13083175	0.13083175
POS_VALIDATION_00021	50	1	0.89624554	135	35	G	-0.13079749	0.13079749
POS_VALIDATION_00022	1	1	0.86559856	42	-58	C	-0.81335092	0.81335092
POS_VALIDATION_00022	2	1	0.86559856	161	61	A	-0.62789333	0.62789333
POS_VALIDATION_00022	3	1	0.86559856	23	-77	C	0.5616762	0.5616762
POS_VALIDATION_00022	4	1	0.86559856	110	10	G	-0.53176337	0.53176337
POS_VALIDATION_00022	5	1	0.86559856	45	-55	G	-0.42366713	0.42366713
POS_VALIDATION_00022	6	1	0.86559856	93	-7	A	-0.39696577	0.39696577
POS_VALIDATION_00022	7	1	0.86559856	24	-76	G	-0.38166913	0.38166913
POS_VALIDATION_00022	8	1	0.86559856	119	19	C	0.37208813	0.37208813
POS_VALIDATION_00022	9	1	0.86559856	41	-59	G	-0.33309716	0.33309716
POS_VALIDATION_00022	10	1	0.86559856	26	-74	G	-0.32022297	0.32022297
POS_VALIDATION_00022	11	1	0.86559856	84	-16	T	-0.315218	0.315218
POS_VALIDATION_00022	12	1	0.86559856	55	-45	G	-0.2899783	0.2899783
POS_VALIDATION_00022	13	1	0.86559856	151	51	C	0.28935888	0.28935888
POS_VALIDATION_00022	14	1	0.86559856	40	-60	G	-0.27953628	0.27953628
POS_VALIDATION_00022	15	1	0.86559856	66	-34	C	-0.2708846	0.2708846
POS_VALIDATION_00022	16	1	0.86559856	0	-100	T	0.26931718	0.26931718
POS_VALIDATION_00022	17	1	0.86559856	142	42	G	-0.25912607	0.25912607
POS_VALIDATION_00022	18	1	0.86559856	123	23	G	-0.25730711	0.25730711
POS_VALIDATION_00022	19	1	0.86559856	75	-25	C	0.25234169	0.25234169
POS_VALIDATION_00022	20	1	0.86559856	98	-2	G	-0.24843796	0.24843796
POS_VALIDATION_00022	21	1	0.86559856	50	-50	G	-0.24240695	0.24240695
POS_VALIDATION_00022	22	1	0.86559856	111	11	G	-0.2413846	0.2413846
POS_VALIDATION_00022	23	1	0.86559856	59	-41	G	-0.23991799	0.23991799
POS_VALIDATION_00022	24	1	0.86559856	56	-44	A	0.23827887	0.23827887
POS_VALIDATION_00022	25	1	0.86559856	25	-75	G	-0.23397687	0.23397687
POS_VALIDATION_00022	26	1	0.86559856	30	-70	T	-0.23381582	0.23381582
POS_VALIDATION_00022	27	1	0.86559856	99	-1	C	0.2325235	0.2325235
POS_VALIDATION_00022	28	1	0.86559856	121	21	C	0.23108594	0.23108594
POS_VALIDATION_00022	29	1	0.86559856	58	-42	C	0.22781324	0.22781324
POS_VALIDATION_00022	30	1	0.86559856	16	-84	G	-0.22598758	0.22598758
POS_VALIDATION_00022	31	1	0.86559856	173	73	T	-0.22519165	0.22519165
POS_VALIDATION_00022	32	1	0.86559856	137	37	G	-0.22336784	0.22336784
POS_VALIDATION_00022	33	1	0.86559856	7	-93	G	-0.21194288	0.21194288
POS_VALIDATION_00022	34	1	0.86559856	112	12	C	0.21029899	0.21029899
POS_VALIDATION_00022	35	1	0.86559856	129	29	G	-0.20359653	0.20359653
POS_VALIDATION_00022	36	1	0.86559856	125	25	G	-0.19924234	0.19924234
POS_VALIDATION_00022	37	1	0.86559856	61	-39	C	0.19472861	0.19472861
POS_VALIDATION_00022	38	1	0.86559856	139	39	C	-0.19319518	0.19319518
POS_VALIDATION_00022	39	1	0.86559856	184	84	T	-0.19212559	0.19212559
POS_VALIDATION_00022	40	1	0.86559856	82	-18	C	0.18953991	0.18953991
POS_VALIDATION_00022	41	1	0.86559856	166	66	G	-0.18786135	0.18786135
POS_VALIDATION_00022	42	1	0.86559856	2	-98	T	-0.18643928	0.18643928
POS_VALIDATION_00022	43	1	0.86559856	80	-20	G	-0.18636486	0.18636486
POS_VALIDATION_00022	44	1	0.86559856	132	32	C	0.18027869	0.18027869
POS_VALIDATION_00022	45	1	0.86559856	90	-10	C	0.17084539	0.17084539
POS_VALIDATION_00022	46	1	0.86559856	63	-37	G	-0.17008576	0.17008576
POS_VALIDATION_00022	47	1	0.86559856	197	97	A	0.16520348	0.16520348
POS_VALIDATION_00022	48	1	0.86559856	160	60	G	-0.1639477	0.1639477
POS_VALIDATION_00022	49	1	0.86559856	150	50	A	0.16305943	0.16305943
POS_VALIDATION_00022	50	1	0.86559856	108	8	C	0.15857059	0.15857059
POS_VALIDATION_00023	1	1	0.80061871	113	13	C	1.3893154	1.3893154
POS_VALIDATION_00023	2	1	0.80061871	45	-55	G	-0.76529139	0.76529139
POS_VALIDATION_00023	3	1	0.80061871	66	-34	G	-0.71351576	0.71351576
POS_VALIDATION_00023	4	1	0.80061871	87	-13	G	-0.61288446	0.61288446
POS_VALIDATION_00023	5	1	0.80061871	161	61	T	-0.60165817	0.60165817
POS_VALIDATION_00023	6	1	0.80061871	111	11	G	-0.57294941	0.57294941
POS_VALIDATION_00023	7	1	0.80061871	105	5	C	0.54079473	0.54079473
POS_VALIDATION_00023	8	1	0.80061871	35	-65	G	-0.54011667	0.54011667
POS_VALIDATION_00023	9	1	0.80061871	196	96	C	0.51895183	0.51895183
POS_VALIDATION_00023	10	1	0.80061871	32	-68	G	-0.51530921	0.51530921
POS_VALIDATION_00023	11	1	0.80061871	93	-7	A	-0.48003089	0.48003089
POS_VALIDATION_00023	12	1	0.80061871	0	-100	T	0.46584645	0.46584645
POS_VALIDATION_00023	13	1	0.80061871	116	16	G	-0.43322867	0.43322867
POS_VALIDATION_00023	14	1	0.80061871	57	-43	G	-0.42597768	0.42597768
POS_VALIDATION_00023	15	1	0.80061871	61	-39	C	0.37330836	0.37330836
POS_VALIDATION_00023	16	1	0.80061871	41	-59	G	-0.37181473	0.37181473
POS_VALIDATION_00023	17	1	0.80061871	26	-74	G	-0.36410859	0.36410859
POS_VALIDATION_00023	18	1	0.80061871	112	12	C	0.36378607	0.36378607
POS_VALIDATION_00023	19	1	0.80061871	51	-49	C	0.35494173	0.35494173
POS_VALIDATION_00023	20	1	0.80061871	194	94	G	-0.35006267	0.35006267
POS_VALIDATION_00023	21	1	0.80061871	12	-88	G	-0.34591612	0.34591612
POS_VALIDATION_00023	22	1	0.80061871	76	-24	C	0.34475499	0.34475499
POS_VALIDATION_00023	23	1	0.80061871	74	-26	C	0.33169192	0.33169192
POS_VALIDATION_00023	24	1	0.80061871	52	-48	C	-0.3190423	0.3190423
POS_VALIDATION_00023	25	1	0.80061871	126	26	T	-0.31601062	0.31601062
POS_VALIDATION_00023	26	1	0.80061871	164	64	G	-0.30943435	0.30943435
POS_VALIDATION_00023	27	1	0.80061871	69	-31	T	-0.30333525	0.30333525
POS_VALIDATION_00023	28	1	0.80061871	1	-99	A	0.30059564	0.30059564
POS_VALIDATION_00023	29	1	0.80061871	121	21	C	0.29834494	0.29834494
POS_VALIDATION_00023	30	1	0.80061871	97	-3	G	-0.28773639	0.28773639
POS_VALIDATION_00023	31	1	0.80061871	101	1	G	-0.28421247	0.28421247
POS_VALIDATION_00023	32	1	0.80061871	23	-77	G	-0.27044943	0.27044943
POS_VALIDATION_00023	33	1	0.80061871	56	-44	T	0.25998592	0.25998592
POS_VALIDATION_00023	34	1	0.80061871	7	-93	G	-0.2561655	0.2561655
POS_VALIDATION_00023	35	1	0.80061871	10	-90	G	-0.24575967	0.24575967
POS_VALIDATION_00023	36	1	0.80061871	115	15	G	-0.24565361	0.24565361
POS_VALIDATION_00023	37	1	0.80061871	5	-95	G	-0.23251837	0.23251837
POS_VALIDATION_00023	38	1	0.80061871	75	-25	T	-0.23158064	0.23158064
POS_VALIDATION_00023	39	1	0.80061871	119	19	G	-0.23014429	0.23014429
POS_VALIDATION_00023	40	1	0.80061871	197	97	A	0.21497571	0.21497571
POS_VALIDATION_00023	41	1	0.80061871	2	-98	G	-0.21294376	0.21294376
POS_VALIDATION_00023	42	1	0.80061871	8	-92	A	-0.21223339	0.21223339
POS_VALIDATION_00023	43	1	0.80061871	99	-1	G	-0.21122269	0.21122269
POS_VALIDATION_00023	44	1	0.80061871	195	95	C	0.21085092	0.21085092
POS_VALIDATION_00023	45	1	0.80061871	139	39	A	0.21018538	0.21018538
POS_VALIDATION_00023	46	1	0.80061871	109	9	G	-0.20927714	0.20927714
POS_VALIDATION_00023	47	1	0.80061871	59	-41	T	-0.20834662	0.20834662
POS_VALIDATION_00023	48	1	0.80061871	84	-16	G	-0.19599235	0.19599235
POS_VALIDATION_00023	49	1	0.80061871	133	33	C	0.19422093	0.19422093
POS_VALIDATION_00023	50	1	0.80061871	98	-2	C	0.19310394	0.19310394
POS_VALIDATION_00024	1	1	0.85499078	120	20	G	-0.66545784	0.66545784
POS_VALIDATION_00024	2	1	0.85499078	23	-77	C	0.5531857	0.5531857
POS_VALIDATION_00024	3	1	0.85499078	191	91	C	0.36178103	0.36178103
POS_VALIDATION_00024	4	1	0.85499078	101	1	A	-0.34257427	0.34257427
POS_VALIDATION_00024	5	1	0.85499078	99	-1	C	0.32726482	0.32726482
POS_VALIDATION_00024	6	1	0.85499078	98	-2	G	-0.31749928	0.31749928
POS_VALIDATION_00024	7	1	0.85499078	161	61	C	0.29656887	0.29656887
POS_VALIDATION_00024	8	1	0.85499078	84	-16	C	0.28763965	0.28763965
POS_VALIDATION_00024	9	1	0.85499078	66	-34	C	-0.28661025	0.28661025
POS_VALIDATION_00024	10	1	0.85499078	166	66	C	-0.27980635	0.27980635
POS_VALIDATION_00024	11	1	0.85499078	142	42	G	-0.27416381	0.27416381
POS_VALIDATION_00024	12	1	0.85499078	76	-24	C	0.27083024	0.27083024
POS_VALIDATION_00024	13	1	0.85499078	167	67	C	0.26915011	0.26915011
POS_VALIDATION_00024	14	1	0.85499078	75	-25	A	-0.25709587	0.25709587
POS_VALIDATION_00024	15	1	0.85499078	190	90	C	0.25611559	0.25611559
POS_VALIDATION_00024	16	1	0.85499078	171	71	G	-0.23307683	0.23307683
POS_VALIDATION_00024	17	1	0.85499078	47	-53	T	-0.23084353	0.23084353
POS_VALIDATION_00024	18	1	0.85499078	0	-100	G	-0.22294661	0.22294661
POS_VALIDATION_00024	19	1	0.85499078	164	64	G	-0.22113988	0.22113988
POS_VALIDATION_00024	20	1	0.85499078	173	73	T	-0.22048338	0.22048338
POS_VALIDATION_00024	21	1	0.85499078	74	-26	T	-0.21880215	0.21880215
POS_VALIDATION_00024	22	1	0.85499078	193	93	C	-0.21587268	0.21587268
POS_VALIDATION_00024	23	1	0.85499078	123	23	A	-0.19123214	0.19123214
POS_VALIDATION_00024	24	1	0.85499078	52	-48	C	-0.19009967	0.19009967
POS_VALIDATION_00024	25	1	0.85499078	138	38	G	-0.18920788	0.18920788
POS_VALIDATION_00024	26	1	0.85499078	179	79	G	-0.17725122	0.17725122
POS_VALIDATION_00024	27	1	0.85499078	25	-75	T	-0.1742835	0.1742835
POS_VALIDATION_00024	28	1	0.85499078	108	8	G	-0.1686832	0.1686832
POS_VALIDATION_00024	29	1	0.85499078	147	47	G	-0.16736877	0.16736877
POS_VALIDATION_00024	30	1	0.85499078	178	78	T	-0.16709554	0.16709554
POS_VALIDATION_00024	31	1	0.85499078	184	84	C	-0.16620581	0.16620581
POS_VALIDATION_00024	32	1	0.85499078	151	51	G	-0.16587117	0.16587117
POS_VALIDATION_00024	33	1	0.85499078	89	-11	C	0.16071615	0.16071615
POS_VALIDATION_00024	34	1	0.85499078	174	74	G	-0.15391445	0.15391445
POS_VALIDATION_00024	35	1	0.85499078	54	-46	G	-0.15285814	0.15285814
POS_VALIDATION_00024	36	1	0.85499078	122	22	G	-0.14796594	0.14796594
POS_VALIDATION_00024	37	1	0.85499078	183	83	G	-0.14695577	0.14695577
POS_VALIDATION_00024	38	1	0.85499078	181	81	C	0.14438118	0.14438118
POS_VALIDATION_00024	39	1	0.85499078	58	-42	C	0.1395292	0.1395292
POS_VALIDATION_00024	40	1	0.85499078	90	-10	C	0.13881758	0.13881758
POS_VALIDATION_00024	41	1	0.85499078	141	41	G	-0.13866775	0.13866775
POS_VALIDATION_00024	42	1	0.85499078	8	-92	T	-0.13804482	0.13804482
POS_VALIDATION_00024	43	1	0.85499078	59	-41	C	-0.13751093	0.13751093
POS_VALIDATION_00024	44	1	0.85499078	42	-58	T	-0.13670976	0.13670976
POS_VALIDATION_00024	45	1	0.85499078	70	-30	G	-0.13612834	0.13612834
POS_VALIDATION_00024	46	1	0.85499078	78	-22	G	-0.13518423	0.13518423
POS_VALIDATION_00024	47	1	0.85499078	87	-13	C	-0.13416871	0.13416871
POS_VALIDATION_00024	48	1	0.85499078	41	-59	T	-0.13335694	0.13335694
POS_VALIDATION_00024	49	1	0.85499078	153	53	C	0.13217853	0.13217853
POS_VALIDATION_00024	50	1	0.85499078	194	94	C	0.12974763	0.12974763
POS_VALIDATION_00027	1	1	0.87572366	23	-77	C	0.72384501	0.72384501
POS_VALIDATION_00027	2	1	0.87572366	96	-4	C	0.65476197	0.65476197
POS_VALIDATION_00027	3	1	0.87572366	198	98	G	-0.62609673	0.62609673
POS_VALIDATION_00027	4	1	0.87572366	69	-31	C	0.50991589	0.50991589
POS_VALIDATION_00027	5	1	0.87572366	87	-13	G	-0.45690519	0.45690519
POS_VALIDATION_00027	6	1	0.87572366	142	42	G	-0.44283503	0.44283503
POS_VALIDATION_00027	7	1	0.87572366	25	-75	C	-0.42511311	0.42511311
POS_VALIDATION_00027	8	1	0.87572366	140	40	G	-0.3925885	0.3925885
POS_VALIDATION_00027	9	1	0.87572366	161	61	G	-0.37202305	0.37202305
POS_VALIDATION_00027	10	1	0.87572366	177	77	G	-0.37148815	0.37148815
POS_VALIDATION_00027	11	1	0.87572366	126	26	T	-0.37081772	0.37081772
POS_VALIDATION_00027	12	1	0.87572366	116	16	G	-0.36562622	0.36562622
POS_VALIDATION_00027	13	1	0.87572366	0	-100	T	0.35750869	0.35750869
POS_VALIDATION_00027	14	1	0.87572366	52	-48	A	-0.34156173	0.34156173
POS_VALIDATION_00027	15	1	0.87572366	35	-65	G	-0.33773372	0.33773372
POS_VALIDATION_00027	16	1	0.87572366	98	-2	G	-0.33200264	0.33200264
POS_VALIDATION_00027	17	1	0.87572366	84	-16	T	-0.31789595	0.31789595
POS_VALIDATION_00027	18	1	0.87572366	167	67	G	-0.31725809	0.31725809
POS_VALIDATION_00027	19	1	0.87572366	123	23	A	-0.31285191	0.31285191
POS_VALIDATION_00027	20	1	0.87572366	105	5	C	0.30199921	0.30199921
POS_VALIDATION_00027	21	1	0.87572366	89	-11	C	0.29576302	0.29576302
POS_VALIDATION_00027	22	1	0.87572366	115	15	G	-0.29416737	0.29416737
POS_VALIDATION_00027	23	1	0.87572366	93	-7	T	-0.29330742	0.29330742
POS_VALIDATION_00027	24	1	0.87572366	56	-44	T	0.27201241	0.27201241
POS_VALIDATION_00027	25	1	0.87572366	181	81	C	0.26485512	0.26485512
POS_VALIDATION_00027	26	1	0.87572366	132	32	G	-0.25520933	0.25520933
POS_VALIDATION_00027	27	1	0.87572366	125	25	G	-0.25263268	0.25263268
POS_VALIDATION_00027	28	1	0.87572366	103	3	C	0.24095607	0.24095607
POS_VALIDATION_00027	29	1	0.87572366	108	8	C	0.23540217	0.23540217
POS_VALIDATION_00027	30	1	0.87572366	131	31	G	-0.23390064	0.23390064
POS_VALIDATION_00027	31	1	0.87572366	143	43	C	0.22801822	0.22801822
POS_VALIDATION_00027	32	1	0.87572366	154	54	G	-0.22134313	0.22134313
POS_VALIDATION_00027	33	1	0.87572366	151	51	G	-0.21905954	0.21905954
POS_VALIDATION_00027	34	1	0.87572366	129	29	G	-0.21411091	0.21411091
POS_VALIDATION_00027	35	1	0.87572366	95	-5	C	0.20808782	0.20808782
POS_VALIDATION_00027	36	1	0.87572366	75	-25	T	-0.20623443	0.20623443
POS_VALIDATION_00027	37	1	0.87572366	187	87	C	0.20272417	0.20272417
POS_VALIDATION_00027	38	1	0.87572366	107	7	G	-0.20000686	0.20000686
POS_VALIDATION_00027	39	1	0.87572366	16	-84	G	-0.19638431	0.19638431
POS_VALIDATION_00027	40	1	0.87572366	94	-6	G	-0.19163659	0.19163659
POS_VALIDATION_00027	41	1	0.87572366	58	-42	C	0.18872261	0.18872261
POS_VALIDATION_00027	42	1	0.87572366	179	79	G	-0.18820593	0.18820593
POS_VALIDATION_00027	43	1	0.87572366	77	-23	G	-0.18439698	0.18439698
POS_VALIDATION_00027	44	1	0.87572366	170	70	A	0.1729053	0.1729053
POS_VALIDATION_00027	45	1	0.87572366	47	-53	T	-0.17282829	0.17282829
POS_VALIDATION_00027	46	1	0.87572366	147	47	G	-0.17239644	0.17239644
POS_VALIDATION_00027	47	1	0.87572366	32	-68	T	-0.17221813	0.17221813
POS_VALIDATION_00027	48	1	0.87572366	114	14	G	-0.17187308	0.17187308
POS_VALIDATION_00027	49	1	0.87572366	12	-88	C	0.17130382	0.17130382
POS_VALIDATION_00027	50	1	0.87572366	145	45	C	0.17023477	0.17023477
POS_VALIDATION_00030	1	1	0.9454999	161	61	T	-0.80451941	0.80451941
POS_VALIDATION_00030	2	1	0.9454999	96	-4	C	0.75015593	0.75015593
POS_VALIDATION_00030	3	1	0.9454999	47	-53	G	-0.60234249	0.60234249
POS_VALIDATION_00030	4	1	0.9454999	99	-1	C	0.59891009	0.59891009
POS_VALIDATION_00030	5	1	0.9454999	25	-75	C	-0.41274142	0.41274142
POS_VALIDATION_00030	6	1	0.9454999	148	48	G	-0.39890689	0.39890689
POS_VALIDATION_00030	7	1	0.9454999	35	-65	T	0.34922165	0.34922165
POS_VALIDATION_00030	8	1	0.9454999	75	-25	A	-0.33570391	0.33570391
POS_VALIDATION_00030	9	1	0.9454999	154	54	C	-0.31743523	0.31743523
POS_VALIDATION_00030	10	1	0.9454999	19	-81	C	0.31692195	0.31692195
POS_VALIDATION_00030	11	1	0.9454999	55	-45	G	-0.30944347	0.30944347
POS_VALIDATION_00030	12	1	0.9454999	152	52	C	0.29892743	0.29892743
POS_VALIDATION_00030	13	1	0.9454999	93	-7	T	-0.29840258	0.29840258
POS_VALIDATION_00030	14	1	0.9454999	40	-60	G	-0.28672168	0.28672168
POS_VALIDATION_00030	15	1	0.9454999	84	-16	T	-0.28645861	0.28645861
POS_VALIDATION_00030	16	1	0.9454999	28	-72	G	-0.27774954	0.27774954
POS_VALIDATION_00030	17	1	0.9454999	167	67	G	-0.27405763	0.27405763
POS_VALIDATION_00030	18	1	0.9454999	41	-59	T	0.26750848	0.26750848
POS_VALIDATION_00030	19	1	0.9454999	151	51	C	0.25843385	0.25843385
POS_VALIDATION_00030	20	1	0.9454999	126	26	A	-0.25824583	0.25824583
POS_VALIDATION_00030	21	1	0.9454999	68	-32	G	-0.2571682	0.2571682
POS_VALIDATION_00030	22	1	0.9454999	5	-95	C	-0.25400907	0.25400907
POS_VALIDATION_00030	23	1	0.9454999	69	-31	T	-0.25068876	0.25068876
POS_VALIDATION_00030	24	1	0.9454999	81	-19	G	-0.23011419	0.23011419
POS_VALIDATION_00030	25	1	0.9454999	187	87	C	0.22045688	0.22045688
POS_VALIDATION_00030	26	1	0.9454999	170	70	C	0.21726456	0.21726456
POS_VALIDATION_00030	27	1	0.9454999	23	-77	G	-0.21406037	0.21406037
POS_VALIDATION_00030	28	1	0.9454999	150	50	G	-0.20801601	0.20801601
POS_VALIDATION_00030	29	1	0.9454999	58	-42	G	-0.2049289	0.2049289
POS_VALIDATION_00030	30	1	0.9454999	77	-23	G	-0.20040686	0.20040686
POS_VALIDATION_00030	31	1	0.9454999	0	-100	A	0.19729261	0.19729261
POS_VALIDATION_00030	32	1	0.9454999	121	21	C	0.19653204	0.19653204
POS_VALIDATION_00030	33	1	0.9454999	83	-17	C	0.19635494	0.19635494
POS_VALIDATION_00030	34	1	0.9454999	194	94	G	-0.19562629	0.19562629
POS_VALIDATION_00030	35	1	0.9454999	56	-44	G	-0.19240332	0.19240332
POS_VALIDATION_00030	36	1	0.9454999	94	-6	G	-0.19234839	0.19234839
POS_VALIDATION_00030	37	1	0.9454999	112	12	C	0.18935725	0.18935725
POS_VALIDATION_00030	38	1	0.9454999	108	8	C	0.18742783	0.18742783
POS_VALIDATION_00030	39	1	0.9454999	71	-29	G	-0.18302539	0.18302539
POS_VALIDATION_00030	40	1	0.9454999	123	23	C	0.18185136	0.18185136
POS_VALIDATION_00030	41	1	0.9454999	8	-92	G	-0.17912701	0.17912701
POS_VALIDATION_00030	42	1	0.9454999	111	11	C	0.1747528	0.1747528
POS_VALIDATION_00030	43	1	0.9454999	131	31	G	-0.16881682	0.16881682
POS_VALIDATION_00030	44	1	0.9454999	120	20	C	0.16646679	0.16646679
POS_VALIDATION_00030	45	1	0.9454999	7	-93	G	-0.16506808	0.16506808
POS_VALIDATION_00030	46	1	0.9454999	6	-94	T	-0.16469583	0.16469583
POS_VALIDATION_00030	47	1	0.9454999	129	29	G	-0.16255793	0.16255793
POS_VALIDATION_00030	48	1	0.9454999	50	-50	G	-0.16115385	0.16115385
POS_VALIDATION_00030	49	1	0.9454999	80	-20	G	-0.15618193	0.15618193
POS_VALIDATION_00030	50	1	0.9454999	74	-26	C	0.15488815	0.15488815
POS_VALIDATION_00031	1	1	0.95584476	161	61	T	-1.1645244	1.1645244
POS_VALIDATION_00031	2	1	0.95584476	96	-4	C	0.83970481	0.83970481
POS_VALIDATION_00031	3	1	0.95584476	45	-55	G	-0.61957723	0.61957723
POS_VALIDATION_00031	4	1	0.95584476	120	20	G	-0.57807231	0.57807231
POS_VALIDATION_00031	5	1	0.95584476	84	-16	C	0.50538558	0.50538558
POS_VALIDATION_00031	6	1	0.95584476	140	40	G	-0.47187632	0.47187632
POS_VALIDATION_00031	7	1	0.95584476	105	5	C	0.43628645	0.43628645
POS_VALIDATION_00031	8	1	0.95584476	148	48	G	-0.43477723	0.43477723
POS_VALIDATION_00031	9	1	0.95584476	184	84	C	-0.43336421	0.43336421
POS_VALIDATION_00031	10	1	0.95584476	190	90	C	0.35203189	0.35203189
POS_VALIDATION_00031	11	1	0.95584476	41	-59	G	-0.33701885	0.33701885
POS_VALIDATION_00031	12	1	0.95584476	170	70	C	0.32906961	0.32906961
POS_VALIDATION_00031	13	1	0.95584476	196	96	C	0.32363474	0.32363474
POS_VALIDATION_00031	14	1	0.95584476	28	-72	G	-0.28887728	0.28887728
POS_VALIDATION_00031	15	1	0.95584476	2	-98	C	-0.28794885	0.28794885
POS_VALIDATION_00031	16	1	0.95584476	75	-25	G	-0.28724623	0.28724623
POS_VALIDATION_00031	17	1	0.95584476	194	94	G	-0.27914163	0.27914163
POS_VALIDATION_00031	18	1	0.95584476	116	16	G	-0.26416355	0.26416355
POS_VALIDATION_00031	19	1	0.95584476	59	-41	G	-0.24996935	0.24996935
POS_VALIDATION_00031	20	1	0.95584476	0	-100	A	0.24367106	0.24367106
POS_VALIDATION_00031	21	1	0.95584476	135	35	G	-0.24017303	0.24017303
POS_VALIDATION_00031	22	1	0.95584476	160	60	C	0.24000761	0.24000761
POS_VALIDATION_00031	23	1	0.95584476	69	-31	C	0.23491882	0.23491882
POS_VALIDATION_00031	24	1	0.95584476	50	-50	G	-0.2339534	0.2339534
POS_VALIDATION_00031	25	1	0.95584476	25	-75	G	-0.23303613	0.23303613
POS_VALIDATION_00031	26	1	0.95584476	167	67	G	-0.22053316	0.22053316
POS_VALIDATION_00031	27	1	0.95584476	77	-23	G	-0.20847113	0.20847113
POS_VALIDATION_00031	28	1	0.95584476	143	43	C	0.20760241	0.20760241
POS_VALIDATION_00031	29	1	0.95584476	51	-49	C	0.20315316	0.20315316
POS_VALIDATION_00031	30	1	0.95584476	11	-89	G	-0.19108908	0.19108908
POS_VALIDATION_00031	31	1	0.95584476	54	-46	G	-0.19086979	0.19086979
POS_VALIDATION_00031	32	1	0.95584476	74	-26	G	-0.18938845	0.18938845
POS_VALIDATION_00031	33	1	0.95584476	149	49	C	0.18633427	0.18633427
POS_VALIDATION_00031	34	1	0.95584476	173	73	T	-0.18334784	0.18334784
POS_VALIDATION_00031	35	1	0.95584476	126	26	A	-0.18309647	0.18309647
POS_VALIDATION_00031	36	1	0.95584476	37	-63	C	0.18259034	0.18259034
POS_VALIDATION_00031	37	1	0.95584476	102	2	G	-0.17678478	0.17678478
POS_VALIDATION_00031	38	1	0.95584476	27	-73	C	0.17416148	0.17416148
POS_VALIDATION_00031	39	1	0.95584476	58	-42	C	0.1740001	0.1740001
POS_VALIDATION_00031	40	1	0.95584476	53	-47	G	-0.17302904	0.17302904
POS_VALIDATION_00031	41	1	0.95584476	29	-71	G	-0.1717021	0.1717021
POS_VALIDATION_00031	42	1	0.95584476	107	7	G	-0.17105299	0.17105299
POS_VALIDATION_00031	43	1	0.95584476	23	-77	G	-0.17046359	0.17046359
POS_VALIDATION_00031	44	1	0.95584476	109	9	G	-0.16605613	0.16605613
POS_VALIDATION_00031	45	1	0.95584476	93	-7	C	0.16282329	0.16282329
POS_VALIDATION_00031	46	1	0.95584476	6	-94	T	-0.15902208	0.15902208
POS_VALIDATION_00031	47	1	0.95584476	131	31	G	-0.15789652	0.15789652
POS_VALIDATION_00031	48	1	0.95584476	87	-13	C	-0.15623043	0.15623043
POS_VALIDATION_00031	49	1	0.95584476	108	8	G	-0.15523294	0.15523294
POS_VALIDATION_00031	50	1	0.95584476	101	1	A	-0.15325207	0.15325207
POS_VALIDATION_00034	1	1	0.92944515	101	1	C	-0.50586694	0.50586694
POS_VALIDATION_00034	2	1	0.92944515	99	-1	C	0.37091398	0.37091398
POS_VALIDATION_00034	3	1	0.92944515	120	20	G	-0.35011417	0.35011417
POS_VALIDATION_00034	4	1	0.92944515	140	40	G	-0.34417856	0.34417856
POS_VALIDATION_00034	5	1	0.92944515	173	73	G	-0.33765715	0.33765715
POS_VALIDATION_00034	6	1	0.92944515	0	-100	T	0.33560491	0.33560491
POS_VALIDATION_00034	7	1	0.92944515	148	48	G	-0.31574529	0.31574529
POS_VALIDATION_00034	8	1	0.92944515	170	70	C	0.30791229	0.30791229
POS_VALIDATION_00034	9	1	0.92944515	109	9	C	0.27961808	0.27961808
POS_VALIDATION_00034	10	1	0.92944515	96	-4	A	-0.24197723	0.24197723
POS_VALIDATION_00034	11	1	0.92944515	84	-16	C	0.23967136	0.23967136
POS_VALIDATION_00034	12	1	0.92944515	125	25	C	-0.23955706	0.23955706
POS_VALIDATION_00034	13	1	0.92944515	153	53	C	0.23823811	0.23823811
POS_VALIDATION_00034	14	1	0.92944515	66	-34	T	-0.23475429	0.23475429
POS_VALIDATION_00034	15	1	0.92944515	8	-92	A	-0.23429084	0.23429084
POS_VALIDATION_00034	16	1	0.92944515	42	-58	G	-0.22832546	0.22832546
POS_VALIDATION_00034	17	1	0.92944515	160	60	G	-0.21181694	0.21181694
POS_VALIDATION_00034	18	1	0.92944515	154	54	C	-0.18524519	0.18524519
POS_VALIDATION_00034	19	1	0.92944515	74	-26	A	-0.17884381	0.17884381
POS_VALIDATION_00034	20	1	0.92944515	111	11	G	-0.17706107	0.17706107
POS_VALIDATION_00034	21	1	0.92944515	169	69	G	-0.17198864	0.17198864
POS_VALIDATION_00034	22	1	0.92944515	56	-44	G	-0.16311848	0.16311848
POS_VALIDATION_00034	23	1	0.92944515	126	26	A	-0.16140264	0.16140264
POS_VALIDATION_00034	24	1	0.92944515	167	67	G	-0.15976545	0.15976545
POS_VALIDATION_00034	25	1	0.92944515	58	-42	G	-0.15936631	0.15936631
POS_VALIDATION_00034	26	1	0.92944515	36	-64	T	0.15747109	0.15747109
POS_VALIDATION_00034	27	1	0.92944515	106	6	C	0.15393284	0.15393284
POS_VALIDATION_00034	28	1	0.92944515	108	8	C	0.15170065	0.15170065
POS_VALIDATION_00034	29	1	0.92944515	1	-99	A	0.1513999	0.1513999
POS_VALIDATION_00034	30	1	0.92944515	129	29	G	-0.14947814	0.14947814
POS_VALIDATION_00034	31	1	0.92944515	41	-59	T	0.14764123	0.14764123
POS_VALIDATION_00034	32	1	0.92944515	10	-90	C	-0.14757454	0.14757454
POS_VALIDATION_00034	33	1	0.92944515	143	43	C	0.14746469	0.14746469
POS_VALIDATION_00034	34	1	0.92944515	92	-8	G	-0.14373878	0.14373878
POS_VALIDATION_00034	35	1	0.92944515	161	61	G	-0.14285466	0.14285466
POS_VALIDATION_00034	36	1	0.92944515	102	2	T	-0.13792749	0.13792749
POS_VALIDATION_00034	37	1	0.92944515	179	79	G	-0.12938553	0.12938553
POS_VALIDATION_00034	38	1	0.92944515	82	-18	G	-0.12710732	0.12710732
POS_VALIDATION_00034	39	1	0.92944515	62	-38	G	-0.12430047	0.12430047
POS_VALIDATION_00034	40	1	0.92944515	2	-98	T	-0.12424251	0.12424251
POS_VALIDATION_00034	41	1	0.92944515	171	71	A	0.11960754	0.11960754
POS_VALIDATION_00034	42	1	0.92944515	141	41	C	-0.11687624	0.11687624
POS_VALIDATION_00034	43	1	0.92944515	71	-29	G	-0.11613192	0.11613192
POS_VALIDATION_00034	44	1	0.92944515	165	65	C	-0.11444107	0.11444107
POS_VALIDATION_00034	45	1	0.92944515	52	-48	G	-0.11435013	0.11435013
POS_VALIDATION_00034	46	1	0.92944515	33	-67	A	-0.11294824	0.11294824
POS_VALIDATION_00034	47	1	0.92944515	79	-21	G	-0.11249231	0.11249231
POS_VALIDATION_00034	48	1	0.92944515	121	21	G	-0.11165527	0.11165527
POS_VALIDATION_00034	49	1	0.92944515	90	-10	C	0.11030772	0.11030772
POS_VALIDATION_00034	50	1	0.92944515	89	-11	G	-0.11017323	0.11017323
POS_VALIDATION_00035	1	1	0.7528801	36	-64	C	0.67106199	0.67106199
POS_VALIDATION_00035	2	1	0.7528801	101	1	C	-0.66191411	0.66191411
POS_VALIDATION_00035	3	1	0.7528801	99	-1	C	0.48441303	0.48441303
POS_VALIDATION_00035	4	1	0.7528801	25	-75	C	-0.41416514	0.41416514
POS_VALIDATION_00035	5	1	0.7528801	120	20	G	-0.41386235	0.41386235
POS_VALIDATION_00035	6	1	0.7528801	178	78	C	0.38825092	0.38825092
POS_VALIDATION_00035	7	1	0.7528801	126	26	T	-0.37220436	0.37220436
POS_VALIDATION_00035	8	1	0.7528801	141	41	T	-0.34720877	0.34720877
POS_VALIDATION_00035	9	1	0.7528801	75	-25	T	-0.33848536	0.33848536
POS_VALIDATION_00035	10	1	0.7528801	24	-76	G	-0.33784735	0.33784735
POS_VALIDATION_00035	11	1	0.7528801	161	61	C	0.30049521	0.30049521
POS_VALIDATION_00035	12	1	0.7528801	154	54	C	-0.29226542	0.29226542
POS_VALIDATION_00035	13	1	0.7528801	42	-58	A	-0.28951046	0.28951046
POS_VALIDATION_00035	14	1	0.7528801	181	81	G	-0.26841992	0.26841992
POS_VALIDATION_00035	15	1	0.7528801	84	-16	T	-0.26841417	0.26841417
POS_VALIDATION_00035	16	1	0.7528801	57	-43	G	-0.24036247	0.24036247
POS_VALIDATION_00035	17	1	0.7528801	74	-26	G	-0.21829501	0.21829501
POS_VALIDATION_00035	18	1	0.7528801	109	9	C	0.21646203	0.21646203
POS_VALIDATION_00035	19	1	0.7528801	28	-72	G	-0.20842564	0.20842564
POS_VALIDATION_00035	20	1	0.7528801	103	3	C	0.20837489	0.20837489
POS_VALIDATION_00035	21	1	0.7528801	40	-60	G	-0.2030645	0.2030645
POS_VALIDATION_00035	22	1	0.7528801	143	43	A	-0.19151625	0.19151625
POS_VALIDATION_00035	23	1	0.7528801	5	-95	C	-0.18420509	0.18420509
POS_VALIDATION_00035	24	1	0.7528801	139	39	G	-0.17889424	0.17889424
POS_VALIDATION_00035	25	1	0.7528801	56	-44	G	-0.17810027	0.17810027
POS_VALIDATION_00035	26	1	0.7528801	32	-68	G	-0.17530608	0.17530608
POS_VALIDATION_00035	27	1	0.7528801	153	53	C	0.17194325	0.17194325
POS_VALIDATION_00035	28	1	0.7528801	164	64	G	-0.15992063	0.15992063
POS_VALIDATION_00035	29	1	0.7528801	194	94	G	-0.1575093	0.1575093
POS_VALIDATION_00035	30	1	0.7528801	166	66	T	-0.15234655	0.15234655
POS_VALIDATION_00035	31	1	0.7528801	7	-93	G	-0.15066445	0.15066445
POS_VALIDATION_00035	32	1	0.7528801	3	-97	C	0.15048926	0.15048926
POS_VALIDATION_00035	33	1	0.7528801	132	32	G	-0.14868034	0.14868034
POS_VALIDATION_00035	34	1	0.7528801	197	97	T	0.14008275	0.14008275
POS_VALIDATION_00035	35	1	0.7528801	184	84	T	-0.13905801	0.13905801
POS_VALIDATION_00035	36	1	0.7528801	23	-77	G	-0.1332892	0.1332892
POS_VALIDATION_00035	37	1	0.7528801	19	-81	A	0.13016906	0.13016906
POS_VALIDATION_00035	38	1	0.7528801	195	95	A	-0.12896612	0.12896612
POS_VALIDATION_00035	39	1	0.7528801	176	76	C	-0.12775183	0.12775183
POS_VALIDATION_00035	40	1	0.7528801	2	-98	C	-0.12757055	0.12757055
POS_VALIDATION_00035	41	1	0.7528801	162	62	G	-0.12753588	0.12753588
POS_VALIDATION_00035	42	1	0.7528801	125	25	G	-0.12333657	0.12333657
POS_VALIDATION_00035	43	1	0.7528801	6	-94	A	-0.12077134	0.12077134
POS_VALIDATION_00035	44	1	0.7528801	171	71	C	-0.11986709	0.11986709
POS_VALIDATION_00035	45	1	0.7528801	116	16	T	-0.11796128	0.11796128
POS_VALIDATION_00035	46	1	0.7528801	102	2	T	-0.11767395	0.11767395
POS_VALIDATION_00035	47	1	0.7528801	0	-100	G	-0.11687402	0.11687402
POS_VALIDATION_00035	48	1	0.7528801	131	31	C	-0.11341801	0.11341801
POS_VALIDATION_00035	49	1	0.7528801	189	89	C	-0.11226831	0.11226831
POS_VALIDATION_00035	50	1	0.7528801	86	-14	T	0.10845328	0.10845328
POS_VALIDATION_00036	1	1	0.88126111	161	61	T	-0.81516725	0.81516725
POS_VALIDATION_00036	2	1	0.88126111	198	98	G	-0.74551976	0.74551976
POS_VALIDATION_00036	3	1	0.88126111	1	-99	C	0.69641095	0.69641095
POS_VALIDATION_00036	4	1	0.88126111	45	-55	G	-0.61528027	0.61528027
POS_VALIDATION_00036	5	1	0.88126111	15	-85	G	-0.5313707	0.5313707
POS_VALIDATION_00036	6	1	0.88126111	99	-1	C	0.50990963	0.50990963
POS_VALIDATION_00036	7	1	0.88126111	177	77	G	-0.47486573	0.47486573
POS_VALIDATION_00036	8	1	0.88126111	106	6	G	-0.43732876	0.43732876
POS_VALIDATION_00036	9	1	0.88126111	55	-45	G	-0.42294118	0.42294118
POS_VALIDATION_00036	10	1	0.88126111	84	-16	C	0.4159525	0.4159525
POS_VALIDATION_00036	11	1	0.88126111	116	16	G	-0.35262188	0.35262188
POS_VALIDATION_00036	12	1	0.88126111	76	-24	C	0.32687348	0.32687348
POS_VALIDATION_00036	13	1	0.88126111	35	-65	T	0.31943953	0.31943953
POS_VALIDATION_00036	14	1	0.88126111	50	-50	G	-0.31501764	0.31501764
POS_VALIDATION_00036	15	1	0.88126111	126	26	T	-0.31128123	0.31128123
POS_VALIDATION_00036	16	1	0.88126111	56	-44	T	0.2987707	0.2987707
POS_VALIDATION_00036	17	1	0.88126111	16	-84	G	-0.29687417	0.29687417
POS_VALIDATION_00036	18	1	0.88126111	166	66	G	-0.28645754	0.28645754
POS_VALIDATION_00036	19	1	0.88126111	187	87	C	0.28351036	0.28351036
POS_VALIDATION_00036	20	1	0.88126111	135	35	G	-0.27711338	0.27711338
POS_VALIDATION_00036	21	1	0.88126111	25	-75	G	-0.26899776	0.26899776
POS_VALIDATION_00036	22	1	0.88126111	42	-58	G	-0.26151913	0.26151913
POS_VALIDATION_00036	23	1	0.88126111	68	-32	G	-0.25999853	0.25999853
POS_VALIDATION_00036	24	1	0.88126111	93	-7	T	-0.25830895	0.25830895
POS_VALIDATION_00036	25	1	0.88126111	181	81	C	0.25738525	0.25738525
POS_VALIDATION_00036	26	1	0.88126111	59	-41	G	-0.24794422	0.24794422
POS_VALIDATION_00036	27	1	0.88126111	154	54	G	-0.24308825	0.24308825
POS_VALIDATION_00036	28	1	0.88126111	61	-39	C	0.22920774	0.22920774
POS_VALIDATION_00036	29	1	0.88126111	121	21	G	-0.22796971	0.22796971
POS_VALIDATION_00036	30	1	0.88126111	137	37	G	-0.22685856	0.22685856
POS_VALIDATION_00036	31	1	0.88126111	101	1	C	-0.22004907	0.22004907
POS_VALIDATION_00036	32	1	0.88126111	139	39	C	-0.21418191	0.21418191
POS_VALIDATION_00036	33	1	0.88126111	197	97	A	0.20395964	0.20395964
POS_VALIDATION_00036	34	1	0.88126111	81	-19	G	-0.20318985	0.20318985
POS_VALIDATION_00036	35	1	0.88126111	107	7	C	0.20282534	0.20282534
POS_VALIDATION_00036	36	1	0.88126111	131	31	G	-0.20178948	0.20178948
POS_VALIDATION_00036	37	1	0.88126111	51	-49	C	0.20089008	0.20089008
POS_VALIDATION_00036	38	1	0.88126111	112	12	C	0.19792156	0.19792156
POS_VALIDATION_00036	39	1	0.88126111	169	69	C	0.19287315	0.19287315
POS_VALIDATION_00036	40	1	0.88126111	105	5	G	-0.19069058	0.19069058
POS_VALIDATION_00036	41	1	0.88126111	122	22	G	-0.1901755	0.1901755
POS_VALIDATION_00036	42	1	0.88126111	130	30	G	-0.18998352	0.18998352
POS_VALIDATION_00036	43	1	0.88126111	64	-36	G	-0.18993089	0.18993089
POS_VALIDATION_00036	44	1	0.88126111	63	-37	G	-0.1895418	0.1895418
POS_VALIDATION_00036	45	1	0.88126111	83	-17	C	0.18874557	0.18874557
POS_VALIDATION_00036	46	1	0.88126111	113	13	A	0.18868768	0.18868768
POS_VALIDATION_00036	47	1	0.88126111	96	-4	G	-0.18370605	0.18370605
POS_VALIDATION_00036	48	1	0.88126111	32	-68	T	-0.18300855	0.18300855
POS_VALIDATION_00036	49	1	0.88126111	6	-94	A	-0.18149391	0.18149391
POS_VALIDATION_00036	50	1	0.88126111	69	-31	T	-0.181353	0.181353
POS_VALIDATION_00037	1	1	0.90036428	195	95	G	-1.1537876	1.1537876
POS_VALIDATION_00037	2	1	0.90036428	161	61	A	-0.77281469	0.77281469
POS_VALIDATION_00037	3	1	0.90036428	105	5	C	0.452517	0.452517
POS_VALIDATION_00037	4	1	0.90036428	191	91	C	0.44467157	0.44467157
POS_VALIDATION_00037	5	1	0.90036428	177	77	G	-0.4111014	0.4111014
POS_VALIDATION_00037	6	1	0.90036428	84	-16	C	0.39462638	0.39462638
POS_VALIDATION_00037	7	1	0.90036428	101	1	A	-0.39159113	0.39159113
POS_VALIDATION_00037	8	1	0.90036428	45	-55	G	-0.39057747	0.39057747
POS_VALIDATION_00037	9	1	0.90036428	140	40	G	-0.37193316	0.37193316
POS_VALIDATION_00037	10	1	0.90036428	170	70	C	0.35331145	0.35331145
POS_VALIDATION_00037	11	1	0.90036428	75	-25	G	-0.3278946	0.3278946
POS_VALIDATION_00037	12	1	0.90036428	51	-49	C	0.31768748	0.31768748
POS_VALIDATION_00037	13	1	0.90036428	41	-59	G	-0.3128522	0.3128522
POS_VALIDATION_00037	14	1	0.90036428	28	-72	G	-0.31209469	0.31209469
POS_VALIDATION_00037	15	1	0.90036428	184	84	G	-0.29300684	0.29300684
POS_VALIDATION_00037	16	1	0.90036428	116	16	G	-0.2919085	0.2919085
POS_VALIDATION_00037	17	1	0.90036428	173	73	C	0.28394881	0.28394881
POS_VALIDATION_00037	18	1	0.90036428	3	-97	C	0.23591885	0.23591885
POS_VALIDATION_00037	19	1	0.90036428	25	-75	G	-0.23271653	0.23271653
POS_VALIDATION_00037	20	1	0.90036428	93	-7	C	0.23043638	0.23043638
POS_VALIDATION_00037	21	1	0.90036428	90	-10	C	0.22237924	0.22237924
POS_VALIDATION_00037	22	1	0.90036428	69	-31	C	0.21908632	0.21908632
POS_VALIDATION_00037	23	1	0.90036428	167	67	C	0.21548246	0.21548246
POS_VALIDATION_00037	24	1	0.90036428	59	-41	G	-0.21479613	0.21479613
POS_VALIDATION_00037	25	1	0.90036428	164	64	G	-0.21434259	0.21434259
POS_VALIDATION_00037	26	1	0.90036428	143	43	C	0.20323414	0.20323414
POS_VALIDATION_00037	27	1	0.90036428	74	-26	G	-0.18585239	0.18585239
POS_VALIDATION_00037	28	1	0.90036428	123	23	G	-0.18135354	0.18135354
POS_VALIDATION_00037	29	1	0.90036428	98	-2	C	0.17908911	0.17908911
POS_VALIDATION_00037	30	1	0.90036428	53	-47	G	-0.17868488	0.17868488
POS_VALIDATION_00037	31	1	0.90036428	23	-77	G	-0.17840421	0.17840421
POS_VALIDATION_00037	32	1	0.90036428	10	-90	T	-0.17318206	0.17318206
POS_VALIDATION_00037	33	1	0.90036428	187	87	C	0.17146945	0.17146945
POS_VALIDATION_00037	34	1	0.90036428	66	-34	T	-0.17049989	0.17049989
POS_VALIDATION_00037	35	1	0.90036428	126	26	A	-0.17021257	0.17021257
POS_VALIDATION_00037	36	1	0.90036428	107	7	G	-0.16659716	0.16659716
POS_VALIDATION_00037	37	1	0.90036428	11	-89	G	-0.16560832	0.16560832
POS_VALIDATION_00037	38	1	0.90036428	50	-50	G	-0.16493842	0.16493842
POS_VALIDATION_00037	39	1	0.90036428	136	36	G	-0.16176113	0.16176113
POS_VALIDATION_00037	40	1	0.90036428	144	44	C	0.15679568	0.15679568
POS_VALIDATION_00037	41	1	0.90036428	94	-6	C	0.15667211	0.15667211
POS_VALIDATION_00037	42	1	0.90036428	198	98	C	-0.15624508	0.15624508
POS_VALIDATION_00037	43	1	0.90036428	62	-38	C	-0.150685	0.150685
POS_VALIDATION_00037	44	1	0.90036428	92	-8	G	-0.14678866	0.14678866
POS_VALIDATION_00037	45	1	0.90036428	54	-46	G	-0.14657921	0.14657921
POS_VALIDATION_00037	46	1	0.90036428	42	-58	T	-0.1455324	0.1455324
POS_VALIDATION_00037	47	1	0.90036428	0	-100	C	0.1449549	0.1449549
POS_VALIDATION_00037	48	1	0.90036428	77	-23	G	-0.1425948	0.1425948
POS_VALIDATION_00037	49	1	0.90036428	37	-63	C	0.14196143	0.14196143
POS_VALIDATION_00037	50	1	0.90036428	125	25	C	-0.14058027	0.14058027
POS_VALIDATION_00038	1	1	0.79650879	113	13	C	1.0218278	1.0218278
POS_VALIDATION_00038	2	1	0.79650879	181	81	G	-0.73179173	0.73179173
POS_VALIDATION_00038	3	1	0.79650879	101	1	T	-0.72773796	0.72773796
POS_VALIDATION_00038	4	1	0.79650879	110	10	G	-0.68922126	0.68922126
POS_VALIDATION_00038	5	1	0.79650879	99	-1	C	0.47625872	0.47625872
POS_VALIDATION_00038	6	1	0.79650879	105	5	C	0.43650469	0.43650469
POS_VALIDATION_00038	7	1	0.79650879	93	-7	T	-0.43447608	0.43447608
POS_VALIDATION_00038	8	1	0.79650879	35	-65	G	-0.43003067	0.43003067
POS_VALIDATION_00038	9	1	0.79650879	126	26	T	-0.4221541	0.4221541
POS_VALIDATION_00038	10	1	0.79650879	66	-34	C	-0.36643642	0.36643642
POS_VALIDATION_00038	11	1	0.79650879	190	90	C	0.35347316	0.35347316
POS_VALIDATION_00038	12	1	0.79650879	98	-2	G	-0.35101807	0.35101807
POS_VALIDATION_00038	13	1	0.79650879	69	-31	C	0.34546956	0.34546956
POS_VALIDATION_00038	14	1	0.79650879	75	-25	C	0.32298914	0.32298914
POS_VALIDATION_00038	15	1	0.79650879	84	-16	T	-0.31448165	0.31448165
POS_VALIDATION_00038	16	1	0.79650879	40	-60	G	-0.3085869	0.3085869
POS_VALIDATION_00038	17	1	0.79650879	194	94	G	-0.28588623	0.28588623
POS_VALIDATION_00038	18	1	0.79650879	56	-44	G	-0.28426111	0.28426111
POS_VALIDATION_00038	19	1	0.79650879	171	71	G	-0.28202617	0.28202617
POS_VALIDATION_00038	20	1	0.79650879	119	19	C	0.27622446	0.27622446
POS_VALIDATION_00038	21	1	0.79650879	0	-100	A	0.27178699	0.27178699
POS_VALIDATION_00038	22	1	0.79650879	26	-74	G	-0.26985145	0.26985145
POS_VALIDATION_00038	23	1	0.79650879	138	38	A	-0.2690506	0.2690506
POS_VALIDATION_00038	24	1	0.79650879	161	61	C	0.25689453	0.25689453
POS_VALIDATION_00038	25	1	0.79650879	96	-4	A	-0.25508696	0.25508696
POS_VALIDATION_00038	26	1	0.79650879	51	-49	C	0.24069917	0.24069917
POS_VALIDATION_00038	27	1	0.79650879	106	6	C	0.23960355	0.23960355
POS_VALIDATION_00038	28	1	0.79650879	154	54	C	-0.23673776	0.23673776
POS_VALIDATION_00038	29	1	0.79650879	55	-45	G	-0.23591413	0.23591413
POS_VALIDATION_00038	30	1	0.79650879	10	-90	G	-0.23136726	0.23136726
POS_VALIDATION_00038	31	1	0.79650879	151	51	C	0.23053071	0.23053071
POS_VALIDATION_00038	32	1	0.79650879	176	76	G	-0.22992703	0.22992703
POS_VALIDATION_00038	33	1	0.79650879	141	41	T	-0.22126216	0.22126216
POS_VALIDATION_00038	34	1	0.79650879	104	4	G	-0.21445546	0.21445546
POS_VALIDATION_00038	35	1	0.79650879	61	-39	C	0.21237567	0.21237567
POS_VALIDATION_00038	36	1	0.79650879	125	25	C	-0.21157916	0.21157916
POS_VALIDATION_00038	37	1	0.79650879	71	-29	C	0.20725226	0.20725226
POS_VALIDATION_00038	38	1	0.79650879	47	-53	T	-0.20697892	0.20697892
POS_VALIDATION_00038	39	1	0.79650879	90	-10	G	-0.20049596	0.20049596
POS_VALIDATION_00038	40	1	0.79650879	130	30	G	-0.19910026	0.19910026
POS_VALIDATION_00038	41	1	0.79650879	108	8	C	0.19838783	0.19838783
POS_VALIDATION_00038	42	1	0.79650879	193	93	G	-0.19737867	0.19737867
POS_VALIDATION_00038	43	1	0.79650879	12	-88	G	-0.19720243	0.19720243
POS_VALIDATION_00038	44	1	0.79650879	58	-42	G	-0.18478149	0.18478149
POS_VALIDATION_00038	45	1	0.79650879	147	47	G	-0.18399391	0.18399391
POS_VALIDATION_00038	46	1	0.79650879	136	36	C	0.18345597	0.18345597
POS_VALIDATION_00038	47	1	0.79650879	22	-78	G	-0.17906284	0.17906284
POS_VALIDATION_00038	48	1	0.79650879	111	11	C	0.17621842	0.17621842
POS_VALIDATION_00038	49	1	0.79650879	117	17	G	-0.17440078	0.17440078
POS_VALIDATION_00038	50	1	0.79650879	197	97	T	0.16969435	0.16969435
POS_VALIDATION_00039	1	1	0.76631474	195	95	G	-1.6828308	1.6828308
POS_VALIDATION_00039	2	1	0.76631474	47	-53	G	-1.0114765	1.0114765
POS_VALIDATION_00039	3	1	0.76631474	36	-64	C	0.92825097	0.92825097
POS_VALIDATION_00039	4	1	0.76631474	1	-99	C	0.86278975	0.86278975
POS_VALIDATION_00039	5	1	0.76631474	161	61	A	-0.61772382	0.61772382
POS_VALIDATION_00039	6	1	0.76631474	51	-49	C	0.55411863	0.55411863
POS_VALIDATION_00039	7	1	0.76631474	105	5	C	0.52002847	0.52002847
POS_VALIDATION_00039	8	1	0.76631474	196	96	C	0.51888287	0.51888287
POS_VALIDATION_00039	9	1	0.76631474	69	-31	C	0.48522407	0.48522407
POS_VALIDATION_00039	10	1	0.76631474	112	12	C	0.41972369	0.41972369
POS_VALIDATION_00039	11	1	0.76631474	173	73	G	-0.40744632	0.40744632
POS_VALIDATION_00039	12	1	0.76631474	84	-16	T	-0.39449349	0.39449349
POS_VALIDATION_00039	13	1	0.76631474	52	-48	A	-0.39231196	0.39231196
POS_VALIDATION_00039	14	1	0.76631474	15	-85	G	-0.3786819	0.3786819
POS_VALIDATION_00039	15	1	0.76631474	32	-68	G	-0.37243986	0.37243986
POS_VALIDATION_00039	16	1	0.76631474	81	-19	G	-0.3448199	0.3448199
POS_VALIDATION_00039	17	1	0.76631474	99	-1	T	0.33711562	0.33711562
POS_VALIDATION_00039	18	1	0.76631474	0	-100	G	-0.33688039	0.33688039
POS_VALIDATION_00039	19	1	0.76631474	75	-25	G	-0.32606798	0.32606798
POS_VALIDATION_00039	20	1	0.76631474	96	-4	A	-0.3247087	0.3247087
POS_VALIDATION_00039	21	1	0.76631474	40	-60	G	-0.32280654	0.32280654
POS_VALIDATION_00039	22	1	0.76631474	119	19	C	0.32272783	0.32272783
POS_VALIDATION_00039	23	1	0.76631474	187	87	C	0.31445822	0.31445822
POS_VALIDATION_00039	24	1	0.76631474	41	-59	G	-0.30974036	0.30974036
POS_VALIDATION_00039	25	1	0.76631474	93	-7	C	0.30840892	0.30840892
POS_VALIDATION_00039	26	1	0.76631474	56	-44	G	-0.30497593	0.30497593
POS_VALIDATION_00039	27	1	0.76631474	90	-10	G	-0.27713183	0.27713183
POS_VALIDATION_00039	28	1	0.76631474	42	-58	A	-0.21943645	0.21943645
POS_VALIDATION_00039	29	1	0.76631474	7	-93	G	-0.21702218	0.21702218
POS_VALIDATION_00039	30	1	0.76631474	149	49	C	0.21552391	0.21552391
POS_VALIDATION_00039	31	1	0.76631474	92	-8	G	-0.21519463	0.21519463
POS_VALIDATION_00039	32	1	0.76631474	107	7	C	0.21192881	0.21192881
POS_VALIDATION_00039	33	1	0.76631474	126	26	A	-0.21048957	0.21048957
POS_VALIDATION_00039	34	1	0.76631474	23	-77	G	-0.2099096	0.2099096
POS_VALIDATION_00039	35	1	0.76631474	50	-50	G	-0.20767604	0.20767604
POS_VALIDATION_00039	36	1	0.76631474	97	-3	G	-0.2046892	0.2046892
POS_VALIDATION_00039	37	1	0.76631474	16	-84	G	-0.20135231	0.20135231
POS_VALIDATION_00039	38	1	0.76631474	120	20	T	0.19960479	0.19960479
POS_VALIDATION_00039	39	1	0.76631474	141	41	A	-0.19488466	0.19488466
POS_VALIDATION_00039	40	1	0.76631474	122	22	G	-0.18810475	0.18810475
POS_VALIDATION_00039	41	1	0.76631474	131	31	G	-0.18735547	0.18735547
POS_VALIDATION_00039	42	1	0.76631474	54	-46	G	-0.18687856	0.18687856
POS_VALIDATION_00039	43	1	0.76631474	135	35	A	-0.18629491	0.18629491
POS_VALIDATION_00039	44	1	0.76631474	10	-90	G	-0.18497452	0.18497452
POS_VALIDATION_00039	45	1	0.76631474	12	-88	G	-0.18328556	0.18328556
POS_VALIDATION_00039	46	1	0.76631474	30	-70	C	0.1751194	0.1751194
POS_VALIDATION_00039	47	1	0.76631474	6	-94	T	-0.17230305	0.17230305
POS_VALIDATION_00039	48	1	0.76631474	76	-24	A	0.16906007	0.16906007
POS_VALIDATION_00039	49	1	0.76631474	150	50	G	-0.16838694	0.16838694
POS_VALIDATION_00039	50	1	0.76631474	74	-26	A	-0.16660628	0.16660628
POS_VALIDATION_00043	1	1	0.89158487	161	61	T	-0.74475843	0.74475843
POS_VALIDATION_00043	2	1	0.89158487	1	-99	C	0.69307011	0.69307011
POS_VALIDATION_00043	3	1	0.89158487	35	-65	G	-0.50657558	0.50657558
POS_VALIDATION_00043	4	1	0.89158487	123	23	A	-0.4157027	0.4157027
POS_VALIDATION_00043	5	1	0.89158487	75	-25	C	0.34392098	0.34392098
POS_VALIDATION_00043	6	1	0.89158487	181	81	G	-0.28853241	0.28853241
POS_VALIDATION_00043	7	1	0.89158487	41	-59	G	-0.27861655	0.27861655
POS_VALIDATION_00043	8	1	0.89158487	190	90	C	0.27834302	0.27834302
POS_VALIDATION_00043	9	1	0.89158487	184	84	G	-0.26079676	0.26079676
POS_VALIDATION_00043	10	1	0.89158487	87	-13	G	-0.23927155	0.23927155
POS_VALIDATION_00043	11	1	0.89158487	0	-100	A	0.23229708	0.23229708
POS_VALIDATION_00043	12	1	0.89158487	40	-60	G	-0.22572133	0.22572133
POS_VALIDATION_00043	13	1	0.89158487	103	3	C	0.1996749	0.1996749
POS_VALIDATION_00043	14	1	0.89158487	8	-92	C	-0.18708773	0.18708773
POS_VALIDATION_00043	15	1	0.89158487	108	8	C	0.18247053	0.18247053
POS_VALIDATION_00043	16	1	0.89158487	42	-58	T	-0.18157285	0.18157285
POS_VALIDATION_00043	17	1	0.89158487	106	6	C	0.17398065	0.17398065
POS_VALIDATION_00043	18	1	0.89158487	139	39	G	-0.17073093	0.17073093
POS_VALIDATION_00043	19	1	0.89158487	66	-34	C	-0.16158858	0.16158858
POS_VALIDATION_00043	20	1	0.89158487	92	-8	G	-0.1546964	0.1546964
POS_VALIDATION_00043	21	1	0.89158487	54	-46	G	-0.15426257	0.15426257
POS_VALIDATION_00043	22	1	0.89158487	10	-90	G	-0.15425958	0.15425958
POS_VALIDATION_00043	23	1	0.89158487	25	-75	T	-0.15388487	0.15388487
POS_VALIDATION_00043	24	1	0.89158487	59	-41	G	-0.153689	0.153689
POS_VALIDATION_00043	25	1	0.89158487	77	-23	G	-0.150536	0.150536
POS_VALIDATION_00043	26	1	0.89158487	55	-45	G	-0.1477911	0.1477911
POS_VALIDATION_00043	27	1	0.89158487	151	51	T	-0.14563785	0.14563785
POS_VALIDATION_00043	28	1	0.89158487	153	53	G	-0.14555752	0.14555752
POS_VALIDATION_00043	29	1	0.89158487	96	-4	A	-0.13995728	0.13995728
POS_VALIDATION_00043	30	1	0.89158487	116	16	T	-0.1370711	0.1370711
POS_VALIDATION_00043	31	1	0.89158487	63	-37	G	-0.13589077	0.13589077
POS_VALIDATION_00043	32	1	0.89158487	98	-2	C	0.13169256	0.13169256
POS_VALIDATION_00043	33	1	0.89158487	133	33	G	-0.12997386	0.12997386
POS_VALIDATION_00043	34	1	0.89158487	167	67	C	0.12594755	0.12594755
POS_VALIDATION_00043	35	1	0.89158487	114	14	G	-0.1218511	0.1218511
POS_VALIDATION_00043	36	1	0.89158487	131	31	G	-0.12182039	0.12182039
POS_VALIDATION_00043	37	1	0.89158487	86	-14	T	0.12055103	0.12055103
POS_VALIDATION_00043	38	1	0.89158487	111	11	A	-0.11944485	0.11944485
POS_VALIDATION_00043	39	1	0.89158487	171	71	A	0.11848971	0.11848971
POS_VALIDATION_00043	40	1	0.89158487	113	13	T	-0.11679912	0.11679912
POS_VALIDATION_00043	41	1	0.89158487	143	43	C	0.11631946	0.11631946
POS_VALIDATION_00043	42	1	0.89158487	155	55	G	-0.11629987	0.11629987
POS_VALIDATION_00043	43	1	0.89158487	38	-62	G	-0.11396465	0.11396465
POS_VALIDATION_00043	44	1	0.89158487	30	-70	G	-0.10765854	0.10765854
POS_VALIDATION_00043	45	1	0.89158487	81	-19	T	-0.10618094	0.10618094
POS_VALIDATION_00043	46	1	0.89158487	138	38	T	-0.10603491	0.10603491
POS_VALIDATION_00043	47	1	0.89158487	64	-36	G	-0.10241477	0.10241477
POS_VALIDATION_00043	48	1	0.89158487	118	18	G	-0.10231321	0.10231321
POS_VALIDATION_00043	49	1	0.89158487	6	-94	C	-0.10134199	0.10134199
POS_VALIDATION_00043	50	1	0.89158487	115	15	C	0.10107298	0.10107298
POS_VALIDATION_00050	1	1	0.83708751	113	13	C	1.240962	1.240962
POS_VALIDATION_00050	2	1	0.83708751	101	1	T	-0.82052159	0.82052159
POS_VALIDATION_00050	3	1	0.83708751	191	91	C	0.72979939	0.72979939
POS_VALIDATION_00050	4	1	0.83708751	23	-77	C	0.71267748	0.71267748
POS_VALIDATION_00050	5	1	0.83708751	120	20	G	-0.6717447	0.6717447
POS_VALIDATION_00050	6	1	0.83708751	161	61	T	-0.62639993	0.62639993
POS_VALIDATION_00050	7	1	0.83708751	181	81	G	-0.5727489	0.5727489
POS_VALIDATION_00050	8	1	0.83708751	36	-64	C	0.52263689	0.52263689
POS_VALIDATION_00050	9	1	0.83708751	173	73	C	0.51424986	0.51424986
POS_VALIDATION_00050	10	1	0.83708751	138	38	G	-0.49151424	0.49151424
POS_VALIDATION_00050	11	1	0.83708751	57	-43	G	-0.47923595	0.47923595
POS_VALIDATION_00050	12	1	0.83708751	196	96	C	0.43851358	0.43851358
POS_VALIDATION_00050	13	1	0.83708751	84	-16	T	-0.43192586	0.43192586
POS_VALIDATION_00050	14	1	0.83708751	24	-76	G	-0.40995395	0.40995395
POS_VALIDATION_00050	15	1	0.83708751	98	-2	G	-0.39591897	0.39591897
POS_VALIDATION_00050	16	1	0.83708751	177	77	G	-0.38698238	0.38698238
POS_VALIDATION_00050	17	1	0.83708751	109	9	C	0.37879729	0.37879729
POS_VALIDATION_00050	18	1	0.83708751	103	3	C	0.37709239	0.37709239
POS_VALIDATION_00050	19	1	0.83708751	7	-93	G	-0.37155837	0.37155837
POS_VALIDATION_00050	20	1	0.83708751	0	-100	T	0.36214438	0.36214438
POS_VALIDATION_00050	21	1	0.83708751	25	-75	C	-0.35015821	0.35015821
POS_VALIDATION_00050	22	1	0.83708751	125	25	G	-0.34395143	0.34395143
POS_VALIDATION_00050	23	1	0.83708751	106	6	G	-0.34145883	0.34145883
POS_VALIDATION_00050	24	1	0.83708751	51	-49	C	0.33956277	0.33956277
POS_VALIDATION_00050	25	1	0.83708751	12	-88	G	-0.33350152	0.33350152
POS_VALIDATION_00050	26	1	0.83708751	40	-60	G	-0.32547873	0.32547873
POS_VALIDATION_00050	27	1	0.83708751	66	-34	C	-0.30905473	0.30905473
POS_VALIDATION_00050	28	1	0.83708751	59	-41	T	-0.29372764	0.29372764
POS_VALIDATION_00050	29	1	0.83708751	154	54	C	-0.28161401	0.28161401
POS_VALIDATION_00050	30	1	0.83708751	90	-10	G	-0.28137955	0.28137955
POS_VALIDATION_00050	31	1	0.83708751	76	-24	C	0.27717102	0.27717102
POS_VALIDATION_00050	32	1	0.83708751	194	94	G	-0.26470339	0.26470339
POS_VALIDATION_00050	33	1	0.83708751	69	-31	T	-0.25996441	0.25996441
POS_VALIDATION_00050	34	1	0.83708751	75	-25	G	-0.25820068	0.25820068
POS_VALIDATION_00050	35	1	0.83708751	2	-98	G	-0.2473125	0.2473125
POS_VALIDATION_00050	36	1	0.83708751	3	-97	C	0.24226883	0.24226883
POS_VALIDATION_00050	37	1	0.83708751	56	-44	A	0.23975609	0.23975609
POS_VALIDATION_00050	38	1	0.83708751	16	-84	G	-0.23719487	0.23719487
POS_VALIDATION_00050	39	1	0.83708751	124	24	G	-0.23609033	0.23609033
POS_VALIDATION_00050	40	1	0.83708751	61	-39	C	0.23387648	0.23387648
POS_VALIDATION_00050	41	1	0.83708751	176	76	G	-0.22282211	0.22282211
POS_VALIDATION_00050	42	1	0.83708751	58	-42	G	-0.20661411	0.20661411
POS_VALIDATION_00050	43	1	0.83708751	5	-95	C	-0.2046669	0.2046669
POS_VALIDATION_00050	44	1	0.83708751	11	-89	G	-0.19728374	0.19728374
POS_VALIDATION_00050	45	1	0.83708751	108	8	G	-0.1960275	0.1960275
POS_VALIDATION_00050	46	1	0.83708751	121	21	G	-0.18918823	0.18918823
POS_VALIDATION_00050	47	1	0.83708751	186	86	G	-0.1886934	0.1886934
POS_VALIDATION_00050	48	1	0.83708751	81	-19	G	-0.18836106	0.18836106
POS_VALIDATION_00050	49	1	0.83708751	74	-26	T	-0.18574619	0.18574619
POS_VALIDATION_00050	50	1	0.83708751	21	-79	G	-0.18515494	0.18515494
POS_VALIDATION_00052	1	1	0.90163541	195	95	G	-1.2448947	1.2448947
POS_VALIDATION_00052	2	1	0.90163541	96	-4	C	0.99377179	0.99377179
POS_VALIDATION_00052	3	1	0.90163541	36	-64	C	0.76210725	0.76210725
POS_VALIDATION_00052	4	1	0.90163541	161	61	A	-0.62926835	0.62926835
POS_VALIDATION_00052	5	1	0.90163541	110	10	G	-0.61715019	0.61715019
POS_VALIDATION_00052	6	1	0.90163541	47	-53	G	-0.60681289	0.60681289
POS_VALIDATION_00052	7	1	0.90163541	198	98	G	-0.58710629	0.58710629
POS_VALIDATION_00052	8	1	0.90163541	69	-31	C	0.56176883	0.56176883
POS_VALIDATION_00052	9	1	0.90163541	0	-100	T	0.4512777	0.4512777
POS_VALIDATION_00052	10	1	0.90163541	24	-76	G	-0.41804531	0.41804531
POS_VALIDATION_00052	11	1	0.90163541	142	42	G	-0.38228023	0.38228023
POS_VALIDATION_00052	12	1	0.90163541	15	-85	G	-0.35663521	0.35663521
POS_VALIDATION_00052	13	1	0.90163541	116	16	G	-0.3529397	0.3529397
POS_VALIDATION_00052	14	1	0.90163541	35	-65	G	-0.33844754	0.33844754
POS_VALIDATION_00052	15	1	0.90163541	26	-74	G	-0.32874238	0.32874238
POS_VALIDATION_00052	16	1	0.90163541	76	-24	C	0.32785481	0.32785481
POS_VALIDATION_00052	17	1	0.90163541	135	35	G	-0.31253678	0.31253678
POS_VALIDATION_00052	18	1	0.90163541	42	-58	G	-0.30906805	0.30906805
POS_VALIDATION_00052	19	1	0.90163541	56	-44	T	0.30554628	0.30554628
POS_VALIDATION_00052	20	1	0.90163541	194	94	G	-0.30119488	0.30119488
POS_VALIDATION_00052	21	1	0.90163541	75	-25	T	-0.28311932	0.28311932
POS_VALIDATION_00052	22	1	0.90163541	41	-59	A	0.27212977	0.27212977
POS_VALIDATION_00052	23	1	0.90163541	151	51	C	0.26791471	0.26791471
POS_VALIDATION_00052	24	1	0.90163541	16	-84	G	-0.25844467	0.25844467
POS_VALIDATION_00052	25	1	0.90163541	196	96	G	-0.25257903	0.25257903
POS_VALIDATION_00052	26	1	0.90163541	164	64	G	-0.25220883	0.25220883
POS_VALIDATION_00052	27	1	0.90163541	90	-10	C	0.25076711	0.25076711
POS_VALIDATION_00052	28	1	0.90163541	104	4	T	-0.24748439	0.24748439
POS_VALIDATION_00052	29	1	0.90163541	121	21	C	0.24387668	0.24387668
POS_VALIDATION_00052	30	1	0.90163541	74	-26	C	0.23313156	0.23313156
POS_VALIDATION_00052	31	1	0.90163541	167	67	G	-0.22771484	0.22771484
POS_VALIDATION_00052	32	1	0.90163541	129	29	G	-0.22487116	0.22487116
POS_VALIDATION_00052	33	1	0.90163541	97	-3	G	-0.21801689	0.21801689
POS_VALIDATION_00052	34	1	0.90163541	84	-16	G	-0.21797781	0.21797781
POS_VALIDATION_00052	35	1	0.90163541	89	-11	C	0.213576	0.213576
POS_VALIDATION_00052	36	1	0.90163541	187	87	C	0.19509777	0.19509777
POS_VALIDATION_00052	37	1	0.90163541	93	-7	A	-0.19296916	0.19296916
POS_VALIDATION_00052	38	1	0.90163541	125	25	C	-0.18996635	0.18996635
POS_VALIDATION_00052	39	1	0.90163541	6	-94	T	-0.18810508	0.18810508
POS_VALIDATION_00052	40	1	0.90163541	153	53	G	-0.18726538	0.18726538
POS_VALIDATION_00052	41	1	0.90163541	38	-62	G	-0.18324026	0.18324026
POS_VALIDATION_00052	42	1	0.90163541	10	-90	G	-0.1822516	0.1822516
POS_VALIDATION_00052	43	1	0.90163541	81	-19	C	0.17913932	0.17913932
POS_VALIDATION_00052	44	1	0.90163541	43	-57	G	-0.17583489	0.17583489
POS_VALIDATION_00052	45	1	0.90163541	115	15	A	0.17543513	0.17543513
POS_VALIDATION_00052	46	1	0.90163541	67	-33	C	0.17011236	0.17011236
POS_VALIDATION_00052	47	1	0.90163541	141	41	T	-0.17005266	0.17005266
POS_VALIDATION_00052	48	1	0.90163541	52	-48	G	-0.17001465	0.17001465
POS_VALIDATION_00052	49	1	0.90163541	32	-68	T	-0.1684925	0.1684925
POS_VALIDATION_00052	50	1	0.90163541	114	14	G	-0.16548756	0.16548756
POS_VALIDATION_00056	1	1	0.84133232	195	95	G	-1.1740656	1.1740656
POS_VALIDATION_00056	2	1	0.84133232	161	61	A	-0.71914768	0.71914768
POS_VALIDATION_00056	3	1	0.84133232	110	10	G	-0.54244304	0.54244304
POS_VALIDATION_00056	4	1	0.84133232	101	1	T	-0.51656067	0.51656067
POS_VALIDATION_00056	5	1	0.84133232	170	70	C	0.50509179	0.50509179
POS_VALIDATION_00056	6	1	0.84133232	76	-24	C	0.39083278	0.39083278
POS_VALIDATION_00056	7	1	0.84133232	75	-25	G	-0.38584971	0.38584971
POS_VALIDATION_00056	8	1	0.84133232	173	73	G	-0.37107608	0.37107608
POS_VALIDATION_00056	9	1	0.84133232	41	-59	G	-0.36408228	0.36408228
POS_VALIDATION_00056	10	1	0.84133232	142	42	G	-0.33390927	0.33390927
POS_VALIDATION_00056	11	1	0.84133232	40	-60	G	-0.33087337	0.33087337
POS_VALIDATION_00056	12	1	0.84133232	84	-16	C	0.31214878	0.31214878
POS_VALIDATION_00056	13	1	0.84133232	106	6	C	0.29917765	0.29917765
POS_VALIDATION_00056	14	1	0.84133232	139	39	G	-0.28392786	0.28392786
POS_VALIDATION_00056	15	1	0.84133232	0	-100	A	0.27848256	0.27848256
POS_VALIDATION_00056	16	1	0.84133232	196	96	G	-0.25505596	0.25505596
POS_VALIDATION_00056	17	1	0.84133232	42	-58	G	-0.24843806	0.24843806
POS_VALIDATION_00056	18	1	0.84133232	98	-2	C	0.23988605	0.23988605
POS_VALIDATION_00056	19	1	0.84133232	143	43	C	0.23325482	0.23325482
POS_VALIDATION_00056	20	1	0.84133232	55	-45	G	-0.23144782	0.23144782
POS_VALIDATION_00056	21	1	0.84133232	96	-4	G	-0.224268	0.224268
POS_VALIDATION_00056	22	1	0.84133232	154	54	G	-0.21987723	0.21987723
POS_VALIDATION_00056	23	1	0.84133232	166	66	C	-0.21484096	0.21484096
POS_VALIDATION_00056	24	1	0.84133232	87	-13	C	-0.21094006	0.21094006
POS_VALIDATION_00056	25	1	0.84133232	58	-42	C	0.20905492	0.20905492
POS_VALIDATION_00056	26	1	0.84133232	103	3	C	0.20814162	0.20814162
POS_VALIDATION_00056	27	1	0.84133232	64	-36	G	-0.20382673	0.20382673
POS_VALIDATION_00056	28	1	0.84133232	119	19	C	0.202869	0.202869
POS_VALIDATION_00056	29	1	0.84133232	74	-26	G	-0.20187888	0.20187888
POS_VALIDATION_00056	30	1	0.84133232	177	77	A	0.2015797	0.2015797
POS_VALIDATION_00056	31	1	0.84133232	121	21	C	0.19843927	0.19843927
POS_VALIDATION_00056	32	1	0.84133232	72	-28	G	-0.19673754	0.19673754
POS_VALIDATION_00056	33	1	0.84133232	82	-18	C	0.19301465	0.19301465
POS_VALIDATION_00056	34	1	0.84133232	124	24	G	-0.18643539	0.18643539
POS_VALIDATION_00056	35	1	0.84133232	191	91	T	0.18465123	0.18465123
POS_VALIDATION_00056	36	1	0.84133232	109	9	G	-0.18104222	0.18104222
POS_VALIDATION_00056	37	1	0.84133232	8	-92	G	-0.18021156	0.18021156
POS_VALIDATION_00056	38	1	0.84133232	50	-50	G	-0.18005502	0.18005502
POS_VALIDATION_00056	39	1	0.84133232	141	41	A	-0.17879322	0.17879322
POS_VALIDATION_00056	40	1	0.84133232	52	-48	G	-0.17399676	0.17399676
POS_VALIDATION_00056	41	1	0.84133232	115	15	G	-0.17392316	0.17392316
POS_VALIDATION_00056	42	1	0.84133232	147	47	G	-0.1730931	0.1730931
POS_VALIDATION_00056	43	1	0.84133232	67	-33	G	-0.16659324	0.16659324
POS_VALIDATION_00056	44	1	0.84133232	91	-9	C	0.16244808	0.16244808
POS_VALIDATION_00056	45	1	0.84133232	152	52	C	0.16200194	0.16200194
POS_VALIDATION_00056	46	1	0.84133232	146	46	G	-0.16178742	0.16178742
POS_VALIDATION_00056	47	1	0.84133232	102	2	G	-0.15677553	0.15677553
POS_VALIDATION_00056	48	1	0.84133232	155	55	G	-0.15237333	0.15237333
POS_VALIDATION_00056	49	1	0.84133232	107	7	C	0.15202793	0.15202793
POS_VALIDATION_00056	50	1	0.84133232	93	-7	G	-0.14865851	0.14865851
POS_VALIDATION_00057	1	1	0.87157536	84	-16	C	0.94286245	0.94286245
POS_VALIDATION_00057	2	1	0.87157536	96	-4	C	0.89824933	0.89824933
POS_VALIDATION_00057	3	1	0.87157536	120	20	G	-0.86462975	0.86462975
POS_VALIDATION_00057	4	1	0.87157536	36	-64	C	0.85662329	0.85662329
POS_VALIDATION_00057	5	1	0.87157536	109	9	C	0.776833	0.776833
POS_VALIDATION_00057	6	1	0.87157536	190	90	C	0.64543283	0.64543283
POS_VALIDATION_00057	7	1	0.87157536	198	98	G	-0.62810332	0.62810332
POS_VALIDATION_00057	8	1	0.87157536	191	91	C	0.59706432	0.59706432
POS_VALIDATION_00057	9	1	0.87157536	148	48	G	-0.54304826	0.54304826
POS_VALIDATION_00057	10	1	0.87157536	105	5	C	0.51428562	0.51428562
POS_VALIDATION_00057	11	1	0.87157536	181	81	C	0.51027036	0.51027036
POS_VALIDATION_00057	12	1	0.87157536	177	77	G	-0.4724772	0.4724772
POS_VALIDATION_00057	13	1	0.87157536	93	-7	A	-0.4575136	0.4575136
POS_VALIDATION_00057	14	1	0.87157536	185	85	G	-0.4381465	0.4381465
POS_VALIDATION_00057	15	1	0.87157536	106	6	C	0.42313665	0.42313665
POS_VALIDATION_00057	16	1	0.87157536	32	-68	G	-0.40909618	0.40909618
POS_VALIDATION_00057	17	1	0.87157536	66	-34	C	-0.38680643	0.38680643
POS_VALIDATION_00057	18	1	0.87157536	116	16	G	-0.36595461	0.36595461
POS_VALIDATION_00057	19	1	0.87157536	173	73	G	-0.36141676	0.36141676
POS_VALIDATION_00057	20	1	0.87157536	101	1	A	-0.35035485	0.35035485
POS_VALIDATION_00057	21	1	0.87157536	166	66	G	-0.34803522	0.34803522
POS_VALIDATION_00057	22	1	0.87157536	40	-60	G	-0.3361063	0.3361063
POS_VALIDATION_00057	23	1	0.87157536	164	64	G	-0.32057089	0.32057089
POS_VALIDATION_00057	24	1	0.87157536	154	54	C	-0.31956083	0.31956083
POS_VALIDATION_00057	25	1	0.87157536	75	-25	G	-0.30686551	0.30686551
POS_VALIDATION_00057	26	1	0.87157536	90	-10	C	0.30423453	0.30423453
POS_VALIDATION_00057	27	1	0.87157536	145	45	C	0.29961732	0.29961732
POS_VALIDATION_00057	28	1	0.87157536	69	-31	T	-0.29889995	0.29889995
POS_VALIDATION_00057	29	1	0.87157536	121	21	C	0.29740888	0.29740888
POS_VALIDATION_00057	30	1	0.87157536	52	-48	C	-0.2884962	0.2884962
POS_VALIDATION_00057	31	1	0.87157536	1	-99	A	0.28642324	0.28642324
POS_VALIDATION_00057	32	1	0.87157536	27	-73	C	0.28201354	0.28201354
POS_VALIDATION_00057	33	1	0.87157536	42	-58	G	-0.27893871	0.27893871
POS_VALIDATION_00057	34	1	0.87157536	99	-1	G	-0.27636182	0.27636182
POS_VALIDATION_00057	35	1	0.87157536	23	-77	G	-0.27621478	0.27621478
POS_VALIDATION_00057	36	1	0.87157536	5	-95	G	-0.27490944	0.27490944
POS_VALIDATION_00057	37	1	0.87157536	3	-97	C	0.26128474	0.26128474
POS_VALIDATION_00057	38	1	0.87157536	80	-20	G	-0.25954053	0.25954053
POS_VALIDATION_00057	39	1	0.87157536	193	93	G	-0.2589947	0.2589947
POS_VALIDATION_00057	40	1	0.87157536	56	-44	A	0.25119704	0.25119704
POS_VALIDATION_00057	41	1	0.87157536	115	15	G	-0.2426827	0.2426827
POS_VALIDATION_00057	42	1	0.87157536	119	19	G	-0.23998447	0.23998447
POS_VALIDATION_00057	43	1	0.87157536	117	17	G	-0.23322894	0.23322894
POS_VALIDATION_00057	44	1	0.87157536	125	25	G	-0.23287566	0.23287566
POS_VALIDATION_00057	45	1	0.87157536	97	-3	C	0.22909154	0.22909154
POS_VALIDATION_00057	46	1	0.87157536	132	32	G	-0.22577626	0.22577626
POS_VALIDATION_00057	47	1	0.87157536	8	-92	A	-0.22527575	0.22527575
POS_VALIDATION_00057	48	1	0.87157536	2	-98	T	-0.22306769	0.22306769
POS_VALIDATION_00057	49	1	0.87157536	123	23	A	-0.22087803	0.22087803
POS_VALIDATION_00057	50	1	0.87157536	158	58	G	-0.21884799	0.21884799
POS_VALIDATION_00060	1	1	0.83209282	195	95	G	-1.1031499	1.1031499
POS_VALIDATION_00060	2	1	0.83209282	113	13	C	1.0481769	1.0481769
POS_VALIDATION_00060	3	1	0.83209282	25	-75	C	-0.45394415	0.45394415
POS_VALIDATION_00060	4	1	0.83209282	66	-34	G	-0.43270653	0.43270653
POS_VALIDATION_00060	5	1	0.83209282	75	-25	T	-0.41717482	0.41717482
POS_VALIDATION_00060	6	1	0.83209282	47	-53	G	-0.38180804	0.38180804
POS_VALIDATION_00060	7	1	0.83209282	101	1	C	-0.36998275	0.36998275
POS_VALIDATION_00060	8	1	0.83209282	138	38	G	-0.36061209	0.36061209
POS_VALIDATION_00060	9	1	0.83209282	99	-1	C	0.34367973	0.34367973
POS_VALIDATION_00060	10	1	0.83209282	76	-24	C	0.29197389	0.29197389
POS_VALIDATION_00060	11	1	0.83209282	125	25	C	-0.28948474	0.28948474
POS_VALIDATION_00060	12	1	0.83209282	15	-85	G	-0.26306954	0.26306954
POS_VALIDATION_00060	13	1	0.83209282	166	66	C	-0.24214162	0.24214162
POS_VALIDATION_00060	14	1	0.83209282	84	-16	C	0.23608626	0.23608626
POS_VALIDATION_00060	15	1	0.83209282	161	61	C	0.23460168	0.23460168
POS_VALIDATION_00060	16	1	0.83209282	154	54	C	-0.22842775	0.22842775
POS_VALIDATION_00060	17	1	0.83209282	96	-4	A	-0.22496738	0.22496738
POS_VALIDATION_00060	18	1	0.83209282	87	-13	C	-0.22490063	0.22490063
POS_VALIDATION_00060	19	1	0.83209282	2	-98	A	-0.21821785	0.21821785
POS_VALIDATION_00060	20	1	0.83209282	28	-72	G	-0.19730562	0.19730562
POS_VALIDATION_00060	21	1	0.83209282	106	6	G	-0.19644982	0.19644982
POS_VALIDATION_00060	22	1	0.83209282	42	-58	G	-0.19143263	0.19143263
POS_VALIDATION_00060	23	1	0.83209282	90	-10	C	0.18762985	0.18762985
POS_VALIDATION_00060	24	1	0.83209282	57	-43	C	-0.18487683	0.18487683
POS_VALIDATION_00060	25	1	0.83209282	74	-26	C	0.18359575	0.18359575
POS_VALIDATION_00060	26	1	0.83209282	59	-41	G	-0.18335506	0.18335506
POS_VALIDATION_00060	27	1	0.83209282	98	-2	G	-0.17679732	0.17679732
POS_VALIDATION_00060	28	1	0.83209282	173	73	T	-0.16491249	0.16491249
POS_VALIDATION_00060	29	1	0.83209282	178	78	T	-0.15957153	0.15957153
POS_VALIDATION_00060	30	1	0.83209282	56	-44	G	-0.15858364	0.15858364
POS_VALIDATION_00060	31	1	0.83209282	24	-76	C	-0.15714252	0.15714252
POS_VALIDATION_00060	32	1	0.83209282	164	64	G	-0.15282971	0.15282971
POS_VALIDATION_00060	33	1	0.83209282	184	84	T	-0.14818412	0.14818412
POS_VALIDATION_00060	34	1	0.83209282	30	-70	T	-0.14756629	0.14756629
POS_VALIDATION_00060	35	1	0.83209282	141	41	C	-0.14560859	0.14560859
POS_VALIDATION_00060	36	1	0.83209282	143	43	C	0.14418429	0.14418429
POS_VALIDATION_00060	37	1	0.83209282	137	37	G	-0.1409044	0.1409044
POS_VALIDATION_00060	38	1	0.83209282	112	12	C	0.13776788	0.13776788
POS_VALIDATION_00060	39	1	0.83209282	191	91	T	0.1376155	0.1376155
POS_VALIDATION_00060	40	1	0.83209282	127	27	T	0.13689671	0.13689671
POS_VALIDATION_00060	41	1	0.83209282	110	10	C	-0.13682762	0.13682762
POS_VALIDATION_00060	42	1	0.83209282	193	93	G	-0.13557945	0.13557945
POS_VALIDATION_00060	43	1	0.83209282	121	21	G	-0.13260713	0.13260713
POS_VALIDATION_00060	44	1	0.83209282	6	-94	T	-0.13143967	0.13143967
POS_VALIDATION_00060	45	1	0.83209282	119	19	C	0.13098612	0.13098612
POS_VALIDATION_00060	46	1	0.83209282	160	60	G	-0.12657076	0.12657076
POS_VALIDATION_00060	47	1	0.83209282	78	-22	C	0.12295335	0.12295335
POS_VALIDATION_00060	48	1	0.83209282	44	-56	C	0.12075483	0.12075483
POS_VALIDATION_00060	49	1	0.83209282	95	-5	C	0.12061253	0.12061253
POS_VALIDATION_00060	50	1	0.83209282	198	98	T	-0.11881749	0.11881749
POS_VALIDATION_00065	1	1	0.81604433	96	-4	C	0.745866	0.745866
POS_VALIDATION_00065	2	1	0.81604433	36	-64	C	0.60170352	0.60170352
POS_VALIDATION_00065	3	1	0.81604433	161	61	C	0.55120909	0.55120909
POS_VALIDATION_00065	4	1	0.81604433	99	-1	C	0.45676991	0.45676991
POS_VALIDATION_00065	5	1	0.81604433	198	98	G	-0.38208354	0.38208354
POS_VALIDATION_00065	6	1	0.81604433	23	-77	C	0.37690878	0.37690878
POS_VALIDATION_00065	7	1	0.81604433	69	-31	T	-0.34919241	0.34919241
POS_VALIDATION_00065	8	1	0.81604433	35	-65	G	-0.31716406	0.31716406
POS_VALIDATION_00065	9	1	0.81604433	111	11	G	-0.2916216	0.2916216
POS_VALIDATION_00065	10	1	0.81604433	106	6	C	0.27636057	0.27636057
POS_VALIDATION_00065	11	1	0.81604433	75	-25	G	-0.26988071	0.26988071
POS_VALIDATION_00065	12	1	0.81604433	142	42	G	-0.24856703	0.24856703
POS_VALIDATION_00065	13	1	0.81604433	190	90	C	0.23847267	0.23847267
POS_VALIDATION_00065	14	1	0.81604433	164	64	G	-0.22696246	0.22696246
POS_VALIDATION_00065	15	1	0.81604433	140	40	G	-0.21383077	0.21383077
POS_VALIDATION_00065	16	1	0.81604433	184	84	G	-0.20742643	0.20742643
POS_VALIDATION_00065	17	1	0.81604433	143	43	A	-0.19831865	0.19831865
POS_VALIDATION_00065	18	1	0.81604433	7	-93	G	-0.1968908	0.1968908
POS_VALIDATION_00065	19	1	0.81604433	166	66	C	-0.1947107	0.1947107
POS_VALIDATION_00065	20	1	0.81604433	24	-76	C	-0.19193204	0.19193204
POS_VALIDATION_00065	21	1	0.81604433	15	-85	G	-0.19162814	0.19162814
POS_VALIDATION_00065	22	1	0.81604433	47	-53	T	-0.18682986	0.18682986
POS_VALIDATION_00065	23	1	0.81604433	125	25	G	-0.18651898	0.18651898
POS_VALIDATION_00065	24	1	0.81604433	14	-86	A	-0.1838467	0.1838467
POS_VALIDATION_00065	25	1	0.81604433	107	7	A	-0.17990504	0.17990504
POS_VALIDATION_00065	26	1	0.81604433	66	-34	T	-0.17907417	0.17907417
POS_VALIDATION_00065	27	1	0.81604433	129	29	C	0.17575285	0.17575285
POS_VALIDATION_00065	28	1	0.81604433	71	-29	C	0.1752196	0.1752196
POS_VALIDATION_00065	29	1	0.81604433	16	-84	G	-0.17254123	0.17254123
POS_VALIDATION_00065	30	1	0.81604433	2	-98	A	-0.1723848	0.1723848
POS_VALIDATION_00065	31	1	0.81604433	0	-100	G	-0.17177425	0.17177425
POS_VALIDATION_00065	32	1	0.81604433	74	-26	T	-0.1667691	0.1667691
POS_VALIDATION_00065	33	1	0.81604433	56	-44	G	-0.16572462	0.16572462
POS_VALIDATION_00065	34	1	0.81604433	173	73	A	-0.16223888	0.16223888
POS_VALIDATION_00065	35	1	0.81604433	59	-41	G	-0.16189003	0.16189003
POS_VALIDATION_00065	36	1	0.81604433	151	51	C	0.15941516	0.15941516
POS_VALIDATION_00065	37	1	0.81604433	79	-21	C	0.15652838	0.15652838
POS_VALIDATION_00065	38	1	0.81604433	171	71	C	-0.15416107	0.15416107
POS_VALIDATION_00065	39	1	0.81604433	117	17	C	-0.15154779	0.15154779
POS_VALIDATION_00065	40	1	0.81604433	113	13	T	-0.14910348	0.14910348
POS_VALIDATION_00065	41	1	0.81604433	29	-71	G	-0.14873669	0.14873669
POS_VALIDATION_00065	42	1	0.81604433	42	-58	T	-0.14824392	0.14824392
POS_VALIDATION_00065	43	1	0.81604433	193	93	C	-0.14753476	0.14753476
POS_VALIDATION_00065	44	1	0.81604433	169	69	G	-0.1462415	0.1462415
POS_VALIDATION_00065	45	1	0.81604433	154	54	G	-0.14475462	0.14475462
POS_VALIDATION_00065	46	1	0.81604433	6	-94	A	-0.14266586	0.14266586
POS_VALIDATION_00065	47	1	0.81604433	196	96	G	-0.14200817	0.14200817
POS_VALIDATION_00065	48	1	0.81604433	158	58	C	0.14153133	0.14153133
POS_VALIDATION_00065	49	1	0.81604433	94	-6	A	-0.14148916	0.14148916
POS_VALIDATION_00065	50	1	0.81604433	87	-13	G	-0.13878058	0.13878058
POS_VALIDATION_00066	1	1	0.91492116	113	13	C	1.2332658	1.2332658
POS_VALIDATION_00066	2	1	0.91492116	110	10	G	-0.56849176	0.56849176
POS_VALIDATION_00066	3	1	0.91492116	96	-4	C	0.5222916	0.5222916
POS_VALIDATION_00066	4	1	0.91492116	93	-7	T	-0.50098288	0.50098288
POS_VALIDATION_00066	5	1	0.91492116	99	-1	C	0.46894264	0.46894264
POS_VALIDATION_00066	6	1	0.91492116	166	66	C	-0.39444458	0.39444458
POS_VALIDATION_00066	7	1	0.91492116	75	-25	T	-0.34880859	0.34880859
POS_VALIDATION_00066	8	1	0.91492116	190	90	C	0.31268576	0.31268576
POS_VALIDATION_00066	9	1	0.91492116	84	-16	C	0.3075552	0.3075552
POS_VALIDATION_00066	10	1	0.91492116	0	-100	T	0.30620331	0.30620331
POS_VALIDATION_00066	11	1	0.91492116	161	61	C	0.2596488	0.2596488
POS_VALIDATION_00066	12	1	0.91492116	171	71	C	-0.25320685	0.25320685
POS_VALIDATION_00066	13	1	0.91492116	26	-74	G	-0.24848253	0.24848253
POS_VALIDATION_00066	14	1	0.91492116	90	-10	G	-0.22947097	0.22947097
POS_VALIDATION_00066	15	1	0.91492116	69	-31	A	-0.22681932	0.22681932
POS_VALIDATION_00066	16	1	0.91492116	126	26	A	-0.22648109	0.22648109
POS_VALIDATION_00066	17	1	0.91492116	184	84	C	-0.22400534	0.22400534
POS_VALIDATION_00066	18	1	0.91492116	106	6	C	0.20953119	0.20953119
POS_VALIDATION_00066	19	1	0.91492116	8	-92	A	-0.20950903	0.20950903
POS_VALIDATION_00066	20	1	0.91492116	35	-65	T	0.20597726	0.20597726
POS_VALIDATION_00066	21	1	0.91492116	169	69	G	-0.20487966	0.20487966
POS_VALIDATION_00066	22	1	0.91492116	41	-59	G	-0.20374438	0.20374438
POS_VALIDATION_00066	23	1	0.91492116	138	38	C	-0.19935861	0.19935861
POS_VALIDATION_00066	24	1	0.91492116	42	-58	G	-0.19130097	0.19130097
POS_VALIDATION_00066	25	1	0.91492116	185	85	C	-0.18964973	0.18964973
POS_VALIDATION_00066	26	1	0.91492116	123	23	C	0.18617107	0.18617107
POS_VALIDATION_00066	27	1	0.91492116	2	-98	A	-0.1790109	0.1790109
POS_VALIDATION_00066	28	1	0.91492116	111	11	C	0.17744979	0.17744979
POS_VALIDATION_00066	29	1	0.91492116	141	41	T	-0.17663857	0.17663857
POS_VALIDATION_00066	30	1	0.91492116	167	67	T	-0.17599067	0.17599067
POS_VALIDATION_00066	31	1	0.91492116	27	-73	A	0.17463478	0.17463478
POS_VALIDATION_00066	32	1	0.91492116	151	51	G	-0.17342567	0.17342567
POS_VALIDATION_00066	33	1	0.91492116	173	73	A	-0.17282388	0.17282388
POS_VALIDATION_00066	34	1	0.91492116	51	-49	A	-0.17271313	0.17271313
POS_VALIDATION_00066	35	1	0.91492116	107	7	C	0.15796749	0.15796749
POS_VALIDATION_00066	36	1	0.91492116	132	32	G	-0.15532769	0.15532769
POS_VALIDATION_00066	37	1	0.91492116	115	15	T	0.15323813	0.15323813
POS_VALIDATION_00066	38	1	0.91492116	153	53	G	-0.15260081	0.15260081
POS_VALIDATION_00066	39	1	0.91492116	87	-13	G	-0.15176764	0.15176764
POS_VALIDATION_00066	40	1	0.91492116	1	-99	A	0.15095717	0.15095717
POS_VALIDATION_00066	41	1	0.91492116	66	-34	T	-0.14663282	0.14663282
POS_VALIDATION_00066	42	1	0.91492116	74	-26	C	-0.14453688	0.14453688
POS_VALIDATION_00066	43	1	0.91492116	94	-6	C	-0.14290655	0.14290655
POS_VALIDATION_00066	44	1	0.91492116	129	29	C	0.14243442	0.14243442
POS_VALIDATION_00066	45	1	0.91492116	47	-53	T	-0.14032577	0.14032577
POS_VALIDATION_00066	46	1	0.91492116	172	72	A	-0.13831581	0.13831581
POS_VALIDATION_00066	47	1	0.91492116	23	-77	T	-0.13680917	0.13680917
POS_VALIDATION_00066	48	1	0.91492116	37	-63	A	-0.13465557	0.13465557
POS_VALIDATION_00066	49	1	0.91492116	81	-19	A	-0.13399816	0.13399816
POS_VALIDATION_00066	50	1	0.91492116	164	64	G	-0.13357522	0.13357522
POS_VALIDATION_00067	1	1	0.86875439	101	1	T	-0.54659927	0.54659927
POS_VALIDATION_00067	2	1	0.86875439	0	-100	T	0.48309517	0.48309517
POS_VALIDATION_00067	3	1	0.86875439	120	20	G	-0.45945942	0.45945942
POS_VALIDATION_00067	4	1	0.86875439	96	-4	C	0.38403863	0.38403863
POS_VALIDATION_00067	5	1	0.86875439	126	26	T	-0.33441901	0.33441901
POS_VALIDATION_00067	6	1	0.86875439	84	-16	C	0.31521869	0.31521869
POS_VALIDATION_00067	7	1	0.86875439	173	73	G	-0.28987172	0.28987172
POS_VALIDATION_00067	8	1	0.86875439	99	-1	T	0.28055853	0.28055853
POS_VALIDATION_00067	9	1	0.86875439	170	70	C	0.27779481	0.27779481
POS_VALIDATION_00067	10	1	0.86875439	68	-32	G	-0.2689566	0.2689566
POS_VALIDATION_00067	11	1	0.86875439	151	51	C	0.26087603	0.26087603
POS_VALIDATION_00067	12	1	0.86875439	75	-25	G	-0.25882351	0.25882351
POS_VALIDATION_00067	13	1	0.86875439	153	53	G	-0.25273401	0.25273401
POS_VALIDATION_00067	14	1	0.86875439	106	6	G	-0.24656396	0.24656396
POS_VALIDATION_00067	15	1	0.86875439	138	38	G	-0.23238152	0.23238152
POS_VALIDATION_00067	16	1	0.86875439	74	-26	T	-0.22996423	0.22996423
POS_VALIDATION_00067	17	1	0.86875439	40	-60	G	-0.2204158	0.2204158
POS_VALIDATION_00067	18	1	0.86875439	131	31	G	-0.2166141	0.2166141
POS_VALIDATION_00067	19	1	0.86875439	125	25	C	-0.2131376	0.2131376
POS_VALIDATION_00067	20	1	0.86875439	142	42	G	-0.20705423	0.20705423
POS_VALIDATION_00067	21	1	0.86875439	42	-58	A	-0.20393823	0.20393823
POS_VALIDATION_00067	22	1	0.86875439	26	-74	G	-0.19672444	0.19672444
POS_VALIDATION_00067	23	1	0.86875439	161	61	C	0.19476441	0.19476441
POS_VALIDATION_00067	24	1	0.86875439	16	-84	G	-0.19163916	0.19163916
POS_VALIDATION_00067	25	1	0.86875439	57	-43	C	-0.18273781	0.18273781
POS_VALIDATION_00067	26	1	0.86875439	69	-31	C	0.17912364	0.17912364
POS_VALIDATION_00067	27	1	0.86875439	56	-44	G	-0.17362732	0.17362732
POS_VALIDATION_00067	28	1	0.86875439	108	8	C	0.17210463	0.17210463
POS_VALIDATION_00067	29	1	0.86875439	171	71	C	-0.17019105	0.17019105
POS_VALIDATION_00067	30	1	0.86875439	25	-75	T	-0.16846798	0.16846798
POS_VALIDATION_00067	31	1	0.86875439	71	-29	C	0.16796589	0.16796589
POS_VALIDATION_00067	32	1	0.86875439	4	-96	G	-0.16594571	0.16594571
POS_VALIDATION_00067	33	1	0.86875439	154	54	G	-0.16335896	0.16335896
POS_VALIDATION_00067	34	1	0.86875439	141	41	C	-0.15402782	0.15402782
POS_VALIDATION_00067	35	1	0.86875439	59	-41	C	-0.14523482	0.14523482
POS_VALIDATION_00067	36	1	0.86875439	11	-89	G	-0.14466646	0.14466646
POS_VALIDATION_00067	37	1	0.86875439	33	-67	G	-0.12910752	0.12910752
POS_VALIDATION_00067	38	1	0.86875439	2	-98	G	-0.1266654	0.1266654
POS_VALIDATION_00067	39	1	0.86875439	81	-19	C	-0.12532656	0.12532656
POS_VALIDATION_00067	40	1	0.86875439	72	-28	G	-0.12486425	0.12486425
POS_VALIDATION_00067	41	1	0.86875439	135	35	G	-0.12325837	0.12325837
POS_VALIDATION_00067	42	1	0.86875439	109	9	C	0.12022424	0.12022424
POS_VALIDATION_00067	43	1	0.86875439	172	72	C	-0.11933261	0.11933261
POS_VALIDATION_00067	44	1	0.86875439	31	-69	G	-0.1185849	0.1185849
POS_VALIDATION_00067	45	1	0.86875439	130	30	G	-0.11566488	0.11566488
POS_VALIDATION_00067	46	1	0.86875439	62	-38	G	-0.11429681	0.11429681
POS_VALIDATION_00067	47	1	0.86875439	127	27	T	0.11056773	0.11056773
POS_VALIDATION_00067	48	1	0.86875439	102	2	G	-0.10939993	0.10939993
POS_VALIDATION_00067	49	1	0.86875439	63	-37	G	-0.10888961	0.10888961
POS_VALIDATION_00067	50	1	0.86875439	37	-63	T	-0.10756253	0.10756253
POS_VALIDATION_00070	1	1	0.7679472	42	-58	C	-1.074559	1.074559
POS_VALIDATION_00070	2	1	0.7679472	161	61	A	-0.89588034	0.89588034
POS_VALIDATION_00070	3	1	0.7679472	181	81	G	-0.49237072	0.49237072
POS_VALIDATION_00070	4	1	0.7679472	45	-55	G	-0.47128585	0.47128585
POS_VALIDATION_00070	5	1	0.7679472	36	-64	C	0.45936871	0.45936871
POS_VALIDATION_00070	6	1	0.7679472	69	-31	C	0.33332375	0.33332375
POS_VALIDATION_00070	7	1	0.7679472	81	-19	G	-0.32350984	0.32350984
POS_VALIDATION_00070	8	1	0.7679472	108	8	C	0.31605718	0.31605718
POS_VALIDATION_00070	9	1	0.7679472	140	40	G	-0.3054949	0.3054949
POS_VALIDATION_00070	10	1	0.7679472	153	53	C	0.28606433	0.28606433
POS_VALIDATION_00070	11	1	0.7679472	193	93	C	-0.25716484	0.25716484
POS_VALIDATION_00070	12	1	0.7679472	173	73	T	-0.25130421	0.25130421
POS_VALIDATION_00070	13	1	0.7679472	71	-29	C	0.2480038	0.2480038
POS_VALIDATION_00070	14	1	0.7679472	40	-60	G	-0.22559772	0.22559772
POS_VALIDATION_00070	15	1	0.7679472	1	-99	A	0.2220681	0.2220681
POS_VALIDATION_00070	16	1	0.7679472	41	-59	G	-0.22021407	0.22021407
POS_VALIDATION_00070	17	1	0.7679472	99	-1	T	0.20769286	0.20769286
POS_VALIDATION_00070	18	1	0.7679472	7	-93	G	-0.20718667	0.20718667
POS_VALIDATION_00070	19	1	0.7679472	35	-65	C	-0.20212391	0.20212391
POS_VALIDATION_00070	20	1	0.7679472	116	16	T	-0.20047235	0.20047235
POS_VALIDATION_00070	21	1	0.7679472	80	-20	G	-0.18338975	0.18338975
POS_VALIDATION_00070	22	1	0.7679472	56	-44	T	0.17689916	0.17689916
POS_VALIDATION_00070	23	1	0.7679472	196	96	C	0.17360562	0.17360562
POS_VALIDATION_00070	24	1	0.7679472	94	-6	G	-0.17158674	0.17158674
POS_VALIDATION_00070	25	1	0.7679472	132	32	G	-0.16795294	0.16795294
POS_VALIDATION_00070	26	1	0.7679472	23	-77	G	-0.16615506	0.16615506
POS_VALIDATION_00070	27	1	0.7679472	31	-69	G	-0.16431442	0.16431442
POS_VALIDATION_00070	28	1	0.7679472	115	15	G	-0.16287409	0.16287409
POS_VALIDATION_00070	29	1	0.7679472	191	91	A	0.16221744	0.16221744
POS_VALIDATION_00070	30	1	0.7679472	109	9	C	0.16097756	0.16097756
POS_VALIDATION_00070	31	1	0.7679472	135	35	A	-0.16027343	0.16027343
POS_VALIDATION_00070	32	1	0.7679472	151	51	C	0.1590969	0.1590969
POS_VALIDATION_00070	33	1	0.7679472	117	17	T	-0.15802643	0.15802643
POS_VALIDATION_00070	34	1	0.7679472	25	-75	T	-0.15149266	0.15149266
POS_VALIDATION_00070	35	1	0.7679472	62	-38	C	-0.15044713	0.15044713
POS_VALIDATION_00070	36	1	0.7679472	172	72	T	-0.14936048	0.14936048
POS_VALIDATION_00070	37	1	0.7679472	74	-26	A	-0.14850684	0.14850684
POS_VALIDATION_00070	38	1	0.7679472	92	-8	G	-0.14751685	0.14751685
POS_VALIDATION_00070	39	1	0.7679472	197	97	T	0.14640889	0.14640889
POS_VALIDATION_00070	40	1	0.7679472	127	27	T	0.14518365	0.14518365
POS_VALIDATION_00070	41	1	0.7679472	131	31	G	-0.14500995	0.14500995
POS_VALIDATION_00070	42	1	0.7679472	2	-98	T	-0.14427707	0.14427707
POS_VALIDATION_00070	43	1	0.7679472	61	-39	C	0.14352609	0.14352609
POS_VALIDATION_00070	44	1	0.7679472	54	-46	G	-0.14262095	0.14262095
POS_VALIDATION_00070	45	1	0.7679472	19	-81	A	0.14231767	0.14231767
POS_VALIDATION_00070	46	1	0.7679472	121	21	G	-0.14228176	0.14228176
POS_VALIDATION_00070	47	1	0.7679472	95	-5	C	0.14121698	0.14121698
POS_VALIDATION_00070	48	1	0.7679472	93	-7	G	-0.12789461	0.12789461
POS_VALIDATION_00070	49	1	0.7679472	0	-100	A	0.12489979	0.12489979
POS_VALIDATION_00070	50	1	0.7679472	184	84	T	-0.12485828	0.12485828
POS_VALIDATION_00072	1	1	0.88785934	45	-55	G	-0.74042618	0.74042618
POS_VALIDATION_00072	2	1	0.88785934	101	1	T	-0.7288053	0.7288053
POS_VALIDATION_00072	3	1	0.88785934	69	-31	C	0.69030708	0.69030708
POS_VALIDATION_00072	4	1	0.88785934	161	61	A	-0.6564362	0.6564362
POS_VALIDATION_00072	5	1	0.88785934	66	-34	G	-0.60794604	0.60794604
POS_VALIDATION_00072	6	1	0.88785934	35	-65	G	-0.56667024	0.56667024
POS_VALIDATION_00072	7	1	0.88785934	42	-58	C	-0.55316013	0.55316013
POS_VALIDATION_00072	8	1	0.88785934	177	77	G	-0.50958544	0.50958544
POS_VALIDATION_00072	9	1	0.88785934	171	71	G	-0.43422863	0.43422863
POS_VALIDATION_00072	10	1	0.88785934	103	3	C	0.40434763	0.40434763
POS_VALIDATION_00072	11	1	0.88785934	98	-2	G	-0.39680141	0.39680141
POS_VALIDATION_00072	12	1	0.88785934	148	48	G	-0.38514104	0.38514104
POS_VALIDATION_00072	13	1	0.88785934	0	-100	T	0.37911066	0.37911066
POS_VALIDATION_00072	14	1	0.88785934	41	-59	G	-0.37010485	0.37010485
POS_VALIDATION_00072	15	1	0.88785934	32	-68	G	-0.36320382	0.36320382
POS_VALIDATION_00072	16	1	0.88785934	74	-26	C	0.36236352	0.36236352
POS_VALIDATION_00072	17	1	0.88785934	138	38	G	-0.35022619	0.35022619
POS_VALIDATION_00072	18	1	0.88785934	40	-60	G	-0.34390956	0.34390956
POS_VALIDATION_00072	19	1	0.88785934	84	-16	T	-0.34354329	0.34354329
POS_VALIDATION_00072	20	1	0.88785934	75	-25	G	-0.34056473	0.34056473
POS_VALIDATION_00072	21	1	0.88785934	169	69	G	-0.32029712	0.32029712
POS_VALIDATION_00072	22	1	0.88785934	187	87	C	0.30696726	0.30696726
POS_VALIDATION_00072	23	1	0.88785934	178	78	C	0.2994675	0.2994675
POS_VALIDATION_00072	24	1	0.88785934	129	29	C	0.28974646	0.28974646
POS_VALIDATION_00072	25	1	0.88785934	150	50	A	0.27996856	0.27996856
POS_VALIDATION_00072	26	1	0.88785934	94	-6	C	0.27339804	0.27339804
POS_VALIDATION_00072	27	1	0.88785934	50	-50	G	-0.26084423	0.26084423
POS_VALIDATION_00072	28	1	0.88785934	119	19	C	0.25509554	0.25509554
POS_VALIDATION_00072	29	1	0.88785934	81	-19	G	-0.24778363	0.24778363
POS_VALIDATION_00072	30	1	0.88785934	83	-17	C	0.24724108	0.24724108
POS_VALIDATION_00072	31	1	0.88785934	16	-84	G	-0.24717835	0.24717835
POS_VALIDATION_00072	32	1	0.88785934	176	76	G	-0.24507894	0.24507894
POS_VALIDATION_00072	33	1	0.88785934	154	54	G	-0.23954378	0.23954378
POS_VALIDATION_00072	34	1	0.88785934	151	51	C	0.23651452	0.23651452
POS_VALIDATION_00072	35	1	0.88785934	58	-42	G	-0.22494543	0.22494543
POS_VALIDATION_00072	36	1	0.88785934	49	-51	C	0.22074746	0.22074746
POS_VALIDATION_00072	37	1	0.88785934	106	6	G	-0.21669367	0.21669367
POS_VALIDATION_00072	38	1	0.88785934	21	-79	G	-0.21485563	0.21485563
POS_VALIDATION_00072	39	1	0.88785934	82	-18	C	0.21476808	0.21476808
POS_VALIDATION_00072	40	1	0.88785934	18	-82	C	0.21238172	0.21238172
POS_VALIDATION_00072	41	1	0.88785934	97	-3	G	-0.20954686	0.20954686
POS_VALIDATION_00072	42	1	0.88785934	114	14	G	-0.19636221	0.19636221
POS_VALIDATION_00072	43	1	0.88785934	197	97	A	0.19547004	0.19547004
POS_VALIDATION_00072	44	1	0.88785934	108	8	G	-0.19357631	0.19357631
POS_VALIDATION_00072	45	1	0.88785934	96	-4	G	-0.18995078	0.18995078
POS_VALIDATION_00072	46	1	0.88785934	172	72	G	-0.18797335	0.18797335
POS_VALIDATION_00072	47	1	0.88785934	93	-7	G	-0.1877778	0.1877778
POS_VALIDATION_00072	48	1	0.88785934	19	-81	G	-0.18770559	0.18770559
POS_VALIDATION_00072	49	1	0.88785934	11	-89	G	-0.18386243	0.18386243
POS_VALIDATION_00072	50	1	0.88785934	61	-39	C	0.18349439	0.18349439
POS_VALIDATION_00075	1	1	0.94221544	113	13	C	0.88000613	0.88000613
POS_VALIDATION_00075	2	1	0.94221544	101	1	T	-0.79175562	0.79175562
POS_VALIDATION_00075	3	1	0.94221544	36	-64	C	0.57147753	0.57147753
POS_VALIDATION_00075	4	1	0.94221544	161	61	T	-0.54756403	0.54756403
POS_VALIDATION_00075	5	1	0.94221544	173	73	C	0.4208186	0.4208186
POS_VALIDATION_00075	6	1	0.94221544	0	-100	T	0.39430714	0.39430714
POS_VALIDATION_00075	7	1	0.94221544	56	-44	G	-0.24812874	0.24812874
POS_VALIDATION_00075	8	1	0.94221544	171	71	C	-0.24663776	0.24663776
POS_VALIDATION_00075	9	1	0.94221544	193	93	C	-0.24646267	0.24646267
POS_VALIDATION_00075	10	1	0.94221544	131	31	C	-0.24183956	0.24183956
POS_VALIDATION_00075	11	1	0.94221544	75	-25	G	-0.24001096	0.24001096
POS_VALIDATION_00075	12	1	0.94221544	1	-99	A	0.23819625	0.23819625
POS_VALIDATION_00075	13	1	0.94221544	81	-19	G	-0.23218207	0.23218207
POS_VALIDATION_00075	14	1	0.94221544	42	-58	G	-0.22216848	0.22216848
POS_VALIDATION_00075	15	1	0.94221544	141	41	T	-0.22066085	0.22066085
POS_VALIDATION_00075	16	1	0.94221544	127	27	C	-0.21889046	0.21889046
POS_VALIDATION_00075	17	1	0.94221544	84	-16	T	-0.21884844	0.21884844
POS_VALIDATION_00075	18	1	0.94221544	115	15	G	-0.21612731	0.21612731
POS_VALIDATION_00075	19	1	0.94221544	24	-76	C	-0.19663078	0.19663078
POS_VALIDATION_00075	20	1	0.94221544	59	-41	C	-0.19177486	0.19177486
POS_VALIDATION_00075	21	1	0.94221544	53	-47	G	-0.18150394	0.18150394
POS_VALIDATION_00075	22	1	0.94221544	169	69	G	-0.17975488	0.17975488
POS_VALIDATION_00075	23	1	0.94221544	35	-65	T	0.17751265	0.17751265
POS_VALIDATION_00075	24	1	0.94221544	172	72	C	0.17717341	0.17717341
POS_VALIDATION_00075	25	1	0.94221544	164	64	G	-0.17696379	0.17696379
POS_VALIDATION_00075	26	1	0.94221544	74	-26	T	-0.17153478	0.17153478
POS_VALIDATION_00075	27	1	0.94221544	160	60	G	-0.16546264	0.16546264
POS_VALIDATION_00075	28	1	0.94221544	125	25	G	-0.15741317	0.15741317
POS_VALIDATION_00075	29	1	0.94221544	98	-2	G	-0.14916953	0.14916953
POS_VALIDATION_00075	30	1	0.94221544	106	6	G	-0.14916429	0.14916429
POS_VALIDATION_00075	31	1	0.94221544	23	-77	T	-0.14857502	0.14857502
POS_VALIDATION_00075	32	1	0.94221544	147	47	G	-0.14708197	0.14708197
POS_VALIDATION_00075	33	1	0.94221544	10	-90	G	-0.14636365	0.14636365
POS_VALIDATION_00075	34	1	0.94221544	87	-13	C	-0.14633301	0.14633301
POS_VALIDATION_00075	35	1	0.94221544	5	-95	T	0.14389625	0.14389625
POS_VALIDATION_00075	36	1	0.94221544	166	66	T	-0.14372057	0.14372057
POS_VALIDATION_00075	37	1	0.94221544	184	84	T	-0.13999549	0.13999549
POS_VALIDATION_00075	38	1	0.94221544	103	3	C	0.13874519	0.13874519
POS_VALIDATION_00075	39	1	0.94221544	2	-98	T	-0.13684045	0.13684045
POS_VALIDATION_00075	40	1	0.94221544	124	24	G	-0.13682947	0.13682947
POS_VALIDATION_00075	41	1	0.94221544	51	-49	C	0.13673525	0.13673525
POS_VALIDATION_00075	42	1	0.94221544	6	-94	T	-0.13197464	0.13197464
POS_VALIDATION_00075	43	1	0.94221544	138	38	C	-0.13038546	0.13038546
POS_VALIDATION_00075	44	1	0.94221544	63	-37	G	-0.12689486	0.12689486
POS_VALIDATION_00075	45	1	0.94221544	191	91	T	0.12553233	0.12553233
POS_VALIDATION_00075	46	1	0.94221544	34	-66	G	-0.11863475	0.11863475
POS_VALIDATION_00075	47	1	0.94221544	130	30	T	-0.11814147	0.11814147
POS_VALIDATION_00075	48	1	0.94221544	33	-67	G	-0.11090548	0.11090548
POS_VALIDATION_00075	49	1	0.94221544	83	-17	C	0.10602066	0.10602066
POS_VALIDATION_00075	50	1	0.94221544	38	-62	G	-0.10491163	0.10491163
POS_VALIDATION_00076	1	1	0.90717626	161	61	T	-0.96905077	0.96905077
POS_VALIDATION_00076	2	1	0.90717626	113	13	C	0.77187771	0.77187771
POS_VALIDATION_00076	3	1	0.90717626	25	-75	C	-0.56753498	0.56753498
POS_VALIDATION_00076	4	1	0.90717626	47	-53	G	-0.46902186	0.46902186
POS_VALIDATION_00076	5	1	0.90717626	177	77	G	-0.46668041	0.46668041
POS_VALIDATION_00076	6	1	0.90717626	35	-65	C	-0.36083537	0.36083537
POS_VALIDATION_00076	7	1	0.90717626	41	-59	G	-0.31176835	0.31176835
POS_VALIDATION_00076	8	1	0.90717626	101	1	A	-0.30491456	0.30491456
POS_VALIDATION_00076	9	1	0.90717626	76	-24	C	0.3034094	0.3034094
POS_VALIDATION_00076	10	1	0.90717626	75	-25	T	-0.3005012	0.3005012
POS_VALIDATION_00076	11	1	0.90717626	166	66	C	-0.29579085	0.29579085
POS_VALIDATION_00076	12	1	0.90717626	32	-68	G	-0.27808511	0.27808511
POS_VALIDATION_00076	13	1	0.90717626	125	25	C	-0.26808912	0.26808912
POS_VALIDATION_00076	14	1	0.90717626	84	-16	C	0.24503741	0.24503741
POS_VALIDATION_00076	15	1	0.90717626	53	-47	C	-0.23882359	0.23882359
POS_VALIDATION_00076	16	1	0.90717626	55	-45	G	-0.21984001	0.21984001
POS_VALIDATION_00076	17	1	0.90717626	90	-10	G	-0.20889954	0.20889954
POS_VALIDATION_00076	18	1	0.90717626	173	73	T	-0.19647497	0.19647497
POS_VALIDATION_00076	19	1	0.90717626	74	-26	G	-0.19520134	0.19520134
POS_VALIDATION_00076	20	1	0.90717626	71	-29	C	0.18351255	0.18351255
POS_VALIDATION_00076	21	1	0.90717626	42	-58	G	-0.17673147	0.17673147
POS_VALIDATION_00076	22	1	0.90717626	69	-31	C	0.16262659	0.16262659
POS_VALIDATION_00076	23	1	0.90717626	172	72	C	0.16112742	0.16112742
POS_VALIDATION_00076	24	1	0.90717626	23	-77	C	0.16053647	0.16053647
POS_VALIDATION_00076	25	1	0.90717626	138	38	T	-0.15800978	0.15800978
POS_VALIDATION_00076	26	1	0.90717626	123	23	G	-0.15286151	0.15286151
POS_VALIDATION_00076	27	1	0.90717626	78	-22	C	0.15176128	0.15176128
POS_VALIDATION_00076	28	1	0.90717626	0	-100	A	0.15175197	0.15175197
POS_VALIDATION_00076	29	1	0.90717626	171	71	C	-0.15011899	0.15011899
POS_VALIDATION_00076	30	1	0.90717626	106	6	C	0.1496641	0.1496641
POS_VALIDATION_00076	31	1	0.90717626	170	70	C	0.14629385	0.14629385
POS_VALIDATION_00076	32	1	0.90717626	12	-88	G	-0.14338374	0.14338374
POS_VALIDATION_00076	33	1	0.90717626	192	92	C	-0.13494498	0.13494498
POS_VALIDATION_00076	34	1	0.90717626	197	97	T	0.13459396	0.13459396
POS_VALIDATION_00076	35	1	0.90717626	102	2	C	-0.13391182	0.13391182
POS_VALIDATION_00076	36	1	0.90717626	30	-70	T	-0.12992415	0.12992415
POS_VALIDATION_00076	37	1	0.90717626	167	67	T	-0.12951636	0.12951636
POS_VALIDATION_00076	38	1	0.90717626	16	-84	G	-0.12479137	0.12479137
POS_VALIDATION_00076	39	1	0.90717626	92	-8	G	-0.12278331	0.12278331
POS_VALIDATION_00076	40	1	0.90717626	6	-94	T	-0.12266649	0.12266649
POS_VALIDATION_00076	41	1	0.90717626	112	12	C	0.11891975	0.11891975
POS_VALIDATION_00076	42	1	0.90717626	82	-18	C	0.11868544	0.11868544
POS_VALIDATION_00076	43	1	0.90717626	141	41	C	-0.11717859	0.11717859
POS_VALIDATION_00076	44	1	0.90717626	111	11	G	-0.11507643	0.11507643
POS_VALIDATION_00076	45	1	0.90717626	146	46	G	-0.11118522	0.11118522
POS_VALIDATION_00076	46	1	0.90717626	54	-46	T	-0.11096811	0.11096811
POS_VALIDATION_00076	47	1	0.90717626	79	-21	G	-0.1099732	0.1099732
POS_VALIDATION_00076	48	1	0.90717626	150	50	A	0.10632569	0.10632569
POS_VALIDATION_00076	49	1	0.90717626	114	14	G	-0.10589384	0.10589384
POS_VALIDATION_00076	50	1	0.90717626	151	51	T	-0.10580044	0.10580044
POS_VALIDATION_00077	1	1	0.8012315	23	-77	C	0.84888756	0.84888756
POS_VALIDATION_00077	2	1	0.8012315	161	61	C	0.73071909	0.73071909
POS_VALIDATION_00077	3	1	0.8012315	36	-64	C	0.7261467	0.7261467
POS_VALIDATION_00077	4	1	0.8012315	45	-55	G	-0.66423661	0.66423661
POS_VALIDATION_00077	5	1	0.8012315	1	-99	C	0.55148023	0.55148023
POS_VALIDATION_00077	6	1	0.8012315	66	-34	G	-0.54216897	0.54216897
POS_VALIDATION_00077	7	1	0.8012315	99	-1	C	0.4988488	0.4988488
POS_VALIDATION_00077	8	1	0.8012315	84	-16	T	-0.46710891	0.46710891
POS_VALIDATION_00077	9	1	0.8012315	35	-65	G	-0.45490801	0.45490801
POS_VALIDATION_00077	10	1	0.8012315	110	10	G	-0.43830866	0.43830866
POS_VALIDATION_00077	11	1	0.8012315	187	87	C	0.41538024	0.41538024
POS_VALIDATION_00077	12	1	0.8012315	0	-100	T	0.4115833	0.4115833
POS_VALIDATION_00077	13	1	0.8012315	198	98	G	-0.37373483	0.37373483
POS_VALIDATION_00077	14	1	0.8012315	32	-68	G	-0.36276674	0.36276674
POS_VALIDATION_00077	15	1	0.8012315	129	29	C	0.33666718	0.33666718
POS_VALIDATION_00077	16	1	0.8012315	167	67	C	0.32040673	0.32040673
POS_VALIDATION_00077	17	1	0.8012315	75	-25	G	-0.30274522	0.30274522
POS_VALIDATION_00077	18	1	0.8012315	87	-13	G	-0.30217719	0.30217719
POS_VALIDATION_00077	19	1	0.8012315	51	-49	C	0.28698131	0.28698131
POS_VALIDATION_00077	20	1	0.8012315	56	-44	T	0.28617001	0.28617001
POS_VALIDATION_00077	21	1	0.8012315	49	-51	T	-0.28589243	0.28589243
POS_VALIDATION_00077	22	1	0.8012315	58	-42	C	0.28459716	0.28459716
POS_VALIDATION_00077	23	1	0.8012315	26	-74	G	-0.2827853	0.2827853
POS_VALIDATION_00077	24	1	0.8012315	125	25	G	-0.2798897	0.2798897
POS_VALIDATION_00077	25	1	0.8012315	138	38	A	-0.27648959	0.27648959
POS_VALIDATION_00077	26	1	0.8012315	136	36	C	0.26992992	0.26992992
POS_VALIDATION_00077	27	1	0.8012315	90	-10	C	0.2622118	0.2622118
POS_VALIDATION_00077	28	1	0.8012315	94	-6	G	-0.26152083	0.26152083
POS_VALIDATION_00077	29	1	0.8012315	2	-98	T	-0.24929509	0.24929509
POS_VALIDATION_00077	30	1	0.8012315	30	-70	T	-0.2401447	0.2401447
POS_VALIDATION_00077	31	1	0.8012315	153	53	G	-0.23559433	0.23559433
POS_VALIDATION_00077	32	1	0.8012315	149	49	C	0.2346177	0.2346177
POS_VALIDATION_00077	33	1	0.8012315	97	-3	G	-0.23170047	0.23170047
POS_VALIDATION_00077	34	1	0.8012315	196	96	C	0.22828525	0.22828525
POS_VALIDATION_00077	35	1	0.8012315	29	-71	G	-0.22562531	0.22562531
POS_VALIDATION_00077	36	1	0.8012315	96	-4	A	-0.21327096	0.21327096
POS_VALIDATION_00077	37	1	0.8012315	131	31	G	-0.21129259	0.21129259
POS_VALIDATION_00077	38	1	0.8012315	74	-26	A	-0.20782588	0.20782588
POS_VALIDATION_00077	39	1	0.8012315	151	51	G	-0.20648408	0.20648408
POS_VALIDATION_00077	40	1	0.8012315	54	-46	G	-0.20256776	0.20256776
POS_VALIDATION_00077	41	1	0.8012315	139	39	G	-0.18842766	0.18842766
POS_VALIDATION_00077	42	1	0.8012315	8	-92	A	-0.18825573	0.18825573
POS_VALIDATION_00077	43	1	0.8012315	62	-38	G	-0.18349668	0.18349668
POS_VALIDATION_00077	44	1	0.8012315	107	7	G	-0.18345806	0.18345806
POS_VALIDATION_00077	45	1	0.8012315	83	-17	G	-0.17906472	0.17906472
POS_VALIDATION_00077	46	1	0.8012315	48	-52	G	-0.17690757	0.17690757
POS_VALIDATION_00077	47	1	0.8012315	117	17	G	-0.16814686	0.16814686
POS_VALIDATION_00077	48	1	0.8012315	41	-59	A	0.16715884	0.16715884
POS_VALIDATION_00077	49	1	0.8012315	123	23	G	-0.16669229	0.16669229
POS_VALIDATION_00077	50	1	0.8012315	184	84	T	-0.16449615	0.16449615
POS_VALIDATION_00079	1	1	0.8671664	42	-58	C	-1.1574038	1.1574038
POS_VALIDATION_00079	2	1	0.8671664	113	13	C	1.0612493	1.0612493
POS_VALIDATION_00079	3	1	0.8671664	47	-53	G	-0.78254122	0.78254122
POS_VALIDATION_00079	4	1	0.8671664	36	-64	C	0.53177732	0.53177732
POS_VALIDATION_00079	5	1	0.8671664	198	98	G	-0.41826311	0.41826311
POS_VALIDATION_00079	6	1	0.8671664	196	96	C	0.38572967	0.38572967
POS_VALIDATION_00079	7	1	0.8671664	93	-7	T	-0.36392316	0.36392316
POS_VALIDATION_00079	8	1	0.8671664	15	-85	G	-0.35301447	0.35301447
POS_VALIDATION_00079	9	1	0.8671664	41	-59	G	-0.32464123	0.32464123
POS_VALIDATION_00079	10	1	0.8671664	26	-74	G	-0.31351879	0.31351879
POS_VALIDATION_00079	11	1	0.8671664	1	-99	A	0.30497378	0.30497378
POS_VALIDATION_00079	12	1	0.8671664	76	-24	C	0.30425507	0.30425507
POS_VALIDATION_00079	13	1	0.8671664	106	6	G	-0.29274058	0.29274058
POS_VALIDATION_00079	14	1	0.8671664	126	26	A	-0.29067695	0.29067695
POS_VALIDATION_00079	15	1	0.8671664	173	73	G	-0.27385721	0.27385721
POS_VALIDATION_00079	16	1	0.8671664	66	-34	G	-0.27169994	0.27169994
POS_VALIDATION_00079	17	1	0.8671664	161	61	C	0.26358643	0.26358643
POS_VALIDATION_00079	18	1	0.8671664	74	-26	G	-0.26253024	0.26253024
POS_VALIDATION_00079	19	1	0.8671664	40	-60	G	-0.26122397	0.26122397
POS_VALIDATION_00079	20	1	0.8671664	84	-16	T	-0.25991479	0.25991479
POS_VALIDATION_00079	21	1	0.8671664	98	-2	G	-0.25532117	0.25532117
POS_VALIDATION_00079	22	1	0.8671664	197	97	A	0.24673378	0.24673378
POS_VALIDATION_00079	23	1	0.8671664	139	39	C	-0.23531428	0.23531428
POS_VALIDATION_00079	24	1	0.8671664	52	-48	C	-0.2202377	0.2202377
POS_VALIDATION_00079	25	1	0.8671664	35	-65	T	0.215947	0.215947
POS_VALIDATION_00079	26	1	0.8671664	166	66	C	-0.20763931	0.20763931
POS_VALIDATION_00079	27	1	0.8671664	71	-29	C	0.20533234	0.20533234
POS_VALIDATION_00079	28	1	0.8671664	8	-92	C	-0.20102093	0.20102093
POS_VALIDATION_00079	29	1	0.8671664	184	84	T	-0.1907811	0.1907811
POS_VALIDATION_00079	30	1	0.8671664	141	41	A	-0.18862703	0.18862703
POS_VALIDATION_00079	31	1	0.8671664	114	14	G	-0.18616466	0.18616466
POS_VALIDATION_00079	32	1	0.8671664	6	-94	T	-0.17685235	0.17685235
POS_VALIDATION_00079	33	1	0.8671664	107	7	G	-0.17674381	0.17674381
POS_VALIDATION_00079	34	1	0.8671664	164	64	C	-0.17607822	0.17607822
POS_VALIDATION_00079	35	1	0.8671664	57	-43	C	-0.17234483	0.17234483
POS_VALIDATION_00079	36	1	0.8671664	5	-95	G	-0.16683321	0.16683321
POS_VALIDATION_00079	37	1	0.8671664	16	-84	G	-0.16658679	0.16658679
POS_VALIDATION_00079	38	1	0.8671664	23	-77	G	-0.16260868	0.16260868
POS_VALIDATION_00079	39	1	0.8671664	2	-98	G	-0.16150245	0.16150245
POS_VALIDATION_00079	40	1	0.8671664	109	9	G	-0.15839674	0.15839674
POS_VALIDATION_00079	41	1	0.8671664	153	53	C	0.15713675	0.15713675
POS_VALIDATION_00079	42	1	0.8671664	75	-25	C	0.15680982	0.15680982
POS_VALIDATION_00079	43	1	0.8671664	122	22	G	-0.15270688	0.15270688
POS_VALIDATION_00079	44	1	0.8671664	151	51	C	0.14101425	0.14101425
POS_VALIDATION_00079	45	1	0.8671664	167	67	A	-0.13826731	0.13826731
POS_VALIDATION_00079	46	1	0.8671664	14	-86	T	-0.13599032	0.13599032
POS_VALIDATION_00079	47	1	0.8671664	178	78	C	0.13438347	0.13438347
POS_VALIDATION_00079	48	1	0.8671664	150	50	G	-0.133856	0.133856
POS_VALIDATION_00079	49	1	0.8671664	143	43	C	0.13258415	0.13258415
POS_VALIDATION_00079	50	1	0.8671664	64	-36	G	-0.13191447	0.13191447
POS_VALIDATION_00080	1	1	0.84377384	42	-58	C	-0.89055842	0.89055842
POS_VALIDATION_00080	2	1	0.84377384	101	1	T	-0.81654298	0.81654298
POS_VALIDATION_00080	3	1	0.84377384	113	13	C	0.75180358	0.75180358
POS_VALIDATION_00080	4	1	0.84377384	25	-75	C	-0.57091266	0.57091266
POS_VALIDATION_00080	5	1	0.84377384	139	39	C	-0.43884259	0.43884259
POS_VALIDATION_00080	6	1	0.84377384	120	20	G	-0.41735429	0.41735429
POS_VALIDATION_00080	7	1	0.84377384	23	-77	C	0.37806475	0.37806475
POS_VALIDATION_00080	8	1	0.84377384	110	10	G	-0.3620486	0.3620486
POS_VALIDATION_00080	9	1	0.84377384	105	5	C	0.31176502	0.31176502
POS_VALIDATION_00080	10	1	0.84377384	161	61	C	0.2906079	0.2906079
POS_VALIDATION_00080	11	1	0.84377384	75	-25	T	-0.286553	0.286553
POS_VALIDATION_00080	12	1	0.84377384	45	-55	G	-0.27852568	0.27852568
POS_VALIDATION_00080	13	1	0.84377384	198	98	G	-0.27460885	0.27460885
POS_VALIDATION_00080	14	1	0.84377384	196	96	C	0.27167329	0.27167329
POS_VALIDATION_00080	15	1	0.84377384	171	71	C	-0.24234495	0.24234495
POS_VALIDATION_00080	16	1	0.84377384	41	-59	G	-0.22678134	0.22678134
POS_VALIDATION_00080	17	1	0.84377384	15	-85	G	-0.22505516	0.22505516
POS_VALIDATION_00080	18	1	0.84377384	173	73	G	-0.20021103	0.20021103
POS_VALIDATION_00080	19	1	0.84377384	99	-1	C	0.19514984	0.19514984
POS_VALIDATION_00080	20	1	0.84377384	131	31	C	-0.18942562	0.18942562
POS_VALIDATION_00080	21	1	0.84377384	170	70	C	0.18735725	0.18735725
POS_VALIDATION_00080	22	1	0.84377384	54	-46	T	-0.18698572	0.18698572
POS_VALIDATION_00080	23	1	0.84377384	193	93	C	-0.18194029	0.18194029
POS_VALIDATION_00080	24	1	0.84377384	184	84	T	-0.17101094	0.17101094
POS_VALIDATION_00080	25	1	0.84377384	47	-53	T	-0.16243671	0.16243671
POS_VALIDATION_00080	26	1	0.84377384	197	97	T	0.15692495	0.15692495
POS_VALIDATION_00080	27	1	0.84377384	74	-26	G	-0.15661439	0.15661439
POS_VALIDATION_00080	28	1	0.84377384	40	-60	G	-0.1552479	0.1552479
POS_VALIDATION_00080	29	1	0.84377384	102	2	G	-0.15196721	0.15196721
POS_VALIDATION_00080	30	1	0.84377384	3	-97	C	0.14901274	0.14901274
POS_VALIDATION_00080	31	1	0.84377384	35	-65	T	0.14790939	0.14790939
POS_VALIDATION_00080	32	1	0.84377384	87	-13	G	-0.14436318	0.14436318
POS_VALIDATION_00080	33	1	0.84377384	108	8	C	0.14197522	0.14197522
POS_VALIDATION_00080	34	1	0.84377384	143	43	A	-0.14078975	0.14078975
POS_VALIDATION_00080	35	1	0.84377384	32	-68	C	-0.13997808	0.13997808
POS_VALIDATION_00080	36	1	0.84377384	141	41	C	-0.13953955	0.13953955
POS_VALIDATION_00080	37	1	0.84377384	10	-90	G	-0.13929293	0.13929293
POS_VALIDATION_00080	38	1	0.84377384	59	-41	T	-0.13676082	0.13676082
POS_VALIDATION_00080	39	1	0.84377384	7	-93	G	-0.13479234	0.13479234
POS_VALIDATION_00080	40	1	0.84377384	56	-44	T	0.13433345	0.13433345
POS_VALIDATION_00080	41	1	0.84377384	53	-47	G	-0.13052326	0.13052326
POS_VALIDATION_00080	42	1	0.84377384	5	-95	G	-0.12491971	0.12491971
POS_VALIDATION_00080	43	1	0.84377384	154	54	T	-0.12410003	0.12410003
POS_VALIDATION_00080	44	1	0.84377384	86	-14	T	0.12317096	0.12317096
POS_VALIDATION_00080	45	1	0.84377384	138	38	T	-0.1228165	0.1228165
POS_VALIDATION_00080	46	1	0.84377384	129	29	G	-0.1215874	0.1215874
POS_VALIDATION_00080	47	1	0.84377384	152	52	C	0.1183636	0.1183636
POS_VALIDATION_00080	48	1	0.84377384	22	-78	G	-0.114317	0.114317
POS_VALIDATION_00080	49	1	0.84377384	160	60	G	-0.11423388	0.11423388
POS_VALIDATION_00080	50	1	0.84377384	112	12	C	0.11277701	0.11277701
POS_VALIDATION_00081	1	1	0.90262997	161	61	T	-0.89086318	0.89086318
POS_VALIDATION_00081	2	1	0.90262997	47	-53	G	-0.76427174	0.76427174
POS_VALIDATION_00081	3	1	0.90262997	25	-75	C	-0.56324047	0.56324047
POS_VALIDATION_00081	4	1	0.90262997	23	-77	C	0.44784456	0.44784456
POS_VALIDATION_00081	5	1	0.90262997	32	-68	G	-0.38642457	0.38642457
POS_VALIDATION_00081	6	1	0.90262997	41	-59	G	-0.36627036	0.36627036
POS_VALIDATION_00081	7	1	0.90262997	84	-16	C	0.35534364	0.35534364
POS_VALIDATION_00081	8	1	0.90262997	76	-24	C	0.3435379	0.3435379
POS_VALIDATION_00081	9	1	0.90262997	75	-25	C	0.34070271	0.34070271
POS_VALIDATION_00081	10	1	0.90262997	93	-7	T	-0.3003737	0.3003737
POS_VALIDATION_00081	11	1	0.90262997	112	12	C	0.29291111	0.29291111
POS_VALIDATION_00081	12	1	0.90262997	126	26	T	-0.28157884	0.28157884
POS_VALIDATION_00081	13	1	0.90262997	55	-45	G	-0.27902842	0.27902842
POS_VALIDATION_00081	14	1	0.90262997	101	1	A	-0.27617469	0.27617469
POS_VALIDATION_00081	15	1	0.90262997	71	-29	C	0.27040613	0.27040613
POS_VALIDATION_00081	16	1	0.90262997	78	-22	C	0.26300901	0.26300901
POS_VALIDATION_00081	17	1	0.90262997	35	-65	C	-0.25393063	0.25393063
POS_VALIDATION_00081	18	1	0.90262997	184	84	G	-0.25199038	0.25199038
POS_VALIDATION_00081	19	1	0.90262997	109	9	C	0.24732277	0.24732277
POS_VALIDATION_00081	20	1	0.90262997	10	-90	G	-0.23520091	0.23520091
POS_VALIDATION_00081	21	1	0.90262997	193	93	G	-0.22959751	0.22959751
POS_VALIDATION_00081	22	1	0.90262997	42	-58	G	-0.22206056	0.22206056
POS_VALIDATION_00081	23	1	0.90262997	7	-93	G	-0.22055492	0.22055492
POS_VALIDATION_00081	24	1	0.90262997	137	37	G	-0.21493614	0.21493614
POS_VALIDATION_00081	25	1	0.90262997	194	94	G	-0.21150622	0.21150622
POS_VALIDATION_00081	26	1	0.90262997	151	51	G	-0.20991679	0.20991679
POS_VALIDATION_00081	27	1	0.90262997	164	64	G	-0.20465794	0.20465794
POS_VALIDATION_00081	28	1	0.90262997	0	-100	A	0.20031452	0.20031452
POS_VALIDATION_00081	29	1	0.90262997	52	-48	C	-0.1982508	0.1982508
POS_VALIDATION_00081	30	1	0.90262997	16	-84	G	-0.18897492	0.18897492
POS_VALIDATION_00081	31	1	0.90262997	125	25	C	-0.18686195	0.18686195
POS_VALIDATION_00081	32	1	0.90262997	173	73	T	-0.18201512	0.18201512
POS_VALIDATION_00081	33	1	0.90262997	58	-42	C	0.1799406	0.1799406
POS_VALIDATION_00081	34	1	0.90262997	5	-95	T	0.17643726	0.17643726
POS_VALIDATION_00081	35	1	0.90262997	56	-44	A	0.17588116	0.17588116
POS_VALIDATION_00081	36	1	0.90262997	63	-37	G	-0.17252785	0.17252785
POS_VALIDATION_00081	37	1	0.90262997	197	97	T	0.16515642	0.16515642
POS_VALIDATION_00081	38	1	0.90262997	162	62	G	-0.16507086	0.16507086
POS_VALIDATION_00081	39	1	0.90262997	12	-88	G	-0.16355565	0.16355565
POS_VALIDATION_00081	40	1	0.90262997	48	-52	A	0.16248727	0.16248727
POS_VALIDATION_00081	41	1	0.90262997	69	-31	T	-0.16078456	0.16078456
POS_VALIDATION_00081	42	1	0.90262997	156	56	G	-0.15766066	0.15766066
POS_VALIDATION_00081	43	1	0.90262997	38	-62	G	-0.15678842	0.15678842
POS_VALIDATION_00081	44	1	0.90262997	34	-66	C	0.15577775	0.15577775
POS_VALIDATION_00081	45	1	0.90262997	82	-18	C	0.15511481	0.15511481
POS_VALIDATION_00081	46	1	0.90262997	119	19	C	0.1523343	0.1523343
POS_VALIDATION_00081	47	1	0.90262997	110	10	C	-0.14268149	0.14268149
POS_VALIDATION_00081	48	1	0.90262997	33	-67	G	-0.14159386	0.14159386
POS_VALIDATION_00081	49	1	0.90262997	92	-8	G	-0.14099944	0.14099944
POS_VALIDATION_00081	50	1	0.90262997	80	-20	G	-0.14056928	0.14056928
POS_VALIDATION_00085	1	1	0.83732653	42	-58	C	-0.78368402	0.78368402
POS_VALIDATION_00085	2	1	0.83732653	101	1	A	-0.42996562	0.42996562
POS_VALIDATION_00085	3	1	0.83732653	96	-4	C	0.40432248	0.40432248
POS_VALIDATION_00085	4	1	0.83732653	47	-53	G	-0.39121455	0.39121455
POS_VALIDATION_00085	5	1	0.83732653	36	-64	C	0.36884338	0.36884338
POS_VALIDATION_00085	6	1	0.83732653	111	11	G	-0.36373758	0.36373758
POS_VALIDATION_00085	7	1	0.83732653	173	73	C	0.3412227	0.3412227
POS_VALIDATION_00085	8	1	0.83732653	75	-25	A	-0.32818979	0.32818979
POS_VALIDATION_00085	9	1	0.83732653	84	-16	T	-0.26577473	0.26577473
POS_VALIDATION_00085	10	1	0.83732653	23	-77	C	0.25973091	0.25973091
POS_VALIDATION_00085	11	1	0.83732653	126	26	A	-0.25171828	0.25171828
POS_VALIDATION_00085	12	1	0.83732653	154	54	C	-0.23951763	0.23951763
POS_VALIDATION_00085	13	1	0.83732653	198	98	C	-0.21489376	0.21489376
POS_VALIDATION_00085	14	1	0.83732653	8	-92	C	-0.21219426	0.21219426
POS_VALIDATION_00085	15	1	0.83732653	76	-24	C	0.19935282	0.19935282
POS_VALIDATION_00085	16	1	0.83732653	45	-55	G	-0.1982477	0.1982477
POS_VALIDATION_00085	17	1	0.83732653	107	7	G	-0.18837108	0.18837108
POS_VALIDATION_00085	18	1	0.83732653	164	64	C	-0.17833257	0.17833257
POS_VALIDATION_00085	19	1	0.83732653	51	-49	C	0.17651042	0.17651042
POS_VALIDATION_00085	20	1	0.83732653	2	-98	C	-0.16990563	0.16990563
POS_VALIDATION_00085	21	1	0.83732653	132	32	G	-0.1665751	0.1665751
POS_VALIDATION_00085	22	1	0.83732653	135	35	A	-0.16341512	0.16341512
POS_VALIDATION_00085	23	1	0.83732653	49	-51	A	-0.16176964	0.16176964
POS_VALIDATION_00085	24	1	0.83732653	0	-100	A	0.15582615	0.15582615
POS_VALIDATION_00085	25	1	0.83732653	109	9	C	0.14670426	0.14670426
POS_VALIDATION_00085	26	1	0.83732653	184	84	G	-0.14562067	0.14562067
POS_VALIDATION_00085	27	1	0.83732653	55	-45	G	-0.14542574	0.14542574
POS_VALIDATION_00085	28	1	0.83732653	115	15	T	0.13749883	0.13749883
POS_VALIDATION_00085	29	1	0.83732653	178	78	C	0.13623032	0.13623032
POS_VALIDATION_00085	30	1	0.83732653	171	71	G	-0.1338239	0.1338239
POS_VALIDATION_00085	31	1	0.83732653	81	-19	A	-0.13126995	0.13126995
POS_VALIDATION_00085	32	1	0.83732653	144	44	C	0.12954612	0.12954612
POS_VALIDATION_00085	33	1	0.83732653	123	23	G	-0.12933424	0.12933424
POS_VALIDATION_00085	34	1	0.83732653	69	-31	A	-0.12913297	0.12913297
POS_VALIDATION_00085	35	1	0.83732653	186	86	T	0.12701437	0.12701437
POS_VALIDATION_00085	36	1	0.83732653	71	-29	C	0.12558234	0.12558234
POS_VALIDATION_00085	37	1	0.83732653	15	-85	A	-0.12159351	0.12159351
POS_VALIDATION_00085	38	1	0.83732653	12	-88	T	-0.11953381	0.11953381
POS_VALIDATION_00085	39	1	0.83732653	37	-63	A	-0.11686102	0.11686102
POS_VALIDATION_00085	40	1	0.83732653	116	16	T	-0.11489632	0.11489632
POS_VALIDATION_00085	41	1	0.83732653	32	-68	G	-0.11328811	0.11328811
POS_VALIDATION_00085	42	1	0.83732653	54	-46	G	-0.11126354	0.11126354
POS_VALIDATION_00085	43	1	0.83732653	52	-48	T	-0.11095215	0.11095215
POS_VALIDATION_00085	44	1	0.83732653	160	60	C	0.11030191	0.11030191
POS_VALIDATION_00085	45	1	0.83732653	25	-75	T	-0.10855726	0.10855726
POS_VALIDATION_00085	46	1	0.83732653	24	-76	T	-0.10695687	0.10695687
POS_VALIDATION_00085	47	1	0.83732653	121	21	G	-0.10674116	0.10674116
POS_VALIDATION_00085	48	1	0.83732653	169	69	T	-0.10641648	0.10641648
POS_VALIDATION_00085	49	1	0.83732653	151	51	C	0.1060307	0.1060307
POS_VALIDATION_00085	50	1	0.83732653	117	17	T	-0.10581551	0.10581551
POS_VALIDATION_00087	1	1	0.89186239	42	-58	C	-0.93435228	0.93435228
POS_VALIDATION_00087	2	1	0.89186239	23	-77	C	0.61277276	0.61277276
POS_VALIDATION_00087	3	1	0.89186239	110	10	G	-0.60783899	0.60783899
POS_VALIDATION_00087	4	1	0.89186239	93	-7	A	-0.59897906	0.59897906
POS_VALIDATION_00087	5	1	0.89186239	35	-65	G	-0.48394492	0.48394492
POS_VALIDATION_00087	6	1	0.89186239	191	91	C	0.47206974	0.47206974
POS_VALIDATION_00087	7	1	0.89186239	45	-55	G	-0.45725259	0.45725259
POS_VALIDATION_00087	8	1	0.89186239	84	-16	C	0.33559221	0.33559221
POS_VALIDATION_00087	9	1	0.89186239	173	73	G	-0.31781447	0.31781447
POS_VALIDATION_00087	10	1	0.89186239	111	11	G	-0.31482422	0.31482422
POS_VALIDATION_00087	11	1	0.89186239	41	-59	G	-0.28633103	0.28633103
POS_VALIDATION_00087	12	1	0.89186239	55	-45	G	-0.2837469	0.2837469
POS_VALIDATION_00087	13	1	0.89186239	66	-34	C	-0.2802999	0.2802999
POS_VALIDATION_00087	14	1	0.89186239	26	-74	G	-0.27964729	0.27964729
POS_VALIDATION_00087	15	1	0.89186239	99	-1	C	0.27755484	0.27755484
POS_VALIDATION_00087	16	1	0.89186239	181	81	C	0.26619488	0.26619488
POS_VALIDATION_00087	17	1	0.89186239	52	-48	C	-0.2388753	0.2388753
POS_VALIDATION_00087	18	1	0.89186239	119	19	C	0.23546389	0.23546389
POS_VALIDATION_00087	19	1	0.89186239	6	-94	T	-0.23144609	0.23144609
POS_VALIDATION_00087	20	1	0.89186239	25	-75	G	-0.22122717	0.22122717
POS_VALIDATION_00087	21	1	0.89186239	167	67	A	-0.21913101	0.21913101
POS_VALIDATION_00087	22	1	0.89186239	196	96	C	0.21899672	0.21899672
POS_VALIDATION_00087	23	1	0.89186239	69	-31	G	-0.21498781	0.21498781
POS_VALIDATION_00087	24	1	0.89186239	166	66	C	-0.20911652	0.20911652
POS_VALIDATION_00087	25	1	0.89186239	58	-42	C	0.20815594	0.20815594
POS_VALIDATION_00087	26	1	0.89186239	98	-2	G	-0.20456576	0.20456576
POS_VALIDATION_00087	27	1	0.89186239	161	61	G	-0.19808373	0.19808373
POS_VALIDATION_00087	28	1	0.89186239	123	23	G	-0.18948932	0.18948932
POS_VALIDATION_00087	29	1	0.89186239	75	-25	C	0.1890232	0.1890232
POS_VALIDATION_00087	30	1	0.89186239	121	21	C	0.18840834	0.18840834
POS_VALIDATION_00087	31	1	0.89186239	61	-39	C	0.1844143	0.1844143
POS_VALIDATION_00087	32	1	0.89186239	90	-10	C	0.18007448	0.18007448
POS_VALIDATION_00087	33	1	0.89186239	56	-44	A	0.1800223	0.1800223
POS_VALIDATION_00087	34	1	0.89186239	34	-66	C	0.17270088	0.17270088
POS_VALIDATION_00087	35	1	0.89186239	16	-84	G	-0.17048895	0.17048895
POS_VALIDATION_00087	36	1	0.89186239	125	25	G	-0.16989346	0.16989346
POS_VALIDATION_00087	37	1	0.89186239	7	-93	G	-0.16882378	0.16882378
POS_VALIDATION_00087	38	1	0.89186239	2	-98	T	-0.16702402	0.16702402
POS_VALIDATION_00087	39	1	0.89186239	30	-70	T	-0.16507559	0.16507559
POS_VALIDATION_00087	40	1	0.89186239	50	-50	G	-0.15786122	0.15786122
POS_VALIDATION_00087	41	1	0.89186239	82	-18	C	0.15753098	0.15753098
POS_VALIDATION_00087	42	1	0.89186239	0	-100	A	0.15256092	0.15256092
POS_VALIDATION_00087	43	1	0.89186239	135	35	G	-0.15014063	0.15014063
POS_VALIDATION_00087	44	1	0.89186239	87	-13	C	-0.14420463	0.14420463
POS_VALIDATION_00087	45	1	0.89186239	130	30	G	-0.14237496	0.14237496
POS_VALIDATION_00087	46	1	0.89186239	141	41	A	-0.14052665	0.14052665
POS_VALIDATION_00087	47	1	0.89186239	153	53	A	0.13981625	0.13981625
POS_VALIDATION_00087	48	1	0.89186239	33	-67	C	0.13776101	0.13776101
POS_VALIDATION_00087	49	1	0.89186239	112	12	C	0.13638499	0.13638499
POS_VALIDATION_00087	50	1	0.89186239	154	54	G	-0.1351558	0.1351558
POS_VALIDATION_00092	1	1	0.90066808	42	-58	C	-1.1708682	1.1708682
POS_VALIDATION_00092	2	1	0.90066808	187	87	C	0.43492088	0.43492088
POS_VALIDATION_00092	3	1	0.90066808	76	-24	C	0.34558973	0.34558973
POS_VALIDATION_00092	4	1	0.90066808	23	-77	C	0.32070938	0.32070938
POS_VALIDATION_00092	5	1	0.90066808	108	8	C	0.29014316	0.29014316
POS_VALIDATION_00092	6	1	0.90066808	98	-2	G	-0.27993768	0.27993768
POS_VALIDATION_00092	7	1	0.90066808	123	23	A	-0.26470089	0.26470089
POS_VALIDATION_00092	8	1	0.90066808	166	66	C	-0.25995523	0.25995523
POS_VALIDATION_00092	9	1	0.90066808	87	-13	G	-0.24544911	0.24544911
POS_VALIDATION_00092	10	1	0.90066808	75	-25	A	-0.23567879	0.23567879
POS_VALIDATION_00092	11	1	0.90066808	126	26	T	-0.23216906	0.23216906
POS_VALIDATION_00092	12	1	0.90066808	161	61	G	-0.22845392	0.22845392
POS_VALIDATION_00092	13	1	0.90066808	35	-65	T	0.22622256	0.22622256
POS_VALIDATION_00092	14	1	0.90066808	66	-34	C	-0.22615574	0.22615574
POS_VALIDATION_00092	15	1	0.90066808	141	41	A	-0.22185606	0.22185606
POS_VALIDATION_00092	16	1	0.90066808	142	42	G	-0.2209385	0.2209385
POS_VALIDATION_00092	17	1	0.90066808	104	4	C	-0.21905942	0.21905942
POS_VALIDATION_00092	18	1	0.90066808	99	-1	T	0.2179465	0.2179465
POS_VALIDATION_00092	19	1	0.90066808	173	73	T	-0.21757346	0.21757346
POS_VALIDATION_00092	20	1	0.90066808	74	-26	G	-0.21323882	0.21323882
POS_VALIDATION_00092	21	1	0.90066808	94	-6	G	-0.19738397	0.19738397
POS_VALIDATION_00092	22	1	0.90066808	93	-7	T	-0.19503087	0.19503087
POS_VALIDATION_00092	23	1	0.90066808	145	45	C	0.19494475	0.19494475
POS_VALIDATION_00092	24	1	0.90066808	19	-81	A	0.19245569	0.19245569
POS_VALIDATION_00092	25	1	0.90066808	140	40	G	-0.18566501	0.18566501
POS_VALIDATION_00092	26	1	0.90066808	135	35	C	-0.18511264	0.18511264
POS_VALIDATION_00092	27	1	0.90066808	115	15	G	-0.18085101	0.18085101
POS_VALIDATION_00092	28	1	0.90066808	92	-8	A	-0.18007891	0.18007891
POS_VALIDATION_00092	29	1	0.90066808	56	-44	G	-0.17927824	0.17927824
POS_VALIDATION_00092	30	1	0.90066808	0	-100	C	-0.17575756	0.17575756
POS_VALIDATION_00092	31	1	0.90066808	125	25	G	-0.17306694	0.17306694
POS_VALIDATION_00092	32	1	0.90066808	151	51	T	-0.17040348	0.17040348
POS_VALIDATION_00092	33	1	0.90066808	41	-59	T	0.16608396	0.16608396
POS_VALIDATION_00092	34	1	0.90066808	105	5	C	0.16324298	0.16324298
POS_VALIDATION_00092	35	1	0.90066808	5	-95	T	0.16005667	0.16005667
POS_VALIDATION_00092	36	1	0.90066808	116	16	G	-0.159991	0.159991
POS_VALIDATION_00092	37	1	0.90066808	89	-11	C	0.15838835	0.15838835
POS_VALIDATION_00092	38	1	0.90066808	129	29	G	-0.15817186	0.15817186
POS_VALIDATION_00092	39	1	0.90066808	189	89	C	-0.1558297	0.1558297
POS_VALIDATION_00092	40	1	0.90066808	59	-41	G	-0.1510808	0.1510808
POS_VALIDATION_00092	41	1	0.90066808	110	10	C	-0.14954002	0.14954002
POS_VALIDATION_00092	42	1	0.90066808	68	-32	G	-0.14765872	0.14765872
POS_VALIDATION_00092	43	1	0.90066808	171	71	C	-0.14670154	0.14670154
POS_VALIDATION_00092	44	1	0.90066808	45	-55	A	-0.14441818	0.14441818
POS_VALIDATION_00092	45	1	0.90066808	132	32	G	-0.14082274	0.14082274
POS_VALIDATION_00092	46	1	0.90066808	143	43	C	0.13679308	0.13679308
POS_VALIDATION_00092	47	1	0.90066808	6	-94	T	-0.13631299	0.13631299
POS_VALIDATION_00092	48	1	0.90066808	101	1	A	-0.12965678	0.12965678
POS_VALIDATION_00092	49	1	0.90066808	154	54	G	-0.12910378	0.12910378
POS_VALIDATION_00092	50	1	0.90066808	29	-71	G	-0.11751746	0.11751746
POS_VALIDATION_00093	1	1	0.86301756	93	-7	T	-0.71115327	0.71115327
POS_VALIDATION_00093	2	1	0.86301756	110	10	G	-0.52826226	0.52826226
POS_VALIDATION_00093	3	1	0.86301756	99	-1	C	0.51101333	0.51101333
POS_VALIDATION_00093	4	1	0.86301756	58	-42	C	0.43079808	0.43079808
POS_VALIDATION_00093	5	1	0.86301756	75	-25	T	-0.38519177	0.38519177
POS_VALIDATION_00093	6	1	0.86301756	111	11	G	-0.38018692	0.38018692
POS_VALIDATION_00093	7	1	0.86301756	112	12	C	0.34465912	0.34465912
POS_VALIDATION_00093	8	1	0.86301756	98	-2	C	0.33321911	0.33321911
POS_VALIDATION_00093	9	1	0.86301756	56	-44	T	0.32953921	0.32953921
POS_VALIDATION_00093	10	1	0.86301756	81	-19	G	-0.32478085	0.32478085
POS_VALIDATION_00093	11	1	0.86301756	41	-59	G	-0.29290757	0.29290757
POS_VALIDATION_00093	12	1	0.86301756	197	97	C	0.29260254	0.29260254
POS_VALIDATION_00093	13	1	0.86301756	161	61	C	0.29085109	0.29085109
POS_VALIDATION_00093	14	1	0.86301756	143	43	C	0.28651449	0.28651449
POS_VALIDATION_00093	15	1	0.86301756	2	-98	A	-0.27781254	0.27781254
POS_VALIDATION_00093	16	1	0.86301756	141	41	T	-0.27355641	0.27355641
POS_VALIDATION_00093	17	1	0.86301756	185	85	G	-0.26929498	0.26929498
POS_VALIDATION_00093	18	1	0.86301756	164	64	G	-0.26523036	0.26523036
POS_VALIDATION_00093	19	1	0.86301756	167	67	C	0.26307619	0.26307619
POS_VALIDATION_00093	20	1	0.86301756	55	-45	G	-0.25751179	0.25751179
POS_VALIDATION_00093	21	1	0.86301756	106	6	C	0.2431542	0.2431542
POS_VALIDATION_00093	22	1	0.86301756	66	-34	T	-0.24241775	0.24241775
POS_VALIDATION_00093	23	1	0.86301756	138	38	G	-0.24015804	0.24015804
POS_VALIDATION_00093	24	1	0.86301756	123	23	C	0.23268516	0.23268516
POS_VALIDATION_00093	25	1	0.86301756	0	-100	A	0.22724396	0.22724396
POS_VALIDATION_00093	26	1	0.86301756	47	-53	T	-0.20789205	0.20789205
POS_VALIDATION_00093	27	1	0.86301756	166	66	C	-0.20506124	0.20506124
POS_VALIDATION_00093	28	1	0.86301756	97	-3	C	0.20217288	0.20217288
POS_VALIDATION_00093	29	1	0.86301756	90	-10	G	-0.20181146	0.20181146
POS_VALIDATION_00093	30	1	0.86301756	172	72	C	-0.20172045	0.20172045
POS_VALIDATION_00093	31	1	0.86301756	70	-30	G	-0.20105566	0.20105566
POS_VALIDATION_00093	32	1	0.86301756	173	73	T	-0.20039769	0.20039769
POS_VALIDATION_00093	33	1	0.86301756	42	-58	G	-0.20029645	0.20029645
POS_VALIDATION_00093	34	1	0.86301756	151	51	G	-0.20021626	0.20021626
POS_VALIDATION_00093	35	1	0.86301756	160	60	G	-0.19924958	0.19924958
POS_VALIDATION_00093	36	1	0.86301756	139	39	C	-0.19901648	0.19901648
POS_VALIDATION_00093	37	1	0.86301756	52	-48	G	-0.19167484	0.19167484
POS_VALIDATION_00093	38	1	0.86301756	1	-99	A	0.19114786	0.19114786
POS_VALIDATION_00093	39	1	0.86301756	144	44	C	0.18880087	0.18880087
POS_VALIDATION_00093	40	1	0.86301756	94	-6	G	-0.18620566	0.18620566
POS_VALIDATION_00093	41	1	0.86301756	19	-81	A	0.17740408	0.17740408
POS_VALIDATION_00093	42	1	0.86301756	9	-91	T	0.17450517	0.17450517
POS_VALIDATION_00093	43	1	0.86301756	74	-26	C	0.17429435	0.17429435
POS_VALIDATION_00093	44	1	0.86301756	91	-9	C	0.16691914	0.16691914
POS_VALIDATION_00093	45	1	0.86301756	34	-66	G	-0.16121848	0.16121848
POS_VALIDATION_00093	46	1	0.86301756	33	-67	G	-0.15603665	0.15603665
POS_VALIDATION_00093	47	1	0.86301756	133	33	C	0.15442573	0.15442573
POS_VALIDATION_00093	48	1	0.86301756	114	14	G	-0.15244213	0.15244213
POS_VALIDATION_00093	49	1	0.86301756	195	95	C	0.14907682	0.14907682
POS_VALIDATION_00093	50	1	0.86301756	193	93	G	-0.14812629	0.14812629
POS_VALIDATION_00095	1	1	0.81060338	42	-58	C	-1.141013	1.141013
POS_VALIDATION_00095	2	1	0.81060338	96	-4	C	0.61018443	0.61018443
POS_VALIDATION_00095	3	1	0.81060338	120	20	G	-0.47054344	0.47054344
POS_VALIDATION_00095	4	1	0.81060338	75	-25	T	-0.37030262	0.37030262
POS_VALIDATION_00095	5	1	0.81060338	139	39	C	-0.36206281	0.36206281
POS_VALIDATION_00095	6	1	0.81060338	198	98	G	-0.34364885	0.34364885
POS_VALIDATION_00095	7	1	0.81060338	84	-16	T	-0.33377689	0.33377689
POS_VALIDATION_00095	8	1	0.81060338	66	-34	G	-0.29492724	0.29492724
POS_VALIDATION_00095	9	1	0.81060338	0	-100	T	0.29050452	0.29050452
POS_VALIDATION_00095	10	1	0.81060338	166	66	C	-0.28481376	0.28481376
POS_VALIDATION_00095	11	1	0.81060338	104	4	T	-0.26880449	0.26880449
POS_VALIDATION_00095	12	1	0.81060338	161	61	C	0.26152322	0.26152322
POS_VALIDATION_00095	13	1	0.81060338	41	-59	G	-0.25938535	0.25938535
POS_VALIDATION_00095	14	1	0.81060338	28	-72	G	-0.24939598	0.24939598
POS_VALIDATION_00095	15	1	0.81060338	131	31	C	-0.248083	0.248083
POS_VALIDATION_00095	16	1	0.81060338	99	-1	C	0.24041665	0.24041665
POS_VALIDATION_00095	17	1	0.81060338	106	6	C	0.23500679	0.23500679
POS_VALIDATION_00095	18	1	0.81060338	59	-41	G	-0.23151343	0.23151343
POS_VALIDATION_00095	19	1	0.81060338	12	-88	C	0.22067165	0.22067165
POS_VALIDATION_00095	20	1	0.81060338	171	71	C	-0.21672894	0.21672894
POS_VALIDATION_00095	21	1	0.81060338	196	96	G	-0.21142268	0.21142268
POS_VALIDATION_00095	22	1	0.81060338	90	-10	C	0.20910725	0.20910725
POS_VALIDATION_00095	23	1	0.81060338	56	-44	T	0.20142648	0.20142648
POS_VALIDATION_00095	24	1	0.81060338	89	-11	C	0.19917114	0.19917114
POS_VALIDATION_00095	25	1	0.81060338	52	-48	C	-0.19882827	0.19882827
POS_VALIDATION_00095	26	1	0.81060338	51	-49	C	0.1981459	0.1981459
POS_VALIDATION_00095	27	1	0.81060338	194	94	G	-0.18865141	0.18865141
POS_VALIDATION_00095	28	1	0.81060338	167	67	C	0.17915379	0.17915379
POS_VALIDATION_00095	29	1	0.81060338	142	42	G	-0.16566028	0.16566028
POS_VALIDATION_00095	30	1	0.81060338	152	52	C	0.1604034	0.1604034
POS_VALIDATION_00095	31	1	0.81060338	55	-45	G	-0.15973818	0.15973818
POS_VALIDATION_00095	32	1	0.81060338	101	1	G	-0.15466005	0.15466005
POS_VALIDATION_00095	33	1	0.81060338	116	16	T	-0.15377295	0.15377295
POS_VALIDATION_00095	34	1	0.81060338	184	84	T	-0.15158169	0.15158169
POS_VALIDATION_00095	35	1	0.81060338	47	-53	T	-0.14359942	0.14359942
POS_VALIDATION_00095	36	1	0.81060338	111	11	A	-0.1392075	0.1392075
POS_VALIDATION_00095	37	1	0.81060338	67	-33	G	-0.13658528	0.13658528
POS_VALIDATION_00095	38	1	0.81060338	48	-52	C	-0.13531414	0.13531414
POS_VALIDATION_00095	39	1	0.81060338	102	2	G	-0.13365152	0.13365152
POS_VALIDATION_00095	40	1	0.81060338	153	53	G	-0.13294408	0.13294408
POS_VALIDATION_00095	41	1	0.81060338	8	-92	A	-0.13107355	0.13107355
POS_VALIDATION_00095	42	1	0.81060338	117	17	T	-0.12885553	0.12885553
POS_VALIDATION_00095	43	1	0.81060338	94	-6	G	-0.12797937	0.12797937
POS_VALIDATION_00095	44	1	0.81060338	151	51	G	-0.12542254	0.12542254
POS_VALIDATION_00095	45	1	0.81060338	138	38	G	-0.12422802	0.12422802
POS_VALIDATION_00095	46	1	0.81060338	79	-21	C	0.11924982	0.11924982
POS_VALIDATION_00095	47	1	0.81060338	23	-77	T	-0.11845262	0.11845262
POS_VALIDATION_00095	48	1	0.81060338	58	-42	G	-0.11805885	0.11805885
POS_VALIDATION_00095	49	1	0.81060338	115	15	C	0.11219222	0.11219222
POS_VALIDATION_00095	50	1	0.81060338	121	21	C	0.11157073	0.11157073
POS_VALIDATION_00097	1	1	0.85260916	113	13	C	1.0084012	1.0084012
POS_VALIDATION_00097	2	1	0.85260916	101	1	T	-0.76680815	0.76680815
POS_VALIDATION_00097	3	1	0.85260916	66	-34	C	-0.457982	0.457982
POS_VALIDATION_00097	4	1	0.85260916	173	73	C	0.40530664	0.40530664
POS_VALIDATION_00097	5	1	0.85260916	98	-2	G	-0.39866388	0.39866388
POS_VALIDATION_00097	6	1	0.85260916	99	-1	C	0.3762753	0.3762753
POS_VALIDATION_00097	7	1	0.85260916	161	61	C	0.36455616	0.36455616
POS_VALIDATION_00097	8	1	0.85260916	84	-16	T	-0.35427076	0.35427076
POS_VALIDATION_00097	9	1	0.85260916	24	-76	G	-0.33273086	0.33273086
POS_VALIDATION_00097	10	1	0.85260916	0	-100	T	0.31771845	0.31771845
POS_VALIDATION_00097	11	1	0.85260916	106	6	C	0.31055748	0.31055748
POS_VALIDATION_00097	12	1	0.85260916	28	-72	G	-0.29636675	0.29636675
POS_VALIDATION_00097	13	1	0.85260916	126	26	A	-0.2895495	0.2895495
POS_VALIDATION_00097	14	1	0.85260916	185	85	G	-0.283793	0.283793
POS_VALIDATION_00097	15	1	0.85260916	93	-7	T	-0.2676177	0.2676177
POS_VALIDATION_00097	16	1	0.85260916	116	16	G	-0.26501349	0.26501349
POS_VALIDATION_00097	17	1	0.85260916	109	9	C	0.26260859	0.26260859
POS_VALIDATION_00097	18	1	0.85260916	90	-10	G	-0.25943333	0.25943333
POS_VALIDATION_00097	19	1	0.85260916	32	-68	G	-0.25832057	0.25832057
POS_VALIDATION_00097	20	1	0.85260916	69	-31	C	0.25819877	0.25819877
POS_VALIDATION_00097	21	1	0.85260916	105	5	C	0.25444585	0.25444585
POS_VALIDATION_00097	22	1	0.85260916	151	51	C	0.24287847	0.24287847
POS_VALIDATION_00097	23	1	0.85260916	52	-48	C	-0.24274924	0.24274924
POS_VALIDATION_00097	24	1	0.85260916	56	-44	G	-0.24092376	0.24092376
POS_VALIDATION_00097	25	1	0.85260916	184	84	G	-0.22451733	0.22451733
POS_VALIDATION_00097	26	1	0.85260916	139	39	G	-0.22143614	0.22143614
POS_VALIDATION_00097	27	1	0.85260916	42	-58	G	-0.21077284	0.21077284
POS_VALIDATION_00097	28	1	0.85260916	135	35	A	-0.20787966	0.20787966
POS_VALIDATION_00097	29	1	0.85260916	75	-25	C	0.19882458	0.19882458
POS_VALIDATION_00097	30	1	0.85260916	58	-42	G	-0.18727408	0.18727408
POS_VALIDATION_00097	31	1	0.85260916	193	93	G	-0.18138297	0.18138297
POS_VALIDATION_00097	32	1	0.85260916	179	79	G	-0.17649952	0.17649952
POS_VALIDATION_00097	33	1	0.85260916	12	-88	G	-0.17468885	0.17468885
POS_VALIDATION_00097	34	1	0.85260916	6	-94	G	-0.17221031	0.17221031
POS_VALIDATION_00097	35	1	0.85260916	11	-89	G	-0.16922167	0.16922167
POS_VALIDATION_00097	36	1	0.85260916	23	-77	T	-0.16829076	0.16829076
POS_VALIDATION_00097	37	1	0.85260916	123	23	A	-0.16758212	0.16758212
POS_VALIDATION_00097	38	1	0.85260916	108	8	C	0.16633043	0.16633043
POS_VALIDATION_00097	39	1	0.85260916	119	19	C	0.16365607	0.16365607
POS_VALIDATION_00097	40	1	0.85260916	160	60	G	-0.16064237	0.16064237
POS_VALIDATION_00097	41	1	0.85260916	8	-92	A	-0.1554395	0.1554395
POS_VALIDATION_00097	42	1	0.85260916	2	-98	A	-0.15459946	0.15459946
POS_VALIDATION_00097	43	1	0.85260916	164	64	G	-0.15326631	0.15326631
POS_VALIDATION_00097	44	1	0.85260916	48	-52	C	-0.14944071	0.14944071
POS_VALIDATION_00097	45	1	0.85260916	182	82	G	-0.14660375	0.14660375
POS_VALIDATION_00097	46	1	0.85260916	143	43	C	0.14465597	0.14465597
POS_VALIDATION_00097	47	1	0.85260916	178	78	G	-0.14400928	0.14400928
POS_VALIDATION_00097	48	1	0.85260916	130	30	G	-0.14298147	0.14298147
POS_VALIDATION_00097	49	1	0.85260916	19	-81	A	0.14065509	0.14065509
POS_VALIDATION_00097	50	1	0.85260916	62	-38	C	-0.13916907	0.13916907
POS_VALIDATION_00100	1	1	0.83693874	195	95	G	-1.1262878	1.1262878
POS_VALIDATION_00100	2	1	0.83693874	42	-58	C	-0.83599514	0.83599514
POS_VALIDATION_00100	3	1	0.83693874	161	61	T	-0.74092829	0.74092829
POS_VALIDATION_00100	4	1	0.83693874	47	-53	G	-0.70593768	0.70593768
POS_VALIDATION_00100	5	1	0.83693874	23	-77	C	0.70458263	0.70458263
POS_VALIDATION_00100	6	1	0.83693874	36	-64	C	0.59501725	0.59501725
POS_VALIDATION_00100	7	1	0.83693874	1	-99	C	0.58507037	0.58507037
POS_VALIDATION_00100	8	1	0.83693874	191	91	C	0.51374143	0.51374143
POS_VALIDATION_00100	9	1	0.83693874	84	-16	C	0.35532099	0.35532099
POS_VALIDATION_00100	10	1	0.83693874	93	-7	T	-0.35210124	0.35210124
POS_VALIDATION_00100	11	1	0.83693874	190	90	C	0.34895635	0.34895635
POS_VALIDATION_00100	12	1	0.83693874	110	10	G	-0.33703125	0.33703125
POS_VALIDATION_00100	13	1	0.83693874	105	5	C	0.32346198	0.32346198
POS_VALIDATION_00100	14	1	0.83693874	0	-100	G	-0.28795639	0.28795639
POS_VALIDATION_00100	15	1	0.83693874	198	98	G	-0.27554634	0.27554634
POS_VALIDATION_00100	16	1	0.83693874	56	-44	G	-0.26932585	0.26932585
POS_VALIDATION_00100	17	1	0.83693874	75	-25	C	0.24972507	0.24972507
POS_VALIDATION_00100	18	1	0.83693874	51	-49	C	0.23194578	0.23194578
POS_VALIDATION_00100	19	1	0.83693874	59	-41	G	-0.23179993	0.23179993
POS_VALIDATION_00100	20	1	0.83693874	71	-29	C	0.22937472	0.22937472
POS_VALIDATION_00100	21	1	0.83693874	116	16	A	-0.2140722	0.2140722
POS_VALIDATION_00100	22	1	0.83693874	55	-45	G	-0.21266916	0.21266916
POS_VALIDATION_00100	23	1	0.83693874	126	26	A	-0.21218425	0.21218425
POS_VALIDATION_00100	24	1	0.83693874	69	-31	T	-0.21134464	0.21134464
POS_VALIDATION_00100	25	1	0.83693874	151	51	G	-0.2084602	0.2084602
POS_VALIDATION_00100	26	1	0.83693874	171	71	G	-0.1991929	0.1991929
POS_VALIDATION_00100	27	1	0.83693874	99	-1	T	0.19850215	0.19850215
POS_VALIDATION_00100	28	1	0.83693874	52	-48	C	-0.1969009	0.1969009
POS_VALIDATION_00100	29	1	0.83693874	27	-73	C	0.19668311	0.19668311
POS_VALIDATION_00100	30	1	0.83693874	162	62	G	-0.19389015	0.19389015
POS_VALIDATION_00100	31	1	0.83693874	187	87	C	0.18774411	0.18774411
POS_VALIDATION_00100	32	1	0.83693874	174	74	G	-0.18239784	0.18239784
POS_VALIDATION_00100	33	1	0.83693874	3	-97	C	0.18232691	0.18232691
POS_VALIDATION_00100	34	1	0.83693874	101	1	C	-0.18090853	0.18090853
POS_VALIDATION_00100	35	1	0.83693874	197	97	T	0.17699265	0.17699265
POS_VALIDATION_00100	36	1	0.83693874	10	-90	G	-0.17591679	0.17591679
POS_VALIDATION_00100	37	1	0.83693874	120	20	C	0.17388593	0.17388593
POS_VALIDATION_00100	38	1	0.83693874	37	-63	T	-0.167501	0.167501
POS_VALIDATION_00100	39	1	0.83693874	123	23	G	-0.1671342	0.1671342
POS_VALIDATION_00100	40	1	0.83693874	64	-36	G	-0.16314393	0.16314393
POS_VALIDATION_00100	41	1	0.83693874	108	8	G	-0.15372817	0.15372817
POS_VALIDATION_00100	42	1	0.83693874	102	2	A	-0.14947975	0.14947975
POS_VALIDATION_00100	43	1	0.83693874	12	-88	G	-0.14870279	0.14870279
POS_VALIDATION_00100	44	1	0.83693874	196	96	G	-0.14736427	0.14736427
POS_VALIDATION_00100	45	1	0.83693874	74	-26	C	0.1468695	0.1468695
POS_VALIDATION_00100	46	1	0.83693874	112	12	C	0.14550158	0.14550158
POS_VALIDATION_00100	47	1	0.83693874	119	19	C	0.14499639	0.14499639
POS_VALIDATION_00100	48	1	0.83693874	122	22	G	-0.14478853	0.14478853
POS_VALIDATION_00100	49	1	0.83693874	54	-46	G	-0.14090073	0.14090073
POS_VALIDATION_00100	50	1	0.83693874	173	73	T	-0.13973016	0.13973016
POS_VALIDATION_00102	1	1	0.85415316	195	95	G	-1.6917516	1.6917516
POS_VALIDATION_00102	2	1	0.85415316	113	13	C	1.1495562	1.1495562
POS_VALIDATION_00102	3	1	0.85415316	66	-34	G	-0.57813799	0.57813799
POS_VALIDATION_00102	4	1	0.85415316	99	-1	C	0.50605136	0.50605136
POS_VALIDATION_00102	5	1	0.85415316	32	-68	G	-0.47077161	0.47077161
POS_VALIDATION_00102	6	1	0.85415316	126	26	T	-0.43913591	0.43913591
POS_VALIDATION_00102	7	1	0.85415316	0	-100	T	0.43278357	0.43278357
POS_VALIDATION_00102	8	1	0.85415316	69	-31	C	0.40998945	0.40998945
POS_VALIDATION_00102	9	1	0.85415316	24	-76	G	-0.39862803	0.39862803
POS_VALIDATION_00102	10	1	0.85415316	89	-11	C	0.331045	0.331045
POS_VALIDATION_00102	11	1	0.85415316	105	5	C	0.32804695	0.32804695
POS_VALIDATION_00102	12	1	0.85415316	103	3	C	0.31383789	0.31383789
POS_VALIDATION_00102	13	1	0.85415316	139	39	G	-0.30797669	0.30797669
POS_VALIDATION_00102	14	1	0.85415316	167	67	C	0.3028619	0.3028619
POS_VALIDATION_00102	15	1	0.85415316	75	-25	T	-0.28986835	0.28986835
POS_VALIDATION_00102	16	1	0.85415316	194	94	G	-0.28394431	0.28394431
POS_VALIDATION_00102	17	1	0.85415316	98	-2	C	0.27455139	0.27455139
POS_VALIDATION_00102	18	1	0.85415316	56	-44	G	-0.26659954	0.26659954
POS_VALIDATION_00102	19	1	0.85415316	25	-75	G	-0.26627463	0.26627463
POS_VALIDATION_00102	20	1	0.85415316	153	53	G	-0.26362863	0.26362863
POS_VALIDATION_00102	21	1	0.85415316	61	-39	C	0.25111234	0.25111234
POS_VALIDATION_00102	22	1	0.85415316	184	84	T	-0.23306057	0.23306057
POS_VALIDATION_00102	23	1	0.85415316	55	-45	G	-0.23216708	0.23216708
POS_VALIDATION_00102	24	1	0.85415316	176	76	G	-0.2317726	0.2317726
POS_VALIDATION_00102	25	1	0.85415316	57	-43	A	0.22746053	0.22746053
POS_VALIDATION_00102	26	1	0.85415316	151	51	G	-0.22142163	0.22142163
POS_VALIDATION_00102	27	1	0.85415316	59	-41	T	-0.21973829	0.21973829
POS_VALIDATION_00102	28	1	0.85415316	109	9	C	0.21476045	0.21476045
POS_VALIDATION_00102	29	1	0.85415316	74	-26	T	-0.20546749	0.20546749
POS_VALIDATION_00102	30	1	0.85415316	138	38	G	-0.20183265	0.20183265
POS_VALIDATION_00102	31	1	0.85415316	160	60	G	-0.19935453	0.19935453
POS_VALIDATION_00102	32	1	0.85415316	120	20	C	0.1962385	0.1962385
POS_VALIDATION_00102	33	1	0.85415316	8	-92	G	-0.19558188	0.19558188
POS_VALIDATION_00102	34	1	0.85415316	125	25	G	-0.19466187	0.19466187
POS_VALIDATION_00102	35	1	0.85415316	108	8	G	-0.19224322	0.19224322
POS_VALIDATION_00102	36	1	0.85415316	6	-94	T	-0.19131722	0.19131722
POS_VALIDATION_00102	37	1	0.85415316	161	61	G	-0.18968955	0.18968955
POS_VALIDATION_00102	38	1	0.85415316	173	73	T	-0.18838479	0.18838479
POS_VALIDATION_00102	39	1	0.85415316	141	41	C	-0.18596156	0.18596156
POS_VALIDATION_00102	40	1	0.85415316	2	-98	T	-0.18512052	0.18512052
POS_VALIDATION_00102	41	1	0.85415316	58	-42	G	-0.18482049	0.18482049
POS_VALIDATION_00102	42	1	0.85415316	95	-5	C	0.18442918	0.18442918
POS_VALIDATION_00102	43	1	0.85415316	127	27	C	-0.18312654	0.18312654
POS_VALIDATION_00102	44	1	0.85415316	137	37	G	-0.18224703	0.18224703
POS_VALIDATION_00102	45	1	0.85415316	115	15	T	0.17712931	0.17712931
POS_VALIDATION_00102	46	1	0.85415316	164	64	C	-0.17393923	0.17393923
POS_VALIDATION_00102	47	1	0.85415316	63	-37	G	-0.1729725	0.1729725
POS_VALIDATION_00102	48	1	0.85415316	77	-23	G	-0.17207138	0.17207138
POS_VALIDATION_00102	49	1	0.85415316	131	31	G	-0.17167768	0.17167768
POS_VALIDATION_00102	50	1	0.85415316	35	-65	C	0.17009594	0.17009594
POS_VALIDATION_00104	1	1	0.81517243	101	1	T	-0.91066206	0.91066206
POS_VALIDATION_00104	2	1	0.81517243	161	61	A	-0.73264873	0.73264873
POS_VALIDATION_00104	3	1	0.81517243	35	-65	G	-0.63533872	0.63533872
POS_VALIDATION_00104	4	1	0.81517243	173	73	C	0.62821358	0.62821358
POS_VALIDATION_00104	5	1	0.81517243	99	-1	C	0.55099618	0.55099618
POS_VALIDATION_00104	6	1	0.81517243	42	-58	C	-0.54946792	0.54946792
POS_VALIDATION_00104	7	1	0.81517243	1	-99	C	0.51393378	0.51393378
POS_VALIDATION_00104	8	1	0.81517243	196	96	C	0.46591201	0.46591201
POS_VALIDATION_00104	9	1	0.81517243	32	-68	G	-0.463018	0.463018
POS_VALIDATION_00104	10	1	0.81517243	105	5	C	0.42213029	0.42213029
POS_VALIDATION_00104	11	1	0.81517243	24	-76	G	-0.4112013	0.4112013
POS_VALIDATION_00104	12	1	0.81517243	167	67	C	0.38984877	0.38984877
POS_VALIDATION_00104	13	1	0.81517243	41	-59	G	-0.36014792	0.36014792
POS_VALIDATION_00104	14	1	0.81517243	116	16	G	-0.34792754	0.34792754
POS_VALIDATION_00104	15	1	0.81517243	2	-98	A	-0.34020162	0.34020162
POS_VALIDATION_00104	16	1	0.81517243	26	-74	G	-0.33275586	0.33275586
POS_VALIDATION_00104	17	1	0.81517243	103	3	C	0.32285249	0.32285249
POS_VALIDATION_00104	18	1	0.81517243	184	84	G	-0.32238868	0.32238868
POS_VALIDATION_00104	19	1	0.81517243	171	71	G	-0.31250611	0.31250611
POS_VALIDATION_00104	20	1	0.81517243	75	-25	C	0.30750966	0.30750966
POS_VALIDATION_00104	21	1	0.81517243	185	85	G	-0.30241016	0.30241016
POS_VALIDATION_00104	22	1	0.81517243	76	-24	C	0.29529199	0.29529199
POS_VALIDATION_00104	23	1	0.81517243	152	52	C	0.28532559	0.28532559
POS_VALIDATION_00104	24	1	0.81517243	89	-11	C	0.28362134	0.28362134
POS_VALIDATION_00104	25	1	0.81517243	59	-41	G	-0.27853689	0.27853689
POS_VALIDATION_00104	26	1	0.81517243	160	60	G	-0.27765679	0.27765679
POS_VALIDATION_00104	27	1	0.81517243	106	6	C	0.27620831	0.27620831
POS_VALIDATION_00104	28	1	0.81517243	58	-42	G	-0.26283997	0.26283997
POS_VALIDATION_00104	29	1	0.81517243	166	66	G	-0.218007	0.218007
POS_VALIDATION_00104	30	1	0.81517243	3	-97	C	0.2159297	0.2159297
POS_VALIDATION_00104	31	1	0.81517243	187	87	C	0.20503458	0.20503458
POS_VALIDATION_00104	32	1	0.81517243	73	-27	G	-0.19723801	0.19723801
POS_VALIDATION_00104	33	1	0.81517243	119	19	C	0.19718835	0.19718835
POS_VALIDATION_00104	34	1	0.81517243	137	37	G	-0.19384573	0.19384573
POS_VALIDATION_00104	35	1	0.81517243	0	-100	A	0.19285473	0.19285473
POS_VALIDATION_00104	36	1	0.81517243	88	-12	T	-0.19281092	0.19281092
POS_VALIDATION_00104	37	1	0.81517243	66	-34	C	-0.19079554	0.19079554
POS_VALIDATION_00104	38	1	0.81517243	25	-75	G	-0.18832079	0.18832079
POS_VALIDATION_00104	39	1	0.81517243	98	-2	C	0.18359458	0.18359458
POS_VALIDATION_00104	40	1	0.81517243	132	32	G	-0.18041086	0.18041086
POS_VALIDATION_00104	41	1	0.81517243	107	7	G	-0.17573202	0.17573202
POS_VALIDATION_00104	42	1	0.81517243	23	-77	G	-0.17425241	0.17425241
POS_VALIDATION_00104	43	1	0.81517243	122	22	G	-0.17406088	0.17406088
POS_VALIDATION_00104	44	1	0.81517243	141	41	G	-0.17066206	0.17066206
POS_VALIDATION_00104	45	1	0.81517243	19	-81	G	-0.16927046	0.16927046
POS_VALIDATION_00104	46	1	0.81517243	131	31	G	-0.16276228	0.16276228
POS_VALIDATION_00104	47	1	0.81517243	154	54	C	-0.15815794	0.15815794
POS_VALIDATION_00104	48	1	0.81517243	157	57	G	-0.15472677	0.15472677
POS_VALIDATION_00104	49	1	0.81517243	145	45	C	0.14970206	0.14970206
POS_VALIDATION_00104	50	1	0.81517243	6	-94	C	-0.1468001	0.1468001
POS_VALIDATION_00105	1	1	0.81283569	101	1	C	-0.45858732	0.45858732
POS_VALIDATION_00105	2	1	0.81283569	198	98	C	-0.36455911	0.36455911
POS_VALIDATION_00105	3	1	0.81283569	110	10	G	-0.35139549	0.35139549
POS_VALIDATION_00105	4	1	0.81283569	166	66	C	-0.33974347	0.33974347
POS_VALIDATION_00105	5	1	0.81283569	138	38	A	-0.32060665	0.32060665
POS_VALIDATION_00105	6	1	0.81283569	52	-48	C	-0.31498253	0.31498253
POS_VALIDATION_00105	7	1	0.81283569	0	-100	T	0.29011434	0.29011434
POS_VALIDATION_00105	8	1	0.81283569	93	-7	T	-0.26790693	0.26790693
POS_VALIDATION_00105	9	1	0.81283569	164	64	C	-0.26071179	0.26071179
POS_VALIDATION_00105	10	1	0.81283569	123	23	G	-0.2504288	0.2504288
POS_VALIDATION_00105	11	1	0.81283569	125	25	C	-0.24957855	0.24957855
POS_VALIDATION_00105	12	1	0.81283569	66	-34	T	-0.24554271	0.24554271
POS_VALIDATION_00105	13	1	0.81283569	6	-94	T	-0.23972443	0.23972443
POS_VALIDATION_00105	14	1	0.81283569	126	26	T	-0.23501827	0.23501827
POS_VALIDATION_00105	15	1	0.81283569	116	16	G	-0.22152865	0.22152865
POS_VALIDATION_00105	16	1	0.81283569	56	-44	G	-0.2196147	0.2196147
POS_VALIDATION_00105	17	1	0.81283569	144	44	C	0.20288043	0.20288043
POS_VALIDATION_00105	18	1	0.81283569	84	-16	C	0.19900355	0.19900355
POS_VALIDATION_00105	19	1	0.81283569	173	73	G	-0.19213253	0.19213253
POS_VALIDATION_00105	20	1	0.81283569	94	-6	G	-0.19211087	0.19211087
POS_VALIDATION_00105	21	1	0.81283569	102	2	A	-0.18376021	0.18376021
POS_VALIDATION_00105	22	1	0.81283569	51	-49	C	0.18354526	0.18354526
POS_VALIDATION_00105	23	1	0.81283569	69	-31	T	-0.17659408	0.17659408
POS_VALIDATION_00105	24	1	0.81283569	106	6	G	-0.17550001	0.17550001
POS_VALIDATION_00105	25	1	0.81283569	141	41	A	-0.16920932	0.16920932
POS_VALIDATION_00105	26	1	0.81283569	71	-29	C	0.16806886	0.16806886
POS_VALIDATION_00105	27	1	0.81283569	194	94	G	-0.16526274	0.16526274
POS_VALIDATION_00105	28	1	0.81283569	189	89	C	-0.16261759	0.16261759
POS_VALIDATION_00105	29	1	0.81283569	28	-72	G	-0.16204429	0.16204429
POS_VALIDATION_00105	30	1	0.81283569	30	-70	T	-0.15976998	0.15976998
POS_VALIDATION_00105	31	1	0.81283569	24	-76	C	-0.15766415	0.15766415
POS_VALIDATION_00105	32	1	0.81283569	151	51	T	-0.15014352	0.15014352
POS_VALIDATION_00105	33	1	0.81283569	190	90	C	0.1486803	0.1486803
POS_VALIDATION_00105	34	1	0.81283569	59	-41	C	-0.14859174	0.14859174
POS_VALIDATION_00105	35	1	0.81283569	2	-98	C	-0.14635867	0.14635867
POS_VALIDATION_00105	36	1	0.81283569	42	-58	T	-0.14568025	0.14568025
POS_VALIDATION_00105	37	1	0.81283569	184	84	T	-0.13863745	0.13863745
POS_VALIDATION_00105	38	1	0.81283569	8	-92	A	-0.1384827	0.1384827
POS_VALIDATION_00105	39	1	0.81283569	25	-75	T	-0.13084608	0.13084608
POS_VALIDATION_00105	40	1	0.81283569	115	15	T	0.12869364	0.12869364
POS_VALIDATION_00105	41	1	0.81283569	57	-43	C	-0.12828362	0.12828362
POS_VALIDATION_00105	42	1	0.81283569	113	13	A	0.12766056	0.12766056
POS_VALIDATION_00105	43	1	0.81283569	15	-85	A	-0.12576933	0.12576933
POS_VALIDATION_00105	44	1	0.81283569	193	93	G	-0.1255244	0.1255244
POS_VALIDATION_00105	45	1	0.81283569	35	-65	A	0.12413517	0.12413517
POS_VALIDATION_00105	46	1	0.81283569	67	-33	C	0.11188297	0.11188297
POS_VALIDATION_00105	47	1	0.81283569	172	72	T	-0.11142966	0.11142966
POS_VALIDATION_00105	48	1	0.81283569	160	60	G	-0.11011411	0.11011411
POS_VALIDATION_00105	49	1	0.81283569	131	31	T	-0.10906093	0.10906093
POS_VALIDATION_00105	50	1	0.81283569	13	-87	A	-0.10819062	0.10819062
POS_VALIDATION_00108	1	1	0.76462668	113	13	C	0.85767198	0.85767198
POS_VALIDATION_00108	2	1	0.76462668	110	10	G	-0.66753441	0.66753441
POS_VALIDATION_00108	3	1	0.76462668	120	20	G	-0.63317055	0.63317055
POS_VALIDATION_00108	4	1	0.76462668	93	-7	A	-0.54683161	0.54683161
POS_VALIDATION_00108	5	1	0.76462668	1	-99	C	0.51194155	0.51194155
POS_VALIDATION_00108	6	1	0.76462668	111	11	G	-0.49534178	0.49534178
POS_VALIDATION_00108	7	1	0.76462668	66	-34	G	-0.45795956	0.45795956
POS_VALIDATION_00108	8	1	0.76462668	126	26	T	-0.39769885	0.39769885
POS_VALIDATION_00108	9	1	0.76462668	116	16	G	-0.39380899	0.39380899
POS_VALIDATION_00108	10	1	0.76462668	140	40	G	-0.39122897	0.39122897
POS_VALIDATION_00108	11	1	0.76462668	75	-25	T	-0.35439754	0.35439754
POS_VALIDATION_00108	12	1	0.76462668	40	-60	G	-0.3231647	0.3231647
POS_VALIDATION_00108	13	1	0.76462668	106	6	G	-0.31337062	0.31337062
POS_VALIDATION_00108	14	1	0.76462668	26	-74	G	-0.30544147	0.30544147
POS_VALIDATION_00108	15	1	0.76462668	0	-100	G	-0.29642215	0.29642215
POS_VALIDATION_00108	16	1	0.76462668	99	-1	G	-0.29012293	0.29012293
POS_VALIDATION_00108	17	1	0.76462668	90	-10	G	-0.2835561	0.2835561
POS_VALIDATION_00108	18	1	0.76462668	191	91	C	0.27538675	0.27538675
POS_VALIDATION_00108	19	1	0.76462668	35	-65	T	0.27101403	0.27101403
POS_VALIDATION_00108	20	1	0.76462668	52	-48	A	-0.26924944	0.26924944
POS_VALIDATION_00108	21	1	0.76462668	103	3	C	0.26535422	0.26535422
POS_VALIDATION_00108	22	1	0.76462668	69	-31	C	0.26343969	0.26343969
POS_VALIDATION_00108	23	1	0.76462668	59	-41	G	-0.231704	0.231704
POS_VALIDATION_00108	24	1	0.76462668	23	-77	C	0.22661451	0.22661451
POS_VALIDATION_00108	25	1	0.76462668	104	4	T	-0.22255489	0.22255489
POS_VALIDATION_00108	26	1	0.76462668	42	-58	G	-0.21472017	0.21472017
POS_VALIDATION_00108	27	1	0.76462668	138	38	G	-0.20552063	0.20552063
POS_VALIDATION_00108	28	1	0.76462668	108	8	G	-0.20035046	0.20035046
POS_VALIDATION_00108	29	1	0.76462668	173	73	C	0.19621906	0.19621906
POS_VALIDATION_00108	30	1	0.76462668	197	97	T	0.19235861	0.19235861
POS_VALIDATION_00108	31	1	0.76462668	141	41	A	-0.19043243	0.19043243
POS_VALIDATION_00108	32	1	0.76462668	70	-30	G	-0.18712309	0.18712309
POS_VALIDATION_00108	33	1	0.76462668	161	61	C	0.18590331	0.18590331
POS_VALIDATION_00108	34	1	0.76462668	101	1	A	-0.18134877	0.18134877
POS_VALIDATION_00108	35	1	0.76462668	137	37	G	-0.17993757	0.17993757
POS_VALIDATION_00108	36	1	0.76462668	81	-19	C	-0.17936711	0.17936711
POS_VALIDATION_00108	37	1	0.76462668	95	-5	C	0.17557368	0.17557368
POS_VALIDATION_00108	38	1	0.76462668	172	72	C	-0.17485255	0.17485255
POS_VALIDATION_00108	39	1	0.76462668	132	32	G	-0.17432225	0.17432225
POS_VALIDATION_00108	40	1	0.76462668	87	-13	C	-0.17371145	0.17371145
POS_VALIDATION_00108	41	1	0.76462668	83	-17	C	0.17358094	0.17358094
POS_VALIDATION_00108	42	1	0.76462668	167	67	G	-0.17094608	0.17094608
POS_VALIDATION_00108	43	1	0.76462668	47	-53	T	-0.16831627	0.16831627
POS_VALIDATION_00108	44	1	0.76462668	3	-97	C	0.16544186	0.16544186
POS_VALIDATION_00108	45	1	0.76462668	127	27	C	-0.1609244	0.1609244
POS_VALIDATION_00108	46	1	0.76462668	107	7	G	-0.15730341	0.15730341
POS_VALIDATION_00108	47	1	0.76462668	64	-36	G	-0.1522352	0.1522352
POS_VALIDATION_00108	48	1	0.76462668	77	-23	G	-0.15188636	0.15188636
POS_VALIDATION_00108	49	1	0.76462668	56	-44	T	0.15145731	0.15145731
POS_VALIDATION_00108	50	1	0.76462668	124	24	G	-0.15068498	0.15068498
POS_VALIDATION_00109	1	1	0.74270815	161	61	T	-0.85818917	0.85818917
POS_VALIDATION_00109	2	1	0.74270815	181	81	G	-0.7737937	0.7737937
POS_VALIDATION_00109	3	1	0.74270815	35	-65	G	-0.7459234	0.7459234
POS_VALIDATION_00109	4	1	0.74270815	84	-16	C	0.68332708	0.68332708
POS_VALIDATION_00109	5	1	0.74270815	126	26	T	-0.60319549	0.60319549
POS_VALIDATION_00109	6	1	0.74270815	93	-7	C	0.58638883	0.58638883
POS_VALIDATION_00109	7	1	0.74270815	131	31	C	0.58565724	0.58565724
POS_VALIDATION_00109	8	1	0.74270815	196	96	C	0.5001359	0.5001359
POS_VALIDATION_00109	9	1	0.74270815	103	3	C	0.48226497	0.48226497
POS_VALIDATION_00109	10	1	0.74270815	76	-24	C	0.48043412	0.48043412
POS_VALIDATION_00109	11	1	0.74270815	177	77	G	-0.45551816	0.45551816
POS_VALIDATION_00109	12	1	0.74270815	106	6	G	-0.44262427	0.44262427
POS_VALIDATION_00109	13	1	0.74270815	51	-49	C	0.43491471	0.43491471
POS_VALIDATION_00109	14	1	0.74270815	172	72	C	-0.40958634	0.40958634
POS_VALIDATION_00109	15	1	0.74270815	142	42	G	-0.39912507	0.39912507
POS_VALIDATION_00109	16	1	0.74270815	52	-48	A	-0.38327754	0.38327754
POS_VALIDATION_00109	17	1	0.74270815	75	-25	C	0.3403672	0.3403672
POS_VALIDATION_00109	18	1	0.74270815	170	70	C	0.33696797	0.33696797
POS_VALIDATION_00109	19	1	0.74270815	26	-74	G	-0.32301092	0.32301092
POS_VALIDATION_00109	20	1	0.74270815	25	-75	G	-0.28598064	0.28598064
POS_VALIDATION_00109	21	1	0.74270815	173	73	G	-0.28410697	0.28410697
POS_VALIDATION_00109	22	1	0.74270815	184	84	C	-0.27944249	0.27944249
POS_VALIDATION_00109	23	1	0.74270815	108	8	C	0.26912701	0.26912701
POS_VALIDATION_00109	24	1	0.74270815	194	94	G	-0.26843235	0.26843235
POS_VALIDATION_00109	25	1	0.74270815	27	-73	A	0.26238728	0.26238728
POS_VALIDATION_00109	26	1	0.74270815	130	30	C	0.25897539	0.25897539
POS_VALIDATION_00109	27	1	0.74270815	47	-53	A	-0.25842446	0.25842446
POS_VALIDATION_00109	28	1	0.74270815	167	67	G	-0.25362229	0.25362229
POS_VALIDATION_00109	29	1	0.74270815	101	1	A	-0.24128887	0.24128887
POS_VALIDATION_00109	30	1	0.74270815	74	-26	C	0.23947182	0.23947182
POS_VALIDATION_00109	31	1	0.74270815	15	-85	C	0.23887308	0.23887308
POS_VALIDATION_00109	32	1	0.74270815	107	7	G	-0.23650135	0.23650135
POS_VALIDATION_00109	33	1	0.74270815	99	-1	T	0.22923771	0.22923771
POS_VALIDATION_00109	34	1	0.74270815	92	-8	A	-0.22519112	0.22519112
POS_VALIDATION_00109	35	1	0.74270815	10	-90	G	-0.21961838	0.21961838
POS_VALIDATION_00109	36	1	0.74270815	188	88	C	0.21881533	0.21881533
POS_VALIDATION_00109	37	1	0.74270815	37	-63	C	0.21751648	0.21751648
POS_VALIDATION_00109	38	1	0.74270815	79	-21	C	0.21725975	0.21725975
POS_VALIDATION_00109	39	1	0.74270815	162	62	G	-0.21345922	0.21345922
POS_VALIDATION_00109	40	1	0.74270815	40	-60	G	-0.21305233	0.21305233
POS_VALIDATION_00109	41	1	0.74270815	42	-58	G	-0.20581529	0.20581529
POS_VALIDATION_00109	42	1	0.74270815	132	32	C	0.20443209	0.20443209
POS_VALIDATION_00109	43	1	0.74270815	2	-98	T	-0.19517139	0.19517139
POS_VALIDATION_00109	44	1	0.74270815	23	-77	G	-0.19488466	0.19488466
POS_VALIDATION_00109	45	1	0.74270815	151	51	G	-0.19400576	0.19400576
POS_VALIDATION_00109	46	1	0.74270815	174	74	G	-0.19184515	0.19184515
POS_VALIDATION_00109	47	1	0.74270815	12	-88	G	-0.18942705	0.18942705
POS_VALIDATION_00109	48	1	0.74270815	114	14	G	-0.18742475	0.18742475
POS_VALIDATION_00109	49	1	0.74270815	28	-72	T	-0.18330237	0.18330237
POS_VALIDATION_00109	50	1	0.74270815	5	-95	C	-0.17694558	0.17694558
POS_VALIDATION_00111	1	1	0.73681545	113	13	C	0.94762856	0.94762856
POS_VALIDATION_00111	2	1	0.73681545	25	-75	C	-0.806692	0.806692
POS_VALIDATION_00111	3	1	0.73681545	154	54	C	-0.33963394	0.33963394
POS_VALIDATION_00111	4	1	0.73681545	0	-100	T	0.2783359	0.2783359
POS_VALIDATION_00111	5	1	0.73681545	66	-34	G	-0.26839453	0.26839453
POS_VALIDATION_00111	6	1	0.73681545	45	-55	A	-0.25071955	0.25071955
POS_VALIDATION_00111	7	1	0.73681545	96	-4	C	0.2066806	0.2066806
POS_VALIDATION_00111	8	1	0.73681545	75	-25	G	-0.20079222	0.20079222
POS_VALIDATION_00111	9	1	0.73681545	176	76	C	-0.19883402	0.19883402
POS_VALIDATION_00111	10	1	0.73681545	106	6	C	0.19839013	0.19839013
POS_VALIDATION_00111	11	1	0.73681545	59	-41	G	-0.1947327	0.1947327
POS_VALIDATION_00111	12	1	0.73681545	181	81	G	-0.19093798	0.19093798
POS_VALIDATION_00111	13	1	0.73681545	184	84	G	-0.1902492	0.1902492
POS_VALIDATION_00111	14	1	0.73681545	69	-31	T	-0.189092	0.189092
POS_VALIDATION_00111	15	1	0.73681545	173	73	T	-0.18438555	0.18438555
POS_VALIDATION_00111	16	1	0.73681545	161	61	G	-0.17997354	0.17997354
POS_VALIDATION_00111	17	1	0.73681545	35	-65	T	0.17895541	0.17895541
POS_VALIDATION_00111	18	1	0.73681545	56	-44	G	-0.17726445	0.17726445
POS_VALIDATION_00111	19	1	0.73681545	19	-81	A	0.17649333	0.17649333
POS_VALIDATION_00111	20	1	0.73681545	126	26	A	-0.16510433	0.16510433
POS_VALIDATION_00111	21	1	0.73681545	104	4	A	-0.1650909	0.1650909
POS_VALIDATION_00111	22	1	0.73681545	74	-26	A	-0.16281554	0.16281554
POS_VALIDATION_00111	23	1	0.73681545	116	16	T	-0.16244867	0.16244867
POS_VALIDATION_00111	24	1	0.73681545	102	2	T	-0.1534093	0.1534093
POS_VALIDATION_00111	25	1	0.73681545	8	-92	A	-0.14838311	0.14838311
POS_VALIDATION_00111	26	1	0.73681545	42	-58	T	-0.14743538	0.14743538
POS_VALIDATION_00111	27	1	0.73681545	185	85	C	-0.14551695	0.14551695
POS_VALIDATION_00111	28	1	0.73681545	124	24	C	-0.1443505	0.1443505
POS_VALIDATION_00111	29	1	0.73681545	166	66	T	-0.14399219	0.14399219
POS_VALIDATION_00111	30	1	0.73681545	6	-94	T	-0.14278685	0.14278685
POS_VALIDATION_00111	31	1	0.73681545	153	53	G	-0.142442	0.142442
POS_VALIDATION_00111	32	1	0.73681545	110	10	C	-0.13825524	0.13825524
POS_VALIDATION_00111	33	1	0.73681545	167	67	T	-0.13708013	0.13708013
POS_VALIDATION_00111	34	1	0.73681545	32	-68	T	-0.13567221	0.13567221
POS_VALIDATION_00111	35	1	0.73681545	190	90	C	0.13351324	0.13351324
POS_VALIDATION_00111	36	1	0.73681545	148	48	C	-0.13326555	0.13326555
POS_VALIDATION_00111	37	1	0.73681545	2	-98	T	-0.1318412	0.1318412
POS_VALIDATION_00111	38	1	0.73681545	31	-69	A	-0.13090056	0.13090056
POS_VALIDATION_00111	39	1	0.73681545	67	-33	G	-0.12603489	0.12603489
POS_VALIDATION_00111	40	1	0.73681545	142	42	C	-0.12490733	0.12490733
POS_VALIDATION_00111	41	1	0.73681545	139	39	G	-0.12432621	0.12432621
POS_VALIDATION_00111	42	1	0.73681545	37	-63	A	-0.11300774	0.11300774
POS_VALIDATION_00111	43	1	0.73681545	54	-46	T	-0.11292191	0.11292191
POS_VALIDATION_00111	44	1	0.73681545	115	15	T	0.1105538	0.1105538
POS_VALIDATION_00111	45	1	0.73681545	118	18	G	-0.10937313	0.10937313
POS_VALIDATION_00111	46	1	0.73681545	9	-91	C	-0.10817958	0.10817958
POS_VALIDATION_00111	47	1	0.73681545	141	41	G	-0.10709247	0.10709247
POS_VALIDATION_00111	48	1	0.73681545	70	-30	G	-0.10504858	0.10504858
POS_VALIDATION_00111	49	1	0.73681545	14	-86	A	-0.10470185	0.10470185
POS_VALIDATION_00111	50	1	0.73681545	138	38	T	-0.10427798	0.10427798
POS_VALIDATION_00116	1	1	0.8320502	101	1	C	-0.90904492	0.90904492
POS_VALIDATION_00116	2	1	0.8320502	113	13	C	0.81525195	0.81525195
POS_VALIDATION_00116	3	1	0.8320502	96	-4	C	0.6113801	0.6113801
POS_VALIDATION_00116	4	1	0.8320502	161	61	T	-0.54241717	0.54241717
POS_VALIDATION_00116	5	1	0.8320502	47	-53	G	-0.44837818	0.44837818
POS_VALIDATION_00116	6	1	0.8320502	1	-99	C	0.4379189	0.4379189
POS_VALIDATION_00116	7	1	0.8320502	197	97	C	-0.39262435	0.39262435
POS_VALIDATION_00116	8	1	0.8320502	139	39	C	-0.38079667	0.38079667
POS_VALIDATION_00116	9	1	0.8320502	123	23	A	-0.37704524	0.37704524
POS_VALIDATION_00116	10	1	0.8320502	154	54	C	-0.33675966	0.33675966
POS_VALIDATION_00116	11	1	0.8320502	75	-25	T	-0.31887305	0.31887305
POS_VALIDATION_00116	12	1	0.8320502	173	73	C	0.30994779	0.30994779
POS_VALIDATION_00116	13	1	0.8320502	0	-100	T	0.27580142	0.27580142
POS_VALIDATION_00116	14	1	0.8320502	126	26	T	-0.26501691	0.26501691
POS_VALIDATION_00116	15	1	0.8320502	185	85	G	-0.24174464	0.24174464
POS_VALIDATION_00116	16	1	0.8320502	41	-59	G	-0.22146522	0.22146522
POS_VALIDATION_00116	17	1	0.8320502	125	25	C	-0.21267505	0.21267505
POS_VALIDATION_00116	18	1	0.8320502	42	-58	A	-0.20382367	0.20382367
POS_VALIDATION_00116	19	1	0.8320502	28	-72	G	-0.19762975	0.19762975
POS_VALIDATION_00116	20	1	0.8320502	76	-24	A	-0.1938881	0.1938881
POS_VALIDATION_00116	21	1	0.8320502	57	-43	C	-0.18989952	0.18989952
POS_VALIDATION_00116	22	1	0.8320502	59	-41	G	-0.18721084	0.18721084
POS_VALIDATION_00116	23	1	0.8320502	68	-32	G	-0.18025604	0.18025604
POS_VALIDATION_00116	24	1	0.8320502	108	8	C	0.18022311	0.18022311
POS_VALIDATION_00116	25	1	0.8320502	176	76	C	-0.1731064	0.1731064
POS_VALIDATION_00116	26	1	0.8320502	26	-74	G	-0.17285851	0.17285851
POS_VALIDATION_00116	27	1	0.8320502	25	-75	G	-0.16710508	0.16710508
POS_VALIDATION_00116	28	1	0.8320502	116	16	G	-0.14304833	0.14304833
POS_VALIDATION_00116	29	1	0.8320502	115	15	T	0.14162971	0.14162971
POS_VALIDATION_00116	30	1	0.8320502	11	-89	C	-0.13980374	0.13980374
POS_VALIDATION_00116	31	1	0.8320502	56	-44	T	0.13297169	0.13297169
POS_VALIDATION_00116	32	1	0.8320502	105	5	C	0.13129637	0.13129637
POS_VALIDATION_00116	33	1	0.8320502	53	-47	C	-0.12962863	0.12962863
POS_VALIDATION_00116	34	1	0.8320502	2	-98	C	-0.12862982	0.12862982
POS_VALIDATION_00116	35	1	0.8320502	39	-61	C	-0.12491196	0.12491196
POS_VALIDATION_00116	36	1	0.8320502	131	31	T	-0.12330496	0.12330496
POS_VALIDATION_00116	37	1	0.8320502	151	51	T	-0.12261133	0.12261133
POS_VALIDATION_00116	38	1	0.8320502	150	50	G	-0.12218784	0.12218784
POS_VALIDATION_00116	39	1	0.8320502	23	-77	T	-0.12122302	0.12122302
POS_VALIDATION_00116	40	1	0.8320502	167	67	T	-0.1206738	0.1206738
POS_VALIDATION_00116	41	1	0.8320502	142	42	C	-0.11826751	0.11826751
POS_VALIDATION_00116	42	1	0.8320502	32	-68	T	-0.11797023	0.11797023
POS_VALIDATION_00116	43	1	0.8320502	10	-90	C	-0.11696111	0.11696111
POS_VALIDATION_00116	44	1	0.8320502	52	-48	T	-0.11651413	0.11651413
POS_VALIDATION_00116	45	1	0.8320502	104	4	C	-0.1150002	0.1150002
POS_VALIDATION_00116	46	1	0.8320502	69	-31	C	-0.11384699	0.11384699
POS_VALIDATION_00116	47	1	0.8320502	6	-94	C	-0.11222603	0.11222603
POS_VALIDATION_00116	48	1	0.8320502	22	-78	G	-0.10759415	0.10759415
POS_VALIDATION_00116	49	1	0.8320502	124	24	A	-0.10632642	0.10632642
POS_VALIDATION_00116	50	1	0.8320502	145	45	C	0.10628824	0.10628824
POS_VALIDATION_00118	1	1	0.92508423	161	61	T	-0.76835066	0.76835066
POS_VALIDATION_00118	2	1	0.92508423	139	39	C	-0.6814366	0.6814366
POS_VALIDATION_00118	3	1	0.92508423	36	-64	C	0.56770533	0.56770533
POS_VALIDATION_00118	4	1	0.92508423	66	-34	G	-0.42868856	0.42868856
POS_VALIDATION_00118	5	1	0.92508423	0	-100	T	0.39550906	0.39550906
POS_VALIDATION_00118	6	1	0.92508423	24	-76	G	-0.36923566	0.36923566
POS_VALIDATION_00118	7	1	0.92508423	32	-68	G	-0.35738903	0.35738903
POS_VALIDATION_00118	8	1	0.92508423	142	42	G	-0.31320733	0.31320733
POS_VALIDATION_00118	9	1	0.92508423	99	-1	C	0.30769992	0.30769992
POS_VALIDATION_00118	10	1	0.92508423	185	85	G	-0.2685194	0.2685194
POS_VALIDATION_00118	11	1	0.92508423	26	-74	G	-0.25999266	0.25999266
POS_VALIDATION_00118	12	1	0.92508423	124	24	A	-0.25310743	0.25310743
POS_VALIDATION_00118	13	1	0.92508423	57	-43	A	0.25214753	0.25214753
POS_VALIDATION_00118	14	1	0.92508423	61	-39	C	0.24390101	0.24390101
POS_VALIDATION_00118	15	1	0.92508423	75	-25	C	0.23361737	0.23361737
POS_VALIDATION_00118	16	1	0.92508423	104	4	T	-0.22602534	0.22602534
POS_VALIDATION_00118	17	1	0.92508423	160	60	G	-0.22392617	0.22392617
POS_VALIDATION_00118	18	1	0.92508423	69	-31	C	0.22285202	0.22285202
POS_VALIDATION_00118	19	1	0.92508423	35	-65	T	0.21550724	0.21550724
POS_VALIDATION_00118	20	1	0.92508423	121	21	C	0.2090165	0.2090165
POS_VALIDATION_00118	21	1	0.92508423	55	-45	G	-0.20461382	0.20461382
POS_VALIDATION_00118	22	1	0.92508423	111	11	A	-0.19941431	0.19941431
POS_VALIDATION_00118	23	1	0.92508423	132	32	G	-0.19247217	0.19247217
POS_VALIDATION_00118	24	1	0.92508423	197	97	C	-0.18919256	0.18919256
POS_VALIDATION_00118	25	1	0.92508423	43	-57	G	-0.18627971	0.18627971
POS_VALIDATION_00118	26	1	0.92508423	116	16	C	-0.1830914	0.1830914
POS_VALIDATION_00118	27	1	0.92508423	108	8	G	-0.18088791	0.18088791
POS_VALIDATION_00118	28	1	0.92508423	14	-86	T	-0.17450339	0.17450339
POS_VALIDATION_00118	29	1	0.92508423	166	66	T	-0.17275611	0.17275611
POS_VALIDATION_00118	30	1	0.92508423	56	-44	G	-0.16950709	0.16950709
POS_VALIDATION_00118	31	1	0.92508423	94	-6	C	0.16911052	0.16911052
POS_VALIDATION_00118	32	1	0.92508423	125	25	G	-0.1684882	0.1684882
POS_VALIDATION_00118	33	1	0.92508423	2	-98	A	-0.16816989	0.16816989
POS_VALIDATION_00118	34	1	0.92508423	51	-49	G	-0.16585621	0.16585621
POS_VALIDATION_00118	35	1	0.92508423	109	9	C	0.1657176	0.1657176
POS_VALIDATION_00118	36	1	0.92508423	70	-30	G	-0.16434902	0.16434902
POS_VALIDATION_00118	37	1	0.92508423	105	5	C	0.16356662	0.16356662
POS_VALIDATION_00118	38	1	0.92508423	131	31	C	-0.14943926	0.14943926
POS_VALIDATION_00118	39	1	0.92508423	3	-97	C	0.1464224	0.1464224
POS_VALIDATION_00118	40	1	0.92508423	77	-23	G	-0.14453292	0.14453292
POS_VALIDATION_00118	41	1	0.92508423	119	19	G	-0.14363082	0.14363082
POS_VALIDATION_00118	42	1	0.92508423	58	-42	G	-0.14193164	0.14193164
POS_VALIDATION_00118	43	1	0.92508423	6	-94	C	-0.14043187	0.14043187
POS_VALIDATION_00118	44	1	0.92508423	29	-71	G	-0.13563567	0.13563567
POS_VALIDATION_00118	45	1	0.92508423	74	-26	T	-0.13556546	0.13556546
POS_VALIDATION_00118	46	1	0.92508423	89	-11	C	0.13416238	0.13416238
POS_VALIDATION_00118	47	1	0.92508423	42	-58	T	-0.1334365	0.1334365
POS_VALIDATION_00118	48	1	0.92508423	25	-75	A	0.13234231	0.13234231
POS_VALIDATION_00118	49	1	0.92508423	8	-92	T	-0.13034996	0.13034996
POS_VALIDATION_00118	50	1	0.92508423	190	90	G	-0.12766522	0.12766522
POS_VALIDATION_00119	1	1	0.87976533	42	-58	C	-1.3860613	1.3860613
POS_VALIDATION_00119	2	1	0.87976533	113	13	C	1.1185147	1.1185147
POS_VALIDATION_00119	3	1	0.87976533	161	61	T	-0.83386505	0.83386505
POS_VALIDATION_00119	4	1	0.87976533	93	-7	A	-0.35493183	0.35493183
POS_VALIDATION_00119	5	1	0.87976533	198	98	G	-0.27178726	0.27178726
POS_VALIDATION_00119	6	1	0.87976533	196	96	C	0.25429279	0.25429279
POS_VALIDATION_00119	7	1	0.87976533	173	73	G	-0.2442252	0.2442252
POS_VALIDATION_00119	8	1	0.87976533	184	84	G	-0.23777103	0.23777103
POS_VALIDATION_00119	9	1	0.87976533	35	-65	T	0.23742369	0.23742369
POS_VALIDATION_00119	10	1	0.87976533	59	-41	G	-0.23735771	0.23735771
POS_VALIDATION_00119	11	1	0.87976533	66	-34	C	-0.23307255	0.23307255
POS_VALIDATION_00119	12	1	0.87976533	116	16	C	-0.23269284	0.23269284
POS_VALIDATION_00119	13	1	0.87976533	47	-53	T	-0.20969559	0.20969559
POS_VALIDATION_00119	14	1	0.87976533	62	-38	C	-0.19948782	0.19948782
POS_VALIDATION_00119	15	1	0.87976533	0	-100	A	0.19842568	0.19842568
POS_VALIDATION_00119	16	1	0.87976533	94	-6	G	-0.18952206	0.18952206
POS_VALIDATION_00119	17	1	0.87976533	32	-68	T	-0.18738171	0.18738171
POS_VALIDATION_00119	18	1	0.87976533	56	-44	A	0.18465468	0.18465468
POS_VALIDATION_00119	19	1	0.87976533	197	97	A	0.1703174	0.1703174
POS_VALIDATION_00119	20	1	0.87976533	25	-75	G	-0.17021024	0.17021024
POS_VALIDATION_00119	21	1	0.87976533	167	67	T	-0.16608186	0.16608186
POS_VALIDATION_00119	22	1	0.87976533	190	90	C	0.16411215	0.16411215
POS_VALIDATION_00119	23	1	0.87976533	139	39	G	-0.16406401	0.16406401
POS_VALIDATION_00119	24	1	0.87976533	87	-13	C	-0.16018832	0.16018832
POS_VALIDATION_00119	25	1	0.87976533	5	-95	T	0.15582615	0.15582615
POS_VALIDATION_00119	26	1	0.87976533	115	15	T	0.14281511	0.14281511
POS_VALIDATION_00119	27	1	0.87976533	176	76	G	-0.14210472	0.14210472
POS_VALIDATION_00119	28	1	0.87976533	41	-59	C	-0.13817257	0.13817257
POS_VALIDATION_00119	29	1	0.87976533	181	81	G	-0.13390601	0.13390601
POS_VALIDATION_00119	30	1	0.87976533	110	10	C	-0.12975821	0.12975821
POS_VALIDATION_00119	31	1	0.87976533	141	41	A	-0.12939373	0.12939373
POS_VALIDATION_00119	32	1	0.87976533	27	-73	C	0.12932354	0.12932354
POS_VALIDATION_00119	33	1	0.87976533	53	-47	G	-0.12279391	0.12279391
POS_VALIDATION_00119	34	1	0.87976533	70	-30	G	-0.12030832	0.12030832
POS_VALIDATION_00119	35	1	0.87976533	91	-9	C	-0.11255698	0.11255698
POS_VALIDATION_00119	36	1	0.87976533	97	-3	T	-0.11120947	0.11120947
POS_VALIDATION_00119	37	1	0.87976533	58	-42	G	-0.10915361	0.10915361
POS_VALIDATION_00119	38	1	0.87976533	23	-77	G	-0.10904357	0.10904357
POS_VALIDATION_00119	39	1	0.87976533	84	-16	C	0.10885238	0.10885238
POS_VALIDATION_00119	40	1	0.87976533	77	-23	G	-0.10588464	0.10588464
POS_VALIDATION_00119	41	1	0.87976533	14	-86	T	-0.10538359	0.10538359
POS_VALIDATION_00119	42	1	0.87976533	10	-90	T	-0.10500464	0.10500464
POS_VALIDATION_00119	43	1	0.87976533	6	-94	T	-0.10436258	0.10436258
POS_VALIDATION_00119	44	1	0.87976533	69	-31	G	-0.1039324	0.1039324
POS_VALIDATION_00119	45	1	0.87976533	154	54	T	-0.10385463	0.10385463
POS_VALIDATION_00119	46	1	0.87976533	51	-49	G	-0.10252893	0.10252893
POS_VALIDATION_00119	47	1	0.87976533	155	55	C	-0.10048373	0.10048373
POS_VALIDATION_00119	48	1	0.87976533	67	-33	T	-0.10013255	0.10013255
POS_VALIDATION_00119	49	1	0.87976533	163	63	T	-0.097324722	0.097324722
POS_VALIDATION_00119	50	1	0.87976533	11	-89	T	-0.096764132	0.096764132
POS_VALIDATION_00121	1	1	0.96010804	101	1	T	-0.87003028	0.87003028
POS_VALIDATION_00121	2	1	0.96010804	198	98	G	-0.4484596	0.4484596
POS_VALIDATION_00121	3	1	0.96010804	196	96	C	0.39917257	0.39917257
POS_VALIDATION_00121	4	1	0.96010804	173	73	C	0.34625047	0.34625047
POS_VALIDATION_00121	5	1	0.96010804	190	90	C	0.34433627	0.34433627
POS_VALIDATION_00121	6	1	0.96010804	171	71	G	-0.33307338	0.33307338
POS_VALIDATION_00121	7	1	0.96010804	141	41	T	-0.30516309	0.30516309
POS_VALIDATION_00121	8	1	0.96010804	76	-24	C	0.30138603	0.30138603
POS_VALIDATION_00121	9	1	0.96010804	109	9	C	0.29339412	0.29339412
POS_VALIDATION_00121	10	1	0.96010804	32	-68	G	-0.29184359	0.29184359
POS_VALIDATION_00121	11	1	0.96010804	52	-48	A	-0.2640872	0.2640872
POS_VALIDATION_00121	12	1	0.96010804	152	52	C	0.25595546	0.25595546
POS_VALIDATION_00121	13	1	0.96010804	116	16	G	-0.24344356	0.24344356
POS_VALIDATION_00121	14	1	0.96010804	12	-88	C	0.23708057	0.23708057
POS_VALIDATION_00121	15	1	0.96010804	81	-19	G	-0.23591077	0.23591077
POS_VALIDATION_00121	16	1	0.96010804	139	39	G	-0.22910953	0.22910953
POS_VALIDATION_00121	17	1	0.96010804	187	87	C	0.22429109	0.22429109
POS_VALIDATION_00121	18	1	0.96010804	93	-7	T	-0.22288631	0.22288631
POS_VALIDATION_00121	19	1	0.96010804	106	6	G	-0.21856661	0.21856661
POS_VALIDATION_00121	20	1	0.96010804	169	69	G	-0.21255994	0.21255994
POS_VALIDATION_00121	21	1	0.96010804	145	45	C	0.21096516	0.21096516
POS_VALIDATION_00121	22	1	0.96010804	56	-44	A	0.20875715	0.20875715
POS_VALIDATION_00121	23	1	0.96010804	19	-81	A	0.20758069	0.20758069
POS_VALIDATION_00121	24	1	0.96010804	87	-13	G	-0.20628953	0.20628953
POS_VALIDATION_00121	25	1	0.96010804	161	61	G	-0.20414862	0.20414862
POS_VALIDATION_00121	26	1	0.96010804	90	-10	C	0.20376253	0.20376253
POS_VALIDATION_00121	27	1	0.96010804	13	-87	A	-0.20225936	0.20225936
POS_VALIDATION_00121	28	1	0.96010804	166	66	G	-0.1956394	0.1956394
POS_VALIDATION_00121	29	1	0.96010804	58	-42	G	-0.18834893	0.18834893
POS_VALIDATION_00121	30	1	0.96010804	94	-6	G	-0.18694842	0.18694842
POS_VALIDATION_00121	31	1	0.96010804	154	54	G	-0.18453757	0.18453757
POS_VALIDATION_00121	32	1	0.96010804	75	-25	A	-0.18264394	0.18264394
POS_VALIDATION_00121	33	1	0.96010804	16	-84	G	-0.17882749	0.17882749
POS_VALIDATION_00121	34	1	0.96010804	184	84	T	-0.15688732	0.15688732
POS_VALIDATION_00121	35	1	0.96010804	179	79	G	-0.15649357	0.15649357
POS_VALIDATION_00121	36	1	0.96010804	137	37	G	-0.15355788	0.15355788
POS_VALIDATION_00121	37	1	0.96010804	111	11	C	0.15141088	0.15141088
POS_VALIDATION_00121	38	1	0.96010804	92	-8	G	-0.14993393	0.14993393
POS_VALIDATION_00121	39	1	0.96010804	2	-98	G	-0.14902925	0.14902925
POS_VALIDATION_00121	40	1	0.96010804	98	-2	C	0.1483902	0.1483902
POS_VALIDATION_00121	41	1	0.96010804	42	-58	T	-0.14469233	0.14469233
POS_VALIDATION_00121	42	1	0.96010804	80	-20	G	-0.14320603	0.14320603
POS_VALIDATION_00121	43	1	0.96010804	115	15	A	0.14071596	0.14071596
POS_VALIDATION_00121	44	1	0.96010804	41	-59	T	0.13956697	0.13956697
POS_VALIDATION_00121	45	1	0.96010804	37	-63	T	-0.13940273	0.13940273
POS_VALIDATION_00121	46	1	0.96010804	167	67	C	0.13698511	0.13698511
POS_VALIDATION_00121	47	1	0.96010804	82	-18	C	0.13672316	0.13672316
POS_VALIDATION_00121	48	1	0.96010804	47	-53	T	-0.13326086	0.13326086
POS_VALIDATION_00121	49	1	0.96010804	191	91	A	-0.1328122	0.1328122
POS_VALIDATION_00121	50	1	0.96010804	38	-62	G	-0.1298916	0.1298916
POS_VALIDATION_00123	1	1	0.73971355	42	-58	C	-1.0141822	1.0141822
POS_VALIDATION_00123	2	1	0.73971355	47	-53	G	-0.80014765	0.80014765
POS_VALIDATION_00123	3	1	0.73971355	1	-99	C	0.56154752	0.56154752
POS_VALIDATION_00123	4	1	0.73971355	36	-64	C	0.5113011	0.5113011
POS_VALIDATION_00123	5	1	0.73971355	75	-25	T	-0.45918804	0.45918804
POS_VALIDATION_00123	6	1	0.73971355	23	-77	C	0.41491264	0.41491264
POS_VALIDATION_00123	7	1	0.73971355	172	72	C	0.38820547	0.38820547
POS_VALIDATION_00123	8	1	0.73971355	55	-45	G	-0.34903759	0.34903759
POS_VALIDATION_00123	9	1	0.73971355	148	48	G	-0.34596872	0.34596872
POS_VALIDATION_00123	10	1	0.73971355	101	1	C	-0.32385316	0.32385316
POS_VALIDATION_00123	11	1	0.73971355	161	61	C	0.30013001	0.30013001
POS_VALIDATION_00123	12	1	0.73971355	153	53	G	-0.2964406	0.2964406
POS_VALIDATION_00123	13	1	0.73971355	69	-31	T	-0.2899715	0.2899715
POS_VALIDATION_00123	14	1	0.73971355	41	-59	G	-0.2896266	0.2896266
POS_VALIDATION_00123	15	1	0.73971355	173	73	G	-0.27838519	0.27838519
POS_VALIDATION_00123	16	1	0.73971355	123	23	G	-0.27178174	0.27178174
POS_VALIDATION_00123	17	1	0.73971355	84	-16	C	0.26971364	0.26971364
POS_VALIDATION_00123	18	1	0.73971355	93	-7	T	-0.23863889	0.23863889
POS_VALIDATION_00123	19	1	0.73971355	194	94	G	-0.23264988	0.23264988
POS_VALIDATION_00123	20	1	0.73971355	169	69	G	-0.22879836	0.22879836
POS_VALIDATION_00123	21	1	0.73971355	141	41	T	-0.22731563	0.22731563
POS_VALIDATION_00123	22	1	0.73971355	2	-98	C	-0.22493678	0.22493678
POS_VALIDATION_00123	23	1	0.73971355	105	5	C	0.21872352	0.21872352
POS_VALIDATION_00123	24	1	0.73971355	56	-44	G	-0.21703683	0.21703683
POS_VALIDATION_00123	25	1	0.73971355	181	81	C	0.21507092	0.21507092
POS_VALIDATION_00123	26	1	0.73971355	10	-90	G	-0.20915435	0.20915435
POS_VALIDATION_00123	27	1	0.73971355	170	70	C	0.20624574	0.20624574
POS_VALIDATION_00123	28	1	0.73971355	52	-48	C	-0.20448248	0.20448248
POS_VALIDATION_00123	29	1	0.73971355	171	71	C	-0.20338355	0.20338355
POS_VALIDATION_00123	30	1	0.73971355	187	87	C	0.20219128	0.20219128
POS_VALIDATION_00123	31	1	0.73971355	5	-95	G	-0.1992124	0.1992124
POS_VALIDATION_00123	32	1	0.73971355	190	90	C	0.1965915	0.1965915
POS_VALIDATION_00123	33	1	0.73971355	51	-49	C	0.19614834	0.19614834
POS_VALIDATION_00123	34	1	0.73971355	94	-6	G	-0.19354476	0.19354476
POS_VALIDATION_00123	35	1	0.73971355	6	-94	G	-0.19335182	0.19335182
POS_VALIDATION_00123	36	1	0.73971355	99	-1	T	-0.18645	0.18645
POS_VALIDATION_00123	37	1	0.73971355	71	-29	C	0.18612418	0.18612418
POS_VALIDATION_00123	38	1	0.73971355	145	45	G	-0.18357605	0.18357605
POS_VALIDATION_00123	39	1	0.73971355	0	-100	A	0.1824418	0.1824418
POS_VALIDATION_00123	40	1	0.73971355	193	93	G	-0.16547804	0.16547804
POS_VALIDATION_00123	41	1	0.73971355	121	21	C	0.16382235	0.16382235
POS_VALIDATION_00123	42	1	0.73971355	57	-43	C	-0.16207641	0.16207641
POS_VALIDATION_00123	43	1	0.73971355	126	26	A	-0.15859967	0.15859967
POS_VALIDATION_00123	44	1	0.73971355	174	74	G	-0.1577419	0.1577419
POS_VALIDATION_00123	45	1	0.73971355	3	-97	C	0.15318134	0.15318134
POS_VALIDATION_00123	46	1	0.73971355	122	22	G	-0.15143654	0.15143654
POS_VALIDATION_00123	47	1	0.73971355	64	-36	G	-0.14719963	0.14719963
POS_VALIDATION_00123	48	1	0.73971355	83	-17	G	-0.14628515	0.14628515
POS_VALIDATION_00123	49	1	0.73971355	150	50	G	-0.14558223	0.14558223
POS_VALIDATION_00123	50	1	0.73971355	98	-2	C	0.14371033	0.14371033
POS_VALIDATION_00124	1	1	0.77392244	195	95	G	-1.2391558	1.2391558
POS_VALIDATION_00124	2	1	0.77392244	96	-4	C	0.91418076	0.91418076
POS_VALIDATION_00124	3	1	0.77392244	101	1	T	-0.9099682	0.9099682
POS_VALIDATION_00124	4	1	0.77392244	161	61	A	-0.75274277	0.75274277
POS_VALIDATION_00124	5	1	0.77392244	191	91	C	0.59610546	0.59610546
POS_VALIDATION_00124	6	1	0.77392244	103	3	C	0.50582302	0.50582302
POS_VALIDATION_00124	7	1	0.77392244	177	77	G	-0.49312705	0.49312705
POS_VALIDATION_00124	8	1	0.77392244	178	78	C	0.4333784	0.4333784
POS_VALIDATION_00124	9	1	0.77392244	0	-100	T	0.38161153	0.38161153
POS_VALIDATION_00124	10	1	0.77392244	76	-24	C	0.3625752	0.3625752
POS_VALIDATION_00124	11	1	0.77392244	32	-68	G	-0.36253226	0.36253226
POS_VALIDATION_00124	12	1	0.77392244	87	-13	G	-0.34393364	0.34393364
POS_VALIDATION_00124	13	1	0.77392244	167	67	C	0.34373033	0.34373033
POS_VALIDATION_00124	14	1	0.77392244	28	-72	G	-0.33766654	0.33766654
POS_VALIDATION_00124	15	1	0.77392244	27	-73	A	0.33679819	0.33679819
POS_VALIDATION_00124	16	1	0.77392244	71	-29	C	0.3334457	0.3334457
POS_VALIDATION_00124	17	1	0.77392244	41	-59	G	-0.32693252	0.32693252
POS_VALIDATION_00124	18	1	0.77392244	106	6	G	-0.32369578	0.32369578
POS_VALIDATION_00124	19	1	0.77392244	181	81	C	0.32187808	0.32187808
POS_VALIDATION_00124	20	1	0.77392244	90	-10	C	0.31403556	0.31403556
POS_VALIDATION_00124	21	1	0.77392244	15	-85	G	-0.31296283	0.31296283
POS_VALIDATION_00124	22	1	0.77392244	171	71	G	-0.30781907	0.30781907
POS_VALIDATION_00124	23	1	0.77392244	164	64	G	-0.28424618	0.28424618
POS_VALIDATION_00124	24	1	0.77392244	35	-65	C	0.27478969	0.27478969
POS_VALIDATION_00124	25	1	0.77392244	151	51	C	0.26393005	0.26393005
POS_VALIDATION_00124	26	1	0.77392244	188	88	C	0.26281184	0.26281184
POS_VALIDATION_00124	27	1	0.77392244	74	-26	G	-0.26034883	0.26034883
POS_VALIDATION_00124	28	1	0.77392244	5	-95	C	-0.25542769	0.25542769
POS_VALIDATION_00124	29	1	0.77392244	119	19	C	0.25133491	0.25133491
POS_VALIDATION_00124	30	1	0.77392244	75	-25	C	0.24382445	0.24382445
POS_VALIDATION_00124	31	1	0.77392244	30	-70	C	0.24268989	0.24268989
POS_VALIDATION_00124	32	1	0.77392244	166	66	G	-0.24084437	0.24084437
POS_VALIDATION_00124	33	1	0.77392244	23	-77	G	-0.2277782	0.2277782
POS_VALIDATION_00124	34	1	0.77392244	83	-17	G	-0.22757812	0.22757812
POS_VALIDATION_00124	35	1	0.77392244	173	73	T	-0.22464538	0.22464538
POS_VALIDATION_00124	36	1	0.77392244	170	70	A	0.22280464	0.22280464
POS_VALIDATION_00124	37	1	0.77392244	95	-5	C	0.22081083	0.22081083
POS_VALIDATION_00124	38	1	0.77392244	8	-92	A	-0.22046667	0.22046667
POS_VALIDATION_00124	39	1	0.77392244	139	39	G	-0.21957165	0.21957165
POS_VALIDATION_00124	40	1	0.77392244	25	-75	T	-0.21613219	0.21613219
POS_VALIDATION_00124	41	1	0.77392244	13	-87	A	-0.20811436	0.20811436
POS_VALIDATION_00124	42	1	0.77392244	126	26	A	-0.20619364	0.20619364
POS_VALIDATION_00124	43	1	0.77392244	196	96	G	-0.20396419	0.20396419
POS_VALIDATION_00124	44	1	0.77392244	147	47	G	-0.20230979	0.20230979
POS_VALIDATION_00124	45	1	0.77392244	153	53	G	-0.2007471	0.2007471
POS_VALIDATION_00124	46	1	0.77392244	162	62	G	-0.1991507	0.1991507
POS_VALIDATION_00124	47	1	0.77392244	169	69	G	-0.19912577	0.19912577
POS_VALIDATION_00124	48	1	0.77392244	143	43	C	0.19802666	0.19802666
POS_VALIDATION_00124	49	1	0.77392244	7	-93	G	-0.19726193	0.19726193
POS_VALIDATION_00124	50	1	0.77392244	135	35	G	-0.19678009	0.19678009
POS_VALIDATION_00125	1	1	0.89288408	113	13	C	1.1233803	1.1233803
POS_VALIDATION_00125	2	1	0.89288408	96	-4	C	0.97903335	0.97903335
POS_VALIDATION_00125	3	1	0.89288408	161	61	T	-0.86181992	0.86181992
POS_VALIDATION_00125	4	1	0.89288408	23	-77	C	0.70959812	0.70959812
POS_VALIDATION_00125	5	1	0.89288408	36	-64	C	0.66578567	0.66578567
POS_VALIDATION_00125	6	1	0.89288408	148	48	G	-0.42574257	0.42574257
POS_VALIDATION_00125	7	1	0.89288408	190	90	C	0.3978411	0.3978411
POS_VALIDATION_00125	8	1	0.89288408	198	98	G	-0.37862867	0.37862867
POS_VALIDATION_00125	9	1	0.89288408	52	-48	C	-0.3680048	0.3680048
POS_VALIDATION_00125	10	1	0.89288408	140	40	G	-0.35986793	0.35986793
POS_VALIDATION_00125	11	1	0.89288408	103	3	C	0.32701766	0.32701766
POS_VALIDATION_00125	12	1	0.89288408	105	5	C	0.31823084	0.31823084
POS_VALIDATION_00125	13	1	0.89288408	184	84	G	-0.30953014	0.30953014
POS_VALIDATION_00125	14	1	0.89288408	193	93	C	-0.30822688	0.30822688
POS_VALIDATION_00125	15	1	0.89288408	66	-34	C	-0.29128912	0.29128912
POS_VALIDATION_00125	16	1	0.89288408	15	-85	G	-0.2863068	0.2863068
POS_VALIDATION_00125	17	1	0.89288408	123	23	A	-0.28167075	0.28167075
POS_VALIDATION_00125	18	1	0.89288408	160	60	G	-0.26953536	0.26953536
POS_VALIDATION_00125	19	1	0.89288408	24	-76	C	-0.23214246	0.23214246
POS_VALIDATION_00125	20	1	0.89288408	145	45	C	0.22799528	0.22799528
POS_VALIDATION_00125	21	1	0.89288408	152	52	C	0.21292225	0.21292225
POS_VALIDATION_00125	22	1	0.89288408	151	51	G	-0.21170673	0.21170673
POS_VALIDATION_00125	23	1	0.89288408	167	67	G	-0.21157259	0.21157259
POS_VALIDATION_00125	24	1	0.89288408	75	-25	G	-0.20746708	0.20746708
POS_VALIDATION_00125	25	1	0.89288408	40	-60	G	-0.20623857	0.20623857
POS_VALIDATION_00125	26	1	0.89288408	87	-13	G	-0.20620301	0.20620301
POS_VALIDATION_00125	27	1	0.89288408	90	-10	G	-0.20551519	0.20551519
POS_VALIDATION_00125	28	1	0.89288408	187	87	C	0.20487785	0.20487785
POS_VALIDATION_00125	29	1	0.89288408	93	-7	C	0.20396347	0.20396347
POS_VALIDATION_00125	30	1	0.89288408	98	-2	G	-0.20071723	0.20071723
POS_VALIDATION_00125	31	1	0.89288408	42	-58	G	-0.19549984	0.19549984
POS_VALIDATION_00125	32	1	0.89288408	0	-100	A	0.19413637	0.19413637
POS_VALIDATION_00125	33	1	0.89288408	94	-6	G	-0.19387297	0.19387297
POS_VALIDATION_00125	34	1	0.89288408	153	53	G	-0.19154012	0.19154012
POS_VALIDATION_00125	35	1	0.89288408	143	43	C	0.18238372	0.18238372
POS_VALIDATION_00125	36	1	0.89288408	27	-73	C	0.17454267	0.17454267
POS_VALIDATION_00125	37	1	0.89288408	125	25	G	-0.1717152	0.1717152
POS_VALIDATION_00125	38	1	0.89288408	26	-74	T	-0.1652444	0.1652444
POS_VALIDATION_00125	39	1	0.89288408	154	54	G	-0.16212948	0.16212948
POS_VALIDATION_00125	40	1	0.89288408	95	-5	C	0.16172753	0.16172753
POS_VALIDATION_00125	41	1	0.89288408	102	2	T	-0.160254	0.160254
POS_VALIDATION_00125	42	1	0.89288408	141	41	A	-0.16022971	0.16022971
POS_VALIDATION_00125	43	1	0.89288408	7	-93	G	-0.15810724	0.15810724
POS_VALIDATION_00125	44	1	0.89288408	50	-50	G	-0.1536313	0.1536313
POS_VALIDATION_00125	45	1	0.89288408	81	-19	T	-0.15045367	0.15045367
POS_VALIDATION_00125	46	1	0.89288408	84	-16	G	-0.14498641	0.14498641
POS_VALIDATION_00125	47	1	0.89288408	115	15	G	-0.14247225	0.14247225
POS_VALIDATION_00125	48	1	0.89288408	69	-31	A	-0.14237116	0.14237116
POS_VALIDATION_00125	49	1	0.89288408	74	-26	A	-0.14088702	0.14088702
POS_VALIDATION_00125	50	1	0.89288408	80	-20	G	-0.13805965	0.13805965
POS_VALIDATION_00127	1	1	0.76839638	161	61	A	-0.83237845	0.83237845
POS_VALIDATION_00127	2	1	0.76839638	101	1	T	-0.76435781	0.76435781
POS_VALIDATION_00127	3	1	0.76839638	177	77	G	-0.50445938	0.50445938
POS_VALIDATION_00127	4	1	0.76839638	99	-1	C	0.46201277	0.46201277
POS_VALIDATION_00127	5	1	0.76839638	25	-75	C	-0.42582855	0.42582855
POS_VALIDATION_00127	6	1	0.76839638	110	10	G	-0.40804082	0.40804082
POS_VALIDATION_00127	7	1	0.76839638	131	31	C	-0.34584486	0.34584486
POS_VALIDATION_00127	8	1	0.76839638	198	98	C	-0.32650724	0.32650724
POS_VALIDATION_00127	9	1	0.76839638	75	-25	T	-0.30539936	0.30539936
POS_VALIDATION_00127	10	1	0.76839638	52	-48	A	-0.30511799	0.30511799
POS_VALIDATION_00127	11	1	0.76839638	66	-34	T	-0.29837894	0.29837894
POS_VALIDATION_00127	12	1	0.76839638	1	-99	A	0.27921233	0.27921233
POS_VALIDATION_00127	13	1	0.76839638	32	-68	G	-0.24557637	0.24557637
POS_VALIDATION_00127	14	1	0.76839638	108	8	C	0.24443327	0.24443327
POS_VALIDATION_00127	15	1	0.76839638	71	-29	C	0.23625419	0.23625419
POS_VALIDATION_00127	16	1	0.76839638	160	60	G	-0.23493686	0.23493686
POS_VALIDATION_00127	17	1	0.76839638	57	-43	G	-0.22786663	0.22786663
POS_VALIDATION_00127	18	1	0.76839638	184	84	G	-0.21155992	0.21155992
POS_VALIDATION_00127	19	1	0.76839638	141	41	T	-0.20791657	0.20791657
POS_VALIDATION_00127	20	1	0.76839638	193	93	C	-0.19209906	0.19209906
POS_VALIDATION_00127	21	1	0.76839638	3	-97	C	0.1908087	0.1908087
POS_VALIDATION_00127	22	1	0.76839638	56	-44	G	-0.18995559	0.18995559
POS_VALIDATION_00127	23	1	0.76839638	53	-47	G	-0.18373197	0.18373197
POS_VALIDATION_00127	24	1	0.76839638	143	43	C	0.18250719	0.18250719
POS_VALIDATION_00127	25	1	0.76839638	59	-41	G	-0.18129423	0.18129423
POS_VALIDATION_00127	26	1	0.76839638	152	52	C	0.18110672	0.18110672
POS_VALIDATION_00127	27	1	0.76839638	87	-13	C	-0.17687963	0.17687963
POS_VALIDATION_00127	28	1	0.76839638	169	69	G	-0.17260991	0.17260991
POS_VALIDATION_00127	29	1	0.76839638	42	-58	T	-0.16996199	0.16996199
POS_VALIDATION_00127	30	1	0.76839638	106	6	C	0.16626373	0.16626373
POS_VALIDATION_00127	31	1	0.76839638	81	-19	G	-0.16570294	0.16570294
POS_VALIDATION_00127	32	1	0.76839638	30	-70	T	-0.16569285	0.16569285
POS_VALIDATION_00127	33	1	0.76839638	166	66	C	-0.1592831	0.1592831
POS_VALIDATION_00127	34	1	0.76839638	109	9	C	0.14965102	0.14965102
POS_VALIDATION_00127	35	1	0.76839638	21	-79	A	-0.14603257	0.14603257
POS_VALIDATION_00127	36	1	0.76839638	162	62	G	-0.14410338	0.14410338
POS_VALIDATION_00127	37	1	0.76839638	151	51	G	-0.14312592	0.14312592
POS_VALIDATION_00127	38	1	0.76839638	47	-53	T	-0.14272246	0.14272246
POS_VALIDATION_00127	39	1	0.76839638	23	-77	G	-0.14025974	0.14025974
POS_VALIDATION_00127	40	1	0.76839638	36	-64	T	0.1390087	0.1390087
POS_VALIDATION_00127	41	1	0.76839638	191	91	T	0.13809472	0.13809472
POS_VALIDATION_00127	42	1	0.76839638	5	-95	T	0.13741346	0.13741346
POS_VALIDATION_00127	43	1	0.76839638	24	-76	C	-0.13669252	0.13669252
POS_VALIDATION_00127	44	1	0.76839638	6	-94	G	-0.13513669	0.13513669
POS_VALIDATION_00127	45	1	0.76839638	51	-49	G	-0.12806699	0.12806699
POS_VALIDATION_00127	46	1	0.76839638	92	-8	G	-0.12682094	0.12682094
POS_VALIDATION_00127	47	1	0.76839638	115	15	C	0.12648526	0.12648526
POS_VALIDATION_00127	48	1	0.76839638	77	-23	G	-0.12484845	0.12484845
POS_VALIDATION_00127	49	1	0.76839638	95	-5	C	0.12183567	0.12183567
POS_VALIDATION_00127	50	1	0.76839638	121	21	C	0.12110128	0.12110128
POS_VALIDATION_00128	1	1	0.79257071	113	13	C	1.0313768	1.0313768
POS_VALIDATION_00128	2	1	0.79257071	161	61	T	-0.97461295	0.97461295
POS_VALIDATION_00128	3	1	0.79257071	96	-4	C	0.92746907	0.92746907
POS_VALIDATION_00128	4	1	0.79257071	47	-53	G	-0.72597182	0.72597182
POS_VALIDATION_00128	5	1	0.79257071	23	-77	C	0.63060594	0.63060594
POS_VALIDATION_00128	6	1	0.79257071	45	-55	G	-0.61557823	0.61557823
POS_VALIDATION_00128	7	1	0.79257071	181	81	G	-0.57193065	0.57193065
POS_VALIDATION_00128	8	1	0.79257071	66	-34	G	-0.55237347	0.55237347
POS_VALIDATION_00128	9	1	0.79257071	15	-85	G	-0.44532454	0.44532454
POS_VALIDATION_00128	10	1	0.79257071	196	96	C	0.4210901	0.4210901
POS_VALIDATION_00128	11	1	0.79257071	154	54	C	-0.40642512	0.40642512
POS_VALIDATION_00128	12	1	0.79257071	116	16	G	-0.36759457	0.36759457
POS_VALIDATION_00128	13	1	0.79257071	140	40	G	-0.36438721	0.36438721
POS_VALIDATION_00128	14	1	0.79257071	76	-24	C	0.35675681	0.35675681
POS_VALIDATION_00128	15	1	0.79257071	99	-1	C	0.34983844	0.34983844
POS_VALIDATION_00128	16	1	0.79257071	0	-100	T	0.34536275	0.34536275
POS_VALIDATION_00128	17	1	0.79257071	105	5	C	0.29804006	0.29804006
POS_VALIDATION_00128	18	1	0.79257071	25	-75	G	-0.29711214	0.29711214
POS_VALIDATION_00128	19	1	0.79257071	169	69	G	-0.29356194	0.29356194
POS_VALIDATION_00128	20	1	0.79257071	51	-49	C	0.28754121	0.28754121
POS_VALIDATION_00128	21	1	0.79257071	42	-58	G	-0.28404984	0.28404984
POS_VALIDATION_00128	22	1	0.79257071	184	84	G	-0.27818871	0.27818871
POS_VALIDATION_00128	23	1	0.79257071	40	-60	G	-0.27423486	0.27423486
POS_VALIDATION_00128	24	1	0.79257071	193	93	C	-0.27191639	0.27191639
POS_VALIDATION_00128	25	1	0.79257071	90	-10	G	-0.27159694	0.27159694
POS_VALIDATION_00128	26	1	0.79257071	98	-2	C	0.26326877	0.26326877
POS_VALIDATION_00128	27	1	0.79257071	103	3	C	0.25723195	0.25723195
POS_VALIDATION_00128	28	1	0.79257071	28	-72	G	-0.25657481	0.25657481
POS_VALIDATION_00128	29	1	0.79257071	148	48	G	-0.2426966	0.2426966
POS_VALIDATION_00128	30	1	0.79257071	138	38	G	-0.23465887	0.23465887
POS_VALIDATION_00128	31	1	0.79257071	164	64	G	-0.23024401	0.23024401
POS_VALIDATION_00128	32	1	0.79257071	104	4	T	-0.22811134	0.22811134
POS_VALIDATION_00128	33	1	0.79257071	59	-41	G	-0.21071509	0.21071509
POS_VALIDATION_00128	34	1	0.79257071	58	-42	G	-0.20599893	0.20599893
POS_VALIDATION_00128	35	1	0.79257071	125	25	G	-0.20098108	0.20098108
POS_VALIDATION_00128	36	1	0.79257071	7	-93	G	-0.19819123	0.19819123
POS_VALIDATION_00128	37	1	0.79257071	8	-92	A	-0.1888303	0.1888303
POS_VALIDATION_00128	38	1	0.79257071	12	-88	G	-0.18845063	0.18845063
POS_VALIDATION_00128	39	1	0.79257071	167	67	G	-0.18778265	0.18778265
POS_VALIDATION_00128	40	1	0.79257071	93	-7	A	-0.18754984	0.18754984
POS_VALIDATION_00128	41	1	0.79257071	71	-29	C	0.18511552	0.18511552
POS_VALIDATION_00128	42	1	0.79257071	62	-38	C	-0.1795904	0.1795904
POS_VALIDATION_00128	43	1	0.79257071	108	8	C	0.17875317	0.17875317
POS_VALIDATION_00128	44	1	0.79257071	48	-52	G	-0.17209062	0.17209062
POS_VALIDATION_00128	45	1	0.79257071	52	-48	G	-0.16742842	0.16742842
POS_VALIDATION_00128	46	1	0.79257071	173	73	T	-0.16652729	0.16652729
POS_VALIDATION_00128	47	1	0.79257071	107	7	G	-0.16383761	0.16383761
POS_VALIDATION_00128	48	1	0.79257071	121	21	G	-0.16066317	0.16066317
POS_VALIDATION_00128	49	1	0.79257071	75	-25	A	-0.15288015	0.15288015
POS_VALIDATION_00128	50	1	0.79257071	150	50	C	0.15201807	0.15201807
POS_VALIDATION_00132	1	1	0.90382612	96	-4	C	1.1542132	1.1542132
POS_VALIDATION_00132	2	1	0.90382612	99	-1	C	0.70793545	0.70793545
POS_VALIDATION_00132	3	1	0.90382612	161	61	A	-0.66193706	0.66193706
POS_VALIDATION_00132	4	1	0.90382612	198	98	G	-0.59983277	0.59983277
POS_VALIDATION_00132	5	1	0.90382612	120	20	G	-0.4885233	0.4885233
POS_VALIDATION_00132	6	1	0.90382612	93	-7	T	-0.45943558	0.45943558
POS_VALIDATION_00132	7	1	0.90382612	66	-34	G	-0.43659353	0.43659353
POS_VALIDATION_00132	8	1	0.90382612	190	90	C	0.43595335	0.43595335
POS_VALIDATION_00132	9	1	0.90382612	32	-68	G	-0.43025702	0.43025702
POS_VALIDATION_00132	10	1	0.90382612	148	48	G	-0.38759798	0.38759798
POS_VALIDATION_00132	11	1	0.90382612	52	-48	A	-0.38059294	0.38059294
POS_VALIDATION_00132	12	1	0.90382612	178	78	C	0.35122219	0.35122219
POS_VALIDATION_00132	13	1	0.90382612	84	-16	T	-0.35071185	0.35071185
POS_VALIDATION_00132	14	1	0.90382612	142	42	G	-0.33913726	0.33913726
POS_VALIDATION_00132	15	1	0.90382612	116	16	G	-0.33389252	0.33389252
POS_VALIDATION_00132	16	1	0.90382612	152	52	C	0.3238343	0.3238343
POS_VALIDATION_00132	17	1	0.90382612	47	-53	T	-0.29949445	0.29949445
POS_VALIDATION_00132	18	1	0.90382612	28	-72	G	-0.29868731	0.29868731
POS_VALIDATION_00132	19	1	0.90382612	169	69	G	-0.28813082	0.28813082
POS_VALIDATION_00132	20	1	0.90382612	75	-25	C	0.28003496	0.28003496
POS_VALIDATION_00132	21	1	0.90382612	0	-100	G	-0.27989012	0.27989012
POS_VALIDATION_00132	22	1	0.90382612	170	70	C	0.26593357	0.26593357
POS_VALIDATION_00132	23	1	0.90382612	143	43	C	0.25877106	0.25877106
POS_VALIDATION_00132	24	1	0.90382612	98	-2	G	-0.25785315	0.25785315
POS_VALIDATION_00132	25	1	0.90382612	106	6	G	-0.25605065	0.25605065
POS_VALIDATION_00132	26	1	0.90382612	101	1	A	-0.24069841	0.24069841
POS_VALIDATION_00132	27	1	0.90382612	123	23	A	-0.23785841	0.23785841
POS_VALIDATION_00132	28	1	0.90382612	82	-18	C	0.23386224	0.23386224
POS_VALIDATION_00132	29	1	0.90382612	138	38	G	-0.23356596	0.23356596
POS_VALIDATION_00132	30	1	0.90382612	181	81	C	0.23001862	0.23001862
POS_VALIDATION_00132	31	1	0.90382612	153	53	G	-0.22225121	0.22225121
POS_VALIDATION_00132	32	1	0.90382612	139	39	G	-0.22072655	0.22072655
POS_VALIDATION_00132	33	1	0.90382612	95	-5	C	0.22037385	0.22037385
POS_VALIDATION_00132	34	1	0.90382612	90	-10	C	0.21271621	0.21271621
POS_VALIDATION_00132	35	1	0.90382612	173	73	T	-0.21257854	0.21257854
POS_VALIDATION_00132	36	1	0.90382612	193	93	C	-0.21255377	0.21255377
POS_VALIDATION_00132	37	1	0.90382612	7	-93	G	-0.21140656	0.21140656
POS_VALIDATION_00132	38	1	0.90382612	56	-44	T	0.20834176	0.20834176
POS_VALIDATION_00132	39	1	0.90382612	196	96	G	-0.19669379	0.19669379
POS_VALIDATION_00132	40	1	0.90382612	49	-51	C	0.19475543	0.19475543
POS_VALIDATION_00132	41	1	0.90382612	151	51	G	-0.19284919	0.19284919
POS_VALIDATION_00132	42	1	0.90382612	5	-95	G	-0.18567237	0.18567237
POS_VALIDATION_00132	43	1	0.90382612	137	37	G	-0.1816594	0.1816594
POS_VALIDATION_00132	44	1	0.90382612	166	66	C	-0.18133132	0.18133132
POS_VALIDATION_00132	45	1	0.90382612	92	-8	A	-0.17975642	0.17975642
POS_VALIDATION_00132	46	1	0.90382612	109	9	G	-0.17737418	0.17737418
POS_VALIDATION_00132	47	1	0.90382612	107	7	G	-0.17280787	0.17280787
POS_VALIDATION_00132	48	1	0.90382612	8	-92	T	-0.17070758	0.17070758
POS_VALIDATION_00132	49	1	0.90382612	154	54	G	-0.16851118	0.16851118
POS_VALIDATION_00132	50	1	0.90382612	184	84	T	-0.16716628	0.16716628
POS_VALIDATION_00133	1	1	0.92816997	113	13	C	0.81527501	0.81527501
POS_VALIDATION_00133	2	1	0.92816997	101	1	A	-0.53478771	0.53478771
POS_VALIDATION_00133	3	1	0.92816997	177	77	G	-0.33543175	0.33543175
POS_VALIDATION_00133	4	1	0.92816997	193	93	C	-0.33505917	0.33505917
POS_VALIDATION_00133	5	1	0.92816997	161	61	C	0.33029145	0.33029145
POS_VALIDATION_00133	6	1	0.92816997	196	96	C	0.29898208	0.29898208
POS_VALIDATION_00133	7	1	0.92816997	8	-92	C	-0.2822029	0.2822029
POS_VALIDATION_00133	8	1	0.92816997	76	-24	C	0.28173405	0.28173405
POS_VALIDATION_00133	9	1	0.92816997	116	16	C	-0.26007995	0.26007995
POS_VALIDATION_00133	10	1	0.92816997	173	73	G	-0.25148904	0.25148904
POS_VALIDATION_00133	11	1	0.92816997	125	25	C	-0.2439775	0.2439775
POS_VALIDATION_00133	12	1	0.92816997	169	69	G	-0.23807657	0.23807657
POS_VALIDATION_00133	13	1	0.92816997	52	-48	C	-0.22367558	0.22367558
POS_VALIDATION_00133	14	1	0.92816997	141	41	T	-0.22013742	0.22013742
POS_VALIDATION_00133	15	1	0.92816997	25	-75	G	-0.21165921	0.21165921
POS_VALIDATION_00133	16	1	0.92816997	0	-100	G	-0.20122898	0.20122898
POS_VALIDATION_00133	17	1	0.92816997	87	-13	C	-0.18983677	0.18983677
POS_VALIDATION_00133	18	1	0.92816997	32	-68	G	-0.18664603	0.18664603
POS_VALIDATION_00133	19	1	0.92816997	109	9	G	-0.18387616	0.18387616
POS_VALIDATION_00133	20	1	0.92816997	35	-65	C	-0.18189228	0.18189228
POS_VALIDATION_00133	21	1	0.92816997	74	-26	G	-0.17969187	0.17969187
POS_VALIDATION_00133	22	1	0.92816997	170	70	C	0.1743224	0.1743224
POS_VALIDATION_00133	23	1	0.92816997	42	-58	A	-0.17319393	0.17319393
POS_VALIDATION_00133	24	1	0.92816997	167	67	T	-0.17034563	0.17034563
POS_VALIDATION_00133	25	1	0.92816997	7	-93	G	-0.1639121	0.1639121
POS_VALIDATION_00133	26	1	0.92816997	56	-44	G	-0.16245706	0.16245706
POS_VALIDATION_00133	27	1	0.92816997	71	-29	C	0.15762675	0.15762675
POS_VALIDATION_00133	28	1	0.92816997	99	-1	T	0.15491907	0.15491907
POS_VALIDATION_00133	29	1	0.92816997	189	89	C	-0.15005441	0.15005441
POS_VALIDATION_00133	30	1	0.92816997	11	-89	G	-0.14621678	0.14621678
POS_VALIDATION_00133	31	1	0.92816997	84	-16	C	0.13911627	0.13911627
POS_VALIDATION_00133	32	1	0.92816997	53	-47	C	-0.13661098	0.13661098
POS_VALIDATION_00133	33	1	0.92816997	117	17	A	-0.13620247	0.13620247
POS_VALIDATION_00133	34	1	0.92816997	166	66	T	-0.13426307	0.13426307
POS_VALIDATION_00133	35	1	0.92816997	55	-45	G	-0.13154277	0.13154277
POS_VALIDATION_00133	36	1	0.92816997	154	54	G	-0.12961131	0.12961131
POS_VALIDATION_00133	37	1	0.92816997	86	-14	T	0.12913638	0.12913638
POS_VALIDATION_00133	38	1	0.92816997	3	-97	C	0.12640753	0.12640753
POS_VALIDATION_00133	39	1	0.92816997	106	6	C	0.12631284	0.12631284
POS_VALIDATION_00133	40	1	0.92816997	104	4	G	-0.1205305	0.1205305
POS_VALIDATION_00133	41	1	0.92816997	89	-11	G	-0.11585964	0.11585964
POS_VALIDATION_00133	42	1	0.92816997	178	78	G	-0.11215131	0.11215131
POS_VALIDATION_00133	43	1	0.92816997	138	38	T	-0.11205384	0.11205384
POS_VALIDATION_00133	44	1	0.92816997	153	53	G	-0.11191207	0.11191207
POS_VALIDATION_00133	45	1	0.92816997	92	-8	G	-0.10726836	0.10726836
POS_VALIDATION_00133	46	1	0.92816997	75	-25	C	0.10505101	0.10505101
POS_VALIDATION_00133	47	1	0.92816997	143	43	A	-0.10303319	0.10303319
POS_VALIDATION_00133	48	1	0.92816997	47	-53	C	-0.097947411	0.097947411
POS_VALIDATION_00133	49	1	0.92816997	24	-76	T	-0.094443977	0.094443977
POS_VALIDATION_00133	50	1	0.92816997	2	-98	C	-0.094030857	0.094030857
POS_VALIDATION_00134	1	1	0.94426751	47	-53	G	-0.91782928	0.91782928
POS_VALIDATION_00134	2	1	0.94426751	101	1	T	-0.86040908	0.86040908
POS_VALIDATION_00134	3	1	0.94426751	161	61	T	-0.70204395	0.70204395
POS_VALIDATION_00134	4	1	0.94426751	105	5	C	0.60444492	0.60444492
POS_VALIDATION_00134	5	1	0.94426751	75	-25	C	0.49349952	0.49349952
POS_VALIDATION_00134	6	1	0.94426751	98	-2	G	-0.46058095	0.46058095
POS_VALIDATION_00134	7	1	0.94426751	110	10	G	-0.42986655	0.42986655
POS_VALIDATION_00134	8	1	0.94426751	106	6	C	0.4102515	0.4102515
POS_VALIDATION_00134	9	1	0.94426751	151	51	C	0.38619649	0.38619649
POS_VALIDATION_00134	10	1	0.94426751	35	-65	T	0.37536222	0.37536222
POS_VALIDATION_00134	11	1	0.94426751	167	67	G	-0.36974835	0.36974835
POS_VALIDATION_00134	12	1	0.94426751	126	26	T	-0.36339223	0.36339223
POS_VALIDATION_00134	13	1	0.94426751	132	32	G	-0.36181349	0.36181349
POS_VALIDATION_00134	14	1	0.94426751	41	-59	G	-0.35077608	0.35077608
POS_VALIDATION_00134	15	1	0.94426751	0	-100	G	-0.35001686	0.35001686
POS_VALIDATION_00134	16	1	0.94426751	123	23	C	0.34989861	0.34989861
POS_VALIDATION_00134	17	1	0.94426751	116	16	G	-0.34636274	0.34636274
POS_VALIDATION_00134	18	1	0.94426751	51	-49	C	0.34054887	0.34054887
POS_VALIDATION_00134	19	1	0.94426751	142	42	C	0.33240521	0.33240521
POS_VALIDATION_00134	20	1	0.94426751	90	-10	G	-0.32336375	0.32336375
POS_VALIDATION_00134	21	1	0.94426751	87	-13	G	-0.31621554	0.31621554
POS_VALIDATION_00134	22	1	0.94426751	56	-44	G	-0.31521714	0.31521714
POS_VALIDATION_00134	23	1	0.94426751	125	25	G	-0.30207688	0.30207688
POS_VALIDATION_00134	24	1	0.94426751	82	-18	C	0.30176461	0.30176461
POS_VALIDATION_00134	25	1	0.94426751	162	62	G	-0.28127238	0.28127238
POS_VALIDATION_00134	26	1	0.94426751	42	-58	G	-0.27693236	0.27693236
POS_VALIDATION_00134	27	1	0.94426751	166	66	G	-0.27500457	0.27500457
POS_VALIDATION_00134	28	1	0.94426751	152	52	C	0.27369109	0.27369109
POS_VALIDATION_00134	29	1	0.94426751	196	96	G	-0.25812483	0.25812483
POS_VALIDATION_00134	30	1	0.94426751	15	-85	C	0.25415918	0.25415918
POS_VALIDATION_00134	31	1	0.94426751	99	-1	T	0.24831972	0.24831972
POS_VALIDATION_00134	32	1	0.94426751	81	-19	G	-0.24704136	0.24704136
POS_VALIDATION_00134	33	1	0.94426751	160	60	G	-0.24693426	0.24693426
POS_VALIDATION_00134	34	1	0.94426751	154	54	G	-0.24143909	0.24143909
POS_VALIDATION_00134	35	1	0.94426751	97	-3	C	0.23343879	0.23343879
POS_VALIDATION_00134	36	1	0.94426751	119	19	G	-0.22419332	0.22419332
POS_VALIDATION_00134	37	1	0.94426751	80	-20	G	-0.22083983	0.22083983
POS_VALIDATION_00134	38	1	0.94426751	23	-77	G	-0.20564269	0.20564269
POS_VALIDATION_00134	39	1	0.94426751	67	-33	C	0.2055985	0.2055985
POS_VALIDATION_00134	40	1	0.94426751	50	-50	G	-0.20149699	0.20149699
POS_VALIDATION_00134	41	1	0.94426751	88	-12	C	0.200443	0.200443
POS_VALIDATION_00134	42	1	0.94426751	27	-73	C	0.19622006	0.19622006
POS_VALIDATION_00134	43	1	0.94426751	77	-23	G	-0.19607453	0.19607453
POS_VALIDATION_00134	44	1	0.94426751	129	29	G	-0.19317104	0.19317104
POS_VALIDATION_00134	45	1	0.94426751	122	22	G	-0.19062257	0.19062257
POS_VALIDATION_00134	46	1	0.94426751	177	77	C	0.18615186	0.18615186
POS_VALIDATION_00134	47	1	0.94426751	115	15	A	0.18253514	0.18253514
POS_VALIDATION_00134	48	1	0.94426751	138	38	A	-0.18246257	0.18246257
POS_VALIDATION_00134	49	1	0.94426751	37	-63	G	-0.17750542	0.17750542
POS_VALIDATION_00134	50	1	0.94426751	14	-86	T	-0.17522034	0.17522034
POS_VALIDATION_00135	1	1	0.75153494	42	-58	C	-1.110148	1.110148
POS_VALIDATION_00135	2	1	0.75153494	113	13	C	0.91434973	0.91434973
POS_VALIDATION_00135	3	1	0.75153494	101	1	T	-0.55131924	0.55131924
POS_VALIDATION_00135	4	1	0.75153494	161	61	C	0.39868873	0.39868873
POS_VALIDATION_00135	5	1	0.75153494	98	-2	G	-0.39468178	0.39468178
POS_VALIDATION_00135	6	1	0.75153494	76	-24	C	0.35812044	0.35812044
POS_VALIDATION_00135	7	1	0.75153494	110	10	G	-0.34556484	0.34556484
POS_VALIDATION_00135	8	1	0.75153494	84	-16	T	-0.33769616	0.33769616
POS_VALIDATION_00135	9	1	0.75153494	15	-85	G	-0.30905455	0.30905455
POS_VALIDATION_00135	10	1	0.75153494	138	38	A	-0.30325699	0.30325699
POS_VALIDATION_00135	11	1	0.75153494	120	20	G	-0.3028391	0.3028391
POS_VALIDATION_00135	12	1	0.75153494	75	-25	A	-0.28512478	0.28512478
POS_VALIDATION_00135	13	1	0.75153494	190	90	C	0.28119379	0.28119379
POS_VALIDATION_00135	14	1	0.75153494	0	-100	T	0.27392921	0.27392921
POS_VALIDATION_00135	15	1	0.75153494	171	71	G	-0.25374126	0.25374126
POS_VALIDATION_00135	16	1	0.75153494	103	3	C	0.24748075	0.24748075
POS_VALIDATION_00135	17	1	0.75153494	28	-72	G	-0.2236917	0.2236917
POS_VALIDATION_00135	18	1	0.75153494	167	67	G	-0.22119349	0.22119349
POS_VALIDATION_00135	19	1	0.75153494	141	41	A	-0.2199049	0.2199049
POS_VALIDATION_00135	20	1	0.75153494	52	-48	A	-0.21650536	0.21650536
POS_VALIDATION_00135	21	1	0.75153494	118	18	A	0.20442641	0.20442641
POS_VALIDATION_00135	22	1	0.75153494	106	6	G	-0.19616771	0.19616771
POS_VALIDATION_00135	23	1	0.75153494	59	-41	G	-0.18771356	0.18771356
POS_VALIDATION_00135	24	1	0.75153494	153	53	C	0.18652883	0.18652883
POS_VALIDATION_00135	25	1	0.75153494	125	25	G	-0.18347512	0.18347512
POS_VALIDATION_00135	26	1	0.75153494	7	-93	G	-0.17969981	0.17969981
POS_VALIDATION_00135	27	1	0.75153494	193	93	G	-0.17538607	0.17538607
POS_VALIDATION_00135	28	1	0.75153494	81	-19	G	-0.17130157	0.17130157
POS_VALIDATION_00135	29	1	0.75153494	8	-92	A	-0.16988988	0.16988988
POS_VALIDATION_00135	30	1	0.75153494	25	-75	G	-0.16834693	0.16834693
POS_VALIDATION_00135	31	1	0.75153494	184	84	C	-0.16563004	0.16563004
POS_VALIDATION_00135	32	1	0.75153494	53	-47	G	-0.16504377	0.16504377
POS_VALIDATION_00135	33	1	0.75153494	108	8	G	-0.16449614	0.16449614
POS_VALIDATION_00135	34	1	0.75153494	66	-34	T	-0.16028173	0.16028173
POS_VALIDATION_00135	35	1	0.75153494	6	-94	A	-0.15703218	0.15703218
POS_VALIDATION_00135	36	1	0.75153494	121	21	C	0.15620434	0.15620434
POS_VALIDATION_00135	37	1	0.75153494	124	24	A	-0.1545258	0.1545258
POS_VALIDATION_00135	38	1	0.75153494	135	35	G	-0.15302089	0.15302089
POS_VALIDATION_00135	39	1	0.75153494	47	-53	T	-0.15191822	0.15191822
POS_VALIDATION_00135	40	1	0.75153494	139	39	G	-0.14909638	0.14909638
POS_VALIDATION_00135	41	1	0.75153494	99	-1	A	-0.14855847	0.14855847
POS_VALIDATION_00135	42	1	0.75153494	61	-39	C	0.14420469	0.14420469
POS_VALIDATION_00135	43	1	0.75153494	12	-88	G	-0.14235479	0.14235479
POS_VALIDATION_00135	44	1	0.75153494	24	-76	C	-0.14216268	0.14216268
POS_VALIDATION_00135	45	1	0.75153494	69	-31	C	0.14069426	0.14069426
POS_VALIDATION_00135	46	1	0.75153494	87	-13	C	-0.13955036	0.13955036
POS_VALIDATION_00135	47	1	0.75153494	151	51	T	-0.13879062	0.13879062
POS_VALIDATION_00135	48	1	0.75153494	36	-64	T	0.13217907	0.13217907
POS_VALIDATION_00135	49	1	0.75153494	150	50	G	-0.13214681	0.13214681
POS_VALIDATION_00135	50	1	0.75153494	176	76	G	-0.13064295	0.13064295
POS_VALIDATION_00136	1	1	0.85959405	96	-4	C	1.324926	1.324926
POS_VALIDATION_00136	2	1	0.85959405	195	95	G	-1.229413	1.229413
POS_VALIDATION_00136	3	1	0.85959405	84	-16	C	0.93780136	0.93780136
POS_VALIDATION_00136	4	1	0.85959405	99	-1	C	0.91186142	0.91186142
POS_VALIDATION_00136	5	1	0.85959405	42	-58	C	-0.64250696	0.64250696
POS_VALIDATION_00136	6	1	0.85959405	120	20	G	-0.61011422	0.61011422
POS_VALIDATION_00136	7	1	0.85959405	190	90	C	0.59428966	0.59428966
POS_VALIDATION_00136	8	1	0.85959405	173	73	C	0.5879029	0.5879029
POS_VALIDATION_00136	9	1	0.85959405	93	-7	T	-0.58108842	0.58108842
POS_VALIDATION_00136	10	1	0.85959405	198	98	G	-0.56355262	0.56355262
POS_VALIDATION_00136	11	1	0.85959405	178	78	C	0.47020251	0.47020251
POS_VALIDATION_00136	12	1	0.85959405	24	-76	G	-0.46683186	0.46683186
POS_VALIDATION_00136	13	1	0.85959405	110	10	G	-0.44927406	0.44927406
POS_VALIDATION_00136	14	1	0.85959405	148	48	G	-0.42501992	0.42501992
POS_VALIDATION_00136	15	1	0.85959405	116	16	G	-0.42500186	0.42500186
POS_VALIDATION_00136	16	1	0.85959405	181	81	C	0.41605183	0.41605183
POS_VALIDATION_00136	17	1	0.85959405	170	70	C	0.40861684	0.40861684
POS_VALIDATION_00136	18	1	0.85959405	66	-34	G	-0.39009678	0.39009678
POS_VALIDATION_00136	19	1	0.85959405	52	-48	A	-0.36850426	0.36850426
POS_VALIDATION_00136	20	1	0.85959405	152	52	C	0.35862657	0.35862657
POS_VALIDATION_00136	21	1	0.85959405	82	-18	C	0.34851626	0.34851626
POS_VALIDATION_00136	22	1	0.85959405	30	-70	C	0.3449302	0.3449302
POS_VALIDATION_00136	23	1	0.85959405	142	42	G	-0.33885106	0.33885106
POS_VALIDATION_00136	24	1	0.85959405	15	-85	G	-0.33428222	0.33428222
POS_VALIDATION_00136	25	1	0.85959405	101	1	A	-0.3166486	0.3166486
POS_VALIDATION_00136	26	1	0.85959405	95	-5	C	0.28580427	0.28580427
POS_VALIDATION_00136	27	1	0.85959405	25	-75	G	-0.28429088	0.28429088
POS_VALIDATION_00136	28	1	0.85959405	0	-100	A	0.28312081	0.28312081
POS_VALIDATION_00136	29	1	0.85959405	106	6	G	-0.28182188	0.28182188
POS_VALIDATION_00136	30	1	0.85959405	111	11	C	0.2553978	0.2553978
POS_VALIDATION_00136	31	1	0.85959405	16	-84	G	-0.2485643	0.2485643
POS_VALIDATION_00136	32	1	0.85959405	94	-6	C	0.24805094	0.24805094
POS_VALIDATION_00136	33	1	0.85959405	138	38	G	-0.2422149	0.2422149
POS_VALIDATION_00136	34	1	0.85959405	143	43	C	0.24155295	0.24155295
POS_VALIDATION_00136	35	1	0.85959405	184	84	C	0.24134287	0.24134287
POS_VALIDATION_00136	36	1	0.85959405	7	-93	G	-0.2378096	0.2378096
POS_VALIDATION_00136	37	1	0.85959405	67	-33	C	0.23752397	0.23752397
POS_VALIDATION_00136	38	1	0.85959405	160	60	G	-0.23678486	0.23678486
POS_VALIDATION_00136	39	1	0.85959405	56	-44	A	0.23521987	0.23521987
POS_VALIDATION_00136	40	1	0.85959405	139	39	G	-0.23202941	0.23202941
POS_VALIDATION_00136	41	1	0.85959405	167	67	G	-0.22894369	0.22894369
POS_VALIDATION_00136	42	1	0.85959405	8	-92	A	-0.22690423	0.22690423
POS_VALIDATION_00136	43	1	0.85959405	75	-25	G	-0.22008577	0.22008577
POS_VALIDATION_00136	44	1	0.85959405	151	51	G	-0.21742469	0.21742469
POS_VALIDATION_00136	45	1	0.85959405	18	-82	C	0.21437354	0.21437354
POS_VALIDATION_00136	46	1	0.85959405	17	-83	C	0.21329713	0.21329713
POS_VALIDATION_00136	47	1	0.85959405	123	23	A	-0.21109067	0.21109067
POS_VALIDATION_00136	48	1	0.85959405	147	47	G	-0.21048732	0.21048732
POS_VALIDATION_00136	49	1	0.85959405	32	-68	T	-0.20031786	0.20031786
POS_VALIDATION_00136	50	1	0.85959405	137	37	G	-0.19457099	0.19457099
POS_VALIDATION_00137	1	1	0.96338654	120	20	G	-0.83303291	0.83303291
POS_VALIDATION_00137	2	1	0.96338654	99	-1	C	0.8172245	0.8172245
POS_VALIDATION_00137	3	1	0.96338654	173	73	C	0.74186701	0.74186701
POS_VALIDATION_00137	4	1	0.96338654	35	-65	G	-0.5770852	0.5770852
POS_VALIDATION_00137	5	1	0.96338654	93	-7	T	-0.54935455	0.54935455
POS_VALIDATION_00137	6	1	0.96338654	75	-25	C	0.49355188	0.49355188
POS_VALIDATION_00137	7	1	0.96338654	45	-55	G	-0.47530133	0.47530133
POS_VALIDATION_00137	8	1	0.96338654	51	-49	C	0.47152585	0.47152585
POS_VALIDATION_00137	9	1	0.96338654	142	42	C	0.4533053	0.4533053
POS_VALIDATION_00137	10	1	0.96338654	66	-34	C	-0.39154717	0.39154717
POS_VALIDATION_00137	11	1	0.96338654	111	11	G	-0.37324086	0.37324086
POS_VALIDATION_00137	12	1	0.96338654	145	45	C	0.36465621	0.36465621
POS_VALIDATION_00137	13	1	0.96338654	167	67	C	0.36269104	0.36269104
POS_VALIDATION_00137	14	1	0.96338654	149	49	C	0.35012561	0.35012561
POS_VALIDATION_00137	15	1	0.96338654	153	53	G	-0.3450951	0.3450951
POS_VALIDATION_00137	16	1	0.96338654	11	-89	C	0.33601153	0.33601153
POS_VALIDATION_00137	17	1	0.96338654	21	-79	C	0.33506185	0.33506185
POS_VALIDATION_00137	18	1	0.96338654	132	32	C	0.33268487	0.33268487
POS_VALIDATION_00137	19	1	0.96338654	0	-100	G	-0.32972652	0.32972652
POS_VALIDATION_00137	20	1	0.96338654	40	-60	G	-0.31900615	0.31900615
POS_VALIDATION_00137	21	1	0.96338654	162	62	G	-0.30789325	0.30789325
POS_VALIDATION_00137	22	1	0.96338654	106	6	G	-0.29700065	0.29700065
POS_VALIDATION_00137	23	1	0.96338654	7	-93	G	-0.29633784	0.29633784
POS_VALIDATION_00137	24	1	0.96338654	98	-2	C	0.29499578	0.29499578
POS_VALIDATION_00137	25	1	0.96338654	74	-26	G	-0.29424471	0.29424471
POS_VALIDATION_00137	26	1	0.96338654	109	9	G	-0.28306538	0.28306538
POS_VALIDATION_00137	27	1	0.96338654	123	23	C	0.28142816	0.28142816
POS_VALIDATION_00137	28	1	0.96338654	196	96	G	-0.28032672	0.28032672
POS_VALIDATION_00137	29	1	0.96338654	139	39	G	-0.27364486	0.27364486
POS_VALIDATION_00137	30	1	0.96338654	125	25	G	-0.27163464	0.27163464
POS_VALIDATION_00137	31	1	0.96338654	80	-20	G	-0.2710872	0.2710872
POS_VALIDATION_00137	32	1	0.96338654	151	51	G	-0.2630904	0.2630904
POS_VALIDATION_00137	33	1	0.96338654	147	47	G	-0.24950992	0.24950992
POS_VALIDATION_00137	34	1	0.96338654	56	-44	A	0.24838023	0.24838023
POS_VALIDATION_00137	35	1	0.96338654	42	-58	G	-0.24750617	0.24750617
POS_VALIDATION_00137	36	1	0.96338654	126	26	A	-0.24414288	0.24414288
POS_VALIDATION_00137	37	1	0.96338654	84	-16	G	-0.24220088	0.24220088
POS_VALIDATION_00137	38	1	0.96338654	90	-10	C	0.234429	0.234429
POS_VALIDATION_00137	39	1	0.96338654	53	-47	G	-0.22903128	0.22903128
POS_VALIDATION_00137	40	1	0.96338654	77	-23	G	-0.22430676	0.22430676
POS_VALIDATION_00137	41	1	0.96338654	81	-19	C	0.21967538	0.21967538
POS_VALIDATION_00137	42	1	0.96338654	58	-42	C	0.21756549	0.21756549
POS_VALIDATION_00137	43	1	0.96338654	32	-68	T	-0.21361195	0.21361195
POS_VALIDATION_00137	44	1	0.96338654	157	57	C	0.21238479	0.21238479
POS_VALIDATION_00137	45	1	0.96338654	172	72	T	-0.2106711	0.2106711
POS_VALIDATION_00137	46	1	0.96338654	115	15	G	-0.20829758	0.20829758
POS_VALIDATION_00137	47	1	0.96338654	46	-54	C	0.20042945	0.20042945
POS_VALIDATION_00137	48	1	0.96338654	161	61	G	-0.20034762	0.20034762
POS_VALIDATION_00137	49	1	0.96338654	50	-50	C	0.19930509	0.19930509
POS_VALIDATION_00137	50	1	0.96338654	43	-57	G	-0.18980235	0.18980235
POS_VALIDATION_00139	1	1	0.86184949	113	13	C	1.1891074	1.1891074
POS_VALIDATION_00139	2	1	0.86184949	45	-55	G	-0.77193403	0.77193403
POS_VALIDATION_00139	3	1	0.86184949	101	1	T	-0.75922531	0.75922531
POS_VALIDATION_00139	4	1	0.86184949	161	61	A	-0.75690019	0.75690019
POS_VALIDATION_00139	5	1	0.86184949	105	5	C	0.70001805	0.70001805
POS_VALIDATION_00139	6	1	0.86184949	66	-34	G	-0.67553025	0.67553025
POS_VALIDATION_00139	7	1	0.86184949	106	6	C	0.52914774	0.52914774
POS_VALIDATION_00139	8	1	0.86184949	110	10	G	-0.51848435	0.51848435
POS_VALIDATION_00139	9	1	0.86184949	103	3	C	0.42391819	0.42391819
POS_VALIDATION_00139	10	1	0.86184949	24	-76	G	-0.41815776	0.41815776
POS_VALIDATION_00139	11	1	0.86184949	35	-65	T	0.40091085	0.40091085
POS_VALIDATION_00139	12	1	0.86184949	69	-31	C	0.35766605	0.35766605
POS_VALIDATION_00139	13	1	0.86184949	84	-16	T	-0.3404144	0.3404144
POS_VALIDATION_00139	14	1	0.86184949	198	98	C	-0.33309931	0.33309931
POS_VALIDATION_00139	15	1	0.86184949	55	-45	G	-0.32673723	0.32673723
POS_VALIDATION_00139	16	1	0.86184949	41	-59	G	-0.3140831	0.3140831
POS_VALIDATION_00139	17	1	0.86184949	119	19	C	0.30849978	0.30849978
POS_VALIDATION_00139	18	1	0.86184949	98	-2	G	-0.30614805	0.30614805
POS_VALIDATION_00139	19	1	0.86184949	42	-58	G	-0.30253288	0.30253288
POS_VALIDATION_00139	20	1	0.86184949	120	20	C	0.29466617	0.29466617
POS_VALIDATION_00139	21	1	0.86184949	185	85	G	-0.29115844	0.29115844
POS_VALIDATION_00139	22	1	0.86184949	16	-84	G	-0.2894842	0.2894842
POS_VALIDATION_00139	23	1	0.86184949	57	-43	G	-0.28123254	0.28123254
POS_VALIDATION_00139	24	1	0.86184949	52	-48	C	-0.27752572	0.27752572
POS_VALIDATION_00139	25	1	0.86184949	74	-26	G	-0.26095727	0.26095727
POS_VALIDATION_00139	26	1	0.86184949	167	67	G	-0.25789255	0.25789255
POS_VALIDATION_00139	27	1	0.86184949	56	-44	A	0.25548714	0.25548714
POS_VALIDATION_00139	28	1	0.86184949	50	-50	G	-0.25285327	0.25285327
POS_VALIDATION_00139	29	1	0.86184949	132	32	G	-0.25175595	0.25175595
POS_VALIDATION_00139	30	1	0.86184949	6	-94	G	-0.24705154	0.24705154
POS_VALIDATION_00139	31	1	0.86184949	141	41	T	-0.23862028	0.23862028
POS_VALIDATION_00139	32	1	0.86184949	75	-25	A	-0.23778993	0.23778993
POS_VALIDATION_00139	33	1	0.86184949	10	-90	G	-0.23525904	0.23525904
POS_VALIDATION_00139	34	1	0.86184949	54	-46	G	-0.23000446	0.23000446
POS_VALIDATION_00139	35	1	0.86184949	108	8	C	0.22387269	0.22387269
POS_VALIDATION_00139	36	1	0.86184949	123	23	G	-0.20634942	0.20634942
POS_VALIDATION_00139	37	1	0.86184949	87	-13	C	-0.20118655	0.20118655
POS_VALIDATION_00139	38	1	0.86184949	122	22	G	-0.19703975	0.19703975
POS_VALIDATION_00139	39	1	0.86184949	77	-23	G	-0.19693181	0.19693181
POS_VALIDATION_00139	40	1	0.86184949	0	-100	A	0.1934115	0.1934115
POS_VALIDATION_00139	41	1	0.86184949	78	-22	C	0.18977818	0.18977818
POS_VALIDATION_00139	42	1	0.86184949	124	24	G	-0.18166234	0.18166234
POS_VALIDATION_00139	43	1	0.86184949	96	-4	G	-0.18014506	0.18014506
POS_VALIDATION_00139	44	1	0.86184949	4	-96	G	-0.17875701	0.17875701
POS_VALIDATION_00139	45	1	0.86184949	34	-66	C	0.17442459	0.17442459
POS_VALIDATION_00139	46	1	0.86184949	61	-39	C	0.17286164	0.17286164
POS_VALIDATION_00139	47	1	0.86184949	173	73	A	-0.17018145	0.17018145
POS_VALIDATION_00139	48	1	0.86184949	30	-70	C	0.16903774	0.16903774
POS_VALIDATION_00139	49	1	0.86184949	92	-8	A	-0.16542318	0.16542318
POS_VALIDATION_00139	50	1	0.86184949	11	-89	G	-0.16416562	0.16416562
POS_VALIDATION_00141	1	1	0.92188179	47	-53	G	-0.69465959	0.69465959
POS_VALIDATION_00141	2	1	0.92188179	161	61	A	-0.64598793	0.64598793
POS_VALIDATION_00141	3	1	0.92188179	99	-1	C	0.61992449	0.61992449
POS_VALIDATION_00141	4	1	0.92188179	0	-100	G	-0.59765923	0.59765923
POS_VALIDATION_00141	5	1	0.92188179	101	1	T	-0.57760727	0.57760727
POS_VALIDATION_00141	6	1	0.92188179	129	29	C	0.48237851	0.48237851
POS_VALIDATION_00141	7	1	0.92188179	82	-18	C	0.44534755	0.44534755
POS_VALIDATION_00141	8	1	0.92188179	87	-13	G	-0.43917602	0.43917602
POS_VALIDATION_00141	9	1	0.92188179	140	40	G	-0.43756533	0.43756533
POS_VALIDATION_00141	10	1	0.92188179	41	-59	G	-0.4249666	0.4249666
POS_VALIDATION_00141	11	1	0.92188179	24	-76	G	-0.41671017	0.41671017
POS_VALIDATION_00141	12	1	0.92188179	75	-25	C	0.404522	0.404522
POS_VALIDATION_00141	13	1	0.92188179	106	6	C	0.39551011	0.39551011
POS_VALIDATION_00141	14	1	0.92188179	94	-6	G	-0.36618841	0.36618841
POS_VALIDATION_00141	15	1	0.92188179	40	-60	G	-0.35760003	0.35760003
POS_VALIDATION_00141	16	1	0.92188179	28	-72	G	-0.35395053	0.35395053
POS_VALIDATION_00141	17	1	0.92188179	143	43	C	0.34812844	0.34812844
POS_VALIDATION_00141	18	1	0.92188179	81	-19	G	-0.33780447	0.33780447
POS_VALIDATION_00141	19	1	0.92188179	51	-49	C	0.33157161	0.33157161
POS_VALIDATION_00141	20	1	0.92188179	120	20	C	0.3147822	0.3147822
POS_VALIDATION_00141	21	1	0.92188179	98	-2	G	-0.30688035	0.30688035
POS_VALIDATION_00141	22	1	0.92188179	3	-97	C	0.29626083	0.29626083
POS_VALIDATION_00141	23	1	0.92188179	56	-44	A	0.28563589	0.28563589
POS_VALIDATION_00141	24	1	0.92188179	50	-50	G	-0.28337497	0.28337497
POS_VALIDATION_00141	25	1	0.92188179	69	-31	G	-0.24136411	0.24136411
POS_VALIDATION_00141	26	1	0.92188179	115	15	G	-0.23554178	0.23554178
POS_VALIDATION_00141	27	1	0.92188179	109	9	G	-0.23285104	0.23285104
POS_VALIDATION_00141	28	1	0.92188179	93	-7	G	-0.23198046	0.23198046
POS_VALIDATION_00141	29	1	0.92188179	77	-23	G	-0.23176169	0.23176169
POS_VALIDATION_00141	30	1	0.92188179	102	2	G	-0.22940961	0.22940961
POS_VALIDATION_00141	31	1	0.92188179	58	-42	G	-0.22573668	0.22573668
POS_VALIDATION_00141	32	1	0.92188179	74	-26	T	-0.22308937	0.22308937
POS_VALIDATION_00141	33	1	0.92188179	119	19	C	0.21745813	0.21745813
POS_VALIDATION_00141	34	1	0.92188179	61	-39	C	0.2120136	0.2120136
POS_VALIDATION_00141	35	1	0.92188179	122	22	G	-0.20697442	0.20697442
POS_VALIDATION_00141	36	1	0.92188179	132	32	C	0.20500146	0.20500146
POS_VALIDATION_00141	37	1	0.92188179	104	4	G	-0.20441851	0.20441851
POS_VALIDATION_00141	38	1	0.92188179	184	84	T	-0.19829336	0.19829336
POS_VALIDATION_00141	39	1	0.92188179	150	50	A	0.19261152	0.19261152
POS_VALIDATION_00141	40	1	0.92188179	6	-94	T	-0.19109553	0.19109553
POS_VALIDATION_00141	41	1	0.92188179	37	-63	G	-0.19020638	0.19020638
POS_VALIDATION_00141	42	1	0.92188179	71	-29	G	-0.18800974	0.18800974
POS_VALIDATION_00141	43	1	0.92188179	136	36	G	-0.18719879	0.18719879
POS_VALIDATION_00141	44	1	0.92188179	141	41	A	-0.18131103	0.18131103
POS_VALIDATION_00141	45	1	0.92188179	123	23	C	0.18119374	0.18119374
POS_VALIDATION_00141	46	1	0.92188179	66	-34	C	-0.18089563	0.18089563
POS_VALIDATION_00141	47	1	0.92188179	107	7	C	0.18069947	0.18069947
POS_VALIDATION_00141	48	1	0.92188179	144	44	G	-0.180684	0.180684
POS_VALIDATION_00141	49	1	0.92188179	22	-78	G	-0.17873912	0.17873912
POS_VALIDATION_00141	50	1	0.92188179	78	-22	G	-0.17261209	0.17261209
POS_VALIDATION_00142	1	1	0.89665508	161	61	A	-0.6506207	0.6506207
POS_VALIDATION_00142	2	1	0.89665508	45	-55	G	-0.57526797	0.57526797
POS_VALIDATION_00142	3	1	0.89665508	35	-65	G	-0.49645421	0.49645421
POS_VALIDATION_00142	4	1	0.89665508	106	6	C	0.44658214	0.44658214
POS_VALIDATION_00142	5	1	0.89665508	0	-100	T	0.38341287	0.38341287
POS_VALIDATION_00142	6	1	0.89665508	96	-4	C	0.37794453	0.37794453
POS_VALIDATION_00142	7	1	0.89665508	68	-32	G	-0.33374977	0.33374977
POS_VALIDATION_00142	8	1	0.89665508	82	-18	C	0.31344724	0.31344724
POS_VALIDATION_00142	9	1	0.89665508	69	-31	T	-0.30839062	0.30839062
POS_VALIDATION_00142	10	1	0.89665508	105	5	C	0.28460398	0.28460398
POS_VALIDATION_00142	11	1	0.89665508	57	-43	G	-0.27781814	0.27781814
POS_VALIDATION_00142	12	1	0.89665508	138	38	A	-0.27739051	0.27739051
POS_VALIDATION_00142	13	1	0.89665508	151	51	T	-0.26829982	0.26829982
POS_VALIDATION_00142	14	1	0.89665508	173	73	T	-0.26716557	0.26716557
POS_VALIDATION_00142	15	1	0.89665508	139	39	G	-0.24780381	0.24780381
POS_VALIDATION_00142	16	1	0.89665508	101	1	G	-0.24402621	0.24402621
POS_VALIDATION_00142	17	1	0.89665508	125	25	G	-0.23934983	0.23934983
POS_VALIDATION_00142	18	1	0.89665508	97	-3	G	-0.22821929	0.22821929
POS_VALIDATION_00142	19	1	0.89665508	90	-10	G	-0.21298793	0.21298793
POS_VALIDATION_00142	20	1	0.89665508	40	-60	G	-0.21295476	0.21295476
POS_VALIDATION_00142	21	1	0.89665508	12	-88	G	-0.20692042	0.20692042
POS_VALIDATION_00142	22	1	0.89665508	79	-21	G	-0.20517829	0.20517829
POS_VALIDATION_00142	23	1	0.89665508	113	13	T	-0.20106912	0.20106912
POS_VALIDATION_00142	24	1	0.89665508	145	45	C	0.19733328	0.19733328
POS_VALIDATION_00142	25	1	0.89665508	75	-25	A	-0.19550897	0.19550897
POS_VALIDATION_00142	26	1	0.89665508	47	-53	T	-0.18210892	0.18210892
POS_VALIDATION_00142	27	1	0.89665508	42	-58	T	-0.18004125	0.18004125
POS_VALIDATION_00142	28	1	0.89665508	23	-77	G	-0.17472874	0.17472874
POS_VALIDATION_00142	29	1	0.89665508	99	-1	T	0.17391205	0.17391205
POS_VALIDATION_00142	30	1	0.89665508	150	50	T	0.1721527	0.1721527
POS_VALIDATION_00142	31	1	0.89665508	108	8	G	-0.16850135	0.16850135
POS_VALIDATION_00142	32	1	0.89665508	81	-19	C	0.16839257	0.16839257
POS_VALIDATION_00142	33	1	0.89665508	77	-23	G	-0.16532509	0.16532509
POS_VALIDATION_00142	34	1	0.89665508	92	-8	G	-0.16378954	0.16378954
POS_VALIDATION_00142	35	1	0.89665508	191	91	T	0.16378729	0.16378729
POS_VALIDATION_00142	36	1	0.89665508	74	-26	C	0.16349761	0.16349761
POS_VALIDATION_00142	37	1	0.89665508	128	28	C	0.16199875	0.16199875
POS_VALIDATION_00142	38	1	0.89665508	131	31	C	-0.15547396	0.15547396
POS_VALIDATION_00142	39	1	0.89665508	135	35	G	-0.15435196	0.15435196
POS_VALIDATION_00142	40	1	0.89665508	41	-59	A	0.14725077	0.14725077
POS_VALIDATION_00142	41	1	0.89665508	44	-56	C	0.14116134	0.14116134
POS_VALIDATION_00142	42	1	0.89665508	104	4	G	-0.13990843	0.13990843
POS_VALIDATION_00142	43	1	0.89665508	52	-48	C	-0.13665386	0.13665386
POS_VALIDATION_00142	44	1	0.89665508	48	-52	G	-0.13628449	0.13628449
POS_VALIDATION_00142	45	1	0.89665508	33	-67	G	-0.12924758	0.12924758
POS_VALIDATION_00142	46	1	0.89665508	111	11	T	-0.12869304	0.12869304
POS_VALIDATION_00142	47	1	0.89665508	26	-74	T	-0.12772691	0.12772691
POS_VALIDATION_00142	48	1	0.89665508	197	97	T	0.12645826	0.12645826
POS_VALIDATION_00142	49	1	0.89665508	114	14	G	-0.12641498	0.12641498
POS_VALIDATION_00142	50	1	0.89665508	6	-94	T	-0.12578137	0.12578137
POS_VALIDATION_00143	1	1	0.80223799	1	-99	C	0.85541129	0.85541129
POS_VALIDATION_00143	2	1	0.80223799	161	61	T	-0.79881239	0.79881239
POS_VALIDATION_00143	3	1	0.80223799	101	1	T	-0.59365779	0.59365779
POS_VALIDATION_00143	4	1	0.80223799	120	20	G	-0.49407971	0.49407971
POS_VALIDATION_00143	5	1	0.80223799	76	-24	C	0.42609847	0.42609847
POS_VALIDATION_00143	6	1	0.80223799	40	-60	G	-0.39948848	0.39948848
POS_VALIDATION_00143	7	1	0.80223799	173	73	G	-0.37728852	0.37728852
POS_VALIDATION_00143	8	1	0.80223799	41	-59	G	-0.36331433	0.36331433
POS_VALIDATION_00143	9	1	0.80223799	99	-1	C	0.33949447	0.33949447
POS_VALIDATION_00143	10	1	0.80223799	140	40	G	-0.33889413	0.33889413
POS_VALIDATION_00143	11	1	0.80223799	56	-44	G	-0.33697599	0.33697599
POS_VALIDATION_00143	12	1	0.80223799	132	32	G	-0.32883894	0.32883894
POS_VALIDATION_00143	13	1	0.80223799	55	-45	G	-0.28607363	0.28607363
POS_VALIDATION_00143	14	1	0.80223799	142	42	G	-0.28445333	0.28445333
POS_VALIDATION_00143	15	1	0.80223799	185	85	G	-0.27722353	0.27722353
POS_VALIDATION_00143	16	1	0.80223799	115	15	G	-0.27192166	0.27192166
POS_VALIDATION_00143	17	1	0.80223799	141	41	A	-0.26312116	0.26312116
POS_VALIDATION_00143	18	1	0.80223799	109	9	C	0.25597569	0.25597569
POS_VALIDATION_00143	19	1	0.80223799	129	29	C	0.24119139	0.24119139
POS_VALIDATION_00143	20	1	0.80223799	105	5	C	0.23907001	0.23907001
POS_VALIDATION_00143	21	1	0.80223799	108	8	C	0.23516253	0.23516253
POS_VALIDATION_00143	22	1	0.80223799	194	94	G	-0.2342276	0.2342276
POS_VALIDATION_00143	23	1	0.80223799	66	-34	T	-0.21453443	0.21453443
POS_VALIDATION_00143	24	1	0.80223799	8	-92	C	-0.21435302	0.21435302
POS_VALIDATION_00143	25	1	0.80223799	12	-88	G	-0.21352261	0.21352261
POS_VALIDATION_00143	26	1	0.80223799	10	-90	C	-0.21186294	0.21186294
POS_VALIDATION_00143	27	1	0.80223799	2	-98	A	-0.21149018	0.21149018
POS_VALIDATION_00143	28	1	0.80223799	179	79	G	-0.20627993	0.20627993
POS_VALIDATION_00143	29	1	0.80223799	3	-97	C	0.20333545	0.20333545
POS_VALIDATION_00143	30	1	0.80223799	116	16	C	-0.20147185	0.20147185
POS_VALIDATION_00143	31	1	0.80223799	62	-38	C	-0.19028203	0.19028203
POS_VALIDATION_00143	32	1	0.80223799	107	7	C	0.17983201	0.17983201
POS_VALIDATION_00143	33	1	0.80223799	191	91	T	0.17534253	0.17534253
POS_VALIDATION_00143	34	1	0.80223799	174	74	G	-0.16824254	0.16824254
POS_VALIDATION_00143	35	1	0.80223799	197	97	C	0.16802168	0.16802168
POS_VALIDATION_00143	36	1	0.80223799	170	70	A	0.16797306	0.16797306
POS_VALIDATION_00143	37	1	0.80223799	52	-48	G	-0.16768925	0.16768925
POS_VALIDATION_00143	38	1	0.80223799	126	26	A	-0.16563512	0.16563512
POS_VALIDATION_00143	39	1	0.80223799	75	-25	C	0.16200653	0.16200653
POS_VALIDATION_00143	40	1	0.80223799	125	25	C	-0.16197963	0.16197963
POS_VALIDATION_00143	41	1	0.80223799	70	-30	G	-0.16143405	0.16143405
POS_VALIDATION_00143	42	1	0.80223799	151	51	T	-0.16076857	0.16076857
POS_VALIDATION_00143	43	1	0.80223799	149	49	C	0.15865833	0.15865833
POS_VALIDATION_00143	44	1	0.80223799	22	-78	G	-0.15845062	0.15845062
POS_VALIDATION_00143	45	1	0.80223799	74	-26	T	-0.15635796	0.15635796
POS_VALIDATION_00143	46	1	0.80223799	196	96	T	0.15538058	0.15538058
POS_VALIDATION_00143	47	1	0.80223799	93	-7	G	-0.14911339	0.14911339
POS_VALIDATION_00143	48	1	0.80223799	127	27	G	-0.14474638	0.14474638
POS_VALIDATION_00143	49	1	0.80223799	98	-2	C	0.14341712	0.14341712
POS_VALIDATION_00143	50	1	0.80223799	119	19	G	-0.14327148	0.14327148
POS_VALIDATION_00145	1	1	0.72278297	1	-99	C	1.3005898	1.3005898
POS_VALIDATION_00145	2	1	0.72278297	181	81	G	-0.92866081	0.92866081
POS_VALIDATION_00145	3	1	0.72278297	120	20	G	-0.84856343	0.84856343
POS_VALIDATION_00145	4	1	0.72278297	110	10	G	-0.78636569	0.78636569
POS_VALIDATION_00145	5	1	0.72278297	198	98	G	-0.74463743	0.74463743
POS_VALIDATION_00145	6	1	0.72278297	191	91	C	0.71874887	0.71874887
POS_VALIDATION_00145	7	1	0.72278297	161	61	T	-0.70617437	0.70617437
POS_VALIDATION_00145	8	1	0.72278297	99	-1	C	0.6912027	0.6912027
POS_VALIDATION_00145	9	1	0.72278297	178	78	C	0.58795744	0.58795744
POS_VALIDATION_00145	10	1	0.72278297	93	-7	T	-0.54777318	0.54777318
POS_VALIDATION_00145	11	1	0.72278297	32	-68	G	-0.52018142	0.52018142
POS_VALIDATION_00145	12	1	0.72278297	30	-70	C	0.5089072	0.5089072
POS_VALIDATION_00145	13	1	0.72278297	112	12	C	0.46093005	0.46093005
POS_VALIDATION_00145	14	1	0.72278297	143	43	C	0.42086202	0.42086202
POS_VALIDATION_00145	15	1	0.72278297	177	77	G	-0.41944849	0.41944849
POS_VALIDATION_00145	16	1	0.72278297	98	-2	C	0.41764647	0.41764647
POS_VALIDATION_00145	17	1	0.72278297	74	-26	C	0.40310606	0.40310606
POS_VALIDATION_00145	18	1	0.72278297	41	-59	G	-0.38652521	0.38652521
POS_VALIDATION_00145	19	1	0.72278297	184	84	G	-0.37889409	0.37889409
POS_VALIDATION_00145	20	1	0.72278297	104	4	G	-0.37681875	0.37681875
POS_VALIDATION_00145	21	1	0.72278297	35	-65	T	0.35444513	0.35444513
POS_VALIDATION_00145	22	1	0.72278297	56	-44	T	0.33872193	0.33872193
POS_VALIDATION_00145	23	1	0.72278297	16	-84	G	-0.33723664	0.33723664
POS_VALIDATION_00145	24	1	0.72278297	70	-30	G	-0.31974077	0.31974077
POS_VALIDATION_00145	25	1	0.72278297	138	38	G	-0.31888038	0.31888038
POS_VALIDATION_00145	26	1	0.72278297	28	-72	G	-0.31666183	0.31666183
POS_VALIDATION_00145	27	1	0.72278297	123	23	A	-0.30597132	0.30597132
POS_VALIDATION_00145	28	1	0.72278297	196	96	G	-0.30137289	0.30137289
POS_VALIDATION_00145	29	1	0.72278297	12	-88	G	-0.2983042	0.2983042
POS_VALIDATION_00145	30	1	0.72278297	58	-42	C	0.29784048	0.29784048
POS_VALIDATION_00145	31	1	0.72278297	0	-100	A	0.29490322	0.29490322
POS_VALIDATION_00145	32	1	0.72278297	139	39	G	-0.28693455	0.28693455
POS_VALIDATION_00145	33	1	0.72278297	83	-17	G	-0.28528047	0.28528047
POS_VALIDATION_00145	34	1	0.72278297	75	-25	T	-0.28387457	0.28387457
POS_VALIDATION_00145	35	1	0.72278297	119	19	G	-0.27523792	0.27523792
POS_VALIDATION_00145	36	1	0.72278297	68	-32	G	-0.27111506	0.27111506
POS_VALIDATION_00145	37	1	0.72278297	115	15	G	-0.26654536	0.26654536
POS_VALIDATION_00145	38	1	0.72278297	90	-10	G	-0.26205468	0.26205468
POS_VALIDATION_00145	39	1	0.72278297	48	-52	G	-0.26099166	0.26099166
POS_VALIDATION_00145	40	1	0.72278297	59	-41	C	-0.26083678	0.26083678
POS_VALIDATION_00145	41	1	0.72278297	97	-3	C	0.25131983	0.25131983
POS_VALIDATION_00145	42	1	0.72278297	64	-36	C	0.2454055	0.2454055
POS_VALIDATION_00145	43	1	0.72278297	127	27	T	0.24412541	0.24412541
POS_VALIDATION_00145	44	1	0.72278297	190	90	G	-0.23118556	0.23118556
POS_VALIDATION_00145	45	1	0.72278297	121	21	G	-0.22984336	0.22984336
POS_VALIDATION_00145	46	1	0.72278297	69	-31	G	-0.22856158	0.22856158
POS_VALIDATION_00145	47	1	0.72278297	52	-48	G	-0.22725721	0.22725721
POS_VALIDATION_00145	48	1	0.72278297	42	-58	G	-0.22474204	0.22474204
POS_VALIDATION_00145	49	1	0.72278297	150	50	A	0.21568254	0.21568254
POS_VALIDATION_00145	50	1	0.72278297	126	26	A	-0.21475758	0.21475758
POS_VALIDATION_00146	1	1	0.79024768	42	-58	C	-1.3336498	1.3336498
POS_VALIDATION_00146	2	1	0.79024768	113	13	C	1.0609535	1.0609535
POS_VALIDATION_00146	3	1	0.79024768	96	-4	C	0.5439769	0.5439769
POS_VALIDATION_00146	4	1	0.79024768	123	23	A	-0.42261139	0.42261139
POS_VALIDATION_00146	5	1	0.79024768	84	-16	T	-0.3966307	0.3966307
POS_VALIDATION_00146	6	1	0.79024768	140	40	G	-0.36444986	0.36444986
POS_VALIDATION_00146	7	1	0.79024768	24	-76	G	-0.35714346	0.35714346
POS_VALIDATION_00146	8	1	0.79024768	161	61	C	0.34276929	0.34276929
POS_VALIDATION_00146	9	1	0.79024768	15	-85	G	-0.32035142	0.32035142
POS_VALIDATION_00146	10	1	0.79024768	148	48	G	-0.31446561	0.31446561
POS_VALIDATION_00146	11	1	0.79024768	190	90	C	0.29666156	0.29666156
POS_VALIDATION_00146	12	1	0.79024768	116	16	G	-0.28505617	0.28505617
POS_VALIDATION_00146	13	1	0.79024768	35	-65	T	0.26275802	0.26275802
POS_VALIDATION_00146	14	1	0.79024768	105	5	C	0.25304839	0.25304839
POS_VALIDATION_00146	15	1	0.79024768	0	-100	A	0.24029048	0.24029048
POS_VALIDATION_00146	16	1	0.79024768	193	93	C	-0.23872614	0.23872614
POS_VALIDATION_00146	17	1	0.79024768	8	-92	A	-0.2320095	0.2320095
POS_VALIDATION_00146	18	1	0.79024768	151	51	G	-0.22378987	0.22378987
POS_VALIDATION_00146	19	1	0.79024768	184	84	G	-0.22265518	0.22265518
POS_VALIDATION_00146	20	1	0.79024768	102	2	T	-0.21373188	0.21373188
POS_VALIDATION_00146	21	1	0.79024768	153	53	G	-0.21214476	0.21214476
POS_VALIDATION_00146	22	1	0.79024768	66	-34	C	-0.20747213	0.20747213
POS_VALIDATION_00146	23	1	0.79024768	81	-19	G	-0.20395708	0.20395708
POS_VALIDATION_00146	24	1	0.79024768	108	8	C	0.20294885	0.20294885
POS_VALIDATION_00146	25	1	0.79024768	189	89	C	-0.20001374	0.20001374
POS_VALIDATION_00146	26	1	0.79024768	167	67	G	-0.19980779	0.19980779
POS_VALIDATION_00146	27	1	0.79024768	160	60	G	-0.19932261	0.19932261
POS_VALIDATION_00146	28	1	0.79024768	92	-8	A	-0.19823292	0.19823292
POS_VALIDATION_00146	29	1	0.79024768	25	-75	G	-0.19640376	0.19640376
POS_VALIDATION_00146	30	1	0.79024768	47	-53	T	-0.19247718	0.19247718
POS_VALIDATION_00146	31	1	0.79024768	187	87	C	0.18780169	0.18780169
POS_VALIDATION_00146	32	1	0.79024768	51	-49	C	0.18669735	0.18669735
POS_VALIDATION_00146	33	1	0.79024768	2	-98	A	-0.1767302	0.1767302
POS_VALIDATION_00146	34	1	0.79024768	141	41	A	-0.17548285	0.17548285
POS_VALIDATION_00146	35	1	0.79024768	94	-6	G	-0.17352514	0.17352514
POS_VALIDATION_00146	36	1	0.79024768	90	-10	G	-0.17082039	0.17082039
POS_VALIDATION_00146	37	1	0.79024768	172	72	G	-0.15916841	0.15916841
POS_VALIDATION_00146	38	1	0.79024768	185	85	C	-0.15522397	0.15522397
POS_VALIDATION_00146	39	1	0.79024768	173	73	A	-0.15510878	0.15510878
POS_VALIDATION_00146	40	1	0.79024768	52	-48	T	-0.15370494	0.15370494
POS_VALIDATION_00146	41	1	0.79024768	125	25	G	-0.15232749	0.15232749
POS_VALIDATION_00146	42	1	0.79024768	154	54	G	-0.15169494	0.15169494
POS_VALIDATION_00146	43	1	0.79024768	115	15	G	-0.15038276	0.15038276
POS_VALIDATION_00146	44	1	0.79024768	143	43	C	0.14887793	0.14887793
POS_VALIDATION_00146	45	1	0.79024768	23	-77	T	-0.14783554	0.14783554
POS_VALIDATION_00146	46	1	0.79024768	7	-93	G	-0.14593461	0.14593461
POS_VALIDATION_00146	47	1	0.79024768	32	-68	T	-0.14455761	0.14455761
POS_VALIDATION_00146	48	1	0.79024768	74	-26	G	-0.14143492	0.14143492
POS_VALIDATION_00146	49	1	0.79024768	27	-73	C	0.13894811	0.13894811
POS_VALIDATION_00146	50	1	0.79024768	56	-44	A	0.13573679	0.13573679
POS_VALIDATION_00147	1	1	0.83809614	113	13	C	1.1780447	1.1780447
POS_VALIDATION_00147	2	1	0.83809614	96	-4	C	1.0067762	1.0067762
POS_VALIDATION_00147	3	1	0.83809614	45	-55	G	-0.71703446	0.71703446
POS_VALIDATION_00147	4	1	0.83809614	84	-16	C	0.70945865	0.70945865
POS_VALIDATION_00147	5	1	0.83809614	198	98	G	-0.56830549	0.56830549
POS_VALIDATION_00147	6	1	0.83809614	99	-1	C	0.51351762	0.51351762
POS_VALIDATION_00147	7	1	0.83809614	126	26	T	-0.46917024	0.46917024
POS_VALIDATION_00147	8	1	0.83809614	161	61	C	0.4188669	0.4188669
POS_VALIDATION_00147	9	1	0.83809614	104	4	T	-0.39740264	0.39740264
POS_VALIDATION_00147	10	1	0.83809614	68	-32	G	-0.39443144	0.39443144
POS_VALIDATION_00147	11	1	0.83809614	139	39	C	-0.39099658	0.39099658
POS_VALIDATION_00147	12	1	0.83809614	35	-65	G	-0.38915291	0.38915291
POS_VALIDATION_00147	13	1	0.83809614	109	9	C	0.38818616	0.38818616
POS_VALIDATION_00147	14	1	0.83809614	173	73	C	0.37291285	0.37291285
POS_VALIDATION_00147	15	1	0.83809614	172	72	C	-0.35745785	0.35745785
POS_VALIDATION_00147	16	1	0.83809614	40	-60	G	-0.34440157	0.34440157
POS_VALIDATION_00147	17	1	0.83809614	66	-34	T	-0.3172788	0.3172788
POS_VALIDATION_00147	18	1	0.83809614	106	6	G	-0.31645128	0.31645128
POS_VALIDATION_00147	19	1	0.83809614	56	-44	G	-0.30765539	0.30765539
POS_VALIDATION_00147	20	1	0.83809614	132	32	G	-0.3060801	0.3060801
POS_VALIDATION_00147	21	1	0.83809614	0	-100	T	0.30572063	0.30572063
POS_VALIDATION_00147	22	1	0.83809614	138	38	G	-0.29573292	0.29573292
POS_VALIDATION_00147	23	1	0.83809614	98	-2	C	0.28028032	0.28028032
POS_VALIDATION_00147	24	1	0.83809614	42	-58	G	-0.27986056	0.27986056
POS_VALIDATION_00147	25	1	0.83809614	93	-7	A	-0.2725004	0.2725004
POS_VALIDATION_00147	26	1	0.83809614	194	94	G	-0.26691517	0.26691517
POS_VALIDATION_00147	27	1	0.83809614	90	-10	G	-0.26689065	0.26689065
POS_VALIDATION_00147	28	1	0.83809614	25	-75	G	-0.26445049	0.26445049
POS_VALIDATION_00147	29	1	0.83809614	74	-26	G	-0.25296879	0.25296879
POS_VALIDATION_00147	30	1	0.83809614	154	54	G	-0.25016707	0.25016707
POS_VALIDATION_00147	31	1	0.83809614	32	-68	T	-0.24536222	0.24536222
POS_VALIDATION_00147	32	1	0.83809614	71	-29	C	0.24417825	0.24417825
POS_VALIDATION_00147	33	1	0.83809614	151	51	G	-0.24243674	0.24243674
POS_VALIDATION_00147	34	1	0.83809614	61	-39	C	0.24031565	0.24031565
POS_VALIDATION_00147	35	1	0.83809614	59	-41	G	-0.23402533	0.23402533
POS_VALIDATION_00147	36	1	0.83809614	112	12	C	0.23249534	0.23249534
POS_VALIDATION_00147	37	1	0.83809614	176	76	G	-0.23163706	0.23163706
POS_VALIDATION_00147	38	1	0.83809614	107	7	G	-0.22825289	0.22825289
POS_VALIDATION_00147	39	1	0.83809614	95	-5	C	0.22478788	0.22478788
POS_VALIDATION_00147	40	1	0.83809614	164	64	G	-0.22315037	0.22315037
POS_VALIDATION_00147	41	1	0.83809614	5	-95	T	0.21787694	0.21787694
POS_VALIDATION_00147	42	1	0.83809614	129	29	C	0.21575612	0.21575612
POS_VALIDATION_00147	43	1	0.83809614	122	22	G	-0.21329975	0.21329975
POS_VALIDATION_00147	44	1	0.83809614	141	41	A	-0.21205156	0.21205156
POS_VALIDATION_00147	45	1	0.83809614	131	31	G	-0.21175277	0.21175277
POS_VALIDATION_00147	46	1	0.83809614	152	52	C	0.20822661	0.20822661
POS_VALIDATION_00147	47	1	0.83809614	52	-48	C	-0.20560776	0.20560776
POS_VALIDATION_00147	48	1	0.83809614	69	-31	G	-0.2027151	0.2027151
POS_VALIDATION_00147	49	1	0.83809614	82	-18	G	-0.20033619	0.20033619
POS_VALIDATION_00147	50	1	0.83809614	44	-56	G	-0.19796845	0.19796845
POS_VALIDATION_00153	1	1	0.88028145	120	20	G	-0.7639876	0.7639876
POS_VALIDATION_00153	2	1	0.88028145	105	5	C	0.54961318	0.54961318
POS_VALIDATION_00153	3	1	0.88028145	161	61	C	0.54875416	0.54875416
POS_VALIDATION_00153	4	1	0.88028145	101	1	T	-0.54622161	0.54622161
POS_VALIDATION_00153	5	1	0.88028145	191	91	C	0.51563692	0.51563692
POS_VALIDATION_00153	6	1	0.88028145	173	73	C	0.51398283	0.51398283
POS_VALIDATION_00153	7	1	0.88028145	35	-65	G	-0.49372089	0.49372089
POS_VALIDATION_00153	8	1	0.88028145	24	-76	G	-0.43742716	0.43742716
POS_VALIDATION_00153	9	1	0.88028145	116	16	G	-0.39313799	0.39313799
POS_VALIDATION_00153	10	1	0.88028145	170	70	C	0.38776353	0.38776353
POS_VALIDATION_00153	11	1	0.88028145	87	-13	G	-0.37360308	0.37360308
POS_VALIDATION_00153	12	1	0.88028145	177	77	G	-0.36474687	0.36474687
POS_VALIDATION_00153	13	1	0.88028145	142	42	G	-0.32942748	0.32942748
POS_VALIDATION_00153	14	1	0.88028145	15	-85	G	-0.32339093	0.32339093
POS_VALIDATION_00153	15	1	0.88028145	106	6	C	0.30015948	0.30015948
POS_VALIDATION_00153	16	1	0.88028145	81	-19	G	-0.29568094	0.29568094
POS_VALIDATION_00153	17	1	0.88028145	90	-10	G	-0.29166397	0.29166397
POS_VALIDATION_00153	18	1	0.88028145	112	12	C	0.2871685	0.2871685
POS_VALIDATION_00153	19	1	0.88028145	93	-7	C	0.28198439	0.28198439
POS_VALIDATION_00153	20	1	0.88028145	56	-44	T	0.27526569	0.27526569
POS_VALIDATION_00153	21	1	0.88028145	78	-22	C	0.26158464	0.26158464
POS_VALIDATION_00153	22	1	0.88028145	74	-26	G	-0.24779996	0.24779996
POS_VALIDATION_00153	23	1	0.88028145	139	39	C	-0.24519691	0.24519691
POS_VALIDATION_00153	24	1	0.88028145	68	-32	G	-0.24406447	0.24406447
POS_VALIDATION_00153	25	1	0.88028145	0	-100	A	0.24375418	0.24375418
POS_VALIDATION_00153	26	1	0.88028145	96	-4	A	-0.24208339	0.24208339
POS_VALIDATION_00153	27	1	0.88028145	123	23	C	0.23730259	0.23730259
POS_VALIDATION_00153	28	1	0.88028145	83	-17	C	0.23003669	0.23003669
POS_VALIDATION_00153	29	1	0.88028145	98	-2	C	0.22421543	0.22421543
POS_VALIDATION_00153	30	1	0.88028145	141	41	T	-0.22165999	0.22165999
POS_VALIDATION_00153	31	1	0.88028145	115	15	T	0.22067955	0.22067955
POS_VALIDATION_00153	32	1	0.88028145	77	-23	G	-0.21360183	0.21360183
POS_VALIDATION_00153	33	1	0.88028145	109	9	G	-0.20989016	0.20989016
POS_VALIDATION_00153	34	1	0.88028145	16	-84	G	-0.2034979	0.2034979
POS_VALIDATION_00153	35	1	0.88028145	179	79	G	-0.20239682	0.20239682
POS_VALIDATION_00153	36	1	0.88028145	80	-20	G	-0.20055091	0.20055091
POS_VALIDATION_00153	37	1	0.88028145	70	-30	G	-0.20040542	0.20040542
POS_VALIDATION_00153	38	1	0.88028145	176	76	G	-0.19726397	0.19726397
POS_VALIDATION_00153	39	1	0.88028145	2	-98	A	-0.19626194	0.19626194
POS_VALIDATION_00153	40	1	0.88028145	53	-47	G	-0.18448514	0.18448514
POS_VALIDATION_00153	41	1	0.88028145	6	-94	T	-0.1766074	0.1766074
POS_VALIDATION_00153	42	1	0.88028145	118	18	G	-0.17451325	0.17451325
POS_VALIDATION_00153	43	1	0.88028145	104	4	T	-0.17057478	0.17057478
POS_VALIDATION_00153	44	1	0.88028145	130	30	G	-0.1681972	0.1681972
POS_VALIDATION_00153	45	1	0.88028145	169	69	C	0.16732827	0.16732827
POS_VALIDATION_00153	46	1	0.88028145	117	17	G	-0.16095883	0.16095883
POS_VALIDATION_00153	47	1	0.88028145	52	-48	G	-0.16037983	0.16037983
POS_VALIDATION_00153	48	1	0.88028145	44	-56	G	-0.16001855	0.16001855
POS_VALIDATION_00153	49	1	0.88028145	91	-9	C	0.15728532	0.15728532
POS_VALIDATION_00153	50	1	0.88028145	66	-34	T	-0.15668598	0.15668598
POS_VALIDATION_00156	1	1	0.73945421	42	-58	C	-0.80882978	0.80882978
POS_VALIDATION_00156	2	1	0.73945421	173	73	C	0.60129929	0.60129929
POS_VALIDATION_00156	3	1	0.73945421	93	-7	T	-0.58574402	0.58574402
POS_VALIDATION_00156	4	1	0.73945421	99	-1	C	0.46939093	0.46939093
POS_VALIDATION_00156	5	1	0.73945421	148	48	G	-0.46855628	0.46855628
POS_VALIDATION_00156	6	1	0.73945421	110	10	G	-0.42552811	0.42552811
POS_VALIDATION_00156	7	1	0.73945421	24	-76	G	-0.4084217	0.4084217
POS_VALIDATION_00156	8	1	0.73945421	66	-34	T	-0.40221632	0.40221632
POS_VALIDATION_00156	9	1	0.73945421	138	38	A	-0.37429842	0.37429842
POS_VALIDATION_00156	10	1	0.73945421	75	-25	C	0.36333054	0.36333054
POS_VALIDATION_00156	11	1	0.73945421	196	96	C	0.35896507	0.35896507
POS_VALIDATION_00156	12	1	0.73945421	15	-85	G	-0.33103341	0.33103341
POS_VALIDATION_00156	13	1	0.73945421	126	26	A	-0.32511407	0.32511407
POS_VALIDATION_00156	14	1	0.73945421	105	5	C	0.31681672	0.31681672
POS_VALIDATION_00156	15	1	0.73945421	47	-53	T	-0.31089252	0.31089252
POS_VALIDATION_00156	16	1	0.73945421	116	16	G	-0.2942276	0.2942276
POS_VALIDATION_00156	17	1	0.73945421	187	87	C	0.29064021	0.29064021
POS_VALIDATION_00156	18	1	0.73945421	51	-49	C	0.28628707	0.28628707
POS_VALIDATION_00156	19	1	0.73945421	12	-88	C	0.27001897	0.27001897
POS_VALIDATION_00156	20	1	0.73945421	167	67	A	-0.25081518	0.25081518
POS_VALIDATION_00156	21	1	0.73945421	25	-75	G	-0.23319249	0.23319249
POS_VALIDATION_00156	22	1	0.73945421	8	-92	A	-0.23091084	0.23091084
POS_VALIDATION_00156	23	1	0.73945421	111	11	A	-0.22753155	0.22753155
POS_VALIDATION_00156	24	1	0.73945421	74	-26	G	-0.21988979	0.21988979
POS_VALIDATION_00156	25	1	0.73945421	198	98	G	-0.21199062	0.21199062
POS_VALIDATION_00156	26	1	0.73945421	194	94	G	-0.20620973	0.20620973
POS_VALIDATION_00156	27	1	0.73945421	56	-44	A	0.20051558	0.20051558
POS_VALIDATION_00156	28	1	0.73945421	7	-93	G	-0.19983339	0.19983339
POS_VALIDATION_00156	29	1	0.73945421	181	81	C	0.19863465	0.19863465
POS_VALIDATION_00156	30	1	0.73945421	32	-68	T	-0.19629788	0.19629788
POS_VALIDATION_00156	31	1	0.73945421	151	51	G	-0.1944139	0.1944139
POS_VALIDATION_00156	32	1	0.73945421	89	-11	C	0.1941894	0.1941894
POS_VALIDATION_00156	33	1	0.73945421	98	-2	C	0.18895157	0.18895157
POS_VALIDATION_00156	34	1	0.73945421	27	-73	C	0.18511738	0.18511738
POS_VALIDATION_00156	35	1	0.73945421	31	-69	A	-0.1848743	0.1848743
POS_VALIDATION_00156	36	1	0.73945421	10	-90	T	-0.17799538	0.17799538
POS_VALIDATION_00156	37	1	0.73945421	115	15	T	0.17567459	0.17567459
POS_VALIDATION_00156	38	1	0.73945421	2	-98	G	-0.17241621	0.17241621
POS_VALIDATION_00156	39	1	0.73945421	92	-8	G	-0.17152902	0.17152902
POS_VALIDATION_00156	40	1	0.73945421	90	-10	C	0.16695389	0.16695389
POS_VALIDATION_00156	41	1	0.73945421	0	-100	A	0.16465482	0.16465482
POS_VALIDATION_00156	42	1	0.73945421	125	25	G	-0.16228378	0.16228378
POS_VALIDATION_00156	43	1	0.73945421	142	42	C	0.15994477	0.15994477
POS_VALIDATION_00156	44	1	0.73945421	166	66	G	-0.1588612	0.1588612
POS_VALIDATION_00156	45	1	0.73945421	163	63	C	0.14691457	0.14691457
POS_VALIDATION_00156	46	1	0.73945421	84	-16	G	-0.14687267	0.14687267
POS_VALIDATION_00156	47	1	0.73945421	195	95	A	-0.14645068	0.14645068
POS_VALIDATION_00156	48	1	0.73945421	109	9	G	-0.14328983	0.14328983
POS_VALIDATION_00156	49	1	0.73945421	122	22	G	-0.14273855	0.14273855
POS_VALIDATION_00156	50	1	0.73945421	23	-77	T	-0.13753723	0.13753723
POS_VALIDATION_00158	1	1	0.93940437	161	61	T	-0.74234414	0.74234414
POS_VALIDATION_00158	2	1	0.93940437	99	-1	C	0.58521211	0.58521211
POS_VALIDATION_00158	3	1	0.93940437	110	10	G	-0.44821724	0.44821724
POS_VALIDATION_00158	4	1	0.93940437	23	-77	C	0.3774623	0.3774623
POS_VALIDATION_00158	5	1	0.93940437	84	-16	C	0.35196853	0.35196853
POS_VALIDATION_00158	6	1	0.93940437	181	81	G	-0.34469745	0.34469745
POS_VALIDATION_00158	7	1	0.93940437	131	31	C	-0.34462816	0.34462816
POS_VALIDATION_00158	8	1	0.93940437	170	70	C	0.33847788	0.33847788
POS_VALIDATION_00158	9	1	0.93940437	52	-48	C	-0.33235613	0.33235613
POS_VALIDATION_00158	10	1	0.93940437	167	67	G	-0.32475415	0.32475415
POS_VALIDATION_00158	11	1	0.93940437	123	23	A	-0.29244983	0.29244983
POS_VALIDATION_00158	12	1	0.93940437	173	73	G	-0.29190248	0.29190248
POS_VALIDATION_00158	13	1	0.93940437	75	-25	G	-0.27906281	0.27906281
POS_VALIDATION_00158	14	1	0.93940437	141	41	A	-0.25170541	0.25170541
POS_VALIDATION_00158	15	1	0.93940437	185	85	G	-0.24896023	0.24896023
POS_VALIDATION_00158	16	1	0.93940437	8	-92	A	-0.2431457	0.2431457
POS_VALIDATION_00158	17	1	0.93940437	0	-100	A	0.24157697	0.24157697
POS_VALIDATION_00158	18	1	0.93940437	164	64	C	-0.23891819	0.23891819
POS_VALIDATION_00158	19	1	0.93940437	106	6	C	0.23650959	0.23650959
POS_VALIDATION_00158	20	1	0.93940437	25	-75	G	-0.22546236	0.22546236
POS_VALIDATION_00158	21	1	0.93940437	21	-79	A	-0.21867122	0.21867122
POS_VALIDATION_00158	22	1	0.93940437	35	-65	T	0.20709829	0.20709829
POS_VALIDATION_00158	23	1	0.93940437	154	54	G	-0.19344318	0.19344318
POS_VALIDATION_00158	24	1	0.93940437	77	-23	G	-0.19270624	0.19270624
POS_VALIDATION_00158	25	1	0.93940437	151	51	G	-0.18783391	0.18783391
POS_VALIDATION_00158	26	1	0.93940437	143	43	C	0.18475097	0.18475097
POS_VALIDATION_00158	27	1	0.93940437	125	25	G	-0.18350565	0.18350565
POS_VALIDATION_00158	28	1	0.93940437	94	-6	G	-0.17923298	0.17923298
POS_VALIDATION_00158	29	1	0.93940437	155	55	C	-0.17642561	0.17642561
POS_VALIDATION_00158	30	1	0.93940437	87	-13	C	-0.17175709	0.17175709
POS_VALIDATION_00158	31	1	0.93940437	19	-81	A	0.17011636	0.17011636
POS_VALIDATION_00158	32	1	0.93940437	178	78	C	0.166071	0.166071
POS_VALIDATION_00158	33	1	0.93940437	108	8	C	0.16134214	0.16134214
POS_VALIDATION_00158	34	1	0.93940437	68	-32	G	-0.1610072	0.1610072
POS_VALIDATION_00158	35	1	0.93940437	184	84	T	-0.15773439	0.15773439
POS_VALIDATION_00158	36	1	0.93940437	112	12	C	0.15400293	0.15400293
POS_VALIDATION_00158	37	1	0.93940437	113	13	T	-0.14987022	0.14987022
POS_VALIDATION_00158	38	1	0.93940437	58	-42	C	0.14900208	0.14900208
POS_VALIDATION_00158	39	1	0.93940437	50	-50	G	-0.14888185	0.14888185
POS_VALIDATION_00158	40	1	0.93940437	74	-26	A	-0.14648101	0.14648101
POS_VALIDATION_00158	41	1	0.93940437	78	-22	C	0.14192817	0.14192817
POS_VALIDATION_00158	42	1	0.93940437	6	-94	T	-0.1395717	0.1395717
POS_VALIDATION_00158	43	1	0.93940437	48	-52	G	-0.13628663	0.13628663
POS_VALIDATION_00158	44	1	0.93940437	83	-17	G	-0.13627572	0.13627572
POS_VALIDATION_00158	45	1	0.93940437	12	-88	G	-0.13506967	0.13506967
POS_VALIDATION_00158	46	1	0.93940437	42	-58	T	-0.13264447	0.13264447
POS_VALIDATION_00158	47	1	0.93940437	80	-20	G	-0.13169521	0.13169521
POS_VALIDATION_00158	48	1	0.93940437	5	-95	T	0.1273495	0.1273495
POS_VALIDATION_00158	49	1	0.93940437	187	87	C	0.1237113	0.1237113
POS_VALIDATION_00158	50	1	0.93940437	166	66	G	-0.12232295	0.12232295
POS_VALIDATION_00163	1	1	0.86107588	120	20	G	-0.72439921	0.72439921
POS_VALIDATION_00163	2	1	0.86107588	23	-77	C	0.7191937	0.7191937
POS_VALIDATION_00163	3	1	0.86107588	66	-34	G	-0.62005031	0.62005031
POS_VALIDATION_00163	4	1	0.86107588	161	61	C	0.46450394	0.46450394
POS_VALIDATION_00163	5	1	0.86107588	191	91	C	0.44675606	0.44675606
POS_VALIDATION_00163	6	1	0.86107588	99	-1	C	0.43707234	0.43707234
POS_VALIDATION_00163	7	1	0.86107588	101	1	A	-0.42572409	0.42572409
POS_VALIDATION_00163	8	1	0.86107588	142	42	G	-0.36101708	0.36101708
POS_VALIDATION_00163	9	1	0.86107588	98	-2	G	-0.34298366	0.34298366
POS_VALIDATION_00163	10	1	0.86107588	84	-16	T	-0.31801641	0.31801641
POS_VALIDATION_00163	11	1	0.86107588	76	-24	C	0.29023004	0.29023004
POS_VALIDATION_00163	12	1	0.86107588	167	67	C	0.28057736	0.28057736
POS_VALIDATION_00163	13	1	0.86107588	164	64	G	-0.28055191	0.28055191
POS_VALIDATION_00163	14	1	0.86107588	89	-11	C	0.2708841	0.2708841
POS_VALIDATION_00163	15	1	0.86107588	125	25	G	-0.26837164	0.26837164
POS_VALIDATION_00163	16	1	0.86107588	190	90	C	0.26046669	0.26046669
POS_VALIDATION_00163	17	1	0.86107588	138	38	G	-0.25358999	0.25358999
POS_VALIDATION_00163	18	1	0.86107588	74	-26	T	-0.25112528	0.25112528
POS_VALIDATION_00163	19	1	0.86107588	32	-68	T	-0.24936892	0.24936892
POS_VALIDATION_00163	20	1	0.86107588	0	-100	A	0.24571101	0.24571101
POS_VALIDATION_00163	21	1	0.86107588	181	81	C	0.24526234	0.24526234
POS_VALIDATION_00163	22	1	0.86107588	47	-53	T	-0.24422835	0.24422835
POS_VALIDATION_00163	23	1	0.86107588	184	84	C	-0.21929337	0.21929337
POS_VALIDATION_00163	24	1	0.86107588	187	87	C	0.21106359	0.21106359
POS_VALIDATION_00163	25	1	0.86107588	151	51	G	-0.20870835	0.20870835
POS_VALIDATION_00163	26	1	0.86107588	193	93	C	-0.20838089	0.20838089
POS_VALIDATION_00163	27	1	0.86107588	78	-22	G	-0.20470653	0.20470653
POS_VALIDATION_00163	28	1	0.86107588	179	79	G	-0.19981851	0.19981851
POS_VALIDATION_00163	29	1	0.86107588	75	-25	A	-0.19763187	0.19763187
POS_VALIDATION_00163	30	1	0.86107588	147	47	G	-0.19476473	0.19476473
POS_VALIDATION_00163	31	1	0.86107588	97	-3	G	-0.19215322	0.19215322
POS_VALIDATION_00163	32	1	0.86107588	122	22	G	-0.18878207	0.18878207
POS_VALIDATION_00163	33	1	0.86107588	166	66	C	-0.1871596	0.1871596
POS_VALIDATION_00163	34	1	0.86107588	173	73	T	-0.18529353	0.18529353
POS_VALIDATION_00163	35	1	0.86107588	95	-5	C	0.18455279	0.18455279
POS_VALIDATION_00163	36	1	0.86107588	153	53	C	0.17554323	0.17554323
POS_VALIDATION_00163	37	1	0.86107588	54	-46	G	-0.17398021	0.17398021
POS_VALIDATION_00163	38	1	0.86107588	87	-13	C	-0.17122819	0.17122819
POS_VALIDATION_00163	39	1	0.86107588	174	74	G	-0.16515839	0.16515839
POS_VALIDATION_00163	40	1	0.86107588	70	-30	G	-0.16483906	0.16483906
POS_VALIDATION_00163	41	1	0.86107588	5	-95	G	-0.16479284	0.16479284
POS_VALIDATION_00163	42	1	0.86107588	115	15	T	0.16439161	0.16439161
POS_VALIDATION_00163	43	1	0.86107588	117	17	G	-0.16409139	0.16409139
POS_VALIDATION_00163	44	1	0.86107588	90	-10	C	0.16376983	0.16376983
POS_VALIDATION_00163	45	1	0.86107588	178	78	T	-0.15821283	0.15821283
POS_VALIDATION_00163	46	1	0.86107588	46	-54	C	0.15655264	0.15655264
POS_VALIDATION_00163	47	1	0.86107588	35	-65	A	0.15615958	0.15615958
POS_VALIDATION_00163	48	1	0.86107588	29	-71	G	-0.1548939	0.1548939
POS_VALIDATION_00163	49	1	0.86107588	172	72	G	-0.15053327	0.15053327
POS_VALIDATION_00163	50	1	0.86107588	58	-42	C	0.15052244	0.15052244
POS_VALIDATION_00167	1	1	0.95253932	47	-53	G	-1.3018439	1.3018439
POS_VALIDATION_00167	2	1	0.95253932	113	13	C	1.2240092	1.2240092
POS_VALIDATION_00167	3	1	0.95253932	161	61	T	-0.8757593	0.8757593
POS_VALIDATION_00167	4	1	0.95253932	93	-7	A	-0.60320932	0.60320932
POS_VALIDATION_00167	5	1	0.95253932	45	-55	G	-0.56334651	0.56334651
POS_VALIDATION_00167	6	1	0.95253932	99	-1	C	0.53978515	0.53978515
POS_VALIDATION_00167	7	1	0.95253932	111	11	G	-0.45295364	0.45295364
POS_VALIDATION_00167	8	1	0.95253932	84	-16	C	0.4315432	0.4315432
POS_VALIDATION_00167	9	1	0.95253932	15	-85	G	-0.38155791	0.38155791
POS_VALIDATION_00167	10	1	0.95253932	149	49	C	0.37252545	0.37252545
POS_VALIDATION_00167	11	1	0.95253932	87	-13	G	-0.37060127	0.37060127
POS_VALIDATION_00167	12	1	0.95253932	140	40	G	-0.36797565	0.36797565
POS_VALIDATION_00167	13	1	0.95253932	185	85	G	-0.36602798	0.36602798
POS_VALIDATION_00167	14	1	0.95253932	153	53	C	0.36580399	0.36580399
POS_VALIDATION_00167	15	1	0.95253932	103	3	C	0.34971517	0.34971517
POS_VALIDATION_00167	16	1	0.95253932	109	9	C	0.3492983	0.3492983
POS_VALIDATION_00167	17	1	0.95253932	35	-65	T	0.33252808	0.33252808
POS_VALIDATION_00167	18	1	0.95253932	55	-45	G	-0.32949492	0.32949492
POS_VALIDATION_00167	19	1	0.95253932	106	6	C	0.32702562	0.32702562
POS_VALIDATION_00167	20	1	0.95253932	0	-100	G	-0.32023531	0.32023531
POS_VALIDATION_00167	21	1	0.95253932	160	60	G	-0.29471636	0.29471636
POS_VALIDATION_00167	22	1	0.95253932	142	42	G	-0.29071945	0.29071945
POS_VALIDATION_00167	23	1	0.95253932	41	-59	A	0.28645903	0.28645903
POS_VALIDATION_00167	24	1	0.95253932	69	-31	G	-0.27676269	0.27676269
POS_VALIDATION_00167	25	1	0.95253932	143	43	C	0.27018952	0.27018952
POS_VALIDATION_00167	26	1	0.95253932	138	38	G	-0.26684654	0.26684654
POS_VALIDATION_00167	27	1	0.95253932	117	17	C	-0.25408968	0.25408968
POS_VALIDATION_00167	28	1	0.95253932	50	-50	G	-0.25233716	0.25233716
POS_VALIDATION_00167	29	1	0.95253932	135	35	G	-0.24387114	0.24387114
POS_VALIDATION_00167	30	1	0.95253932	8	-92	C	-0.24339162	0.24339162
POS_VALIDATION_00167	31	1	0.95253932	163	63	C	0.24266273	0.24266273
POS_VALIDATION_00167	32	1	0.95253932	64	-36	G	-0.24249157	0.24249157
POS_VALIDATION_00167	33	1	0.95253932	6	-94	T	-0.23379353	0.23379353
POS_VALIDATION_00167	34	1	0.95253932	68	-32	G	-0.232797	0.232797
POS_VALIDATION_00167	35	1	0.95253932	42	-58	G	-0.22941189	0.22941189
POS_VALIDATION_00167	36	1	0.95253932	123	23	G	-0.22789147	0.22789147
POS_VALIDATION_00167	37	1	0.95253932	150	50	G	-0.22741246	0.22741246
POS_VALIDATION_00167	38	1	0.95253932	7	-93	G	-0.2252008	0.2252008
POS_VALIDATION_00167	39	1	0.95253932	112	12	C	0.22438096	0.22438096
POS_VALIDATION_00167	40	1	0.95253932	48	-52	A	0.22159687	0.22159687
POS_VALIDATION_00167	41	1	0.95253932	154	54	G	-0.22153611	0.22153611
POS_VALIDATION_00167	42	1	0.95253932	166	66	T	-0.21914524	0.21914524
POS_VALIDATION_00167	43	1	0.95253932	94	-6	G	-0.21427107	0.21427107
POS_VALIDATION_00167	44	1	0.95253932	75	-25	C	0.20993903	0.20993903
POS_VALIDATION_00167	45	1	0.95253932	77	-23	G	-0.20745772	0.20745772
POS_VALIDATION_00167	46	1	0.95253932	89	-11	C	0.18594658	0.18594658
POS_VALIDATION_00167	47	1	0.95253932	187	87	C	0.18001078	0.18001078
POS_VALIDATION_00167	48	1	0.95253932	115	15	C	0.17839545	0.17839545
POS_VALIDATION_00167	49	1	0.95253932	72	-28	G	-0.17385444	0.17385444
POS_VALIDATION_00167	50	1	0.95253932	155	55	G	-0.1719963	0.1719963
POS_VALIDATION_00168	1	1	0.94322789	42	-58	C	-1.1165107	1.1165107
POS_VALIDATION_00168	2	1	0.94322789	96	-4	C	0.6474095	0.6474095
POS_VALIDATION_00168	3	1	0.94322789	120	20	G	-0.48324823	0.48324823
POS_VALIDATION_00168	4	1	0.94322789	66	-34	G	-0.36185211	0.36185211
POS_VALIDATION_00168	5	1	0.94322789	109	9	C	0.32608345	0.32608345
POS_VALIDATION_00168	6	1	0.94322789	173	73	G	-0.29909965	0.29909965
POS_VALIDATION_00168	7	1	0.94322789	84	-16	C	0.29577813	0.29577813
POS_VALIDATION_00168	8	1	0.94322789	101	1	A	-0.2951833	0.2951833
POS_VALIDATION_00168	9	1	0.94322789	93	-7	A	-0.29468697	0.29468697
POS_VALIDATION_00168	10	1	0.94322789	116	16	G	-0.29137996	0.29137996
POS_VALIDATION_00168	11	1	0.94322789	184	84	G	-0.26450428	0.26450428
POS_VALIDATION_00168	12	1	0.94322789	26	-74	G	-0.26435921	0.26435921
POS_VALIDATION_00168	13	1	0.94322789	75	-25	G	-0.25832647	0.25832647
POS_VALIDATION_00168	14	1	0.94322789	111	11	C	0.24502151	0.24502151
POS_VALIDATION_00168	15	1	0.94322789	105	5	C	0.24420054	0.24420054
POS_VALIDATION_00168	16	1	0.94322789	106	6	C	0.22114769	0.22114769
POS_VALIDATION_00168	17	1	0.94322789	40	-60	G	-0.21840674	0.21840674
POS_VALIDATION_00168	18	1	0.94322789	181	81	C	0.21177652	0.21177652
POS_VALIDATION_00168	19	1	0.94322789	0	-100	G	-0.21113333	0.21113333
POS_VALIDATION_00168	20	1	0.94322789	161	61	C	0.20030129	0.20030129
POS_VALIDATION_00168	21	1	0.94322789	164	64	G	-0.19479913	0.19479913
POS_VALIDATION_00168	22	1	0.94322789	90	-10	C	0.18613991	0.18613991
POS_VALIDATION_00168	23	1	0.94322789	139	39	G	-0.18561688	0.18561688
POS_VALIDATION_00168	24	1	0.94322789	5	-95	C	-0.18413152	0.18413152
POS_VALIDATION_00168	25	1	0.94322789	152	52	C	0.18100925	0.18100925
POS_VALIDATION_00168	26	1	0.94322789	56	-44	A	0.17827822	0.17827822
POS_VALIDATION_00168	27	1	0.94322789	191	91	T	0.17424554	0.17424554
POS_VALIDATION_00168	28	1	0.94322789	25	-75	T	-0.17187229	0.17187229
POS_VALIDATION_00168	29	1	0.94322789	99	-1	G	-0.1636892	0.1636892
POS_VALIDATION_00168	30	1	0.94322789	125	25	G	-0.16271353	0.16271353
POS_VALIDATION_00168	31	1	0.94322789	132	32	G	-0.16261113	0.16261113
POS_VALIDATION_00168	32	1	0.94322789	166	66	C	-0.16156733	0.16156733
POS_VALIDATION_00168	33	1	0.94322789	82	-18	C	0.1614935	0.1614935
POS_VALIDATION_00168	34	1	0.94322789	130	30	G	-0.15971233	0.15971233
POS_VALIDATION_00168	35	1	0.94322789	23	-77	G	-0.15241307	0.15241307
POS_VALIDATION_00168	36	1	0.94322789	1	-99	A	0.15223509	0.15223509
POS_VALIDATION_00168	37	1	0.94322789	69	-31	A	-0.1521678	0.1521678
POS_VALIDATION_00168	38	1	0.94322789	94	-6	C	0.14860913	0.14860913
POS_VALIDATION_00168	39	1	0.94322789	104	4	C	-0.14787622	0.14787622
POS_VALIDATION_00168	40	1	0.94322789	144	44	C	0.14423937	0.14423937
POS_VALIDATION_00168	41	1	0.94322789	81	-19	G	-0.14283326	0.14283326
POS_VALIDATION_00168	42	1	0.94322789	176	76	G	-0.14124054	0.14124054
POS_VALIDATION_00168	43	1	0.94322789	174	74	G	-0.13999116	0.13999116
POS_VALIDATION_00168	44	1	0.94322789	170	70	C	0.13783483	0.13783483
POS_VALIDATION_00168	45	1	0.94322789	97	-3	C	0.13418651	0.13418651
POS_VALIDATION_00168	46	1	0.94322789	32	-68	T	-0.13411129	0.13411129
POS_VALIDATION_00168	47	1	0.94322789	78	-22	C	0.13188663	0.13188663
POS_VALIDATION_00168	48	1	0.94322789	151	51	T	-0.12836263	0.12836263
POS_VALIDATION_00168	49	1	0.94322789	115	15	G	-0.12707648	0.12707648
POS_VALIDATION_00168	50	1	0.94322789	142	42	G	-0.12568749	0.12568749
POS_VALIDATION_00170	1	1	0.86683261	113	13	C	1.0195361	1.0195361
POS_VALIDATION_00170	2	1	0.86683261	161	61	T	-0.80495048	0.80495048
POS_VALIDATION_00170	3	1	0.86683261	96	-4	C	0.57815623	0.57815623
POS_VALIDATION_00170	4	1	0.86683261	120	20	G	-0.49029112	0.49029112
POS_VALIDATION_00170	5	1	0.86683261	184	84	C	-0.47330636	0.47330636
POS_VALIDATION_00170	6	1	0.86683261	198	98	G	-0.39291394	0.39291394
POS_VALIDATION_00170	7	1	0.86683261	148	48	G	-0.3910557	0.3910557
POS_VALIDATION_00170	8	1	0.86683261	139	39	C	-0.36846831	0.36846831
POS_VALIDATION_00170	9	1	0.86683261	36	-64	C	0.35916045	0.35916045
POS_VALIDATION_00170	10	1	0.86683261	23	-77	C	0.34812802	0.34812802
POS_VALIDATION_00170	11	1	0.86683261	191	91	C	0.33480269	0.33480269
POS_VALIDATION_00170	12	1	0.86683261	141	41	T	-0.28488237	0.28488237
POS_VALIDATION_00170	13	1	0.86683261	196	96	C	0.27149865	0.27149865
POS_VALIDATION_00170	14	1	0.86683261	84	-16	T	-0.26888591	0.26888591
POS_VALIDATION_00170	15	1	0.86683261	75	-25	A	-0.25989714	0.25989714
POS_VALIDATION_00170	16	1	0.86683261	194	94	G	-0.25050402	0.25050402
POS_VALIDATION_00170	17	1	0.86683261	15	-85	G	-0.25043631	0.25043631
POS_VALIDATION_00170	18	1	0.86683261	101	1	A	-0.24267763	0.24267763
POS_VALIDATION_00170	19	1	0.86683261	105	5	C	0.24208568	0.24208568
POS_VALIDATION_00170	20	1	0.86683261	0	-100	A	0.23390122	0.23390122
POS_VALIDATION_00170	21	1	0.86683261	116	16	G	-0.23242852	0.23242852
POS_VALIDATION_00170	22	1	0.86683261	42	-58	G	-0.23132327	0.23132327
POS_VALIDATION_00170	23	1	0.86683261	170	70	C	0.22452189	0.22452189
POS_VALIDATION_00170	24	1	0.86683261	40	-60	G	-0.22042197	0.22042197
POS_VALIDATION_00170	25	1	0.86683261	52	-48	C	-0.21436685	0.21436685
POS_VALIDATION_00170	26	1	0.86683261	169	69	G	-0.2121001	0.2121001
POS_VALIDATION_00170	27	1	0.86683261	27	-73	C	0.20122914	0.20122914
POS_VALIDATION_00170	28	1	0.86683261	50	-50	G	-0.19865897	0.19865897
POS_VALIDATION_00170	29	1	0.86683261	197	97	T	0.19180517	0.19180517
POS_VALIDATION_00170	30	1	0.86683261	99	-1	G	-0.18253863	0.18253863
POS_VALIDATION_00170	31	1	0.86683261	145	45	C	0.18206653	0.18206653
POS_VALIDATION_00170	32	1	0.86683261	142	42	G	-0.18148121	0.18148121
POS_VALIDATION_00170	33	1	0.86683261	106	6	C	0.17564867	0.17564867
POS_VALIDATION_00170	34	1	0.86683261	104	4	T	-0.17199665	0.17199665
POS_VALIDATION_00170	35	1	0.86683261	167	67	G	-0.16699556	0.16699556
POS_VALIDATION_00170	36	1	0.86683261	153	53	G	-0.16576742	0.16576742
POS_VALIDATION_00170	37	1	0.86683261	81	-19	G	-0.16333158	0.16333158
POS_VALIDATION_00170	38	1	0.86683261	162	62	G	-0.16103536	0.16103536
POS_VALIDATION_00170	39	1	0.86683261	56	-44	A	0.15781614	0.15781614
POS_VALIDATION_00170	40	1	0.86683261	74	-26	T	-0.15675551	0.15675551
POS_VALIDATION_00170	41	1	0.86683261	83	-17	G	-0.15519233	0.15519233
POS_VALIDATION_00170	42	1	0.86683261	174	74	G	-0.1537344	0.1537344
POS_VALIDATION_00170	43	1	0.86683261	24	-76	C	-0.14697963	0.14697963
POS_VALIDATION_00170	44	1	0.86683261	7	-93	G	-0.14047058	0.14047058
POS_VALIDATION_00170	45	1	0.86683261	69	-31	A	-0.14023942	0.14023942
POS_VALIDATION_00170	46	1	0.86683261	109	9	G	-0.13989201	0.13989201
POS_VALIDATION_00170	47	1	0.86683261	150	50	G	-0.13950233	0.13950233
POS_VALIDATION_00170	48	1	0.86683261	8	-92	G	-0.13797764	0.13797764
POS_VALIDATION_00170	49	1	0.86683261	78	-22	C	0.13431107	0.13431107
POS_VALIDATION_00170	50	1	0.86683261	80	-20	G	-0.13428959	0.13428959
POS_VALIDATION_00177	1	1	0.95087993	101	1	A	-0.44535875	0.44535875
POS_VALIDATION_00177	2	1	0.95087993	47	-53	G	-0.43690559	0.43690559
POS_VALIDATION_00177	3	1	0.95087993	171	71	C	-0.34590957	0.34590957
POS_VALIDATION_00177	4	1	0.95087993	96	-4	A	-0.31202081	0.31202081
POS_VALIDATION_00177	5	1	0.95087993	0	-100	T	0.27394947	0.27394947
POS_VALIDATION_00177	6	1	0.95087993	90	-10	G	-0.25531194	0.25531194
POS_VALIDATION_00177	7	1	0.95087993	75	-25	G	-0.24662051	0.24662051
POS_VALIDATION_00177	8	1	0.95087993	66	-34	T	-0.24360059	0.24360059
POS_VALIDATION_00177	9	1	0.95087993	84	-16	T	-0.22827283	0.22827283
POS_VALIDATION_00177	10	1	0.95087993	108	8	C	0.20007941	0.20007941
POS_VALIDATION_00177	11	1	0.95087993	122	22	G	-0.19462147	0.19462147
POS_VALIDATION_00177	12	1	0.95087993	169	69	G	-0.1932703	0.1932703
POS_VALIDATION_00177	13	1	0.95087993	125	25	C	-0.19324648	0.19324648
POS_VALIDATION_00177	14	1	0.95087993	35	-65	T	0.18775159	0.18775159
POS_VALIDATION_00177	15	1	0.95087993	173	73	C	0.18208715	0.18208715
POS_VALIDATION_00177	16	1	0.95087993	59	-41	T	-0.17887485	0.17887485
POS_VALIDATION_00177	17	1	0.95087993	154	54	G	-0.17460984	0.17460984
POS_VALIDATION_00177	18	1	0.95087993	167	67	T	-0.17071876	0.17071876
POS_VALIDATION_00177	19	1	0.95087993	51	-49	C	0.16884005	0.16884005
POS_VALIDATION_00177	20	1	0.95087993	190	90	C	0.1641954	0.1641954
POS_VALIDATION_00177	21	1	0.95087993	55	-45	G	-0.16344401	0.16344401
POS_VALIDATION_00177	22	1	0.95087993	53	-47	G	-0.16256039	0.16256039
POS_VALIDATION_00177	23	1	0.95087993	126	26	A	-0.16016689	0.16016689
POS_VALIDATION_00177	24	1	0.95087993	74	-26	T	-0.15892678	0.15892678
POS_VALIDATION_00177	25	1	0.95087993	12	-88	G	-0.15703744	0.15703744
POS_VALIDATION_00177	26	1	0.95087993	41	-59	T	0.15302539	0.15302539
POS_VALIDATION_00177	27	1	0.95087993	118	18	C	-0.15128478	0.15128478
POS_VALIDATION_00177	28	1	0.95087993	7	-93	G	-0.1510372	0.1510372
POS_VALIDATION_00177	29	1	0.95087993	162	62	G	-0.15014538	0.15014538
POS_VALIDATION_00177	30	1	0.95087993	112	12	C	0.14729431	0.14729431
POS_VALIDATION_00177	31	1	0.95087993	109	9	G	-0.14630529	0.14630529
POS_VALIDATION_00177	32	1	0.95087993	2	-98	T	-0.14524114	0.14524114
POS_VALIDATION_00177	33	1	0.95087993	105	5	C	0.14377566	0.14377566
POS_VALIDATION_00177	34	1	0.95087993	160	60	G	-0.14348093	0.14348093
POS_VALIDATION_00177	35	1	0.95087993	57	-43	C	-0.1419865	0.1419865
POS_VALIDATION_00177	36	1	0.95087993	121	21	G	-0.13873868	0.13873868
POS_VALIDATION_00177	37	1	0.95087993	145	45	C	0.13749667	0.13749667
POS_VALIDATION_00177	38	1	0.95087993	52	-48	G	-0.13401695	0.13401695
POS_VALIDATION_00177	39	1	0.95087993	6	-94	T	-0.13240084	0.13240084
POS_VALIDATION_00177	40	1	0.95087993	161	61	G	-0.12574154	0.12574154
POS_VALIDATION_00177	41	1	0.95087993	186	86	C	0.12566103	0.12566103
POS_VALIDATION_00177	42	1	0.95087993	129	29	C	0.12335632	0.12335632
POS_VALIDATION_00177	43	1	0.95087993	30	-70	T	-0.12070057	0.12070057
POS_VALIDATION_00177	44	1	0.95087993	151	51	T	-0.11990345	0.11990345
POS_VALIDATION_00177	45	1	0.95087993	123	23	T	-0.11974022	0.11974022
POS_VALIDATION_00177	46	1	0.95087993	14	-86	A	-0.11970981	0.11970981
POS_VALIDATION_00177	47	1	0.95087993	143	43	C	0.11696891	0.11696891
POS_VALIDATION_00177	48	1	0.95087993	42	-58	T	-0.11645164	0.11645164
POS_VALIDATION_00177	49	1	0.95087993	142	42	T	0.11573227	0.11573227
POS_VALIDATION_00177	50	1	0.95087993	115	15	C	0.11254016	0.11254016
POS_VALIDATION_00179	1	1	0.94584894	96	-4	C	0.66623658	0.66623658
POS_VALIDATION_00179	2	1	0.94584894	25	-75	C	-0.5124644	0.5124644
POS_VALIDATION_00179	3	1	0.94584894	101	1	A	-0.51104343	0.51104343
POS_VALIDATION_00179	4	1	0.94584894	120	20	G	-0.48503941	0.48503941
POS_VALIDATION_00179	5	1	0.94584894	191	91	C	0.44519633	0.44519633
POS_VALIDATION_00179	6	1	0.94584894	148	48	G	-0.44278896	0.44278896
POS_VALIDATION_00179	7	1	0.94584894	177	77	G	-0.42797023	0.42797023
POS_VALIDATION_00179	8	1	0.94584894	198	98	G	-0.3491174	0.3491174
POS_VALIDATION_00179	9	1	0.94584894	190	90	C	0.33317661	0.33317661
POS_VALIDATION_00179	10	1	0.94584894	109	9	C	0.30301213	0.30301213
POS_VALIDATION_00179	11	1	0.94584894	116	16	G	-0.29777285	0.29777285
POS_VALIDATION_00179	12	1	0.94584894	84	-16	T	-0.29253581	0.29253581
POS_VALIDATION_00179	13	1	0.94584894	41	-59	G	-0.28985333	0.28985333
POS_VALIDATION_00179	14	1	0.94584894	170	70	C	0.26998568	0.26998568
POS_VALIDATION_00179	15	1	0.94584894	181	81	C	0.2533322	0.2533322
POS_VALIDATION_00179	16	1	0.94584894	173	73	G	-0.24597788	0.24597788
POS_VALIDATION_00179	17	1	0.94584894	75	-25	A	-0.24456631	0.24456631
POS_VALIDATION_00179	18	1	0.94584894	185	85	G	-0.24454443	0.24454443
POS_VALIDATION_00179	19	1	0.94584894	3	-97	C	0.2237204	0.2237204
POS_VALIDATION_00179	20	1	0.94584894	0	-100	G	-0.21194884	0.21194884
POS_VALIDATION_00179	21	1	0.94584894	69	-31	A	-0.20351018	0.20351018
POS_VALIDATION_00179	22	1	0.94584894	105	5	C	0.2015036	0.2015036
POS_VALIDATION_00179	23	1	0.94584894	164	64	G	-0.19669718	0.19669718
POS_VALIDATION_00179	24	1	0.94584894	40	-60	G	-0.19554263	0.19554263
POS_VALIDATION_00179	25	1	0.94584894	145	45	C	0.19543189	0.19543189
POS_VALIDATION_00179	26	1	0.94584894	56	-44	T	0.18953802	0.18953802
POS_VALIDATION_00179	27	1	0.94584894	16	-84	G	-0.18691137	0.18691137
POS_VALIDATION_00179	28	1	0.94584894	106	6	C	0.18109494	0.18109494
POS_VALIDATION_00179	29	1	0.94584894	184	84	T	-0.17790179	0.17790179
POS_VALIDATION_00179	30	1	0.94584894	132	32	G	-0.17718132	0.17718132
POS_VALIDATION_00179	31	1	0.94584894	125	25	G	-0.17615767	0.17615767
POS_VALIDATION_00179	32	1	0.94584894	90	-10	C	0.17436148	0.17436148
POS_VALIDATION_00179	33	1	0.94584894	2	-98	T	-0.167099	0.167099
POS_VALIDATION_00179	34	1	0.94584894	112	12	C	0.16404937	0.16404937
POS_VALIDATION_00179	35	1	0.94584894	1	-99	A	0.16293359	0.16293359
POS_VALIDATION_00179	36	1	0.94584894	27	-73	C	0.15482329	0.15482329
POS_VALIDATION_00179	37	1	0.94584894	127	27	C	-0.15424877	0.15424877
POS_VALIDATION_00179	38	1	0.94584894	80	-20	G	-0.15266874	0.15266874
POS_VALIDATION_00179	39	1	0.94584894	42	-58	T	-0.15130164	0.15130164
POS_VALIDATION_00179	40	1	0.94584894	30	-70	T	-0.15004957	0.15004957
POS_VALIDATION_00179	41	1	0.94584894	81	-19	G	-0.14963683	0.14963683
POS_VALIDATION_00179	42	1	0.94584894	151	51	G	-0.14298233	0.14298233
POS_VALIDATION_00179	43	1	0.94584894	137	37	G	-0.13532618	0.13532618
POS_VALIDATION_00179	44	1	0.94584894	5	-95	C	-0.13297343	0.13297343
POS_VALIDATION_00179	45	1	0.94584894	104	4	C	-0.12993127	0.12993127
POS_VALIDATION_00179	46	1	0.94584894	153	53	C	0.12927487	0.12927487
POS_VALIDATION_00179	47	1	0.94584894	130	30	G	-0.1285405	0.1285405
POS_VALIDATION_00179	48	1	0.94584894	179	79	G	-0.12782134	0.12782134
POS_VALIDATION_00179	49	1	0.94584894	74	-26	T	-0.12710667	0.12710667
POS_VALIDATION_00179	50	1	0.94584894	99	-1	G	-0.12676221	0.12676221
POS_VALIDATION_00181	1	1	0.76846004	101	1	T	-0.88247079	0.88247079
POS_VALIDATION_00181	2	1	0.76846004	47	-53	G	-0.86235881	0.86235881
POS_VALIDATION_00181	3	1	0.76846004	178	78	C	0.7423048	0.7423048
POS_VALIDATION_00181	4	1	0.76846004	161	61	C	0.6071251	0.6071251
POS_VALIDATION_00181	5	1	0.76846004	191	91	C	0.54464352	0.54464352
POS_VALIDATION_00181	6	1	0.76846004	99	-1	C	0.53192967	0.53192967
POS_VALIDATION_00181	7	1	0.76846004	126	26	T	-0.5259093	0.5259093
POS_VALIDATION_00181	8	1	0.76846004	75	-25	C	0.47976106	0.47976106
POS_VALIDATION_00181	9	1	0.76846004	177	77	G	-0.43014795	0.43014795
POS_VALIDATION_00181	10	1	0.76846004	41	-59	G	-0.42726567	0.42726567
POS_VALIDATION_00181	11	1	0.76846004	110	10	G	-0.42634279	0.42634279
POS_VALIDATION_00181	12	1	0.76846004	0	-100	T	0.4188562	0.4188562
POS_VALIDATION_00181	13	1	0.76846004	190	90	C	0.41726509	0.41726509
POS_VALIDATION_00181	14	1	0.76846004	15	-85	G	-0.3955403	0.3955403
POS_VALIDATION_00181	15	1	0.76846004	24	-76	G	-0.38354546	0.38354546
POS_VALIDATION_00181	16	1	0.76846004	35	-65	T	0.37707561	0.37707561
POS_VALIDATION_00181	17	1	0.76846004	40	-60	G	-0.33571726	0.33571726
POS_VALIDATION_00181	18	1	0.76846004	185	85	G	-0.324397	0.324397
POS_VALIDATION_00181	19	1	0.76846004	87	-13	G	-0.32002532	0.32002532
POS_VALIDATION_00181	20	1	0.76846004	107	7	C	0.30710691	0.30710691
POS_VALIDATION_00181	21	1	0.76846004	90	-10	G	-0.2996822	0.2996822
POS_VALIDATION_00181	22	1	0.76846004	173	73	G	-0.2783784	0.2783784
POS_VALIDATION_00181	23	1	0.76846004	184	84	C	-0.26813248	0.26813248
POS_VALIDATION_00181	24	1	0.76846004	198	98	C	-0.25886241	0.25886241
POS_VALIDATION_00181	25	1	0.76846004	141	41	A	-0.25599703	0.25599703
POS_VALIDATION_00181	26	1	0.76846004	120	20	C	0.25403553	0.25403553
POS_VALIDATION_00181	27	1	0.76846004	42	-58	G	-0.25295818	0.25295818
POS_VALIDATION_00181	28	1	0.76846004	125	25	C	-0.24931616	0.24931616
POS_VALIDATION_00181	29	1	0.76846004	193	93	G	-0.24779132	0.24779132
POS_VALIDATION_00181	30	1	0.76846004	94	-6	G	-0.24371329	0.24371329
POS_VALIDATION_00181	31	1	0.76846004	129	29	C	0.24272081	0.24272081
POS_VALIDATION_00181	32	1	0.76846004	50	-50	G	-0.23986736	0.23986736
POS_VALIDATION_00181	33	1	0.76846004	5	-95	C	-0.23868002	0.23868002
POS_VALIDATION_00181	34	1	0.76846004	8	-92	C	-0.23797512	0.23797512
POS_VALIDATION_00181	35	1	0.76846004	139	39	G	-0.23724118	0.23724118
POS_VALIDATION_00181	36	1	0.76846004	123	23	G	-0.23081321	0.23081321
POS_VALIDATION_00181	37	1	0.76846004	196	96	G	-0.22489138	0.22489138
POS_VALIDATION_00181	38	1	0.76846004	152	52	C	0.22067286	0.22067286
POS_VALIDATION_00181	39	1	0.76846004	143	43	C	0.21908799	0.21908799
POS_VALIDATION_00181	40	1	0.76846004	182	82	G	-0.20998573	0.20998573
POS_VALIDATION_00181	41	1	0.76846004	56	-44	G	-0.20746283	0.20746283
POS_VALIDATION_00181	42	1	0.76846004	51	-49	C	0.20669931	0.20669931
POS_VALIDATION_00181	43	1	0.76846004	83	-17	C	0.20226873	0.20226873
POS_VALIDATION_00181	44	1	0.76846004	66	-34	C	-0.1997328	0.1997328
POS_VALIDATION_00181	45	1	0.76846004	109	9	G	-0.19761972	0.19761972
POS_VALIDATION_00181	46	1	0.76846004	11	-89	G	-0.19485039	0.19485039
POS_VALIDATION_00181	47	1	0.76846004	104	4	G	-0.18514714	0.18514714
POS_VALIDATION_00181	48	1	0.76846004	13	-87	A	-0.18307565	0.18307565
POS_VALIDATION_00181	49	1	0.76846004	77	-23	G	-0.17611071	0.17611071
POS_VALIDATION_00181	50	1	0.76846004	29	-71	G	-0.17381254	0.17381254
POS_VALIDATION_00182	1	1	0.88848555	42	-58	C	-0.85339141	0.85339141
POS_VALIDATION_00182	2	1	0.88848555	161	61	T	-0.82012874	0.82012874
POS_VALIDATION_00182	3	1	0.88848555	47	-53	G	-0.57388151	0.57388151
POS_VALIDATION_00182	4	1	0.88848555	1	-99	C	0.47811976	0.47811976
POS_VALIDATION_00182	5	1	0.88848555	196	96	C	0.41999593	0.41999593
POS_VALIDATION_00182	6	1	0.88848555	36	-64	C	0.41215974	0.41215974
POS_VALIDATION_00182	7	1	0.88848555	110	10	G	-0.38001192	0.38001192
POS_VALIDATION_00182	8	1	0.88848555	45	-55	G	-0.36549598	0.36549598
POS_VALIDATION_00182	9	1	0.88848555	15	-85	G	-0.3256346	0.3256346
POS_VALIDATION_00182	10	1	0.88848555	101	1	A	-0.31351519	0.31351519
POS_VALIDATION_00182	11	1	0.88848555	198	98	G	-0.30288824	0.30288824
POS_VALIDATION_00182	12	1	0.88848555	111	11	G	-0.29841819	0.29841819
POS_VALIDATION_00182	13	1	0.88848555	173	73	G	-0.29116255	0.29116255
POS_VALIDATION_00182	14	1	0.88848555	5	-95	C	-0.26983082	0.26983082
POS_VALIDATION_00182	15	1	0.88848555	84	-16	T	-0.26349169	0.26349169
POS_VALIDATION_00182	16	1	0.88848555	76	-24	C	0.25192064	0.25192064
POS_VALIDATION_00182	17	1	0.88848555	132	32	G	-0.25053492	0.25053492
POS_VALIDATION_00182	18	1	0.88848555	32	-68	G	-0.23408523	0.23408523
POS_VALIDATION_00182	19	1	0.88848555	8	-92	C	-0.23203447	0.23203447
POS_VALIDATION_00182	20	1	0.88848555	109	9	C	0.21587746	0.21587746
POS_VALIDATION_00182	21	1	0.88848555	116	16	T	-0.20978358	0.20978358
POS_VALIDATION_00182	22	1	0.88848555	115	15	T	0.20958029	0.20958029
POS_VALIDATION_00182	23	1	0.88848555	170	70	C	0.20847122	0.20847122
POS_VALIDATION_00182	24	1	0.88848555	166	66	C	-0.2071216	0.2071216
POS_VALIDATION_00182	25	1	0.88848555	197	97	A	0.20705889	0.20705889
POS_VALIDATION_00182	26	1	0.88848555	66	-34	C	-0.20430166	0.20430166
POS_VALIDATION_00182	27	1	0.88848555	74	-26	G	-0.20404571	0.20404571
POS_VALIDATION_00182	28	1	0.88848555	178	78	C	0.20054168	0.20054168
POS_VALIDATION_00182	29	1	0.88848555	154	54	C	-0.19786492	0.19786492
POS_VALIDATION_00182	30	1	0.88848555	164	64	G	-0.19659299	0.19659299
POS_VALIDATION_00182	31	1	0.88848555	107	7	G	-0.19113457	0.19113457
POS_VALIDATION_00182	32	1	0.88848555	184	84	T	-0.18787599	0.18787599
POS_VALIDATION_00182	33	1	0.88848555	54	-46	G	-0.18743144	0.18743144
POS_VALIDATION_00182	34	1	0.88848555	35	-65	T	0.17219344	0.17219344
POS_VALIDATION_00182	35	1	0.88848555	75	-25	A	-0.17005041	0.17005041
POS_VALIDATION_00182	36	1	0.88848555	0	-100	A	0.16470388	0.16470388
POS_VALIDATION_00182	37	1	0.88848555	23	-77	G	-0.16431759	0.16431759
POS_VALIDATION_00182	38	1	0.88848555	55	-45	G	-0.16286382	0.16286382
POS_VALIDATION_00182	39	1	0.88848555	77	-23	G	-0.16084312	0.16084312
POS_VALIDATION_00182	40	1	0.88848555	51	-49	C	0.15853114	0.15853114
POS_VALIDATION_00182	41	1	0.88848555	151	51	C	0.15043363	0.15043363
POS_VALIDATION_00182	42	1	0.88848555	71	-29	C	0.1398325	0.1398325
POS_VALIDATION_00182	43	1	0.88848555	50	-50	G	-0.13718115	0.13718115
POS_VALIDATION_00182	44	1	0.88848555	118	18	A	0.1368064	0.1368064
POS_VALIDATION_00182	45	1	0.88848555	133	33	C	0.13407077	0.13407077
POS_VALIDATION_00182	46	1	0.88848555	135	35	G	-0.13396759	0.13396759
POS_VALIDATION_00182	47	1	0.88848555	90	-10	C	0.12559924	0.12559924
POS_VALIDATION_00182	48	1	0.88848555	53	-47	G	-0.12410013	0.12410013
POS_VALIDATION_00182	49	1	0.88848555	174	74	G	-0.12293044	0.12293044
POS_VALIDATION_00182	50	1	0.88848555	56	-44	A	0.1219643	0.1219643
POS_VALIDATION_00184	1	1	0.91803151	96	-4	C	1.0250221	1.0250221
POS_VALIDATION_00184	2	1	0.91803151	198	98	G	-0.61639494	0.61639494
POS_VALIDATION_00184	3	1	0.91803151	99	-1	C	0.58412361	0.58412361
POS_VALIDATION_00184	4	1	0.91803151	55	-45	G	-0.50824952	0.50824952
POS_VALIDATION_00184	5	1	0.91803151	110	10	G	-0.49271366	0.49271366
POS_VALIDATION_00184	6	1	0.91803151	90	-10	C	0.44913501	0.44913501
POS_VALIDATION_00184	7	1	0.91803151	142	42	G	-0.44099009	0.44099009
POS_VALIDATION_00184	8	1	0.91803151	41	-59	G	-0.38754553	0.38754553
POS_VALIDATION_00184	9	1	0.91803151	2	-98	G	-0.36443686	0.36443686
POS_VALIDATION_00184	10	1	0.91803151	106	6	G	-0.36282587	0.36282587
POS_VALIDATION_00184	11	1	0.91803151	83	-17	C	0.34308583	0.34308583
POS_VALIDATION_00184	12	1	0.91803151	56	-44	A	0.34299931	0.34299931
POS_VALIDATION_00184	13	1	0.91803151	95	-5	C	0.33493781	0.33493781
POS_VALIDATION_00184	14	1	0.91803151	138	38	G	-0.33305192	0.33305192
POS_VALIDATION_00184	15	1	0.91803151	101	1	A	-0.32997206	0.32997206
POS_VALIDATION_00184	16	1	0.91803151	89	-11	C	0.30618232	0.30618232
POS_VALIDATION_00184	17	1	0.91803151	129	29	C	0.29488468	0.29488468
POS_VALIDATION_00184	18	1	0.91803151	0	-100	C	0.28619888	0.28619888
POS_VALIDATION_00184	19	1	0.91803151	82	-18	C	0.2758733	0.2758733
POS_VALIDATION_00184	20	1	0.91803151	111	11	G	-0.27350387	0.27350387
POS_VALIDATION_00184	21	1	0.91803151	137	37	G	-0.27161217	0.27161217
POS_VALIDATION_00184	22	1	0.91803151	77	-23	G	-0.27155641	0.27155641
POS_VALIDATION_00184	23	1	0.91803151	25	-75	G	-0.26870924	0.26870924
POS_VALIDATION_00184	24	1	0.91803151	164	64	G	-0.26564914	0.26564914
POS_VALIDATION_00184	25	1	0.91803151	74	-26	C	0.26292622	0.26292622
POS_VALIDATION_00184	26	1	0.91803151	194	94	G	-0.26223934	0.26223934
POS_VALIDATION_00184	27	1	0.91803151	161	61	G	-0.26020467	0.26020467
POS_VALIDATION_00184	28	1	0.91803151	52	-48	A	-0.2574265	0.2574265
POS_VALIDATION_00184	29	1	0.91803151	104	4	G	-0.25688741	0.25688741
POS_VALIDATION_00184	30	1	0.91803151	158	58	C	0.25498831	0.25498831
POS_VALIDATION_00184	31	1	0.91803151	125	25	G	-0.24893163	0.24893163
POS_VALIDATION_00184	32	1	0.91803151	69	-31	G	-0.24755561	0.24755561
POS_VALIDATION_00184	33	1	0.91803151	98	-2	C	0.24628478	0.24628478
POS_VALIDATION_00184	34	1	0.91803151	58	-42	C	0.242897	0.242897
POS_VALIDATION_00184	35	1	0.91803151	151	51	C	0.23443168	0.23443168
POS_VALIDATION_00184	36	1	0.91803151	157	57	G	-0.22699824	0.22699824
POS_VALIDATION_00184	37	1	0.91803151	35	-65	T	0.22209358	0.22209358
POS_VALIDATION_00184	38	1	0.91803151	132	32	C	0.2192222	0.2192222
POS_VALIDATION_00184	39	1	0.91803151	109	9	G	-0.21582033	0.21582033
POS_VALIDATION_00184	40	1	0.91803151	64	-36	C	0.20957446	0.20957446
POS_VALIDATION_00184	41	1	0.91803151	123	23	G	-0.20749591	0.20749591
POS_VALIDATION_00184	42	1	0.91803151	178	78	G	-0.19563904	0.19563904
POS_VALIDATION_00184	43	1	0.91803151	84	-16	G	-0.19459915	0.19459915
POS_VALIDATION_00184	44	1	0.91803151	116	16	T	-0.19167838	0.19167838
POS_VALIDATION_00184	45	1	0.91803151	71	-29	G	-0.18942916	0.18942916
POS_VALIDATION_00184	46	1	0.91803151	22	-78	G	-0.18391824	0.18391824
POS_VALIDATION_00184	47	1	0.91803151	119	19	G	-0.18286383	0.18286383
POS_VALIDATION_00184	48	1	0.91803151	170	70	A	0.1810551	0.1810551
POS_VALIDATION_00184	49	1	0.91803151	152	52	G	-0.18071479	0.18071479
POS_VALIDATION_00184	50	1	0.91803151	31	-69	G	-0.16820538	0.16820538
POS_VALIDATION_00187	1	1	0.96436614	96	-4	C	0.69790828	0.69790828
POS_VALIDATION_00187	2	1	0.96436614	36	-64	C	0.56262445	0.56262445
POS_VALIDATION_00187	3	1	0.96436614	110	10	G	-0.35867688	0.35867688
POS_VALIDATION_00187	4	1	0.96436614	99	-1	C	0.3553417	0.3553417
POS_VALIDATION_00187	5	1	0.96436614	24	-76	G	-0.34126639	0.34126639
POS_VALIDATION_00187	6	1	0.96436614	166	66	C	-0.32745749	0.32745749
POS_VALIDATION_00187	7	1	0.96436614	66	-34	G	-0.32242373	0.32242373
POS_VALIDATION_00187	8	1	0.96436614	198	98	G	-0.30847043	0.30847043
POS_VALIDATION_00187	9	1	0.96436614	104	4	T	-0.28166196	0.28166196
POS_VALIDATION_00187	10	1	0.96436614	151	51	C	0.27311373	0.27311373
POS_VALIDATION_00187	11	1	0.96436614	154	54	C	-0.24394467	0.24394467
POS_VALIDATION_00187	12	1	0.96436614	26	-74	G	-0.24019346	0.24019346
POS_VALIDATION_00187	13	1	0.96436614	32	-68	G	-0.2275604	0.2275604
POS_VALIDATION_00187	14	1	0.96436614	161	61	C	0.22301969	0.22301969
POS_VALIDATION_00187	15	1	0.96436614	142	42	G	-0.21940166	0.21940166
POS_VALIDATION_00187	16	1	0.96436614	6	-94	T	-0.19888787	0.19888787
POS_VALIDATION_00187	17	1	0.96436614	35	-65	T	0.1949771	0.1949771
POS_VALIDATION_00187	18	1	0.96436614	121	21	C	0.18897179	0.18897179
POS_VALIDATION_00187	19	1	0.96436614	131	31	C	-0.18866771	0.18866771
POS_VALIDATION_00187	20	1	0.96436614	69	-31	A	-0.18467847	0.18467847
POS_VALIDATION_00187	21	1	0.96436614	184	84	T	-0.1836551	0.1836551
POS_VALIDATION_00187	22	1	0.96436614	170	70	C	0.18050432	0.18050432
POS_VALIDATION_00187	23	1	0.96436614	56	-44	G	-0.17616625	0.17616625
POS_VALIDATION_00187	24	1	0.96436614	164	64	G	-0.17114595	0.17114595
POS_VALIDATION_00187	25	1	0.96436614	105	5	C	0.16967343	0.16967343
POS_VALIDATION_00187	26	1	0.96436614	124	24	A	-0.16957706	0.16957706
POS_VALIDATION_00187	27	1	0.96436614	108	8	G	-0.16855839	0.16855839
POS_VALIDATION_00187	28	1	0.96436614	160	60	G	-0.16445729	0.16445729
POS_VALIDATION_00187	29	1	0.96436614	140	40	G	-0.16401634	0.16401634
POS_VALIDATION_00187	30	1	0.96436614	74	-26	T	-0.15941381	0.15941381
POS_VALIDATION_00187	31	1	0.96436614	68	-32	G	-0.15853992	0.15853992
POS_VALIDATION_00187	32	1	0.96436614	115	15	T	0.15574513	0.15574513
POS_VALIDATION_00187	33	1	0.96436614	116	16	C	-0.14124918	0.14124918
POS_VALIDATION_00187	34	1	0.96436614	111	11	A	-0.13986936	0.13986936
POS_VALIDATION_00187	35	1	0.96436614	169	69	G	-0.13914019	0.13914019
POS_VALIDATION_00187	36	1	0.96436614	75	-25	C	0.13645613	0.13645613
POS_VALIDATION_00187	37	1	0.96436614	42	-58	T	-0.13574913	0.13574913
POS_VALIDATION_00187	38	1	0.96436614	194	94	G	-0.13518949	0.13518949
POS_VALIDATION_00187	39	1	0.96436614	2	-98	T	-0.13509001	0.13509001
POS_VALIDATION_00187	40	1	0.96436614	57	-43	A	0.13317065	0.13317065
POS_VALIDATION_00187	41	1	0.96436614	125	25	G	-0.1290402	0.1290402
POS_VALIDATION_00187	42	1	0.96436614	117	17	C	-0.12824465	0.12824465
POS_VALIDATION_00187	43	1	0.96436614	76	-24	A	-0.12711991	0.12711991
POS_VALIDATION_00187	44	1	0.96436614	191	91	A	0.1264126	0.1264126
POS_VALIDATION_00187	45	1	0.96436614	50	-50	G	-0.12603912	0.12603912
POS_VALIDATION_00187	46	1	0.96436614	153	53	C	0.12376013	0.12376013
POS_VALIDATION_00187	47	1	0.96436614	14	-86	T	-0.12319723	0.12319723
POS_VALIDATION_00187	48	1	0.96436614	8	-92	T	-0.1215179	0.1215179
POS_VALIDATION_00187	49	1	0.96436614	127	27	C	-0.12097044	0.12097044
POS_VALIDATION_00187	50	1	0.96436614	11	-89	C	0.11877094	0.11877094
POS_VALIDATION_00188	1	1	0.87490976	161	61	T	-0.85273528	0.85273528
POS_VALIDATION_00188	2	1	0.87490976	96	-4	C	0.60304403	0.60304403
POS_VALIDATION_00188	3	1	0.87490976	25	-75	C	-0.5981729	0.5981729
POS_VALIDATION_00188	4	1	0.87490976	191	91	C	0.3671695	0.3671695
POS_VALIDATION_00188	5	1	0.87490976	167	67	A	-0.34300047	0.34300047
POS_VALIDATION_00188	6	1	0.87490976	52	-48	A	-0.32761604	0.32761604
POS_VALIDATION_00188	7	1	0.87490976	110	10	G	-0.31830257	0.31830257
POS_VALIDATION_00188	8	1	0.87490976	23	-77	C	0.2666443	0.2666443
POS_VALIDATION_00188	9	1	0.87490976	66	-34	T	-0.25549549	0.25549549
POS_VALIDATION_00188	10	1	0.87490976	41	-59	G	-0.25360185	0.25360185
POS_VALIDATION_00188	11	1	0.87490976	99	-1	C	0.24931452	0.24931452
POS_VALIDATION_00188	12	1	0.87490976	190	90	C	0.22105522	0.22105522
POS_VALIDATION_00188	13	1	0.87490976	136	36	G	-0.21512313	0.21512313
POS_VALIDATION_00188	14	1	0.87490976	173	73	G	-0.20788904	0.20788904
POS_VALIDATION_00188	15	1	0.87490976	140	40	G	-0.20482284	0.20482284
POS_VALIDATION_00188	16	1	0.87490976	32	-68	G	-0.20278242	0.20278242
POS_VALIDATION_00188	17	1	0.87490976	127	27	C	-0.19740108	0.19740108
POS_VALIDATION_00188	18	1	0.87490976	51	-49	C	0.18819086	0.18819086
POS_VALIDATION_00188	19	1	0.87490976	28	-72	G	-0.18520169	0.18520169
POS_VALIDATION_00188	20	1	0.87490976	12	-88	C	0.18422942	0.18422942
POS_VALIDATION_00188	21	1	0.87490976	24	-76	C	-0.18311422	0.18311422
POS_VALIDATION_00188	22	1	0.87490976	198	98	G	-0.17780703	0.17780703
POS_VALIDATION_00188	23	1	0.87490976	185	85	G	-0.17630771	0.17630771
POS_VALIDATION_00188	24	1	0.87490976	26	-74	G	-0.1714934	0.1714934
POS_VALIDATION_00188	25	1	0.87490976	71	-29	C	0.1669147	0.1669147
POS_VALIDATION_00188	26	1	0.87490976	131	31	C	-0.1668449	0.1668449
POS_VALIDATION_00188	27	1	0.87490976	116	16	G	-0.16109096	0.16109096
POS_VALIDATION_00188	28	1	0.87490976	184	84	T	-0.1601859	0.1601859
POS_VALIDATION_00188	29	1	0.87490976	194	94	G	-0.15942061	0.15942061
POS_VALIDATION_00188	30	1	0.87490976	141	41	C	-0.1584397	0.1584397
POS_VALIDATION_00188	31	1	0.87490976	30	-70	T	-0.15761487	0.15761487
POS_VALIDATION_00188	32	1	0.87490976	0	-100	G	-0.1557354	0.1557354
POS_VALIDATION_00188	33	1	0.87490976	138	38	A	-0.15425305	0.15425305
POS_VALIDATION_00188	34	1	0.87490976	5	-95	G	-0.13595867	0.13595867
POS_VALIDATION_00188	35	1	0.87490976	42	-58	G	-0.13221398	0.13221398
POS_VALIDATION_00188	36	1	0.87490976	115	15	T	0.13187458	0.13187458
POS_VALIDATION_00188	37	1	0.87490976	143	43	C	0.12998641	0.12998641
POS_VALIDATION_00188	38	1	0.87490976	124	24	A	-0.12456693	0.12456693
POS_VALIDATION_00188	39	1	0.87490976	111	11	T	-0.12062418	0.12062418
POS_VALIDATION_00188	40	1	0.87490976	166	66	T	-0.12051152	0.12051152
POS_VALIDATION_00188	41	1	0.87490976	154	54	T	-0.11789834	0.11789834
POS_VALIDATION_00188	42	1	0.87490976	75	-25	C	0.11721537	0.11721537
POS_VALIDATION_00188	43	1	0.87490976	106	6	C	0.11675905	0.11675905
POS_VALIDATION_00188	44	1	0.87490976	1	-99	A	0.11663693	0.11663693
POS_VALIDATION_00188	45	1	0.87490976	193	93	G	-0.11424464	0.11424464
POS_VALIDATION_00188	46	1	0.87490976	174	74	G	-0.11092074	0.11092074
POS_VALIDATION_00188	47	1	0.87490976	59	-41	T	-0.10895558	0.10895558
POS_VALIDATION_00188	48	1	0.87490976	125	25	G	-0.10848963	0.10848963
POS_VALIDATION_00188	49	1	0.87490976	135	35	A	-0.10740965	0.10740965
POS_VALIDATION_00188	50	1	0.87490976	176	76	T	-0.10671408	0.10671408
POS_VALIDATION_00189	1	1	0.75494134	195	95	G	-1.4081111	1.4081111
POS_VALIDATION_00189	2	1	0.75494134	99	-1	C	0.74822766	0.74822766
POS_VALIDATION_00189	3	1	0.75494134	173	73	C	0.6619575	0.6619575
POS_VALIDATION_00189	4	1	0.75494134	110	10	G	-0.64489073	0.64489073
POS_VALIDATION_00189	5	1	0.75494134	84	-16	C	0.63042057	0.63042057
POS_VALIDATION_00189	6	1	0.75494134	161	61	A	-0.58578354	0.58578354
POS_VALIDATION_00189	7	1	0.75494134	66	-34	C	-0.4829601	0.4829601
POS_VALIDATION_00189	8	1	0.75494134	148	48	G	-0.47848037	0.47848037
POS_VALIDATION_00189	9	1	0.75494134	181	81	G	-0.43081057	0.43081057
POS_VALIDATION_00189	10	1	0.75494134	24	-76	G	-0.42984426	0.42984426
POS_VALIDATION_00189	11	1	0.75494134	177	77	G	-0.39615738	0.39615738
POS_VALIDATION_00189	12	1	0.75494134	160	60	G	-0.38899148	0.38899148
POS_VALIDATION_00189	13	1	0.75494134	35	-65	T	0.37867829	0.37867829
POS_VALIDATION_00189	14	1	0.75494134	185	85	G	-0.37382406	0.37382406
POS_VALIDATION_00189	15	1	0.75494134	82	-18	C	0.36125255	0.36125255
POS_VALIDATION_00189	16	1	0.75494134	106	6	C	0.35238454	0.35238454
POS_VALIDATION_00189	17	1	0.75494134	153	53	T	-0.35233402	0.35233402
POS_VALIDATION_00189	18	1	0.75494134	26	-74	G	-0.34887868	0.34887868
POS_VALIDATION_00189	19	1	0.75494134	101	1	A	-0.33302584	0.33302584
POS_VALIDATION_00189	20	1	0.75494134	129	29	C	0.32979923	0.32979923
POS_VALIDATION_00189	21	1	0.75494134	0	-100	G	-0.32884467	0.32884467
POS_VALIDATION_00189	22	1	0.75494134	28	-72	G	-0.32688665	0.32688665
POS_VALIDATION_00189	23	1	0.75494134	167	67	G	-0.32491118	0.32491118
POS_VALIDATION_00189	24	1	0.75494134	98	-2	C	0.31702346	0.31702346
POS_VALIDATION_00189	25	1	0.75494134	89	-11	C	0.30282578	0.30282578
POS_VALIDATION_00189	26	1	0.75494134	32	-68	T	-0.28535119	0.28535119
POS_VALIDATION_00189	27	1	0.75494134	166	66	G	-0.27883863	0.27883863
POS_VALIDATION_00189	28	1	0.75494134	109	9	G	-0.2636292	0.2636292
POS_VALIDATION_00189	29	1	0.75494134	121	21	C	0.26126522	0.26126522
POS_VALIDATION_00189	30	1	0.75494134	162	62	G	-0.25759521	0.25759521
POS_VALIDATION_00189	31	1	0.75494134	23	-77	G	-0.25661322	0.25661322
POS_VALIDATION_00189	32	1	0.75494134	123	23	C	0.24602315	0.24602315
POS_VALIDATION_00189	33	1	0.75494134	78	-22	G	-0.24178031	0.24178031
POS_VALIDATION_00189	34	1	0.75494134	133	33	C	0.24044943	0.24044943
POS_VALIDATION_00189	35	1	0.75494134	132	32	G	-0.23918733	0.23918733
POS_VALIDATION_00189	36	1	0.75494134	75	-25	A	-0.23727763	0.23727763
POS_VALIDATION_00189	37	1	0.75494134	119	19	C	0.23410165	0.23410165
POS_VALIDATION_00189	38	1	0.75494134	157	57	G	-0.22564191	0.22564191
POS_VALIDATION_00189	39	1	0.75494134	150	50	A	0.22302073	0.22302073
POS_VALIDATION_00189	40	1	0.75494134	194	94	C	0.22216505	0.22216505
POS_VALIDATION_00189	41	1	0.75494134	187	87	C	0.22097248	0.22097248
POS_VALIDATION_00189	42	1	0.75494134	113	13	T	-0.21410576	0.21410576
POS_VALIDATION_00189	43	1	0.75494134	52	-48	G	-0.21184093	0.21184093
POS_VALIDATION_00189	44	1	0.75494134	155	55	C	0.20925066	0.20925066
POS_VALIDATION_00189	45	1	0.75494134	154	54	T	-0.20557836	0.20557836
POS_VALIDATION_00189	46	1	0.75494134	108	8	G	-0.20555922	0.20555922
POS_VALIDATION_00189	47	1	0.75494134	64	-36	C	0.20231235	0.20231235
POS_VALIDATION_00189	48	1	0.75494134	47	-53	T	-0.20051739	0.20051739
POS_VALIDATION_00189	49	1	0.75494134	11	-89	G	-0.1995306	0.1995306
POS_VALIDATION_00189	50	1	0.75494134	15	-85	C	0.19702736	0.19702736
POS_VALIDATION_00191	1	1	0.82279491	47	-53	G	-0.83050871	0.83050871
POS_VALIDATION_00191	2	1	0.82279491	96	-4	C	0.78429443	0.78429443
POS_VALIDATION_00191	3	1	0.82279491	1	-99	C	0.69603068	0.69603068
POS_VALIDATION_00191	4	1	0.82279491	36	-64	C	0.61438435	0.61438435
POS_VALIDATION_00191	5	1	0.82279491	126	26	T	-0.50887233	0.50887233
POS_VALIDATION_00191	6	1	0.82279491	23	-77	C	0.49477869	0.49477869
POS_VALIDATION_00191	7	1	0.82279491	105	5	C	0.4874067	0.4874067
POS_VALIDATION_00191	8	1	0.82279491	142	42	G	-0.43116173	0.43116173
POS_VALIDATION_00191	9	1	0.82279491	0	-100	T	0.40256068	0.40256068
POS_VALIDATION_00191	10	1	0.82279491	76	-24	C	0.3973529	0.3973529
POS_VALIDATION_00191	11	1	0.82279491	148	48	G	-0.39700979	0.39700979
POS_VALIDATION_00191	12	1	0.82279491	24	-76	G	-0.380474	0.380474
POS_VALIDATION_00191	13	1	0.82279491	177	77	G	-0.37938824	0.37938824
POS_VALIDATION_00191	14	1	0.82279491	187	87	C	0.31161258	0.31161258
POS_VALIDATION_00191	15	1	0.82279491	35	-65	G	-0.30807528	0.30807528
POS_VALIDATION_00191	16	1	0.82279491	140	40	G	-0.30092722	0.30092722
POS_VALIDATION_00191	17	1	0.82279491	41	-59	G	-0.29923701	0.29923701
POS_VALIDATION_00191	18	1	0.82279491	103	3	C	0.29718202	0.29718202
POS_VALIDATION_00191	19	1	0.82279491	93	-7	C	0.2899828	0.2899828
POS_VALIDATION_00191	20	1	0.82279491	98	-2	G	-0.28405145	0.28405145
POS_VALIDATION_00191	21	1	0.82279491	15	-85	G	-0.2780394	0.2780394
POS_VALIDATION_00191	22	1	0.82279491	87	-13	G	-0.27261829	0.27261829
POS_VALIDATION_00191	23	1	0.82279491	51	-49	C	0.26986966	0.26986966
POS_VALIDATION_00191	24	1	0.82279491	55	-45	G	-0.25977069	0.25977069
POS_VALIDATION_00191	25	1	0.82279491	7	-93	G	-0.25952691	0.25952691
POS_VALIDATION_00191	26	1	0.82279491	69	-31	C	0.24663579	0.24663579
POS_VALIDATION_00191	27	1	0.82279491	19	-81	C	0.24637094	0.24637094
POS_VALIDATION_00191	28	1	0.82279491	101	1	A	-0.24260059	0.24260059
POS_VALIDATION_00191	29	1	0.82279491	116	16	G	-0.24206629	0.24206629
POS_VALIDATION_00191	30	1	0.82279491	132	32	G	-0.24077897	0.24077897
POS_VALIDATION_00191	31	1	0.82279491	75	-25	G	-0.24054974	0.24054974
POS_VALIDATION_00191	32	1	0.82279491	193	93	C	-0.23490453	0.23490453
POS_VALIDATION_00191	33	1	0.82279491	167	67	G	-0.23439318	0.23439318
POS_VALIDATION_00191	34	1	0.82279491	99	-1	T	0.22673254	0.22673254
POS_VALIDATION_00191	35	1	0.82279491	153	53	C	0.22579114	0.22579114
POS_VALIDATION_00191	36	1	0.82279491	181	81	C	0.22305432	0.22305432
POS_VALIDATION_00191	37	1	0.82279491	42	-58	G	-0.22041202	0.22041202
POS_VALIDATION_00191	38	1	0.82279491	123	23	A	-0.21951991	0.21951991
POS_VALIDATION_00191	39	1	0.82279491	184	84	C	-0.21426944	0.21426944
POS_VALIDATION_00191	40	1	0.82279491	10	-90	G	-0.20767573	0.20767573
POS_VALIDATION_00191	41	1	0.82279491	141	41	A	-0.20760067	0.20760067
POS_VALIDATION_00191	42	1	0.82279491	8	-92	C	-0.20135829	0.20135829
POS_VALIDATION_00191	43	1	0.82279491	125	25	G	-0.19448224	0.19448224
POS_VALIDATION_00191	44	1	0.82279491	102	2	T	-0.19350542	0.19350542
POS_VALIDATION_00191	45	1	0.82279491	92	-8	A	-0.18955271	0.18955271
POS_VALIDATION_00191	46	1	0.82279491	107	7	G	-0.18949701	0.18949701
POS_VALIDATION_00191	47	1	0.82279491	56	-44	G	-0.18947436	0.18947436
POS_VALIDATION_00191	48	1	0.82279491	95	-5	C	0.18133716	0.18133716
POS_VALIDATION_00191	49	1	0.82279491	161	61	G	-0.17861509	0.17861509
POS_VALIDATION_00191	50	1	0.82279491	173	73	T	-0.17495313	0.17495313
POS_VALIDATION_00192	1	1	0.93160444	42	-58	C	-0.86470115	0.86470115
POS_VALIDATION_00192	2	1	0.93160444	101	1	T	-0.73210108	0.73210108
POS_VALIDATION_00192	3	1	0.93160444	1	-99	C	0.66315877	0.66315877
POS_VALIDATION_00192	4	1	0.93160444	69	-31	T	-0.51286894	0.51286894
POS_VALIDATION_00192	5	1	0.93160444	170	70	C	0.47264796	0.47264796
POS_VALIDATION_00192	6	1	0.93160444	161	61	C	0.42361957	0.42361957
POS_VALIDATION_00192	7	1	0.93160444	76	-24	C	0.36699465	0.36699465
POS_VALIDATION_00192	8	1	0.93160444	103	3	C	0.35705477	0.35705477
POS_VALIDATION_00192	9	1	0.93160444	75	-25	C	0.35246316	0.35246316
POS_VALIDATION_00192	10	1	0.93160444	41	-59	G	-0.33100349	0.33100349
POS_VALIDATION_00192	11	1	0.93160444	87	-13	G	-0.33099219	0.33099219
POS_VALIDATION_00192	12	1	0.93160444	28	-72	G	-0.33066303	0.33066303
POS_VALIDATION_00192	13	1	0.93160444	106	6	G	-0.32735974	0.32735974
POS_VALIDATION_00192	14	1	0.93160444	55	-45	G	-0.29398537	0.29398537
POS_VALIDATION_00192	15	1	0.93160444	164	64	G	-0.29092845	0.29092845
POS_VALIDATION_00192	16	1	0.93160444	51	-49	C	0.28437352	0.28437352
POS_VALIDATION_00192	17	1	0.93160444	81	-19	G	-0.28090042	0.28090042
POS_VALIDATION_00192	18	1	0.93160444	173	73	G	-0.28056249	0.28056249
POS_VALIDATION_00192	19	1	0.93160444	90	-10	C	0.27444658	0.27444658
POS_VALIDATION_00192	20	1	0.93160444	40	-60	G	-0.26581198	0.26581198
POS_VALIDATION_00192	21	1	0.93160444	26	-74	G	-0.25833434	0.25833434
POS_VALIDATION_00192	22	1	0.93160444	52	-48	A	-0.25210845	0.25210845
POS_VALIDATION_00192	23	1	0.93160444	30	-70	C	0.23407507	0.23407507
POS_VALIDATION_00192	24	1	0.93160444	167	67	C	0.22945681	0.22945681
POS_VALIDATION_00192	25	1	0.93160444	56	-44	A	0.22839443	0.22839443
POS_VALIDATION_00192	26	1	0.93160444	24	-76	T	-0.22285904	0.22285904
POS_VALIDATION_00192	27	1	0.93160444	139	39	G	-0.22029564	0.22029564
POS_VALIDATION_00192	28	1	0.93160444	152	52	C	0.22004035	0.22004035
POS_VALIDATION_00192	29	1	0.93160444	19	-81	C	0.21954018	0.21954018
POS_VALIDATION_00192	30	1	0.93160444	49	-51	T	-0.21323073	0.21323073
POS_VALIDATION_00192	31	1	0.93160444	23	-77	G	-0.20809962	0.20809962
POS_VALIDATION_00192	32	1	0.93160444	97	-3	G	-0.20533434	0.20533434
POS_VALIDATION_00192	33	1	0.93160444	166	66	G	-0.20374863	0.20374863
POS_VALIDATION_00192	34	1	0.93160444	191	91	T	0.19984342	0.19984342
POS_VALIDATION_00192	35	1	0.93160444	114	14	G	-0.19755334	0.19755334
POS_VALIDATION_00192	36	1	0.93160444	0	-100	C	0.18731874	0.18731874
POS_VALIDATION_00192	37	1	0.93160444	32	-68	T	-0.18369749	0.18369749
POS_VALIDATION_00192	38	1	0.93160444	8	-92	A	-0.17912571	0.17912571
POS_VALIDATION_00192	39	1	0.93160444	123	23	G	-0.17365083	0.17365083
POS_VALIDATION_00192	40	1	0.93160444	12	-88	G	-0.16951358	0.16951358
POS_VALIDATION_00192	41	1	0.93160444	77	-23	G	-0.16753475	0.16753475
POS_VALIDATION_00192	42	1	0.93160444	160	60	G	-0.16586253	0.16586253
POS_VALIDATION_00192	43	1	0.93160444	6	-94	G	-0.16551425	0.16551425
POS_VALIDATION_00192	44	1	0.93160444	74	-26	G	-0.16440709	0.16440709
POS_VALIDATION_00192	45	1	0.93160444	135	35	G	-0.1618454	0.1618454
POS_VALIDATION_00192	46	1	0.93160444	95	-5	C	0.16107303	0.16107303
POS_VALIDATION_00192	47	1	0.93160444	120	20	C	0.16055086	0.16055086
POS_VALIDATION_00192	48	1	0.93160444	136	36	C	0.1597666	0.1597666
POS_VALIDATION_00192	49	1	0.93160444	35	-65	C	0.15963776	0.15963776
POS_VALIDATION_00192	50	1	0.93160444	54	-46	G	-0.1596041	0.1596041
POS_VALIDATION_00196	1	1	0.8146053	113	13	C	1.9390358	1.9390358
POS_VALIDATION_00196	2	1	0.8146053	195	95	G	-1.1939809	1.1939809
POS_VALIDATION_00196	3	1	0.8146053	47	-53	G	-0.99480814	0.99480814
POS_VALIDATION_00196	4	1	0.8146053	161	61	T	-0.93008494	0.93008494
POS_VALIDATION_00196	5	1	0.8146053	120	20	G	-0.75814897	0.75814897
POS_VALIDATION_00196	6	1	0.8146053	105	5	C	0.71946198	0.71946198
POS_VALIDATION_00196	7	1	0.8146053	42	-58	C	-0.68784398	0.68784398
POS_VALIDATION_00196	8	1	0.8146053	93	-7	T	-0.59964812	0.59964812
POS_VALIDATION_00196	9	1	0.8146053	99	-1	C	0.56777167	0.56777167
POS_VALIDATION_00196	10	1	0.8146053	170	70	C	0.54267645	0.54267645
POS_VALIDATION_00196	11	1	0.8146053	87	-13	G	-0.50675303	0.50675303
POS_VALIDATION_00196	12	1	0.8146053	109	9	C	0.50091779	0.50091779
POS_VALIDATION_00196	13	1	0.8146053	84	-16	T	-0.42372704	0.42372704
POS_VALIDATION_00196	14	1	0.8146053	116	16	G	-0.41781062	0.41781062
POS_VALIDATION_00196	15	1	0.8146053	75	-25	C	0.41195646	0.41195646
POS_VALIDATION_00196	16	1	0.8146053	56	-44	T	0.40871245	0.40871245
POS_VALIDATION_00196	17	1	0.8146053	130	30	C	0.40404069	0.40404069
POS_VALIDATION_00196	18	1	0.8146053	185	85	G	-0.40369886	0.40369886
POS_VALIDATION_00196	19	1	0.8146053	7	-93	G	-0.366254	0.366254
POS_VALIDATION_00196	20	1	0.8146053	184	84	G	-0.36234391	0.36234391
POS_VALIDATION_00196	21	1	0.8146053	40	-60	G	-0.34202495	0.34202495
POS_VALIDATION_00196	22	1	0.8146053	142	42	G	-0.33048338	0.33048338
POS_VALIDATION_00196	23	1	0.8146053	0	-100	A	0.32916787	0.32916787
POS_VALIDATION_00196	24	1	0.8146053	80	-20	G	-0.32824284	0.32824284
POS_VALIDATION_00196	25	1	0.8146053	35	-65	T	0.32360491	0.32360491
POS_VALIDATION_00196	26	1	0.8146053	107	7	C	0.31033206	0.31033206
POS_VALIDATION_00196	27	1	0.8146053	27	-73	C	0.30795744	0.30795744
POS_VALIDATION_00196	28	1	0.8146053	59	-41	C	-0.30750024	0.30750024
POS_VALIDATION_00196	29	1	0.8146053	68	-32	G	-0.30743235	0.30743235
POS_VALIDATION_00196	30	1	0.8146053	102	2	C	0.30660945	0.30660945
POS_VALIDATION_00196	31	1	0.8146053	198	98	C	-0.30272239	0.30272239
POS_VALIDATION_00196	32	1	0.8146053	3	-97	C	0.29337072	0.29337072
POS_VALIDATION_00196	33	1	0.8146053	155	55	A	0.28155166	0.28155166
POS_VALIDATION_00196	34	1	0.8146053	2	-98	G	-0.27776444	0.27776444
POS_VALIDATION_00196	35	1	0.8146053	196	96	C	0.27646163	0.27646163
POS_VALIDATION_00196	36	1	0.8146053	10	-90	G	-0.27419123	0.27419123
POS_VALIDATION_00196	37	1	0.8146053	89	-11	C	0.27409518	0.27409518
POS_VALIDATION_00196	38	1	0.8146053	41	-59	G	-0.27028704	0.27028704
POS_VALIDATION_00196	39	1	0.8146053	11	-89	C	0.26934612	0.26934612
POS_VALIDATION_00196	40	1	0.8146053	77	-23	G	-0.26800293	0.26800293
POS_VALIDATION_00196	41	1	0.8146053	167	67	G	-0.26451841	0.26451841
POS_VALIDATION_00196	42	1	0.8146053	53	-47	G	-0.26272225	0.26272225
POS_VALIDATION_00196	43	1	0.8146053	166	66	G	-0.2589758	0.2589758
POS_VALIDATION_00196	44	1	0.8146053	70	-30	G	-0.25506091	0.25506091
POS_VALIDATION_00196	45	1	0.8146053	30	-70	C	0.24974458	0.24974458
POS_VALIDATION_00196	46	1	0.8146053	54	-46	G	-0.24448822	0.24448822
POS_VALIDATION_00196	47	1	0.8146053	83	-17	G	-0.2387194	0.2387194
POS_VALIDATION_00196	48	1	0.8146053	133	33	C	0.23716801	0.23716801
POS_VALIDATION_00196	49	1	0.8146053	23	-77	G	-0.23642834	0.23642834
POS_VALIDATION_00196	50	1	0.8146053	33	-67	C	0.23550534	0.23550534
POS_VALIDATION_00201	1	1	0.94790536	161	61	A	-0.8691532	0.8691532
POS_VALIDATION_00201	2	1	0.94790536	96	-4	C	0.73537546	0.73537546
POS_VALIDATION_00201	3	1	0.94790536	25	-75	C	-0.57881844	0.57881844
POS_VALIDATION_00201	4	1	0.94790536	191	91	C	0.44919226	0.44919226
POS_VALIDATION_00201	5	1	0.94790536	101	1	A	-0.44171089	0.44171089
POS_VALIDATION_00201	6	1	0.94790536	148	48	G	-0.43204379	0.43204379
POS_VALIDATION_00201	7	1	0.94790536	190	90	C	0.33996016	0.33996016
POS_VALIDATION_00201	8	1	0.94790536	84	-16	T	-0.30213296	0.30213296
POS_VALIDATION_00201	9	1	0.94790536	75	-25	A	-0.29081053	0.29081053
POS_VALIDATION_00201	10	1	0.94790536	109	9	C	0.28630581	0.28630581
POS_VALIDATION_00201	11	1	0.94790536	170	70	C	0.28178984	0.28178984
POS_VALIDATION_00201	12	1	0.94790536	198	98	G	-0.26478928	0.26478928
POS_VALIDATION_00201	13	1	0.94790536	173	73	G	-0.26219118	0.26219118
POS_VALIDATION_00201	14	1	0.94790536	116	16	G	-0.25080749	0.25080749
POS_VALIDATION_00201	15	1	0.94790536	3	-97	C	0.23634464	0.23634464
POS_VALIDATION_00201	16	1	0.94790536	185	85	G	-0.23468715	0.23468715
POS_VALIDATION_00201	17	1	0.94790536	181	81	C	0.23090664	0.23090664
POS_VALIDATION_00201	18	1	0.94790536	41	-59	G	-0.21497281	0.21497281
POS_VALIDATION_00201	19	1	0.94790536	106	6	C	0.20748863	0.20748863
POS_VALIDATION_00201	20	1	0.94790536	164	64	G	-0.2050388	0.2050388
POS_VALIDATION_00201	21	1	0.94790536	2	-98	T	-0.19252515	0.19252515
POS_VALIDATION_00201	22	1	0.94790536	105	5	C	0.18724462	0.18724462
POS_VALIDATION_00201	23	1	0.94790536	184	84	T	-0.18317708	0.18317708
POS_VALIDATION_00201	24	1	0.94790536	40	-60	G	-0.18048072	0.18048072
POS_VALIDATION_00201	25	1	0.94790536	145	45	C	0.17980506	0.17980506
POS_VALIDATION_00201	26	1	0.94790536	112	12	C	0.17723943	0.17723943
POS_VALIDATION_00201	27	1	0.94790536	16	-84	G	-0.1749731	0.1749731
POS_VALIDATION_00201	28	1	0.94790536	90	-10	C	0.16422951	0.16422951
POS_VALIDATION_00201	29	1	0.94790536	125	25	G	-0.16284625	0.16284625
POS_VALIDATION_00201	30	1	0.94790536	0	-100	G	-0.15950106	0.15950106
POS_VALIDATION_00201	31	1	0.94790536	193	93	G	-0.15818249	0.15818249
POS_VALIDATION_00201	32	1	0.94790536	69	-31	A	-0.15790632	0.15790632
POS_VALIDATION_00201	33	1	0.94790536	132	32	G	-0.15256466	0.15256466
POS_VALIDATION_00201	34	1	0.94790536	82	-18	C	0.15220614	0.15220614
POS_VALIDATION_00201	35	1	0.94790536	42	-58	T	-0.14745809	0.14745809
POS_VALIDATION_00201	36	1	0.94790536	52	-48	T	-0.14713797	0.14713797
POS_VALIDATION_00201	37	1	0.94790536	151	51	G	-0.14632775	0.14632775
POS_VALIDATION_00201	38	1	0.94790536	127	27	C	-0.14543273	0.14543273
POS_VALIDATION_00201	39	1	0.94790536	1	-99	A	0.1412566	0.1412566
POS_VALIDATION_00201	40	1	0.94790536	81	-19	G	-0.13982868	0.13982868
POS_VALIDATION_00201	41	1	0.94790536	74	-26	T	-0.13595238	0.13595238
POS_VALIDATION_00201	42	1	0.94790536	137	37	G	-0.12130924	0.12130924
POS_VALIDATION_00201	43	1	0.94790536	130	30	G	-0.12085284	0.12085284
POS_VALIDATION_00201	44	1	0.94790536	24	-76	C	-0.12059144	0.12059144
POS_VALIDATION_00201	45	1	0.94790536	80	-20	G	-0.11925223	0.11925223
POS_VALIDATION_00201	46	1	0.94790536	99	-1	G	-0.1165843	0.1165843
POS_VALIDATION_00201	47	1	0.94790536	154	54	G	-0.1153973	0.1153973
POS_VALIDATION_00201	48	1	0.94790536	58	-42	C	0.11527023	0.11527023
POS_VALIDATION_00201	49	1	0.94790536	147	47	G	-0.11290999	0.11290999
POS_VALIDATION_00201	50	1	0.94790536	104	4	C	-0.10984594	0.10984594
POS_VALIDATION_00206	1	1	0.72689593	36	-64	C	0.83528638	0.83528638
POS_VALIDATION_00206	2	1	0.72689593	173	73	C	0.67651623	0.67651623
POS_VALIDATION_00206	3	1	0.72689593	161	61	T	-0.64967757	0.64967757
POS_VALIDATION_00206	4	1	0.72689593	45	-55	G	-0.62122041	0.62122041
POS_VALIDATION_00206	5	1	0.72689593	198	98	G	-0.61420333	0.61420333
POS_VALIDATION_00206	6	1	0.72689593	35	-65	G	-0.57138073	0.57138073
POS_VALIDATION_00206	7	1	0.72689593	84	-16	T	-0.47262886	0.47262886
POS_VALIDATION_00206	8	1	0.72689593	15	-85	G	-0.45517743	0.45517743
POS_VALIDATION_00206	9	1	0.72689593	140	40	G	-0.43406123	0.43406123
POS_VALIDATION_00206	10	1	0.72689593	142	42	G	-0.41908816	0.41908816
POS_VALIDATION_00206	11	1	0.72689593	87	-13	G	-0.39829862	0.39829862
POS_VALIDATION_00206	12	1	0.72689593	75	-25	T	-0.38170022	0.38170022
POS_VALIDATION_00206	13	1	0.72689593	112	12	C	0.34733129	0.34733129
POS_VALIDATION_00206	14	1	0.72689593	51	-49	C	0.33064774	0.33064774
POS_VALIDATION_00206	15	1	0.72689593	116	16	G	-0.33038241	0.33038241
POS_VALIDATION_00206	16	1	0.72689593	106	6	C	0.32977718	0.32977718
POS_VALIDATION_00206	17	1	0.72689593	167	67	C	0.30440912	0.30440912
POS_VALIDATION_00206	18	1	0.72689593	170	70	C	0.3018356	0.3018356
POS_VALIDATION_00206	19	1	0.72689593	89	-11	C	0.28595269	0.28595269
POS_VALIDATION_00206	20	1	0.72689593	66	-34	T	-0.28192824	0.28192824
POS_VALIDATION_00206	21	1	0.72689593	113	13	T	-0.27860671	0.27860671
POS_VALIDATION_00206	22	1	0.72689593	93	-7	C	0.2691676	0.2691676
POS_VALIDATION_00206	23	1	0.72689593	96	-4	A	-0.2678349	0.2678349
POS_VALIDATION_00206	24	1	0.72689593	176	76	G	-0.2669391	0.2669391
POS_VALIDATION_00206	25	1	0.72689593	7	-93	G	-0.26647338	0.26647338
POS_VALIDATION_00206	26	1	0.72689593	169	69	G	-0.26589787	0.26589787
POS_VALIDATION_00206	27	1	0.72689593	59	-41	G	-0.25959128	0.25959128
POS_VALIDATION_00206	28	1	0.72689593	3	-97	C	0.25085801	0.25085801
POS_VALIDATION_00206	29	1	0.72689593	193	93	G	-0.25031185	0.25031185
POS_VALIDATION_00206	30	1	0.72689593	127	27	T	0.24024948	0.24024948
POS_VALIDATION_00206	31	1	0.72689593	196	96	G	-0.23731124	0.23731124
POS_VALIDATION_00206	32	1	0.72689593	162	62	G	-0.23629591	0.23629591
POS_VALIDATION_00206	33	1	0.72689593	164	64	G	-0.23404831	0.23404831
POS_VALIDATION_00206	34	1	0.72689593	69	-31	T	-0.23222183	0.23222183
POS_VALIDATION_00206	35	1	0.72689593	98	-2	C	0.23082948	0.23082948
POS_VALIDATION_00206	36	1	0.72689593	0	-100	T	0.22995389	0.22995389
POS_VALIDATION_00206	37	1	0.72689593	122	22	C	0.22941509	0.22941509
POS_VALIDATION_00206	38	1	0.72689593	68	-32	G	-0.21797204	0.21797204
POS_VALIDATION_00206	39	1	0.72689593	2	-98	G	-0.21461545	0.21461545
POS_VALIDATION_00206	40	1	0.72689593	50	-50	G	-0.21055079	0.21055079
POS_VALIDATION_00206	41	1	0.72689593	23	-77	G	-0.20997879	0.20997879
POS_VALIDATION_00206	42	1	0.72689593	119	19	G	-0.20891115	0.20891115
POS_VALIDATION_00206	43	1	0.72689593	71	-29	G	-0.2083877	0.2083877
POS_VALIDATION_00206	44	1	0.72689593	181	81	C	0.20578241	0.20578241
POS_VALIDATION_00206	45	1	0.72689593	129	29	C	0.20433524	0.20433524
POS_VALIDATION_00206	46	1	0.72689593	74	-26	T	-0.20369458	0.20369458
POS_VALIDATION_00206	47	1	0.72689593	171	71	C	-0.20198667	0.20198667
POS_VALIDATION_00206	48	1	0.72689593	109	9	G	-0.18784383	0.18784383
POS_VALIDATION_00206	49	1	0.72689593	125	25	C	-0.18477261	0.18477261
POS_VALIDATION_00206	50	1	0.72689593	25	-75	T	-0.18402395	0.18402395
POS_VALIDATION_00207	1	1	0.79670191	96	-4	C	0.7729966	0.7729966
POS_VALIDATION_00207	2	1	0.79670191	120	20	G	-0.73207021	0.73207021
POS_VALIDATION_00207	3	1	0.79670191	99	-1	C	0.52400821	0.52400821
POS_VALIDATION_00207	4	1	0.79670191	69	-31	C	0.38576269	0.38576269
POS_VALIDATION_00207	5	1	0.79670191	106	6	C	0.38421404	0.38421404
POS_VALIDATION_00207	6	1	0.79670191	15	-85	G	-0.3814792	0.3814792
POS_VALIDATION_00207	7	1	0.79670191	173	73	C	0.36972198	0.36972198
POS_VALIDATION_00207	8	1	0.79670191	41	-59	G	-0.36794275	0.36794275
POS_VALIDATION_00207	9	1	0.79670191	142	42	G	-0.32408455	0.32408455
POS_VALIDATION_00207	10	1	0.79670191	116	16	G	-0.31420061	0.31420061
POS_VALIDATION_00207	11	1	0.79670191	87	-13	G	-0.31416222	0.31416222
POS_VALIDATION_00207	12	1	0.79670191	90	-10	C	0.29927006	0.29927006
POS_VALIDATION_00207	13	1	0.79670191	75	-25	G	-0.29645416	0.29645416
POS_VALIDATION_00207	14	1	0.79670191	185	85	G	-0.29058757	0.29058757
POS_VALIDATION_00207	15	1	0.79670191	148	48	G	-0.29014343	0.29014343
POS_VALIDATION_00207	16	1	0.79670191	103	3	C	0.27915418	0.27915418
POS_VALIDATION_00207	17	1	0.79670191	7	-93	G	-0.26926252	0.26926252
POS_VALIDATION_00207	18	1	0.79670191	111	11	G	-0.2688241	0.2688241
POS_VALIDATION_00207	19	1	0.79670191	121	21	C	0.2671392	0.2671392
POS_VALIDATION_00207	20	1	0.79670191	42	-58	G	-0.26408637	0.26408637
POS_VALIDATION_00207	21	1	0.79670191	98	-2	C	0.25970516	0.25970516
POS_VALIDATION_00207	22	1	0.79670191	138	38	A	-0.25269067	0.25269067
POS_VALIDATION_00207	23	1	0.79670191	166	66	C	-0.24806918	0.24806918
POS_VALIDATION_00207	24	1	0.79670191	23	-77	G	-0.22670077	0.22670077
POS_VALIDATION_00207	25	1	0.79670191	3	-97	C	0.21822125	0.21822125
POS_VALIDATION_00207	26	1	0.79670191	10	-90	G	-0.21269539	0.21269539
POS_VALIDATION_00207	27	1	0.79670191	30	-70	C	0.21254733	0.21254733
POS_VALIDATION_00207	28	1	0.79670191	71	-29	C	0.21174839	0.21174839
POS_VALIDATION_00207	29	1	0.79670191	52	-48	T	-0.2106497	0.2106497
POS_VALIDATION_00207	30	1	0.79670191	154	54	G	-0.20931676	0.20931676
POS_VALIDATION_00207	31	1	0.79670191	132	32	G	-0.20287989	0.20287989
POS_VALIDATION_00207	32	1	0.79670191	66	-34	T	-0.19888994	0.19888994
POS_VALIDATION_00207	33	1	0.79670191	109	9	G	-0.19152984	0.19152984
POS_VALIDATION_00207	34	1	0.79670191	8	-92	C	-0.19020715	0.19020715
POS_VALIDATION_00207	35	1	0.79670191	113	13	T	-0.18270153	0.18270153
POS_VALIDATION_00207	36	1	0.79670191	5	-95	G	-0.18157065	0.18157065
POS_VALIDATION_00207	37	1	0.79670191	127	27	C	-0.17870925	0.17870925
POS_VALIDATION_00207	38	1	0.79670191	74	-26	T	-0.17450532	0.17450532
POS_VALIDATION_00207	39	1	0.79670191	6	-94	A	-0.17214207	0.17214207
POS_VALIDATION_00207	40	1	0.79670191	83	-17	G	-0.1714658	0.1714658
POS_VALIDATION_00207	41	1	0.79670191	143	43	C	0.16531341	0.16531341
POS_VALIDATION_00207	42	1	0.79670191	56	-44	T	0.15953447	0.15953447
POS_VALIDATION_00207	43	1	0.79670191	64	-36	G	-0.1452868	0.1452868
POS_VALIDATION_00207	44	1	0.79670191	78	-22	G	-0.1447742	0.1447742
POS_VALIDATION_00207	45	1	0.79670191	22	-78	G	-0.14218099	0.14218099
POS_VALIDATION_00207	46	1	0.79670191	197	97	A	0.14160207	0.14160207
POS_VALIDATION_00207	47	1	0.79670191	108	8	G	-0.13915007	0.13915007
POS_VALIDATION_00207	48	1	0.79670191	190	90	G	-0.13525411	0.13525411
POS_VALIDATION_00207	49	1	0.79670191	51	-49	G	-0.13451485	0.13451485
POS_VALIDATION_00207	50	1	0.79670191	118	18	C	-0.12671974	0.12671974
POS_VALIDATION_00208	1	1	0.9234823	42	-58	C	-1.08715	1.08715
POS_VALIDATION_00208	2	1	0.9234823	1	-99	C	0.85149705	0.85149705
POS_VALIDATION_00208	3	1	0.9234823	161	61	T	-0.64001489	0.64001489
POS_VALIDATION_00208	4	1	0.9234823	36	-64	C	0.37568069	0.37568069
POS_VALIDATION_00208	5	1	0.9234823	96	-4	C	0.36322001	0.36322001
POS_VALIDATION_00208	6	1	0.9234823	99	-1	C	0.35152054	0.35152054
POS_VALIDATION_00208	7	1	0.9234823	40	-60	G	-0.25521743	0.25521743
POS_VALIDATION_00208	8	1	0.9234823	148	48	G	-0.24848916	0.24848916
POS_VALIDATION_00208	9	1	0.9234823	166	66	C	-0.24378738	0.24378738
POS_VALIDATION_00208	10	1	0.9234823	185	85	G	-0.24311547	0.24311547
POS_VALIDATION_00208	11	1	0.9234823	75	-25	T	-0.22806327	0.22806327
POS_VALIDATION_00208	12	1	0.9234823	66	-34	T	-0.21275307	0.21275307
POS_VALIDATION_00208	13	1	0.9234823	139	39	C	-0.21225438	0.21225438
POS_VALIDATION_00208	14	1	0.9234823	8	-92	A	-0.20128527	0.20128527
POS_VALIDATION_00208	15	1	0.9234823	32	-68	G	-0.19834909	0.19834909
POS_VALIDATION_00208	16	1	0.9234823	59	-41	G	-0.19766283	0.19766283
POS_VALIDATION_00208	17	1	0.9234823	126	26	A	-0.19734834	0.19734834
POS_VALIDATION_00208	18	1	0.9234823	115	15	T	0.19620159	0.19620159
POS_VALIDATION_00208	19	1	0.9234823	106	6	C	0.1951243	0.1951243
POS_VALIDATION_00208	20	1	0.9234823	138	38	A	-0.18902671	0.18902671
POS_VALIDATION_00208	21	1	0.9234823	132	32	G	-0.18471058	0.18471058
POS_VALIDATION_00208	22	1	0.9234823	111	11	G	-0.18444118	0.18444118
POS_VALIDATION_00208	23	1	0.9234823	67	-33	C	0.16918945	0.16918945
POS_VALIDATION_00208	24	1	0.9234823	187	87	C	0.16725977	0.16725977
POS_VALIDATION_00208	25	1	0.9234823	197	97	T	0.16575624	0.16575624
POS_VALIDATION_00208	26	1	0.9234823	151	51	T	-0.16206788	0.16206788
POS_VALIDATION_00208	27	1	0.9234823	69	-31	A	-0.16020329	0.16020329
POS_VALIDATION_00208	28	1	0.9234823	116	16	G	-0.15603295	0.15603295
POS_VALIDATION_00208	29	1	0.9234823	154	54	G	-0.15397508	0.15397508
POS_VALIDATION_00208	30	1	0.9234823	71	-29	C	0.15021133	0.15021133
POS_VALIDATION_00208	31	1	0.9234823	2	-98	A	-0.14682256	0.14682256
POS_VALIDATION_00208	32	1	0.9234823	14	-86	T	-0.14465269	0.14465269
POS_VALIDATION_00208	33	1	0.9234823	77	-23	G	-0.14215592	0.14215592
POS_VALIDATION_00208	34	1	0.9234823	174	74	G	-0.1389374	0.1389374
POS_VALIDATION_00208	35	1	0.9234823	58	-42	G	-0.13862902	0.13862902
POS_VALIDATION_00208	36	1	0.9234823	31	-69	A	-0.1385226	0.1385226
POS_VALIDATION_00208	37	1	0.9234823	125	25	G	-0.13520952	0.13520952
POS_VALIDATION_00208	38	1	0.9234823	34	-66	G	-0.13467316	0.13467316
POS_VALIDATION_00208	39	1	0.9234823	56	-44	C	-0.13087752	0.13087752
POS_VALIDATION_00208	40	1	0.9234823	145	45	G	-0.12893769	0.12893769
POS_VALIDATION_00208	41	1	0.9234823	135	35	A	-0.12892498	0.12892498
POS_VALIDATION_00208	42	1	0.9234823	167	67	A	-0.12796058	0.12796058
POS_VALIDATION_00208	43	1	0.9234823	78	-22	C	0.12755191	0.12755191
POS_VALIDATION_00208	44	1	0.9234823	19	-81	A	0.1264993	0.1264993
POS_VALIDATION_00208	45	1	0.9234823	37	-63	G	-0.12568775	0.12568775
POS_VALIDATION_00208	46	1	0.9234823	63	-37	G	-0.12232258	0.12232258
POS_VALIDATION_00208	47	1	0.9234823	29	-71	G	-0.11859593	0.11859593
POS_VALIDATION_00208	48	1	0.9234823	170	70	A	0.11471018	0.11471018
POS_VALIDATION_00208	49	1	0.9234823	143	43	C	0.11401262	0.11401262
POS_VALIDATION_00208	50	1	0.9234823	105	5	C	0.11203794	0.11203794
POS_VALIDATION_00210	1	1	0.82184875	195	95	G	-1.3086476	1.3086476
POS_VALIDATION_00210	2	1	0.82184875	96	-4	C	0.95844436	0.95844436
POS_VALIDATION_00210	3	1	0.82184875	23	-77	C	0.82395661	0.82395661
POS_VALIDATION_00210	4	1	0.82184875	47	-53	G	-0.74347568	0.74347568
POS_VALIDATION_00210	5	1	0.82184875	99	-1	C	0.61969447	0.61969447
POS_VALIDATION_00210	6	1	0.82184875	161	61	C	0.58300626	0.58300626
POS_VALIDATION_00210	7	1	0.82184875	57	-43	G	-0.42190647	0.42190647
POS_VALIDATION_00210	8	1	0.82184875	35	-65	T	0.37541956	0.37541956
POS_VALIDATION_00210	9	1	0.82184875	185	85	G	-0.37231073	0.37231073
POS_VALIDATION_00210	10	1	0.82184875	181	81	G	-0.36860085	0.36860085
POS_VALIDATION_00210	11	1	0.82184875	148	48	G	-0.32991809	0.32991809
POS_VALIDATION_00210	12	1	0.82184875	198	98	C	-0.30164152	0.30164152
POS_VALIDATION_00210	13	1	0.82184875	26	-74	G	-0.29822752	0.29822752
POS_VALIDATION_00210	14	1	0.82184875	84	-16	T	-0.29782388	0.29782388
POS_VALIDATION_00210	15	1	0.82184875	121	21	C	0.28544077	0.28544077
POS_VALIDATION_00210	16	1	0.82184875	74	-26	C	0.28400213	0.28400213
POS_VALIDATION_00210	17	1	0.82184875	28	-72	G	-0.27469501	0.27469501
POS_VALIDATION_00210	18	1	0.82184875	154	54	C	-0.27291888	0.27291888
POS_VALIDATION_00210	19	1	0.82184875	40	-60	G	-0.26485926	0.26485926
POS_VALIDATION_00210	20	1	0.82184875	123	23	C	0.25646782	0.25646782
POS_VALIDATION_00210	21	1	0.82184875	83	-17	C	0.25021365	0.25021365
POS_VALIDATION_00210	22	1	0.82184875	6	-94	A	-0.24098507	0.24098507
POS_VALIDATION_00210	23	1	0.82184875	68	-32	G	-0.24085006	0.24085006
POS_VALIDATION_00210	24	1	0.82184875	69	-31	T	-0.23685798	0.23685798
POS_VALIDATION_00210	25	1	0.82184875	1	-99	A	0.23463522	0.23463522
POS_VALIDATION_00210	26	1	0.82184875	0	-100	G	-0.22989532	0.22989532
POS_VALIDATION_00210	27	1	0.82184875	193	93	G	-0.22904807	0.22904807
POS_VALIDATION_00210	28	1	0.82184875	75	-25	A	-0.21889254	0.21889254
POS_VALIDATION_00210	29	1	0.82184875	25	-75	C	-0.21797174	0.21797174
POS_VALIDATION_00210	30	1	0.82184875	5	-95	C	-0.21731259	0.21731259
POS_VALIDATION_00210	31	1	0.82184875	152	52	C	0.2148114	0.2148114
POS_VALIDATION_00210	32	1	0.82184875	112	12	C	0.20957963	0.20957963
POS_VALIDATION_00210	33	1	0.82184875	12	-88	C	0.20393378	0.20393378
POS_VALIDATION_00210	34	1	0.82184875	126	26	A	-0.20160896	0.20160896
POS_VALIDATION_00210	35	1	0.82184875	58	-42	G	-0.20092642	0.20092642
POS_VALIDATION_00210	36	1	0.82184875	93	-7	T	-0.20069434	0.20069434
POS_VALIDATION_00210	37	1	0.82184875	151	51	C	0.20040843	0.20040843
POS_VALIDATION_00210	38	1	0.82184875	7	-93	G	-0.19980229	0.19980229
POS_VALIDATION_00210	39	1	0.82184875	89	-11	C	0.19702895	0.19702895
POS_VALIDATION_00210	40	1	0.82184875	131	31	G	-0.18858954	0.18858954
POS_VALIDATION_00210	41	1	0.82184875	116	16	T	-0.18426596	0.18426596
POS_VALIDATION_00210	42	1	0.82184875	19	-81	C	0.18355739	0.18355739
POS_VALIDATION_00210	43	1	0.82184875	182	82	G	-0.18255636	0.18255636
POS_VALIDATION_00210	44	1	0.82184875	108	8	C	0.18141064	0.18141064
POS_VALIDATION_00210	45	1	0.82184875	50	-50	G	-0.18095037	0.18095037
POS_VALIDATION_00210	46	1	0.82184875	80	-20	G	-0.17574796	0.17574796
POS_VALIDATION_00210	47	1	0.82184875	64	-36	C	0.16568831	0.16568831
POS_VALIDATION_00210	48	1	0.82184875	115	15	C	0.16280136	0.16280136
POS_VALIDATION_00210	49	1	0.82184875	59	-41	T	-0.16151041	0.16151041
POS_VALIDATION_00210	50	1	0.82184875	15	-85	C	0.16115591	0.16115591
POS_VALIDATION_00211	1	1	0.91012466	113	13	C	1.2277366	1.2277366
POS_VALIDATION_00211	2	1	0.91012466	161	61	T	-1.0035098	1.0035098
POS_VALIDATION_00211	3	1	0.91012466	42	-58	C	-0.79880393	0.79880393
POS_VALIDATION_00211	4	1	0.91012466	1	-99	C	0.73586059	0.73586059
POS_VALIDATION_00211	5	1	0.91012466	181	81	G	-0.53231549	0.53231549
POS_VALIDATION_00211	6	1	0.91012466	99	-1	C	0.50251704	0.50251704
POS_VALIDATION_00211	7	1	0.91012466	75	-25	G	-0.46819615	0.46819615
POS_VALIDATION_00211	8	1	0.91012466	105	5	C	0.46305227	0.46305227
POS_VALIDATION_00211	9	1	0.91012466	0	-100	T	0.43484467	0.43484467
POS_VALIDATION_00211	10	1	0.91012466	177	77	G	-0.42634937	0.42634937
POS_VALIDATION_00211	11	1	0.91012466	120	20	G	-0.40414995	0.40414995
POS_VALIDATION_00211	12	1	0.91012466	24	-76	G	-0.34536916	0.34536916
POS_VALIDATION_00211	13	1	0.91012466	170	70	C	0.33463717	0.33463717
POS_VALIDATION_00211	14	1	0.91012466	26	-74	G	-0.3185164	0.3185164
POS_VALIDATION_00211	15	1	0.91012466	109	9	C	0.31376159	0.31376159
POS_VALIDATION_00211	16	1	0.91012466	173	73	G	-0.30838069	0.30838069
POS_VALIDATION_00211	17	1	0.91012466	28	-72	G	-0.27974099	0.27974099
POS_VALIDATION_00211	18	1	0.91012466	84	-16	T	-0.27844712	0.27844712
POS_VALIDATION_00211	19	1	0.91012466	68	-32	G	-0.26333928	0.26333928
POS_VALIDATION_00211	20	1	0.91012466	74	-26	G	-0.2581667	0.2581667
POS_VALIDATION_00211	21	1	0.91012466	111	11	G	-0.25063887	0.25063887
POS_VALIDATION_00211	22	1	0.91012466	164	64	G	-0.25055167	0.25055167
POS_VALIDATION_00211	23	1	0.91012466	126	26	A	-0.2333633	0.2333633
POS_VALIDATION_00211	24	1	0.91012466	25	-75	G	-0.22870657	0.22870657
POS_VALIDATION_00211	25	1	0.91012466	166	66	C	-0.21752115	0.21752115
POS_VALIDATION_00211	26	1	0.91012466	107	7	G	-0.21415132	0.21415132
POS_VALIDATION_00211	27	1	0.91012466	123	23	A	-0.20904383	0.20904383
POS_VALIDATION_00211	28	1	0.91012466	115	15	A	0.20868671	0.20868671
POS_VALIDATION_00211	29	1	0.91012466	6	-94	T	-0.19386972	0.19386972
POS_VALIDATION_00211	30	1	0.91012466	77	-23	G	-0.18873885	0.18873885
POS_VALIDATION_00211	31	1	0.91012466	52	-48	A	-0.18198146	0.18198146
POS_VALIDATION_00211	32	1	0.91012466	94	-6	G	-0.18171506	0.18171506
POS_VALIDATION_00211	33	1	0.91012466	196	96	G	-0.1750008	0.1750008
POS_VALIDATION_00211	34	1	0.91012466	191	91	T	0.17183432	0.17183432
POS_VALIDATION_00211	35	1	0.91012466	32	-68	T	-0.16769072	0.16769072
POS_VALIDATION_00211	36	1	0.91012466	179	79	G	-0.16467294	0.16467294
POS_VALIDATION_00211	37	1	0.91012466	108	8	C	0.16320565	0.16320565
POS_VALIDATION_00211	38	1	0.91012466	121	21	G	-0.16061261	0.16061261
POS_VALIDATION_00211	39	1	0.91012466	8	-92	A	-0.14956221	0.14956221
POS_VALIDATION_00211	40	1	0.91012466	93	-7	G	-0.14758199	0.14758199
POS_VALIDATION_00211	41	1	0.91012466	127	27	C	-0.14469981	0.14469981
POS_VALIDATION_00211	42	1	0.91012466	53	-47	G	-0.14455262	0.14455262
POS_VALIDATION_00211	43	1	0.91012466	138	38	C	-0.14265451	0.14265451
POS_VALIDATION_00211	44	1	0.91012466	184	84	C	-0.14123367	0.14123367
POS_VALIDATION_00211	45	1	0.91012466	35	-65	C	-0.13716123	0.13716123
POS_VALIDATION_00211	46	1	0.91012466	83	-17	C	0.13639873	0.13639873
POS_VALIDATION_00211	47	1	0.91012466	139	39	A	0.13610496	0.13610496
POS_VALIDATION_00211	48	1	0.91012466	70	-30	G	-0.13580565	0.13580565
POS_VALIDATION_00211	49	1	0.91012466	21	-79	G	-0.13463762	0.13463762
POS_VALIDATION_00211	50	1	0.91012466	178	78	T	-0.13418186	0.13418186
POS_VALIDATION_00212	1	1	0.95227844	66	-34	G	-0.53547108	0.53547108
POS_VALIDATION_00212	2	1	0.95227844	198	98	G	-0.43707454	0.43707454
POS_VALIDATION_00212	3	1	0.95227844	75	-25	T	-0.38727635	0.38727635
POS_VALIDATION_00212	4	1	0.95227844	0	-100	T	0.38531217	0.38531217
POS_VALIDATION_00212	5	1	0.95227844	99	-1	C	0.37502176	0.37502176
POS_VALIDATION_00212	6	1	0.95227844	166	66	C	-0.36277303	0.36277303
POS_VALIDATION_00212	7	1	0.95227844	110	10	G	-0.34834814	0.34834814
POS_VALIDATION_00212	8	1	0.95227844	154	54	C	-0.26476321	0.26476321
POS_VALIDATION_00212	9	1	0.95227844	140	40	G	-0.25057536	0.25057536
POS_VALIDATION_00212	10	1	0.95227844	161	61	C	0.24931785	0.24931785
POS_VALIDATION_00212	11	1	0.95227844	170	70	C	0.2483201	0.2483201
POS_VALIDATION_00212	12	1	0.95227844	61	-39	C	0.24047166	0.24047166
POS_VALIDATION_00212	13	1	0.95227844	55	-45	G	-0.22546557	0.22546557
POS_VALIDATION_00212	14	1	0.95227844	105	5	C	0.21972638	0.21972638
POS_VALIDATION_00212	15	1	0.95227844	142	42	G	-0.21643806	0.21643806
POS_VALIDATION_00212	16	1	0.95227844	132	32	G	-0.21601804	0.21601804
POS_VALIDATION_00212	17	1	0.95227844	116	16	C	-0.21418428	0.21418428
POS_VALIDATION_00212	18	1	0.95227844	164	64	G	-0.21342504	0.21342504
POS_VALIDATION_00212	19	1	0.95227844	25	-75	G	-0.20932579	0.20932579
POS_VALIDATION_00212	20	1	0.95227844	167	67	C	0.20665514	0.20665514
POS_VALIDATION_00212	21	1	0.95227844	109	9	C	0.20642346	0.20642346
POS_VALIDATION_00212	22	1	0.95227844	151	51	C	0.20373344	0.20373344
POS_VALIDATION_00212	23	1	0.95227844	153	53	C	0.19426189	0.19426189
POS_VALIDATION_00212	24	1	0.95227844	69	-31	C	0.19380113	0.19380113
POS_VALIDATION_00212	25	1	0.95227844	121	21	C	0.19251199	0.19251199
POS_VALIDATION_00212	26	1	0.95227844	169	69	G	-0.18429214	0.18429214
POS_VALIDATION_00212	27	1	0.95227844	98	-2	C	0.18210453	0.18210453
POS_VALIDATION_00212	28	1	0.95227844	6	-94	T	-0.18131337	0.18131337
POS_VALIDATION_00212	29	1	0.95227844	158	58	C	0.17830676	0.17830676
POS_VALIDATION_00212	30	1	0.95227844	184	84	T	-0.17381695	0.17381695
POS_VALIDATION_00212	31	1	0.95227844	111	11	A	-0.17372051	0.17372051
POS_VALIDATION_00212	32	1	0.95227844	51	-49	G	-0.16982743	0.16982743
POS_VALIDATION_00212	33	1	0.95227844	57	-43	A	0.1657269	0.1657269
POS_VALIDATION_00212	34	1	0.95227844	70	-30	G	-0.16256821	0.16256821
POS_VALIDATION_00212	35	1	0.95227844	129	29	C	0.162531	0.162531
POS_VALIDATION_00212	36	1	0.95227844	2	-98	T	-0.16000117	0.16000117
POS_VALIDATION_00212	37	1	0.95227844	43	-57	G	-0.15961072	0.15961072
POS_VALIDATION_00212	38	1	0.95227844	56	-44	G	-0.15880086	0.15880086
POS_VALIDATION_00212	39	1	0.95227844	125	25	G	-0.15756327	0.15756327
POS_VALIDATION_00212	40	1	0.95227844	124	24	A	-0.15636456	0.15636456
POS_VALIDATION_00212	41	1	0.95227844	193	93	G	-0.15393561	0.15393561
POS_VALIDATION_00212	42	1	0.95227844	63	-37	G	-0.15296838	0.15296838
POS_VALIDATION_00212	43	1	0.95227844	24	-76	T	-0.14896813	0.14896813
POS_VALIDATION_00212	44	1	0.95227844	108	8	G	-0.14836612	0.14836612
POS_VALIDATION_00212	45	1	0.95227844	117	17	T	-0.14747325	0.14747325
POS_VALIDATION_00212	46	1	0.95227844	5	-95	T	0.14634901	0.14634901
POS_VALIDATION_00212	47	1	0.95227844	42	-58	T	-0.14297406	0.14297406
POS_VALIDATION_00212	48	1	0.95227844	104	4	T	-0.14169618	0.14169618
POS_VALIDATION_00212	49	1	0.95227844	115	15	T	0.14147547	0.14147547
POS_VALIDATION_00212	50	1	0.95227844	95	-5	C	0.12985349	0.12985349
POS_VALIDATION_00213	1	1	0.92169642	42	-58	C	-0.88728482	0.88728482
POS_VALIDATION_00213	2	1	0.92169642	198	98	G	-0.73035872	0.73035872
POS_VALIDATION_00213	3	1	0.92169642	161	61	C	0.5775243	0.5775243
POS_VALIDATION_00213	4	1	0.92169642	23	-77	C	0.574148	0.574148
POS_VALIDATION_00213	5	1	0.92169642	45	-55	G	-0.57326806	0.57326806
POS_VALIDATION_00213	6	1	0.92169642	1	-99	C	0.47745565	0.47745565
POS_VALIDATION_00213	7	1	0.92169642	57	-43	G	-0.43763715	0.43763715
POS_VALIDATION_00213	8	1	0.92169642	99	-1	C	0.42802805	0.42802805
POS_VALIDATION_00213	9	1	0.92169642	0	-100	T	0.40993685	0.40993685
POS_VALIDATION_00213	10	1	0.92169642	40	-60	G	-0.33516362	0.33516362
POS_VALIDATION_00213	11	1	0.92169642	184	84	G	-0.33162141	0.33162141
POS_VALIDATION_00213	12	1	0.92169642	75	-25	A	-0.31666803	0.31666803
POS_VALIDATION_00213	13	1	0.92169642	103	3	C	0.30688167	0.30688167
POS_VALIDATION_00213	14	1	0.92169642	87	-13	G	-0.29904157	0.29904157
POS_VALIDATION_00213	15	1	0.92169642	101	1	A	-0.29549879	0.29549879
POS_VALIDATION_00213	16	1	0.92169642	56	-44	A	0.29142469	0.29142469
POS_VALIDATION_00213	17	1	0.92169642	76	-24	C	0.28710642	0.28710642
POS_VALIDATION_00213	18	1	0.92169642	185	85	G	-0.27502298	0.27502298
POS_VALIDATION_00213	19	1	0.92169642	89	-11	C	0.26818463	0.26818463
POS_VALIDATION_00213	20	1	0.92169642	84	-16	T	-0.26126453	0.26126453
POS_VALIDATION_00213	21	1	0.92169642	193	93	G	-0.25630274	0.25630274
POS_VALIDATION_00213	22	1	0.92169642	59	-41	G	-0.25302735	0.25302735
POS_VALIDATION_00213	23	1	0.92169642	50	-50	G	-0.2465657	0.2465657
POS_VALIDATION_00213	24	1	0.92169642	5	-95	T	0.23541209	0.23541209
POS_VALIDATION_00213	25	1	0.92169642	61	-39	C	0.23461778	0.23461778
POS_VALIDATION_00213	26	1	0.92169642	54	-46	G	-0.2266411	0.2266411
POS_VALIDATION_00213	27	1	0.92169642	66	-34	T	-0.21922347	0.21922347
POS_VALIDATION_00213	28	1	0.92169642	74	-26	T	-0.21327469	0.21327469
POS_VALIDATION_00213	29	1	0.92169642	69	-31	T	-0.21011473	0.21011473
POS_VALIDATION_00213	30	1	0.92169642	83	-17	C	0.20776317	0.20776317
POS_VALIDATION_00213	31	1	0.92169642	121	21	C	0.19469875	0.19469875
POS_VALIDATION_00213	32	1	0.92169642	117	17	C	-0.1929028	0.1929028
POS_VALIDATION_00213	33	1	0.92169642	135	35	G	-0.18033169	0.18033169
POS_VALIDATION_00213	34	1	0.92169642	104	4	G	-0.178177	0.178177
POS_VALIDATION_00213	35	1	0.92169642	78	-22	G	-0.17724134	0.17724134
POS_VALIDATION_00213	36	1	0.92169642	93	-7	C	0.1710144	0.1710144
POS_VALIDATION_00213	37	1	0.92169642	131	31	G	-0.17048299	0.17048299
POS_VALIDATION_00213	38	1	0.92169642	21	-79	G	-0.16908863	0.16908863
POS_VALIDATION_00213	39	1	0.92169642	182	82	G	-0.16485476	0.16485476
POS_VALIDATION_00213	40	1	0.92169642	37	-63	G	-0.16017365	0.16017365
POS_VALIDATION_00213	41	1	0.92169642	6	-94	T	-0.1597143	0.1597143
POS_VALIDATION_00213	42	1	0.92169642	115	15	C	0.15246874	0.15246874
POS_VALIDATION_00213	43	1	0.92169642	150	50	G	-0.14910614	0.14910614
POS_VALIDATION_00213	44	1	0.92169642	14	-86	T	-0.14429319	0.14429319
POS_VALIDATION_00213	45	1	0.92169642	149	49	C	0.13875911	0.13875911
POS_VALIDATION_00213	46	1	0.92169642	52	-48	G	-0.13772514	0.13772514
POS_VALIDATION_00213	47	1	0.92169642	70	-30	G	-0.1344569	0.1344569
POS_VALIDATION_00213	48	1	0.92169642	158	58	G	-0.1319866	0.1319866
POS_VALIDATION_00213	49	1	0.92169642	8	-92	C	-0.13073748	0.13073748
POS_VALIDATION_00213	50	1	0.92169642	141	41	C	-0.12675425	0.12675425
POS_VALIDATION_00214	1	1	0.93086362	23	-77	C	0.872724	0.872724
POS_VALIDATION_00214	2	1	0.93086362	42	-58	C	-0.81989968	0.81989968
POS_VALIDATION_00214	3	1	0.93086362	47	-53	G	-0.76217228	0.76217228
POS_VALIDATION_00214	4	1	0.93086362	161	61	T	-0.73470253	0.73470253
POS_VALIDATION_00214	5	1	0.93086362	1	-99	C	0.70526564	0.70526564
POS_VALIDATION_00214	6	1	0.93086362	36	-64	C	0.69077188	0.69077188
POS_VALIDATION_00214	7	1	0.93086362	110	10	G	-0.51426697	0.51426697
POS_VALIDATION_00214	8	1	0.93086362	191	91	C	0.50803208	0.50803208
POS_VALIDATION_00214	9	1	0.93086362	105	5	C	0.44888532	0.44888532
POS_VALIDATION_00214	10	1	0.93086362	24	-76	G	-0.42458355	0.42458355
POS_VALIDATION_00214	11	1	0.93086362	84	-16	C	0.36125815	0.36125815
POS_VALIDATION_00214	12	1	0.93086362	149	49	C	0.32786185	0.32786185
POS_VALIDATION_00214	13	1	0.93086362	55	-45	G	-0.32600707	0.32600707
POS_VALIDATION_00214	14	1	0.93086362	173	73	G	-0.31535542	0.31535542
POS_VALIDATION_00214	15	1	0.93086362	116	16	G	-0.31530303	0.31530303
POS_VALIDATION_00214	16	1	0.93086362	153	53	G	-0.31516618	0.31516618
POS_VALIDATION_00214	17	1	0.93086362	0	-100	G	-0.30851918	0.30851918
POS_VALIDATION_00214	18	1	0.93086362	56	-44	G	-0.299503	0.299503
POS_VALIDATION_00214	19	1	0.93086362	93	-7	T	-0.29819244	0.29819244
POS_VALIDATION_00214	20	1	0.93086362	142	42	G	-0.29596552	0.29596552
POS_VALIDATION_00214	21	1	0.93086362	123	23	G	-0.28810984	0.28810984
POS_VALIDATION_00214	22	1	0.93086362	198	98	C	-0.28723925	0.28723925
POS_VALIDATION_00214	23	1	0.93086362	75	-25	C	0.28661889	0.28661889
POS_VALIDATION_00214	24	1	0.93086362	109	9	C	0.28644884	0.28644884
POS_VALIDATION_00214	25	1	0.93086362	126	26	A	-0.25983214	0.25983214
POS_VALIDATION_00214	26	1	0.93086362	167	67	C	0.25946617	0.25946617
POS_VALIDATION_00214	27	1	0.93086362	121	21	C	0.25254714	0.25254714
POS_VALIDATION_00214	28	1	0.93086362	51	-49	C	0.24061364	0.24061364
POS_VALIDATION_00214	29	1	0.93086362	141	41	A	-0.23801093	0.23801093
POS_VALIDATION_00214	30	1	0.93086362	101	1	C	-0.23679504	0.23679504
POS_VALIDATION_00214	31	1	0.93086362	106	6	G	-0.23267695	0.23267695
POS_VALIDATION_00214	32	1	0.93086362	94	-6	G	-0.23259635	0.23259635
POS_VALIDATION_00214	33	1	0.93086362	120	20	C	0.22187333	0.22187333
POS_VALIDATION_00214	34	1	0.93086362	151	51	G	-0.21400563	0.21400563
POS_VALIDATION_00214	35	1	0.93086362	10	-90	G	-0.21303786	0.21303786
POS_VALIDATION_00214	36	1	0.93086362	52	-48	C	-0.20967278	0.20967278
POS_VALIDATION_00214	37	1	0.93086362	69	-31	T	-0.20657441	0.20657441
POS_VALIDATION_00214	38	1	0.93086362	6	-94	G	-0.20542715	0.20542715
POS_VALIDATION_00214	39	1	0.93086362	3	-97	C	0.2047133	0.2047133
POS_VALIDATION_00214	40	1	0.93086362	160	60	G	-0.19630066	0.19630066
POS_VALIDATION_00214	41	1	0.93086362	166	66	C	-0.19560248	0.19560248
POS_VALIDATION_00214	42	1	0.93086362	64	-36	G	-0.18428931	0.18428931
POS_VALIDATION_00214	43	1	0.93086362	179	79	G	-0.17722139	0.17722139
POS_VALIDATION_00214	44	1	0.93086362	197	97	A	0.17711218	0.17711218
POS_VALIDATION_00214	45	1	0.93086362	174	74	G	-0.17611663	0.17611663
POS_VALIDATION_00214	46	1	0.93086362	74	-26	C	0.1747511	0.1747511
POS_VALIDATION_00214	47	1	0.93086362	158	58	G	-0.17424521	0.17424521
POS_VALIDATION_00214	48	1	0.93086362	108	8	C	0.16657445	0.16657445
POS_VALIDATION_00214	49	1	0.93086362	27	-73	C	0.16455409	0.16455409
POS_VALIDATION_00214	50	1	0.93086362	37	-63	T	-0.16364084	0.16364084
POS_VALIDATION_00215	1	1	0.71903574	195	95	G	-1.4990813	1.4990813
POS_VALIDATION_00215	2	1	0.71903574	191	91	C	0.95364285	0.95364285
POS_VALIDATION_00215	3	1	0.71903574	161	61	T	-0.82805747	0.82805747
POS_VALIDATION_00215	4	1	0.71903574	47	-53	G	-0.70957381	0.70957381
POS_VALIDATION_00215	5	1	0.71903574	99	-1	C	0.69426358	0.69426358
POS_VALIDATION_00215	6	1	0.71903574	120	20	G	-0.66006696	0.66006696
POS_VALIDATION_00215	7	1	0.71903574	69	-31	C	0.65370196	0.65370196
POS_VALIDATION_00215	8	1	0.71903574	131	31	C	0.57148886	0.57148886
POS_VALIDATION_00215	9	1	0.71903574	51	-49	C	0.56570917	0.56570917
POS_VALIDATION_00215	10	1	0.71903574	45	-55	G	-0.48341143	0.48341143
POS_VALIDATION_00215	11	1	0.71903574	93	-7	C	0.46622878	0.46622878
POS_VALIDATION_00215	12	1	0.71903574	103	3	C	0.45225954	0.45225954
POS_VALIDATION_00215	13	1	0.71903574	198	98	G	-0.45080748	0.45080748
POS_VALIDATION_00215	14	1	0.71903574	84	-16	T	-0.41554266	0.41554266
POS_VALIDATION_00215	15	1	0.71903574	116	16	G	-0.3997055	0.3997055
POS_VALIDATION_00215	16	1	0.71903574	132	32	C	0.39681643	0.39681643
POS_VALIDATION_00215	17	1	0.71903574	40	-60	G	-0.37240601	0.37240601
POS_VALIDATION_00215	18	1	0.71903574	74	-26	C	0.35854828	0.35854828
POS_VALIDATION_00215	19	1	0.71903574	167	67	C	0.33116266	0.33116266
POS_VALIDATION_00215	20	1	0.71903574	12	-88	C	0.32987154	0.32987154
POS_VALIDATION_00215	21	1	0.71903574	158	58	C	0.29688966	0.29688966
POS_VALIDATION_00215	22	1	0.71903574	3	-97	C	0.29685408	0.29685408
POS_VALIDATION_00215	23	1	0.71903574	144	44	C	0.28833136	0.28833136
POS_VALIDATION_00215	24	1	0.71903574	58	-42	C	0.28538561	0.28538561
POS_VALIDATION_00215	25	1	0.71903574	8	-92	A	-0.27995983	0.27995983
POS_VALIDATION_00215	26	1	0.71903574	98	-2	G	-0.27118796	0.27118796
POS_VALIDATION_00215	27	1	0.71903574	139	39	G	-0.25400877	0.25400877
POS_VALIDATION_00215	28	1	0.71903574	138	38	G	-0.24870582	0.24870582
POS_VALIDATION_00215	29	1	0.71903574	79	-21	C	0.24840242	0.24840242
POS_VALIDATION_00215	30	1	0.71903574	75	-25	A	-0.2461355	0.2461355
POS_VALIDATION_00215	31	1	0.71903574	59	-41	G	-0.2438484	0.2438484
POS_VALIDATION_00215	32	1	0.71903574	97	-3	G	-0.24332801	0.24332801
POS_VALIDATION_00215	33	1	0.71903574	108	8	C	0.24008048	0.24008048
POS_VALIDATION_00215	34	1	0.71903574	117	17	C	0.23845012	0.23845012
POS_VALIDATION_00215	35	1	0.71903574	141	41	T	-0.23783812	0.23783812
POS_VALIDATION_00215	36	1	0.71903574	27	-73	C	0.23507196	0.23507196
POS_VALIDATION_00215	37	1	0.71903574	194	94	G	-0.22972649	0.22972649
POS_VALIDATION_00215	38	1	0.71903574	53	-47	G	-0.22539172	0.22539172
POS_VALIDATION_00215	39	1	0.71903574	2	-98	T	-0.21914303	0.21914303
POS_VALIDATION_00215	40	1	0.71903574	82	-18	C	0.21814694	0.21814694
POS_VALIDATION_00215	41	1	0.71903574	150	50	T	-0.21740541	0.21740541
POS_VALIDATION_00215	42	1	0.71903574	160	60	G	-0.2154099	0.2154099
POS_VALIDATION_00215	43	1	0.71903574	68	-32	G	-0.21385612	0.21385612
POS_VALIDATION_00215	44	1	0.71903574	87	-13	G	-0.21258551	0.21258551
POS_VALIDATION_00215	45	1	0.71903574	151	51	G	-0.20528542	0.20528542
POS_VALIDATION_00215	46	1	0.71903574	154	54	G	-0.20385298	0.20385298
POS_VALIDATION_00215	47	1	0.71903574	28	-72	T	-0.19327146	0.19327146
POS_VALIDATION_00215	48	1	0.71903574	0	-100	A	0.19130194	0.19130194
POS_VALIDATION_00215	49	1	0.71903574	56	-44	G	-0.19082598	0.19082598
POS_VALIDATION_00215	50	1	0.71903574	81	-19	G	-0.18925625	0.18925625
POS_VALIDATION_00217	1	1	0.77976608	161	61	T	-0.8434574	0.8434574
POS_VALIDATION_00217	2	1	0.77976608	84	-16	C	0.83113319	0.83113319
POS_VALIDATION_00217	3	1	0.77976608	191	91	C	0.75267404	0.75267404
POS_VALIDATION_00217	4	1	0.77976608	181	81	G	-0.72727716	0.72727716
POS_VALIDATION_00217	5	1	0.77976608	69	-31	C	0.66206169	0.66206169
POS_VALIDATION_00217	6	1	0.77976608	99	-1	C	0.62842643	0.62842643
POS_VALIDATION_00217	7	1	0.77976608	120	20	G	-0.5972631	0.5972631
POS_VALIDATION_00217	8	1	0.77976608	76	-24	C	0.56916702	0.56916702
POS_VALIDATION_00217	9	1	0.77976608	140	40	G	-0.55372792	0.55372792
POS_VALIDATION_00217	10	1	0.77976608	57	-43	G	-0.45143485	0.45143485
POS_VALIDATION_00217	11	1	0.77976608	93	-7	C	0.44812766	0.44812766
POS_VALIDATION_00217	12	1	0.77976608	87	-13	G	-0.44013429	0.44013429
POS_VALIDATION_00217	13	1	0.77976608	15	-85	G	-0.42108667	0.42108667
POS_VALIDATION_00217	14	1	0.77976608	187	87	C	0.4203186	0.4203186
POS_VALIDATION_00217	15	1	0.77976608	177	77	G	-0.40748221	0.40748221
POS_VALIDATION_00217	16	1	0.77976608	0	-100	T	0.39926246	0.39926246
POS_VALIDATION_00217	17	1	0.77976608	30	-70	C	0.394822	0.394822
POS_VALIDATION_00217	18	1	0.77976608	173	73	G	-0.38889852	0.38889852
POS_VALIDATION_00217	19	1	0.77976608	167	67	C	0.38829586	0.38829586
POS_VALIDATION_00217	20	1	0.77976608	171	71	G	-0.34724653	0.34724653
POS_VALIDATION_00217	21	1	0.77976608	2	-98	G	-0.33527964	0.33527964
POS_VALIDATION_00217	22	1	0.77976608	10	-90	G	-0.33142465	0.33142465
POS_VALIDATION_00217	23	1	0.77976608	163	63	C	0.32909459	0.32909459
POS_VALIDATION_00217	24	1	0.77976608	152	52	C	0.31963408	0.31963408
POS_VALIDATION_00217	25	1	0.77976608	75	-25	T	-0.31689474	0.31689474
POS_VALIDATION_00217	26	1	0.77976608	138	38	G	-0.3120091	0.3120091
POS_VALIDATION_00217	27	1	0.77976608	3	-97	C	0.30096877	0.30096877
POS_VALIDATION_00217	28	1	0.77976608	52	-48	G	-0.29195249	0.29195249
POS_VALIDATION_00217	29	1	0.77976608	169	69	G	-0.28780478	0.28780478
POS_VALIDATION_00217	30	1	0.77976608	98	-2	G	-0.27675605	0.27675605
POS_VALIDATION_00217	31	1	0.77976608	135	35	A	-0.27299511	0.27299511
POS_VALIDATION_00217	32	1	0.77976608	108	8	C	0.26625654	0.26625654
POS_VALIDATION_00217	33	1	0.77976608	58	-42	G	-0.26475567	0.26475567
POS_VALIDATION_00217	34	1	0.77976608	155	55	C	0.26173538	0.26173538
POS_VALIDATION_00217	35	1	0.77976608	183	83	G	-0.25099728	0.25099728
POS_VALIDATION_00217	36	1	0.77976608	53	-47	G	-0.25078052	0.25078052
POS_VALIDATION_00217	37	1	0.77976608	38	-62	G	-0.24619591	0.24619591
POS_VALIDATION_00217	38	1	0.77976608	74	-26	G	-0.24258445	0.24258445
POS_VALIDATION_00217	39	1	0.77976608	179	79	G	-0.24217826	0.24217826
POS_VALIDATION_00217	40	1	0.77976608	23	-77	G	-0.24038173	0.24038173
POS_VALIDATION_00217	41	1	0.77976608	151	51	G	-0.23963781	0.23963781
POS_VALIDATION_00217	42	1	0.77976608	27	-73	C	0.23675919	0.23675919
POS_VALIDATION_00217	43	1	0.77976608	104	4	G	-0.23504066	0.23504066
POS_VALIDATION_00217	44	1	0.77976608	154	54	G	-0.22933847	0.22933847
POS_VALIDATION_00217	45	1	0.77976608	21	-79	C	0.22086056	0.22086056
POS_VALIDATION_00217	46	1	0.77976608	96	-4	A	-0.21981251	0.21981251
POS_VALIDATION_00217	47	1	0.77976608	80	-20	G	-0.21850975	0.21850975
POS_VALIDATION_00217	48	1	0.77976608	130	30	G	-0.21042241	0.21042241
POS_VALIDATION_00217	49	1	0.77976608	78	-22	C	0.20438303	0.20438303
POS_VALIDATION_00217	50	1	0.77976608	129	29	G	-0.20423171	0.20423171
POS_VALIDATION_00218	1	1	0.7919268	42	-58	C	-0.94500566	0.94500566
POS_VALIDATION_00218	2	1	0.7919268	96	-4	C	0.72525573	0.72525573
POS_VALIDATION_00218	3	1	0.7919268	47	-53	G	-0.71795094	0.71795094
POS_VALIDATION_00218	4	1	0.7919268	23	-77	C	0.57595348	0.57595348
POS_VALIDATION_00218	5	1	0.7919268	36	-64	C	0.55675924	0.55675924
POS_VALIDATION_00218	6	1	0.7919268	66	-34	C	-0.53383917	0.53383917
POS_VALIDATION_00218	7	1	0.7919268	84	-16	T	-0.48330325	0.48330325
POS_VALIDATION_00218	8	1	0.7919268	198	98	G	-0.4800221	0.4800221
POS_VALIDATION_00218	9	1	0.7919268	69	-31	C	0.43601623	0.43601623
POS_VALIDATION_00218	10	1	0.7919268	99	-1	C	0.38242927	0.38242927
POS_VALIDATION_00218	11	1	0.7919268	75	-25	T	-0.36249486	0.36249486
POS_VALIDATION_00218	12	1	0.7919268	109	9	C	0.30592296	0.30592296
POS_VALIDATION_00218	13	1	0.7919268	106	6	C	0.29556882	0.29556882
POS_VALIDATION_00218	14	1	0.7919268	19	-81	C	0.28142762	0.28142762
POS_VALIDATION_00218	15	1	0.7919268	0	-100	G	-0.27380073	0.27380073
POS_VALIDATION_00218	16	1	0.7919268	26	-74	G	-0.27298531	0.27298531
POS_VALIDATION_00218	17	1	0.7919268	173	73	G	-0.26366276	0.26366276
POS_VALIDATION_00218	18	1	0.7919268	151	51	C	0.25002757	0.25002757
POS_VALIDATION_00218	19	1	0.7919268	142	42	G	-0.24312283	0.24312283
POS_VALIDATION_00218	20	1	0.7919268	138	38	G	-0.23883736	0.23883736
POS_VALIDATION_00218	21	1	0.7919268	25	-75	G	-0.23786974	0.23786974
POS_VALIDATION_00218	22	1	0.7919268	102	2	T	-0.23645556	0.23645556
POS_VALIDATION_00218	23	1	0.7919268	154	54	C	-0.23642495	0.23642495
POS_VALIDATION_00218	24	1	0.7919268	105	5	C	0.23443168	0.23443168
POS_VALIDATION_00218	25	1	0.7919268	160	60	G	-0.23022775	0.23022775
POS_VALIDATION_00218	26	1	0.7919268	116	16	G	-0.22983365	0.22983365
POS_VALIDATION_00218	27	1	0.7919268	52	-48	C	-0.21516319	0.21516319
POS_VALIDATION_00218	28	1	0.7919268	74	-26	G	-0.21005422	0.21005422
POS_VALIDATION_00218	29	1	0.7919268	141	41	A	-0.20434195	0.20434195
POS_VALIDATION_00218	30	1	0.7919268	35	-65	T	0.20162007	0.20162007
POS_VALIDATION_00218	31	1	0.7919268	184	84	T	-0.19623251	0.19623251
POS_VALIDATION_00218	32	1	0.7919268	8	-92	A	-0.1910972	0.1910972
POS_VALIDATION_00218	33	1	0.7919268	111	11	A	-0.18961892	0.18961892
POS_VALIDATION_00218	34	1	0.7919268	90	-10	C	0.18883774	0.18883774
POS_VALIDATION_00218	35	1	0.7919268	80	-20	G	-0.18717024	0.18717024
POS_VALIDATION_00218	36	1	0.7919268	16	-84	G	-0.18381098	0.18381098
POS_VALIDATION_00218	37	1	0.7919268	152	52	C	0.17597741	0.17597741
POS_VALIDATION_00218	38	1	0.7919268	2	-98	G	-0.17354487	0.17354487
POS_VALIDATION_00218	39	1	0.7919268	54	-46	G	-0.16879983	0.16879983
POS_VALIDATION_00218	40	1	0.7919268	115	15	G	-0.16829583	0.16829583
POS_VALIDATION_00218	41	1	0.7919268	14	-86	T	-0.16038775	0.16038775
POS_VALIDATION_00218	42	1	0.7919268	64	-36	G	-0.15937193	0.15937193
POS_VALIDATION_00218	43	1	0.7919268	81	-19	G	-0.15904547	0.15904547
POS_VALIDATION_00218	44	1	0.7919268	197	97	T	0.15718333	0.15718333
POS_VALIDATION_00218	45	1	0.7919268	6	-94	T	-0.15405144	0.15405144
POS_VALIDATION_00218	46	1	0.7919268	164	64	G	-0.15199049	0.15199049
POS_VALIDATION_00218	47	1	0.7919268	171	71	A	0.1508	0.1508
POS_VALIDATION_00218	48	1	0.7919268	57	-43	C	-0.14498813	0.14498813
POS_VALIDATION_00218	49	1	0.7919268	22	-78	G	-0.13810495	0.13810495
POS_VALIDATION_00218	50	1	0.7919268	12	-88	T	-0.136677	0.136677
POS_VALIDATION_00221	1	1	0.75763446	87	-13	G	-0.55315089	0.55315089
POS_VALIDATION_00221	2	1	0.75763446	69	-31	C	0.54474884	0.54474884
POS_VALIDATION_00221	3	1	0.75763446	24	-76	G	-0.52660769	0.52660769
POS_VALIDATION_00221	4	1	0.75763446	178	78	C	0.48373541	0.48373541
POS_VALIDATION_00221	5	1	0.75763446	107	7	C	0.47081479	0.47081479
POS_VALIDATION_00221	6	1	0.75763446	116	16	G	-0.45652187	0.45652187
POS_VALIDATION_00221	7	1	0.75763446	181	81	G	-0.45518851	0.45518851
POS_VALIDATION_00221	8	1	0.75763446	89	-11	C	0.3796519	0.3796519
POS_VALIDATION_00221	9	1	0.75763446	166	66	G	-0.37916178	0.37916178
POS_VALIDATION_00221	10	1	0.75763446	162	62	G	-0.37841669	0.37841669
POS_VALIDATION_00221	11	1	0.75763446	170	70	C	0.3750498	0.3750498
POS_VALIDATION_00221	12	1	0.75763446	173	73	C	0.37087536	0.37087536
POS_VALIDATION_00221	13	1	0.75763446	190	90	C	0.36025205	0.36025205
POS_VALIDATION_00221	14	1	0.75763446	10	-90	G	-0.3394132	0.3394132
POS_VALIDATION_00221	15	1	0.75763446	84	-16	T	-0.33791554	0.33791554
POS_VALIDATION_00221	16	1	0.75763446	112	12	C	0.32853985	0.32853985
POS_VALIDATION_00221	17	1	0.75763446	0	-100	T	0.31288901	0.31288901
POS_VALIDATION_00221	18	1	0.75763446	53	-47	G	-0.30075228	0.30075228
POS_VALIDATION_00221	19	1	0.75763446	75	-25	T	-0.28976601	0.28976601
POS_VALIDATION_00221	20	1	0.75763446	93	-7	C	0.28492439	0.28492439
POS_VALIDATION_00221	21	1	0.75763446	12	-88	G	-0.28265741	0.28265741
POS_VALIDATION_00221	22	1	0.75763446	154	54	G	-0.27952385	0.27952385
POS_VALIDATION_00221	23	1	0.75763446	139	39	C	-0.27161413	0.27161413
POS_VALIDATION_00221	24	1	0.75763446	25	-75	G	-0.26984373	0.26984373
POS_VALIDATION_00221	25	1	0.75763446	119	19	G	-0.26936749	0.26936749
POS_VALIDATION_00221	26	1	0.75763446	109	9	G	-0.26904887	0.26904887
POS_VALIDATION_00221	27	1	0.75763446	164	64	G	-0.26782551	0.26782551
POS_VALIDATION_00221	28	1	0.75763446	161	61	G	-0.26743105	0.26743105
POS_VALIDATION_00221	29	1	0.75763446	8	-92	A	-0.25375745	0.25375745
POS_VALIDATION_00221	30	1	0.75763446	5	-95	G	-0.25127399	0.25127399
POS_VALIDATION_00221	31	1	0.75763446	124	24	G	-0.24606499	0.24606499
POS_VALIDATION_00221	32	1	0.75763446	72	-28	G	-0.24397026	0.24397026
POS_VALIDATION_00221	33	1	0.75763446	83	-17	G	-0.24231525	0.24231525
POS_VALIDATION_00221	34	1	0.75763446	150	50	G	-0.23866659	0.23866659
POS_VALIDATION_00221	35	1	0.75763446	106	6	C	0.238166	0.238166
POS_VALIDATION_00221	36	1	0.75763446	188	88	G	-0.2328527	0.2328527
POS_VALIDATION_00221	37	1	0.75763446	17	-83	C	0.23089543	0.23089543
POS_VALIDATION_00221	38	1	0.75763446	70	-30	G	-0.22671726	0.22671726
POS_VALIDATION_00221	39	1	0.75763446	96	-4	G	-0.22601403	0.22601403
POS_VALIDATION_00221	40	1	0.75763446	62	-38	G	-0.22288536	0.22288536
POS_VALIDATION_00221	41	1	0.75763446	3	-97	C	0.22267219	0.22267219
POS_VALIDATION_00221	42	1	0.75763446	172	72	C	0.22140008	0.22140008
POS_VALIDATION_00221	43	1	0.75763446	6	-94	G	-0.21854751	0.21854751
POS_VALIDATION_00221	44	1	0.75763446	129	29	C	0.21606363	0.21606363
POS_VALIDATION_00221	45	1	0.75763446	160	60	A	0.21448597	0.21448597
POS_VALIDATION_00221	46	1	0.75763446	117	17	G	-0.21137375	0.21137375
POS_VALIDATION_00221	47	1	0.75763446	52	-48	T	-0.20976371	0.20976371
POS_VALIDATION_00221	48	1	0.75763446	171	71	A	0.2079128	0.2079128
POS_VALIDATION_00221	49	1	0.75763446	95	-5	G	-0.20525143	0.20525143
POS_VALIDATION_00221	50	1	0.75763446	32	-68	T	-0.20509827	0.20509827
POS_VALIDATION_00226	1	1	0.78040934	101	1	T	-0.80433285	0.80433285
POS_VALIDATION_00226	2	1	0.78040934	170	70	C	0.39660323	0.39660323
POS_VALIDATION_00226	3	1	0.78040934	55	-45	G	-0.34460104	0.34460104
POS_VALIDATION_00226	4	1	0.78040934	105	5	C	0.29634669	0.29634669
POS_VALIDATION_00226	5	1	0.78040934	75	-25	T	-0.28436899	0.28436899
POS_VALIDATION_00226	6	1	0.78040934	123	23	G	-0.28397325	0.28397325
POS_VALIDATION_00226	7	1	0.78040934	76	-24	C	0.27924609	0.27924609
POS_VALIDATION_00226	8	1	0.78040934	8	-92	C	-0.26825058	0.26825058
POS_VALIDATION_00226	9	1	0.78040934	138	38	A	-0.26195639	0.26195639
POS_VALIDATION_00226	10	1	0.78040934	40	-60	G	-0.25719106	0.25719106
POS_VALIDATION_00226	11	1	0.78040934	132	32	G	-0.25503018	0.25503018
POS_VALIDATION_00226	12	1	0.78040934	109	9	G	-0.23126918	0.23126918
POS_VALIDATION_00226	13	1	0.78040934	84	-16	T	-0.23012319	0.23012319
POS_VALIDATION_00226	14	1	0.78040934	0	-100	G	-0.2215783	0.2215783
POS_VALIDATION_00226	15	1	0.78040934	74	-26	T	-0.21972662	0.21972662
POS_VALIDATION_00226	16	1	0.78040934	141	41	T	-0.21809277	0.21809277
POS_VALIDATION_00226	17	1	0.78040934	110	10	C	-0.21489805	0.21489805
POS_VALIDATION_00226	18	1	0.78040934	153	53	G	-0.20807479	0.20807479
POS_VALIDATION_00226	19	1	0.78040934	151	51	G	-0.20116119	0.20116119
POS_VALIDATION_00226	20	1	0.78040934	35	-65	T	0.19631898	0.19631898
POS_VALIDATION_00226	21	1	0.78040934	154	54	C	-0.19476302	0.19476302
POS_VALIDATION_00226	22	1	0.78040934	62	-38	C	-0.19252019	0.19252019
POS_VALIDATION_00226	23	1	0.78040934	178	78	C	0.18963246	0.18963246
POS_VALIDATION_00226	24	1	0.78040934	47	-53	T	-0.18848716	0.18848716
POS_VALIDATION_00226	25	1	0.78040934	173	73	C	0.18735242	0.18735242
POS_VALIDATION_00226	26	1	0.78040934	99	-1	T	-0.17416173	0.17416173
POS_VALIDATION_00226	27	1	0.78040934	129	29	G	-0.16069713	0.16069713
POS_VALIDATION_00226	28	1	0.78040934	56	-44	A	0.15569851	0.15569851
POS_VALIDATION_00226	29	1	0.78040934	66	-34	T	-0.15461695	0.15461695
POS_VALIDATION_00226	30	1	0.78040934	188	88	G	-0.15360062	0.15360062
POS_VALIDATION_00226	31	1	0.78040934	95	-5	C	0.15351148	0.15351148
POS_VALIDATION_00226	32	1	0.78040934	48	-52	G	-0.1530453	0.1530453
POS_VALIDATION_00226	33	1	0.78040934	12	-88	G	-0.14926623	0.14926623
POS_VALIDATION_00226	34	1	0.78040934	179	79	G	-0.14631227	0.14631227
POS_VALIDATION_00226	35	1	0.78040934	51	-49	C	0.14575365	0.14575365
POS_VALIDATION_00226	36	1	0.78040934	42	-58	A	-0.14552107	0.14552107
POS_VALIDATION_00226	37	1	0.78040934	131	31	G	-0.14082339	0.14082339
POS_VALIDATION_00226	38	1	0.78040934	165	65	C	-0.13989654	0.13989654
POS_VALIDATION_00226	39	1	0.78040934	30	-70	T	-0.13979025	0.13979025
POS_VALIDATION_00226	40	1	0.78040934	80	-20	G	-0.13888375	0.13888375
POS_VALIDATION_00226	41	1	0.78040934	96	-4	G	-0.13613391	0.13613391
POS_VALIDATION_00226	42	1	0.78040934	147	47	G	-0.13596359	0.13596359
POS_VALIDATION_00226	43	1	0.78040934	67	-33	G	-0.13556775	0.13556775
POS_VALIDATION_00226	44	1	0.78040934	167	67	T	-0.13495989	0.13495989
POS_VALIDATION_00226	45	1	0.78040934	6	-94	A	-0.13460582	0.13460582
POS_VALIDATION_00226	46	1	0.78040934	93	-7	G	-0.13339487	0.13339487
POS_VALIDATION_00226	47	1	0.78040934	102	2	T	-0.13028239	0.13028239
POS_VALIDATION_00226	48	1	0.78040934	118	18	A	0.12928927	0.12928927
POS_VALIDATION_00226	49	1	0.78040934	122	22	G	-0.12871353	0.12871353
POS_VALIDATION_00226	50	1	0.78040934	104	4	C	-0.12862177	0.12862177
POS_VALIDATION_00227	1	1	0.85316145	42	-58	C	-1.1263659	1.1263659
POS_VALIDATION_00227	2	1	0.85316145	113	13	C	1.0583022	1.0583022
POS_VALIDATION_00227	3	1	0.85316145	161	61	A	-0.80910432	0.80910432
POS_VALIDATION_00227	4	1	0.85316145	99	-1	C	0.59116989	0.59116989
POS_VALIDATION_00227	5	1	0.85316145	110	10	G	-0.46374846	0.46374846
POS_VALIDATION_00227	6	1	0.85316145	96	-4	C	0.44516373	0.44516373
POS_VALIDATION_00227	7	1	0.85316145	45	-55	G	-0.43152076	0.43152076
POS_VALIDATION_00227	8	1	0.85316145	106	6	C	0.40540427	0.40540427
POS_VALIDATION_00227	9	1	0.85316145	93	-7	T	-0.39142185	0.39142185
POS_VALIDATION_00227	10	1	0.85316145	190	90	C	0.39118373	0.39118373
POS_VALIDATION_00227	11	1	0.85316145	84	-16	T	-0.38053581	0.38053581
POS_VALIDATION_00227	12	1	0.85316145	148	48	G	-0.37529352	0.37529352
POS_VALIDATION_00227	13	1	0.85316145	19	-81	C	0.33082551	0.33082551
POS_VALIDATION_00227	14	1	0.85316145	69	-31	C	0.31506824	0.31506824
POS_VALIDATION_00227	15	1	0.85316145	75	-25	T	-0.31484747	0.31484747
POS_VALIDATION_00227	16	1	0.85316145	74	-26	T	-0.30166695	0.30166695
POS_VALIDATION_00227	17	1	0.85316145	184	84	C	-0.27051306	0.27051306
POS_VALIDATION_00227	18	1	0.85316145	32	-68	G	-0.25687921	0.25687921
POS_VALIDATION_00227	19	1	0.85316145	35	-65	T	0.25494736	0.25494736
POS_VALIDATION_00227	20	1	0.85316145	5	-95	C	-0.24767342	0.24767342
POS_VALIDATION_00227	21	1	0.85316145	90	-10	G	-0.2453229	0.2453229
POS_VALIDATION_00227	22	1	0.85316145	154	54	C	-0.23625541	0.23625541
POS_VALIDATION_00227	23	1	0.85316145	167	67	G	-0.2223525	0.2223525
POS_VALIDATION_00227	24	1	0.85316145	87	-13	G	-0.21040851	0.21040851
POS_VALIDATION_00227	25	1	0.85316145	116	16	T	-0.197834	0.197834
POS_VALIDATION_00227	26	1	0.85316145	126	26	A	-0.19197857	0.19197857
POS_VALIDATION_00227	27	1	0.85316145	2	-98	A	-0.18975896	0.18975896
POS_VALIDATION_00227	28	1	0.85316145	151	51	G	-0.18549049	0.18549049
POS_VALIDATION_00227	29	1	0.85316145	108	8	C	0.18539184	0.18539184
POS_VALIDATION_00227	30	1	0.85316145	115	15	T	0.18458346	0.18458346
POS_VALIDATION_00227	31	1	0.85316145	23	-77	G	-0.18413271	0.18413271
POS_VALIDATION_00227	32	1	0.85316145	102	2	T	-0.18329673	0.18329673
POS_VALIDATION_00227	33	1	0.85316145	31	-69	A	-0.18263403	0.18263403
POS_VALIDATION_00227	34	1	0.85316145	54	-46	G	-0.17779011	0.17779011
POS_VALIDATION_00227	35	1	0.85316145	56	-44	G	-0.17207447	0.17207447
POS_VALIDATION_00227	36	1	0.85316145	0	-100	A	0.16946512	0.16946512
POS_VALIDATION_00227	37	1	0.85316145	125	25	G	-0.16708732	0.16708732
POS_VALIDATION_00227	38	1	0.85316145	193	93	C	-0.1624673	0.1624673
POS_VALIDATION_00227	39	1	0.85316145	79	-21	C	0.15822382	0.15822382
POS_VALIDATION_00227	40	1	0.85316145	163	63	C	0.15523961	0.15523961
POS_VALIDATION_00227	41	1	0.85316145	129	29	C	0.15131477	0.15131477
POS_VALIDATION_00227	42	1	0.85316145	58	-42	C	0.14888163	0.14888163
POS_VALIDATION_00227	43	1	0.85316145	176	76	G	-0.14621904	0.14621904
POS_VALIDATION_00227	44	1	0.85316145	166	66	G	-0.14445345	0.14445345
POS_VALIDATION_00227	45	1	0.85316145	6	-94	G	-0.14376467	0.14376467
POS_VALIDATION_00227	46	1	0.85316145	123	23	C	0.14102471	0.14102471
POS_VALIDATION_00227	47	1	0.85316145	34	-66	G	-0.14094889	0.14094889
POS_VALIDATION_00227	48	1	0.85316145	77	-23	G	-0.13920495	0.13920495
POS_VALIDATION_00227	49	1	0.85316145	131	31	G	-0.1376645	0.1376645
POS_VALIDATION_00227	50	1	0.85316145	64	-36	G	-0.13658378	0.13658378
POS_VALIDATION_00228	1	1	0.87235439	36	-64	C	0.76548272	0.76548272
POS_VALIDATION_00228	2	1	0.87235439	161	61	C	0.60434592	0.60434592
POS_VALIDATION_00228	3	1	0.87235439	23	-77	C	0.50232077	0.50232077
POS_VALIDATION_00228	4	1	0.87235439	66	-34	G	-0.47215423	0.47215423
POS_VALIDATION_00228	5	1	0.87235439	84	-16	C	0.46238419	0.46238419
POS_VALIDATION_00228	6	1	0.87235439	19	-81	C	0.430269	0.430269
POS_VALIDATION_00228	7	1	0.87235439	24	-76	G	-0.42313531	0.42313531
POS_VALIDATION_00228	8	1	0.87235439	35	-65	G	-0.41648054	0.41648054
POS_VALIDATION_00228	9	1	0.87235439	111	11	G	-0.40231293	0.40231293
POS_VALIDATION_00228	10	1	0.87235439	93	-7	C	0.396972	0.396972
POS_VALIDATION_00228	11	1	0.87235439	109	9	C	0.3799848	0.3799848
POS_VALIDATION_00228	12	1	0.87235439	75	-25	T	-0.35830513	0.35830513
POS_VALIDATION_00228	13	1	0.87235439	96	-4	A	-0.32373926	0.32373926
POS_VALIDATION_00228	14	1	0.87235439	141	41	T	-0.31944114	0.31944114
POS_VALIDATION_00228	15	1	0.87235439	184	84	G	-0.2974174	0.2974174
POS_VALIDATION_00228	16	1	0.87235439	26	-74	G	-0.29228336	0.29228336
POS_VALIDATION_00228	17	1	0.87235439	32	-68	G	-0.29043537	0.29043537
POS_VALIDATION_00228	18	1	0.87235439	94	-6	G	-0.2801204	0.2801204
POS_VALIDATION_00228	19	1	0.87235439	57	-43	G	-0.27729779	0.27729779
POS_VALIDATION_00228	20	1	0.87235439	153	53	C	0.27329448	0.27329448
POS_VALIDATION_00228	21	1	0.87235439	138	38	G	-0.24166003	0.24166003
POS_VALIDATION_00228	22	1	0.87235439	99	-1	T	0.24079746	0.24079746
POS_VALIDATION_00228	23	1	0.87235439	151	51	G	-0.23659545	0.23659545
POS_VALIDATION_00228	24	1	0.87235439	181	81	C	0.23568152	0.23568152
POS_VALIDATION_00228	25	1	0.87235439	106	6	G	-0.23542385	0.23542385
POS_VALIDATION_00228	26	1	0.87235439	143	43	C	0.23455846	0.23455846
POS_VALIDATION_00228	27	1	0.87235439	123	23	C	0.2306391	0.2306391
POS_VALIDATION_00228	28	1	0.87235439	42	-58	G	-0.22294231	0.22294231
POS_VALIDATION_00228	29	1	0.87235439	55	-45	G	-0.22035901	0.22035901
POS_VALIDATION_00228	30	1	0.87235439	81	-19	G	-0.20878941	0.20878941
POS_VALIDATION_00228	31	1	0.87235439	52	-48	C	-0.20623681	0.20623681
POS_VALIDATION_00228	32	1	0.87235439	173	73	A	-0.20619592	0.20619592
POS_VALIDATION_00228	33	1	0.87235439	87	-13	G	-0.1988385	0.1988385
POS_VALIDATION_00228	34	1	0.87235439	121	21	C	0.19850212	0.19850212
POS_VALIDATION_00228	35	1	0.87235439	164	64	G	-0.19623293	0.19623293
POS_VALIDATION_00228	36	1	0.87235439	98	-2	C	0.19618693	0.19618693
POS_VALIDATION_00228	37	1	0.87235439	139	39	G	-0.19584502	0.19584502
POS_VALIDATION_00228	38	1	0.87235439	167	67	A	-0.19425777	0.19425777
POS_VALIDATION_00228	39	1	0.87235439	174	74	G	-0.19321218	0.19321218
POS_VALIDATION_00228	40	1	0.87235439	8	-92	A	-0.18990928	0.18990928
POS_VALIDATION_00228	41	1	0.87235439	115	15	T	0.18971351	0.18971351
POS_VALIDATION_00228	42	1	0.87235439	196	96	G	-0.17724639	0.17724639
POS_VALIDATION_00228	43	1	0.87235439	78	-22	C	0.17457238	0.17457238
POS_VALIDATION_00228	44	1	0.87235439	104	4	G	-0.173098	0.173098
POS_VALIDATION_00228	45	1	0.87235439	56	-44	G	-0.16802381	0.16802381
POS_VALIDATION_00228	46	1	0.87235439	44	-56	C	0.16264376	0.16264376
POS_VALIDATION_00228	47	1	0.87235439	59	-41	G	-0.15974975	0.15974975
POS_VALIDATION_00228	48	1	0.87235439	14	-86	T	-0.15970854	0.15970854
POS_VALIDATION_00228	49	1	0.87235439	22	-78	G	-0.15814362	0.15814362
POS_VALIDATION_00228	50	1	0.87235439	77	-23	G	-0.15533717	0.15533717
POS_VALIDATION_00229	1	1	0.87342763	47	-53	G	-1.10202	1.10202
POS_VALIDATION_00229	2	1	0.87342763	96	-4	C	0.90082997	0.90082997
POS_VALIDATION_00229	3	1	0.87342763	181	81	G	-0.68453658	0.68453658
POS_VALIDATION_00229	4	1	0.87342763	45	-55	G	-0.65433019	0.65433019
POS_VALIDATION_00229	5	1	0.87342763	198	98	G	-0.62630141	0.62630141
POS_VALIDATION_00229	6	1	0.87342763	177	77	G	-0.4815979	0.4815979
POS_VALIDATION_00229	7	1	0.87342763	109	9	C	0.4648546	0.4648546
POS_VALIDATION_00229	8	1	0.87342763	140	40	G	-0.44224846	0.44224846
POS_VALIDATION_00229	9	1	0.87342763	99	-1	C	0.43925574	0.43925574
POS_VALIDATION_00229	10	1	0.87342763	24	-76	G	-0.4253881	0.4253881
POS_VALIDATION_00229	11	1	0.87342763	171	71	G	-0.41633981	0.41633981
POS_VALIDATION_00229	12	1	0.87342763	90	-10	C	0.4123117	0.4123117
POS_VALIDATION_00229	13	1	0.87342763	173	73	G	-0.38897979	0.38897979
POS_VALIDATION_00229	14	1	0.87342763	87	-13	G	-0.38800132	0.38800132
POS_VALIDATION_00229	15	1	0.87342763	1	-99	A	0.36405897	0.36405897
POS_VALIDATION_00229	16	1	0.87342763	161	61	G	-0.36175388	0.36175388
POS_VALIDATION_00229	17	1	0.87342763	185	85	G	-0.35596836	0.35596836
POS_VALIDATION_00229	18	1	0.87342763	106	6	C	0.34848469	0.34848469
POS_VALIDATION_00229	19	1	0.87342763	93	-7	T	-0.33953628	0.33953628
POS_VALIDATION_00229	20	1	0.87342763	0	-100	A	0.32628185	0.32628185
POS_VALIDATION_00229	21	1	0.87342763	98	-2	G	-0.32580274	0.32580274
POS_VALIDATION_00229	22	1	0.87342763	187	87	C	0.30384022	0.30384022
POS_VALIDATION_00229	23	1	0.87342763	61	-39	C	0.30182892	0.30182892
POS_VALIDATION_00229	24	1	0.87342763	56	-44	T	0.2930401	0.2930401
POS_VALIDATION_00229	25	1	0.87342763	35	-65	T	0.27551496	0.27551496
POS_VALIDATION_00229	26	1	0.87342763	131	31	G	-0.26735944	0.26735944
POS_VALIDATION_00229	27	1	0.87342763	74	-26	C	0.25182685	0.25182685
POS_VALIDATION_00229	28	1	0.87342763	152	52	C	0.24117555	0.24117555
POS_VALIDATION_00229	29	1	0.87342763	53	-47	G	-0.24079229	0.24079229
POS_VALIDATION_00229	30	1	0.87342763	103	3	C	0.23839785	0.23839785
POS_VALIDATION_00229	31	1	0.87342763	155	55	G	-0.23724322	0.23724322
POS_VALIDATION_00229	32	1	0.87342763	64	-36	G	-0.22679946	0.22679946
POS_VALIDATION_00229	33	1	0.87342763	82	-18	C	0.22557315	0.22557315
POS_VALIDATION_00229	34	1	0.87342763	114	14	G	-0.22517124	0.22517124
POS_VALIDATION_00229	35	1	0.87342763	23	-77	G	-0.22200602	0.22200602
POS_VALIDATION_00229	36	1	0.87342763	111	11	T	-0.22172965	0.22172965
POS_VALIDATION_00229	37	1	0.87342763	81	-19	G	-0.22030959	0.22030959
POS_VALIDATION_00229	38	1	0.87342763	32	-68	T	-0.21700519	0.21700519
POS_VALIDATION_00229	39	1	0.87342763	104	4	T	-0.21626522	0.21626522
POS_VALIDATION_00229	40	1	0.87342763	190	90	G	-0.21569279	0.21569279
POS_VALIDATION_00229	41	1	0.87342763	69	-31	T	-0.20746656	0.20746656
POS_VALIDATION_00229	42	1	0.87342763	77	-23	G	-0.2048251	0.2048251
POS_VALIDATION_00229	43	1	0.87342763	112	12	C	0.20452312	0.20452312
POS_VALIDATION_00229	44	1	0.87342763	153	53	A	0.20436287	0.20436287
POS_VALIDATION_00229	45	1	0.87342763	191	91	T	0.20349413	0.20349413
POS_VALIDATION_00229	46	1	0.87342763	166	66	G	-0.20324126	0.20324126
POS_VALIDATION_00229	47	1	0.87342763	129	29	G	-0.20132411	0.20132411
POS_VALIDATION_00229	48	1	0.87342763	122	22	G	-0.20050049	0.20050049
POS_VALIDATION_00229	49	1	0.87342763	105	5	G	-0.2002189	0.2002189
POS_VALIDATION_00229	50	1	0.87342763	116	16	C	0.1992694	0.1992694
POS_VALIDATION_00230	1	1	0.81961787	161	61	A	-0.81064731	0.81064731
POS_VALIDATION_00230	2	1	0.81961787	96	-4	C	0.75297523	0.75297523
POS_VALIDATION_00230	3	1	0.81961787	47	-53	G	-0.62780797	0.62780797
POS_VALIDATION_00230	4	1	0.81961787	110	10	G	-0.52172089	0.52172089
POS_VALIDATION_00230	5	1	0.81961787	120	20	G	-0.48254782	0.48254782
POS_VALIDATION_00230	6	1	0.81961787	23	-77	C	0.46118253	0.46118253
POS_VALIDATION_00230	7	1	0.81961787	35	-65	G	-0.36824775	0.36824775
POS_VALIDATION_00230	8	1	0.81961787	99	-1	C	0.36679301	0.36679301
POS_VALIDATION_00230	9	1	0.81961787	191	91	C	0.34588593	0.34588593
POS_VALIDATION_00230	10	1	0.81961787	84	-16	C	0.3021971	0.3021971
POS_VALIDATION_00230	11	1	0.81961787	173	73	G	-0.29746246	0.29746246
POS_VALIDATION_00230	12	1	0.81961787	74	-26	T	-0.29632056	0.29632056
POS_VALIDATION_00230	13	1	0.81961787	185	85	G	-0.2725428	0.2725428
POS_VALIDATION_00230	14	1	0.81961787	184	84	G	-0.26595193	0.26595193
POS_VALIDATION_00230	15	1	0.81961787	0	-100	G	-0.26302508	0.26302508
POS_VALIDATION_00230	16	1	0.81961787	26	-74	G	-0.22972108	0.22972108
POS_VALIDATION_00230	17	1	0.81961787	101	1	C	-0.227871	0.227871
POS_VALIDATION_00230	18	1	0.81961787	52	-48	C	-0.2270826	0.2270826
POS_VALIDATION_00230	19	1	0.81961787	25	-75	G	-0.20769717	0.20769717
POS_VALIDATION_00230	20	1	0.81961787	56	-44	A	0.20326287	0.20326287
POS_VALIDATION_00230	21	1	0.81961787	141	41	T	-0.20302196	0.20302196
POS_VALIDATION_00230	22	1	0.81961787	90	-10	C	0.20040007	0.20040007
POS_VALIDATION_00230	23	1	0.81961787	66	-34	T	-0.199852	0.199852
POS_VALIDATION_00230	24	1	0.81961787	54	-46	G	-0.19281785	0.19281785
POS_VALIDATION_00230	25	1	0.81961787	108	8	C	0.19159798	0.19159798
POS_VALIDATION_00230	26	1	0.81961787	28	-72	G	-0.19082129	0.19082129
POS_VALIDATION_00230	27	1	0.81961787	40	-60	G	-0.18884383	0.18884383
POS_VALIDATION_00230	28	1	0.81961787	75	-25	C	0.17991842	0.17991842
POS_VALIDATION_00230	29	1	0.81961787	14	-86	T	-0.17772037	0.17772037
POS_VALIDATION_00230	30	1	0.81961787	19	-81	C	0.17607307	0.17607307
POS_VALIDATION_00230	31	1	0.81961787	181	81	C	0.17514557	0.17514557
POS_VALIDATION_00230	32	1	0.81961787	69	-31	C	0.17494135	0.17494135
POS_VALIDATION_00230	33	1	0.81961787	164	64	G	-0.17486556	0.17486556
POS_VALIDATION_00230	34	1	0.81961787	193	93	C	-0.1747053	0.1747053
POS_VALIDATION_00230	35	1	0.81961787	86	-14	T	0.17063355	0.17063355
POS_VALIDATION_00230	36	1	0.81961787	160	60	G	-0.17033881	0.17033881
POS_VALIDATION_00230	37	1	0.81961787	3	-97	C	0.16957501	0.16957501
POS_VALIDATION_00230	38	1	0.81961787	103	3	A	-0.16860473	0.16860473
POS_VALIDATION_00230	39	1	0.81961787	138	38	A	-0.15910755	0.15910755
POS_VALIDATION_00230	40	1	0.81961787	131	31	G	-0.15485285	0.15485285
POS_VALIDATION_00230	41	1	0.81961787	139	39	G	-0.15191709	0.15191709
POS_VALIDATION_00230	42	1	0.81961787	115	15	G	-0.14197315	0.14197315
POS_VALIDATION_00230	43	1	0.81961787	122	22	G	-0.14186937	0.14186937
POS_VALIDATION_00230	44	1	0.81961787	104	4	G	-0.14177656	0.14177656
POS_VALIDATION_00230	45	1	0.81961787	8	-92	C	-0.1415904	0.1415904
POS_VALIDATION_00230	46	1	0.81961787	107	7	G	-0.14082652	0.14082652
POS_VALIDATION_00230	47	1	0.81961787	70	-30	G	-0.1402209	0.1402209
POS_VALIDATION_00230	48	1	0.81961787	87	-13	C	-0.13982654	0.13982654
POS_VALIDATION_00230	49	1	0.81961787	58	-42	C	0.13624547	0.13624547
POS_VALIDATION_00230	50	1	0.81961787	59	-41	C	-0.13376978	0.13376978
POS_VALIDATION_00232	1	1	0.7276485	113	13	C	0.7956425	0.7956425
POS_VALIDATION_00232	2	1	0.7276485	173	73	C	0.54408562	0.54408562
POS_VALIDATION_00232	3	1	0.7276485	25	-75	C	-0.47288594	0.47288594
POS_VALIDATION_00232	4	1	0.7276485	52	-48	A	-0.44820863	0.44820863
POS_VALIDATION_00232	5	1	0.7276485	161	61	C	0.44570017	0.44570017
POS_VALIDATION_00232	6	1	0.7276485	101	1	C	-0.3650066	0.3650066
POS_VALIDATION_00232	7	1	0.7276485	24	-76	G	-0.3368811	0.3368811
POS_VALIDATION_00232	8	1	0.7276485	45	-55	G	-0.32763571	0.32763571
POS_VALIDATION_00232	9	1	0.7276485	69	-31	T	-0.32751316	0.32751316
POS_VALIDATION_00232	10	1	0.7276485	140	40	G	-0.30009335	0.30009335
POS_VALIDATION_00232	11	1	0.7276485	181	81	G	-0.2663731	0.2663731
POS_VALIDATION_00232	12	1	0.7276485	75	-25	C	0.23931491	0.23931491
POS_VALIDATION_00232	13	1	0.7276485	103	3	C	0.23117289	0.23117289
POS_VALIDATION_00232	14	1	0.7276485	74	-26	T	-0.2272079	0.2272079
POS_VALIDATION_00232	15	1	0.7276485	51	-49	C	0.22013243	0.22013243
POS_VALIDATION_00232	16	1	0.7276485	57	-43	G	-0.21765618	0.21765618
POS_VALIDATION_00232	17	1	0.7276485	116	16	T	-0.21579415	0.21579415
POS_VALIDATION_00232	18	1	0.7276485	191	91	T	0.20971973	0.20971973
POS_VALIDATION_00232	19	1	0.7276485	184	84	G	-0.19886494	0.19886494
POS_VALIDATION_00232	20	1	0.7276485	126	26	A	-0.197786	0.197786
POS_VALIDATION_00232	21	1	0.7276485	8	-92	A	-0.1921114	0.1921114
POS_VALIDATION_00232	22	1	0.7276485	15	-85	G	-0.19174105	0.19174105
POS_VALIDATION_00232	23	1	0.7276485	194	94	G	-0.19127539	0.19127539
POS_VALIDATION_00232	24	1	0.7276485	104	4	G	-0.18707687	0.18707687
POS_VALIDATION_00232	25	1	0.7276485	59	-41	G	-0.1870608	0.1870608
POS_VALIDATION_00232	26	1	0.7276485	83	-17	C	0.17839146	0.17839146
POS_VALIDATION_00232	27	1	0.7276485	112	12	C	0.17423214	0.17423214
POS_VALIDATION_00232	28	1	0.7276485	196	96	G	-0.16935204	0.16935204
POS_VALIDATION_00232	29	1	0.7276485	42	-58	T	-0.1690574	0.1690574
POS_VALIDATION_00232	30	1	0.7276485	54	-46	G	-0.1672245	0.1672245
POS_VALIDATION_00232	31	1	0.7276485	55	-45	G	-0.16663954	0.16663954
POS_VALIDATION_00232	32	1	0.7276485	2	-98	T	-0.16428904	0.16428904
POS_VALIDATION_00232	33	1	0.7276485	10	-90	G	-0.16188663	0.16188663
POS_VALIDATION_00232	34	1	0.7276485	150	50	G	-0.16008592	0.16008592
POS_VALIDATION_00232	35	1	0.7276485	41	-59	T	-0.15849274	0.15849274
POS_VALIDATION_00232	36	1	0.7276485	170	70	C	0.15766332	0.15766332
POS_VALIDATION_00232	37	1	0.7276485	141	41	C	-0.15357478	0.15357478
POS_VALIDATION_00232	38	1	0.7276485	154	54	C	-0.15277855	0.15277855
POS_VALIDATION_00232	39	1	0.7276485	47	-53	A	-0.14859346	0.14859346
POS_VALIDATION_00232	40	1	0.7276485	153	53	G	-0.14834234	0.14834234
POS_VALIDATION_00232	41	1	0.7276485	89	-11	C	0.14696169	0.14696169
POS_VALIDATION_00232	42	1	0.7276485	193	93	G	-0.14657958	0.14657958
POS_VALIDATION_00232	43	1	0.7276485	80	-20	G	-0.14431587	0.14431587
POS_VALIDATION_00232	44	1	0.7276485	111	11	C	0.13917927	0.13917927
POS_VALIDATION_00232	45	1	0.7276485	178	78	T	-0.13861009	0.13861009
POS_VALIDATION_00232	46	1	0.7276485	147	47	G	-0.13446048	0.13446048
POS_VALIDATION_00232	47	1	0.7276485	190	90	G	-0.130142	0.130142
POS_VALIDATION_00232	48	1	0.7276485	56	-44	T	0.12659661	0.12659661
POS_VALIDATION_00232	49	1	0.7276485	70	-30	G	-0.12437399	0.12437399
POS_VALIDATION_00232	50	1	0.7276485	121	21	A	-0.12125936	0.12125936
POS_VALIDATION_00233	1	1	0.8947069	45	-55	G	-0.72938794	0.72938794
POS_VALIDATION_00233	2	1	0.8947069	23	-77	C	0.62745774	0.62745774
POS_VALIDATION_00233	3	1	0.8947069	57	-43	G	-0.46358076	0.46358076
POS_VALIDATION_00233	4	1	0.8947069	148	48	G	-0.42175382	0.42175382
POS_VALIDATION_00233	5	1	0.8947069	32	-68	G	-0.3891269	0.3891269
POS_VALIDATION_00233	6	1	0.8947069	161	61	C	0.38579953	0.38579953
POS_VALIDATION_00233	7	1	0.8947069	40	-60	G	-0.35353425	0.35353425
POS_VALIDATION_00233	8	1	0.8947069	99	-1	C	0.34478688	0.34478688
POS_VALIDATION_00233	9	1	0.8947069	101	1	A	-0.34209642	0.34209642
POS_VALIDATION_00233	10	1	0.8947069	0	-100	T	0.33780798	0.33780798
POS_VALIDATION_00233	11	1	0.8947069	196	96	C	0.32135937	0.32135937
POS_VALIDATION_00233	12	1	0.8947069	93	-7	T	-0.31683889	0.31683889
POS_VALIDATION_00233	13	1	0.8947069	84	-16	T	-0.30522469	0.30522469
POS_VALIDATION_00233	14	1	0.8947069	25	-75	G	-0.3029086	0.3029086
POS_VALIDATION_00233	15	1	0.8947069	59	-41	G	-0.29949978	0.29949978
POS_VALIDATION_00233	16	1	0.8947069	56	-44	A	0.2953271	0.2953271
POS_VALIDATION_00233	17	1	0.8947069	2	-98	G	-0.294873	0.294873
POS_VALIDATION_00233	18	1	0.8947069	190	90	C	0.29270726	0.29270726
POS_VALIDATION_00233	19	1	0.8947069	76	-24	C	0.29084045	0.29084045
POS_VALIDATION_00233	20	1	0.8947069	198	98	C	-0.27978581	0.27978581
POS_VALIDATION_00233	21	1	0.8947069	154	54	C	-0.26219136	0.26219136
POS_VALIDATION_00233	22	1	0.8947069	103	3	C	0.2332314	0.2332314
POS_VALIDATION_00233	23	1	0.8947069	69	-31	T	-0.22728316	0.22728316
POS_VALIDATION_00233	24	1	0.8947069	54	-46	G	-0.22409284	0.22409284
POS_VALIDATION_00233	25	1	0.8947069	193	93	G	-0.22307962	0.22307962
POS_VALIDATION_00233	26	1	0.8947069	194	94	G	-0.21982595	0.21982595
POS_VALIDATION_00233	27	1	0.8947069	131	31	G	-0.20342788	0.20342788
POS_VALIDATION_00233	28	1	0.8947069	121	21	C	0.20341504	0.20341504
POS_VALIDATION_00233	29	1	0.8947069	75	-25	A	-0.19966027	0.19966027
POS_VALIDATION_00233	30	1	0.8947069	94	-6	G	-0.1985769	0.1985769
POS_VALIDATION_00233	31	1	0.8947069	83	-17	C	0.18944198	0.18944198
POS_VALIDATION_00233	32	1	0.8947069	5	-95	T	0.18791465	0.18791465
POS_VALIDATION_00233	33	1	0.8947069	89	-11	C	0.18721281	0.18721281
POS_VALIDATION_00233	34	1	0.8947069	117	17	C	-0.18674554	0.18674554
POS_VALIDATION_00233	35	1	0.8947069	66	-34	T	-0.18319574	0.18319574
POS_VALIDATION_00233	36	1	0.8947069	151	51	C	0.18274549	0.18274549
POS_VALIDATION_00233	37	1	0.8947069	111	11	T	-0.17864019	0.17864019
POS_VALIDATION_00233	38	1	0.8947069	136	36	G	-0.1692045	0.1692045
POS_VALIDATION_00233	39	1	0.8947069	61	-39	C	0.16863275	0.16863275
POS_VALIDATION_00233	40	1	0.8947069	104	4	G	-0.16749044	0.16749044
POS_VALIDATION_00233	41	1	0.8947069	78	-22	G	-0.16721234	0.16721234
POS_VALIDATION_00233	42	1	0.8947069	115	15	T	0.1668877	0.1668877
POS_VALIDATION_00233	43	1	0.8947069	52	-48	G	-0.164965	0.164965
POS_VALIDATION_00233	44	1	0.8947069	197	97	T	0.16474587	0.16474587
POS_VALIDATION_00233	45	1	0.8947069	3	-97	C	0.16376849	0.16376849
POS_VALIDATION_00233	46	1	0.8947069	6	-94	T	-0.16281112	0.16281112
POS_VALIDATION_00233	47	1	0.8947069	184	84	T	-0.15493114	0.15493114
POS_VALIDATION_00233	48	1	0.8947069	21	-79	G	-0.15174189	0.15174189
POS_VALIDATION_00233	49	1	0.8947069	105	5	G	-0.15170494	0.15170494
POS_VALIDATION_00233	50	1	0.8947069	135	35	A	-0.15053509	0.15053509
POS_VALIDATION_00238	1	1	0.93325984	195	95	G	-1.3762593	1.3762593
POS_VALIDATION_00238	2	1	0.93325984	191	91	C	0.80550265	0.80550265
POS_VALIDATION_00238	3	1	0.93325984	84	-16	C	0.59707057	0.59707057
POS_VALIDATION_00238	4	1	0.93325984	173	73	C	0.56163585	0.56163585
POS_VALIDATION_00238	5	1	0.93325984	105	5	C	0.53866065	0.53866065
POS_VALIDATION_00238	6	1	0.93325984	161	61	A	-0.52790791	0.52790791
POS_VALIDATION_00238	7	1	0.93325984	109	9	C	0.50607181	0.50607181
POS_VALIDATION_00238	8	1	0.93325984	75	-25	C	0.47348472	0.47348472
POS_VALIDATION_00238	9	1	0.93325984	181	81	G	-0.46751648	0.46751648
POS_VALIDATION_00238	10	1	0.93325984	198	98	G	-0.44011021	0.44011021
POS_VALIDATION_00238	11	1	0.93325984	51	-49	C	0.43450272	0.43450272
POS_VALIDATION_00238	12	1	0.93325984	110	10	G	-0.43229559	0.43229559
POS_VALIDATION_00238	13	1	0.93325984	15	-85	G	-0.42592156	0.42592156
POS_VALIDATION_00238	14	1	0.93325984	69	-31	T	-0.42440358	0.42440358
POS_VALIDATION_00238	15	1	0.93325984	187	87	C	0.37884259	0.37884259
POS_VALIDATION_00238	16	1	0.93325984	119	19	C	0.365825	0.365825
POS_VALIDATION_00238	17	1	0.93325984	112	12	C	0.35726333	0.35726333
POS_VALIDATION_00238	18	1	0.93325984	32	-68	G	-0.34479663	0.34479663
POS_VALIDATION_00238	19	1	0.93325984	93	-7	T	-0.34144804	0.34144804
POS_VALIDATION_00238	20	1	0.93325984	74	-26	C	0.33963031	0.33963031
POS_VALIDATION_00238	21	1	0.93325984	149	49	C	0.31588376	0.31588376
POS_VALIDATION_00238	22	1	0.93325984	25	-75	G	-0.31021947	0.31021947
POS_VALIDATION_00238	23	1	0.93325984	55	-45	G	-0.30881274	0.30881274
POS_VALIDATION_00238	24	1	0.93325984	171	71	G	-0.30070326	0.30070326
POS_VALIDATION_00238	25	1	0.93325984	167	67	G	-0.26715228	0.26715228
POS_VALIDATION_00238	26	1	0.93325984	71	-29	C	0.26562509	0.26562509
POS_VALIDATION_00238	27	1	0.93325984	194	94	G	-0.26547605	0.26547605
POS_VALIDATION_00238	28	1	0.93325984	56	-44	G	-0.26490557	0.26490557
POS_VALIDATION_00238	29	1	0.93325984	153	53	G	-0.26402491	0.26402491
POS_VALIDATION_00238	30	1	0.93325984	83	-17	C	0.26261044	0.26261044
POS_VALIDATION_00238	31	1	0.93325984	126	26	A	-0.2606197	0.2606197
POS_VALIDATION_00238	32	1	0.93325984	3	-97	C	0.25583592	0.25583592
POS_VALIDATION_00238	33	1	0.93325984	121	21	C	0.25144407	0.25144407
POS_VALIDATION_00238	34	1	0.93325984	151	51	G	-0.24406111	0.24406111
POS_VALIDATION_00238	35	1	0.93325984	142	42	G	-0.24210775	0.24210775
POS_VALIDATION_00238	36	1	0.93325984	7	-93	G	-0.24163243	0.24163243
POS_VALIDATION_00238	37	1	0.93325984	123	23	G	-0.22472924	0.22472924
POS_VALIDATION_00238	38	1	0.93325984	120	20	C	0.21606772	0.21606772
POS_VALIDATION_00238	39	1	0.93325984	66	-34	T	-0.21561255	0.21561255
POS_VALIDATION_00238	40	1	0.93325984	10	-90	G	-0.21419716	0.21419716
POS_VALIDATION_00238	41	1	0.93325984	116	16	A	-0.20529966	0.20529966
POS_VALIDATION_00238	42	1	0.93325984	115	15	C	0.20236006	0.20236006
POS_VALIDATION_00238	43	1	0.93325984	104	4	G	-0.20042853	0.20042853
POS_VALIDATION_00238	44	1	0.93325984	166	66	G	-0.19877508	0.19877508
POS_VALIDATION_00238	45	1	0.93325984	99	-1	T	0.19770157	0.19770157
POS_VALIDATION_00238	46	1	0.93325984	42	-58	G	-0.18996066	0.18996066
POS_VALIDATION_00238	47	1	0.93325984	138	38	T	-0.18413652	0.18413652
POS_VALIDATION_00238	48	1	0.93325984	94	-6	G	-0.18308756	0.18308756
POS_VALIDATION_00238	49	1	0.93325984	147	47	G	-0.17745721	0.17745721
POS_VALIDATION_00238	50	1	0.93325984	150	50	G	-0.17667115	0.17667115
POS_VALIDATION_00241	1	1	0.951235	101	1	T	-0.87670529	0.87670529
POS_VALIDATION_00241	2	1	0.951235	47	-53	G	-0.75487518	0.75487518
POS_VALIDATION_00241	3	1	0.951235	99	-1	C	0.63769376	0.63769376
POS_VALIDATION_00241	4	1	0.951235	75	-25	C	0.51413983	0.51413983
POS_VALIDATION_00241	5	1	0.951235	126	26	T	-0.42038834	0.42038834
POS_VALIDATION_00241	6	1	0.951235	105	5	C	0.40999043	0.40999043
POS_VALIDATION_00241	7	1	0.951235	0	-100	T	0.3807174	0.3807174
POS_VALIDATION_00241	8	1	0.951235	110	10	G	-0.36001194	0.36001194
POS_VALIDATION_00241	9	1	0.951235	140	40	G	-0.35712707	0.35712707
POS_VALIDATION_00241	10	1	0.951235	173	73	C	0.33102176	0.33102176
POS_VALIDATION_00241	11	1	0.951235	152	52	C	0.31954443	0.31954443
POS_VALIDATION_00241	12	1	0.951235	41	-59	G	-0.31202555	0.31202555
POS_VALIDATION_00241	13	1	0.951235	116	16	G	-0.30717862	0.30717862
POS_VALIDATION_00241	14	1	0.951235	90	-10	G	-0.30633333	0.30633333
POS_VALIDATION_00241	15	1	0.951235	181	81	C	0.29887974	0.29887974
POS_VALIDATION_00241	16	1	0.951235	107	7	C	0.29606485	0.29606485
POS_VALIDATION_00241	17	1	0.951235	35	-65	T	0.29530549	0.29530549
POS_VALIDATION_00241	18	1	0.951235	138	38	G	-0.29228196	0.29228196
POS_VALIDATION_00241	19	1	0.951235	19	-81	C	0.28219259	0.28219259
POS_VALIDATION_00241	20	1	0.951235	98	-2	G	-0.2793839	0.2793839
POS_VALIDATION_00241	21	1	0.951235	167	67	G	-0.27175167	0.27175167
POS_VALIDATION_00241	22	1	0.951235	106	6	C	0.264635	0.264635
POS_VALIDATION_00241	23	1	0.951235	87	-13	G	-0.26051483	0.26051483
POS_VALIDATION_00241	24	1	0.951235	40	-60	G	-0.25707415	0.25707415
POS_VALIDATION_00241	25	1	0.951235	42	-58	G	-0.25572115	0.25572115
POS_VALIDATION_00241	26	1	0.951235	125	25	G	-0.25037757	0.25037757
POS_VALIDATION_00241	27	1	0.951235	163	63	C	0.22795212	0.22795212
POS_VALIDATION_00241	28	1	0.951235	161	61	G	-0.22183235	0.22183235
POS_VALIDATION_00241	29	1	0.951235	169	69	G	-0.22000059	0.22000059
POS_VALIDATION_00241	30	1	0.951235	108	8	G	-0.20105901	0.20105901
POS_VALIDATION_00241	31	1	0.951235	80	-20	G	-0.19764215	0.19764215
POS_VALIDATION_00241	32	1	0.951235	129	29	G	-0.19049206	0.19049206
POS_VALIDATION_00241	33	1	0.951235	54	-46	G	-0.18927845	0.18927845
POS_VALIDATION_00241	34	1	0.951235	154	54	G	-0.18343922	0.18343922
POS_VALIDATION_00241	35	1	0.951235	52	-48	G	-0.18072298	0.18072298
POS_VALIDATION_00241	36	1	0.951235	56	-44	G	-0.17983417	0.17983417
POS_VALIDATION_00241	37	1	0.951235	130	30	C	0.17219283	0.17219283
POS_VALIDATION_00241	38	1	0.951235	16	-84	C	0.17210773	0.17210773
POS_VALIDATION_00241	39	1	0.951235	66	-34	T	-0.16787076	0.16787076
POS_VALIDATION_00241	40	1	0.951235	93	-7	G	-0.16279525	0.16279525
POS_VALIDATION_00241	41	1	0.951235	77	-23	G	-0.160327	0.160327
POS_VALIDATION_00241	42	1	0.951235	120	20	T	0.15765898	0.15765898
POS_VALIDATION_00241	43	1	0.951235	102	2	G	-0.15672958	0.15672958
POS_VALIDATION_00241	44	1	0.951235	69	-31	A	-0.15507472	0.15507472
POS_VALIDATION_00241	45	1	0.951235	109	9	G	-0.15459077	0.15459077
POS_VALIDATION_00241	46	1	0.951235	122	22	G	-0.15410532	0.15410532
POS_VALIDATION_00241	47	1	0.951235	121	21	G	-0.15336893	0.15336893
POS_VALIDATION_00241	48	1	0.951235	135	35	A	-0.14993006	0.14993006
POS_VALIDATION_00241	49	1	0.951235	74	-26	T	-0.14923853	0.14923853
POS_VALIDATION_00241	50	1	0.951235	50	-50	G	-0.14847206	0.14847206
POS_VALIDATION_00243	1	1	0.93683898	195	95	G	-1.3238349	1.3238349
POS_VALIDATION_00243	2	1	0.93683898	161	61	T	-0.80954134	0.80954134
POS_VALIDATION_00243	3	1	0.93683898	99	-1	C	0.69167119	0.69167119
POS_VALIDATION_00243	4	1	0.93683898	105	5	C	0.55084544	0.55084544
POS_VALIDATION_00243	5	1	0.93683898	84	-16	C	0.54356074	0.54356074
POS_VALIDATION_00243	6	1	0.93683898	1	-99	A	0.48416275	0.48416275
POS_VALIDATION_00243	7	1	0.93683898	110	10	G	-0.46558678	0.46558678
POS_VALIDATION_00243	8	1	0.93683898	181	81	G	-0.38601181	0.38601181
POS_VALIDATION_00243	9	1	0.93683898	177	77	G	-0.3845821	0.3845821
POS_VALIDATION_00243	10	1	0.93683898	178	78	C	0.34535518	0.34535518
POS_VALIDATION_00243	11	1	0.93683898	87	-13	G	-0.3357417	0.3357417
POS_VALIDATION_00243	12	1	0.93683898	185	85	G	-0.33352587	0.33352587
POS_VALIDATION_00243	13	1	0.93683898	171	71	G	-0.32613778	0.32613778
POS_VALIDATION_00243	14	1	0.93683898	123	23	A	-0.3222267	0.3222267
POS_VALIDATION_00243	15	1	0.93683898	56	-44	T	0.31423628	0.31423628
POS_VALIDATION_00243	16	1	0.93683898	41	-59	G	-0.30999637	0.30999637
POS_VALIDATION_00243	17	1	0.93683898	173	73	G	-0.29966688	0.29966688
POS_VALIDATION_00243	18	1	0.93683898	0	-100	A	0.29222459	0.29222459
POS_VALIDATION_00243	19	1	0.93683898	35	-65	T	0.29160786	0.29160786
POS_VALIDATION_00243	20	1	0.93683898	167	67	G	-0.28673178	0.28673178
POS_VALIDATION_00243	21	1	0.93683898	75	-25	G	-0.28370762	0.28370762
POS_VALIDATION_00243	22	1	0.93683898	7	-93	G	-0.26732653	0.26732653
POS_VALIDATION_00243	23	1	0.93683898	3	-97	C	0.26607531	0.26607531
POS_VALIDATION_00243	24	1	0.93683898	164	64	C	-0.24898131	0.24898131
POS_VALIDATION_00243	25	1	0.93683898	125	25	G	-0.23982762	0.23982762
POS_VALIDATION_00243	26	1	0.93683898	112	12	C	0.23269019	0.23269019
POS_VALIDATION_00243	27	1	0.93683898	43	-57	G	-0.23172247	0.23172247
POS_VALIDATION_00243	28	1	0.93683898	154	54	G	-0.22871867	0.22871867
POS_VALIDATION_00243	29	1	0.93683898	106	6	C	0.22787815	0.22787815
POS_VALIDATION_00243	30	1	0.93683898	143	43	C	0.22672901	0.22672901
POS_VALIDATION_00243	31	1	0.93683898	151	51	G	-0.22663379	0.22663379
POS_VALIDATION_00243	32	1	0.93683898	77	-23	G	-0.22078809	0.22078809
POS_VALIDATION_00243	33	1	0.93683898	169	69	A	0.21963412	0.21963412
POS_VALIDATION_00243	34	1	0.93683898	166	66	G	-0.2162111	0.2162111
POS_VALIDATION_00243	35	1	0.93683898	108	8	C	0.21350783	0.21350783
POS_VALIDATION_00243	36	1	0.93683898	12	-88	G	-0.21212411	0.21212411
POS_VALIDATION_00243	37	1	0.93683898	66	-34	C	-0.20668444	0.20668444
POS_VALIDATION_00243	38	1	0.93683898	184	84	T	-0.20386139	0.20386139
POS_VALIDATION_00243	39	1	0.93683898	131	31	C	-0.20147724	0.20147724
POS_VALIDATION_00243	40	1	0.93683898	72	-28	G	-0.20051417	0.20051417
POS_VALIDATION_00243	41	1	0.93683898	6	-94	T	-0.19876307	0.19876307
POS_VALIDATION_00243	42	1	0.93683898	116	16	C	-0.19740355	0.19740355
POS_VALIDATION_00243	43	1	0.93683898	142	42	G	-0.19724739	0.19724739
POS_VALIDATION_00243	44	1	0.93683898	90	-10	C	0.19641024	0.19641024
POS_VALIDATION_00243	45	1	0.93683898	113	13	T	-0.19117294	0.19117294
POS_VALIDATION_00243	46	1	0.93683898	32	-68	T	-0.18797444	0.18797444
POS_VALIDATION_00243	47	1	0.93683898	68	-32	G	-0.1826027	0.1826027
POS_VALIDATION_00243	48	1	0.93683898	119	19	G	-0.17914361	0.17914361
POS_VALIDATION_00243	49	1	0.93683898	197	97	A	0.17613351	0.17613351
POS_VALIDATION_00243	50	1	0.93683898	93	-7	G	-0.1723116	0.1723116
POS_VALIDATION_00251	1	1	0.83001333	113	13	C	1.0802102	1.0802102
POS_VALIDATION_00251	2	1	0.83001333	161	61	T	-1.0073791	1.0073791
POS_VALIDATION_00251	3	1	0.83001333	47	-53	G	-0.90101838	0.90101838
POS_VALIDATION_00251	4	1	0.83001333	99	-1	C	0.70911688	0.70911688
POS_VALIDATION_00251	5	1	0.83001333	69	-31	C	0.58271492	0.58271492
POS_VALIDATION_00251	6	1	0.83001333	15	-85	G	-0.55051011	0.55051011
POS_VALIDATION_00251	7	1	0.83001333	111	11	G	-0.50087744	0.50087744
POS_VALIDATION_00251	8	1	0.83001333	84	-16	C	0.48906928	0.48906928
POS_VALIDATION_00251	9	1	0.83001333	103	3	C	0.47872216	0.47872216
POS_VALIDATION_00251	10	1	0.83001333	135	35	G	-0.42243654	0.42243654
POS_VALIDATION_00251	11	1	0.83001333	140	40	G	-0.40798712	0.40798712
POS_VALIDATION_00251	12	1	0.83001333	0	-100	G	-0.39150524	0.39150524
POS_VALIDATION_00251	13	1	0.83001333	109	9	C	0.38718766	0.38718766
POS_VALIDATION_00251	14	1	0.83001333	76	-24	C	0.37850162	0.37850162
POS_VALIDATION_00251	15	1	0.83001333	115	15	C	0.3747181	0.3747181
POS_VALIDATION_00251	16	1	0.83001333	148	48	G	-0.37220347	0.37220347
POS_VALIDATION_00251	17	1	0.83001333	198	98	C	-0.37035903	0.37035903
POS_VALIDATION_00251	18	1	0.83001333	57	-43	G	-0.35793945	0.35793945
POS_VALIDATION_00251	19	1	0.83001333	41	-59	G	-0.35547471	0.35547471
POS_VALIDATION_00251	20	1	0.83001333	35	-65	T	0.35229099	0.35229099
POS_VALIDATION_00251	21	1	0.83001333	106	6	C	0.34154892	0.34154892
POS_VALIDATION_00251	22	1	0.83001333	89	-11	C	0.33719423	0.33719423
POS_VALIDATION_00251	23	1	0.83001333	112	12	C	0.31500241	0.31500241
POS_VALIDATION_00251	24	1	0.83001333	7	-93	G	-0.30893493	0.30893493
POS_VALIDATION_00251	25	1	0.83001333	59	-41	G	-0.30012229	0.30012229
POS_VALIDATION_00251	26	1	0.83001333	75	-25	T	-0.29532823	0.29532823
POS_VALIDATION_00251	27	1	0.83001333	142	42	G	-0.29285377	0.29285377
POS_VALIDATION_00251	28	1	0.83001333	143	43	C	0.29111999	0.29111999
POS_VALIDATION_00251	29	1	0.83001333	194	94	G	-0.27974871	0.27974871
POS_VALIDATION_00251	30	1	0.83001333	32	-68	T	-0.27174038	0.27174038
POS_VALIDATION_00251	31	1	0.83001333	193	93	G	-0.26587072	0.26587072
POS_VALIDATION_00251	32	1	0.83001333	154	54	G	-0.26454413	0.26454413
POS_VALIDATION_00251	33	1	0.83001333	196	96	G	-0.25967741	0.25967741
POS_VALIDATION_00251	34	1	0.83001333	123	23	G	-0.25394398	0.25394398
POS_VALIDATION_00251	35	1	0.83001333	11	-89	G	-0.24007858	0.24007858
POS_VALIDATION_00251	36	1	0.83001333	8	-92	C	-0.23737814	0.23737814
POS_VALIDATION_00251	37	1	0.83001333	133	33	C	0.23698175	0.23698175
POS_VALIDATION_00251	38	1	0.83001333	12	-88	C	0.22247228	0.22247228
POS_VALIDATION_00251	39	1	0.83001333	151	51	C	0.22096673	0.22096673
POS_VALIDATION_00251	40	1	0.83001333	150	50	G	-0.21982533	0.21982533
POS_VALIDATION_00251	41	1	0.83001333	68	-32	G	-0.21715134	0.21715134
POS_VALIDATION_00251	42	1	0.83001333	38	-62	G	-0.21648997	0.21648997
POS_VALIDATION_00251	43	1	0.83001333	19	-81	G	-0.21162456	0.21162456
POS_VALIDATION_00251	44	1	0.83001333	92	-8	A	-0.20896176	0.20896176
POS_VALIDATION_00251	45	1	0.83001333	94	-6	G	-0.20144016	0.20144016
POS_VALIDATION_00251	46	1	0.83001333	43	-57	G	-0.2001963	0.2001963
POS_VALIDATION_00251	47	1	0.83001333	14	-86	T	-0.188445	0.188445
POS_VALIDATION_00251	48	1	0.83001333	149	49	C	0.18694857	0.18694857
POS_VALIDATION_00251	49	1	0.83001333	29	-71	G	-0.18639684	0.18639684
POS_VALIDATION_00251	50	1	0.83001333	30	-70	T	-0.18376739	0.18376739
POS_VALIDATION_00252	1	1	0.73697853	195	95	G	-1.5017929	1.5017929
POS_VALIDATION_00252	2	1	0.73697853	1	-99	C	1.255765	1.255765
POS_VALIDATION_00252	3	1	0.73697853	161	61	T	-0.81393015	0.81393015
POS_VALIDATION_00252	4	1	0.73697853	96	-4	C	0.73573375	0.73573375
POS_VALIDATION_00252	5	1	0.73697853	198	98	G	-0.72551769	0.72551769
POS_VALIDATION_00252	6	1	0.73697853	120	20	G	-0.58126473	0.58126473
POS_VALIDATION_00252	7	1	0.73697853	35	-65	G	-0.49009719	0.49009719
POS_VALIDATION_00252	8	1	0.73697853	142	42	G	-0.45672306	0.45672306
POS_VALIDATION_00252	9	1	0.73697853	140	40	G	-0.45462239	0.45462239
POS_VALIDATION_00252	10	1	0.73697853	190	90	C	0.43248206	0.43248206
POS_VALIDATION_00252	11	1	0.73697853	196	96	C	0.37622836	0.37622836
POS_VALIDATION_00252	12	1	0.73697853	40	-60	G	-0.36604297	0.36604297
POS_VALIDATION_00252	13	1	0.73697853	66	-34	C	-0.34944427	0.34944427
POS_VALIDATION_00252	14	1	0.73697853	76	-24	C	0.33208257	0.33208257
POS_VALIDATION_00252	15	1	0.73697853	132	32	G	-0.32947782	0.32947782
POS_VALIDATION_00252	16	1	0.73697853	185	85	G	-0.32596594	0.32596594
POS_VALIDATION_00252	17	1	0.73697853	41	-59	G	-0.32247648	0.32247648
POS_VALIDATION_00252	18	1	0.73697853	97	-3	G	-0.31528199	0.31528199
POS_VALIDATION_00252	19	1	0.73697853	105	5	C	0.31514332	0.31514332
POS_VALIDATION_00252	20	1	0.73697853	75	-25	C	0.31503698	0.31503698
POS_VALIDATION_00252	21	1	0.73697853	115	15	G	-0.3136726	0.3136726
POS_VALIDATION_00252	22	1	0.73697853	61	-39	C	0.31249014	0.31249014
POS_VALIDATION_00252	23	1	0.73697853	59	-41	G	-0.30283248	0.30283248
POS_VALIDATION_00252	24	1	0.73697853	119	19	G	-0.29611555	0.29611555
POS_VALIDATION_00252	25	1	0.73697853	129	29	C	0.29061106	0.29061106
POS_VALIDATION_00252	26	1	0.73697853	109	9	C	0.28902298	0.28902298
POS_VALIDATION_00252	27	1	0.73697853	149	49	C	0.28303063	0.28303063
POS_VALIDATION_00252	28	1	0.73697853	7	-93	G	-0.27260119	0.27260119
POS_VALIDATION_00252	29	1	0.73697853	12	-88	G	-0.26735714	0.26735714
POS_VALIDATION_00252	30	1	0.73697853	99	-1	C	0.25426054	0.25426054
POS_VALIDATION_00252	31	1	0.73697853	193	93	G	-0.25260502	0.25260502
POS_VALIDATION_00252	32	1	0.73697853	8	-92	C	-0.25047871	0.25047871
POS_VALIDATION_00252	33	1	0.73697853	11	-89	G	-0.23874307	0.23874307
POS_VALIDATION_00252	34	1	0.73697853	197	97	T	0.22488274	0.22488274
POS_VALIDATION_00252	35	1	0.73697853	108	8	C	0.22254305	0.22254305
POS_VALIDATION_00252	36	1	0.73697853	74	-26	T	-0.21757635	0.21757635
POS_VALIDATION_00252	37	1	0.73697853	54	-46	G	-0.21547911	0.21547911
POS_VALIDATION_00252	38	1	0.73697853	126	26	A	-0.20759308	0.20759308
POS_VALIDATION_00252	39	1	0.73697853	63	-37	G	-0.1994046	0.1994046
POS_VALIDATION_00252	40	1	0.73697853	21	-79	G	-0.19739275	0.19739275
POS_VALIDATION_00252	41	1	0.73697853	147	47	G	-0.19713931	0.19713931
POS_VALIDATION_00252	42	1	0.73697853	19	-81	T	-0.19110316	0.19110316
POS_VALIDATION_00252	43	1	0.73697853	98	-2	C	0.18751876	0.18751876
POS_VALIDATION_00252	44	1	0.73697853	14	-86	T	-0.18658534	0.18658534
POS_VALIDATION_00252	45	1	0.73697853	182	82	G	-0.18586719	0.18586719
POS_VALIDATION_00252	46	1	0.73697853	2	-98	A	-0.18515395	0.18515395
POS_VALIDATION_00252	47	1	0.73697853	33	-67	G	-0.18442893	0.18442893
POS_VALIDATION_00252	48	1	0.73697853	177	77	A	0.17916763	0.17916763
POS_VALIDATION_00252	49	1	0.73697853	118	18	G	-0.17469859	0.17469859
POS_VALIDATION_00252	50	1	0.73697853	38	-62	G	-0.17434357	0.17434357
POS_VALIDATION_00259	1	1	0.90304577	113	13	C	1.1697503	1.1697503
POS_VALIDATION_00259	2	1	0.90304577	66	-34	G	-0.56063801	0.56063801
POS_VALIDATION_00259	3	1	0.90304577	45	-55	G	-0.55048734	0.55048734
POS_VALIDATION_00259	4	1	0.90304577	93	-7	A	-0.54261732	0.54261732
POS_VALIDATION_00259	5	1	0.90304577	111	11	G	-0.46890253	0.46890253
POS_VALIDATION_00259	6	1	0.90304577	69	-31	C	0.46369582	0.46369582
POS_VALIDATION_00259	7	1	0.90304577	148	48	G	-0.46083206	0.46083206
POS_VALIDATION_00259	8	1	0.90304577	116	16	G	-0.44024485	0.44024485
POS_VALIDATION_00259	9	1	0.90304577	126	26	T	-0.42863292	0.42863292
POS_VALIDATION_00259	10	1	0.90304577	76	-24	C	0.40609899	0.40609899
POS_VALIDATION_00259	11	1	0.90304577	95	-5	C	0.35625976	0.35625976
POS_VALIDATION_00259	12	1	0.90304577	84	-16	T	-0.35045868	0.35045868
POS_VALIDATION_00259	13	1	0.90304577	26	-74	G	-0.3425768	0.3425768
POS_VALIDATION_00259	14	1	0.90304577	75	-25	G	-0.32946789	0.32946789
POS_VALIDATION_00259	15	1	0.90304577	123	23	A	-0.31000406	0.31000406
POS_VALIDATION_00259	16	1	0.90304577	106	6	G	-0.2862395	0.2862395
POS_VALIDATION_00259	17	1	0.90304577	161	61	G	-0.27578309	0.27578309
POS_VALIDATION_00259	18	1	0.90304577	164	64	G	-0.27425289	0.27425289
POS_VALIDATION_00259	19	1	0.90304577	42	-58	G	-0.26806819	0.26806819
POS_VALIDATION_00259	20	1	0.90304577	0	-100	A	0.25761071	0.25761071
POS_VALIDATION_00259	21	1	0.90304577	167	67	A	-0.25555959	0.25555959
POS_VALIDATION_00259	22	1	0.90304577	52	-48	A	-0.25532553	0.25532553
POS_VALIDATION_00259	23	1	0.90304577	83	-17	C	0.25370863	0.25370863
POS_VALIDATION_00259	24	1	0.90304577	56	-44	A	0.24792343	0.24792343
POS_VALIDATION_00259	25	1	0.90304577	172	72	G	-0.24459711	0.24459711
POS_VALIDATION_00259	26	1	0.90304577	145	45	C	0.2434566	0.2434566
POS_VALIDATION_00259	27	1	0.90304577	96	-4	A	-0.24251141	0.24251141
POS_VALIDATION_00259	28	1	0.90304577	170	70	C	0.2424507	0.2424507
POS_VALIDATION_00259	29	1	0.90304577	135	35	G	-0.23998408	0.23998408
POS_VALIDATION_00259	30	1	0.90304577	82	-18	C	0.23428687	0.23428687
POS_VALIDATION_00259	31	1	0.90304577	198	98	C	-0.23243055	0.23243055
POS_VALIDATION_00259	32	1	0.90304577	81	-19	G	-0.22771788	0.22771788
POS_VALIDATION_00259	33	1	0.90304577	99	-1	T	0.22399996	0.22399996
POS_VALIDATION_00259	34	1	0.90304577	3	-97	C	0.22244951	0.22244951
POS_VALIDATION_00259	35	1	0.90304577	137	37	G	-0.21797165	0.21797165
POS_VALIDATION_00259	36	1	0.90304577	162	62	G	-0.21111628	0.21111628
POS_VALIDATION_00259	37	1	0.90304577	101	1	G	-0.21086	0.21086
POS_VALIDATION_00259	38	1	0.90304577	153	53	G	-0.20861629	0.20861629
POS_VALIDATION_00259	39	1	0.90304577	173	73	T	-0.20797476	0.20797476
POS_VALIDATION_00259	40	1	0.90304577	35	-65	T	0.20655793	0.20655793
POS_VALIDATION_00259	41	1	0.90304577	109	9	G	-0.20177384	0.20177384
POS_VALIDATION_00259	42	1	0.90304577	90	-10	C	0.19929287	0.19929287
POS_VALIDATION_00259	43	1	0.90304577	129	29	G	-0.1980567	0.1980567
POS_VALIDATION_00259	44	1	0.90304577	74	-26	G	-0.19595994	0.19595994
POS_VALIDATION_00259	45	1	0.90304577	6	-94	T	-0.19014598	0.19014598
POS_VALIDATION_00259	46	1	0.90304577	12	-88	G	-0.18909502	0.18909502
POS_VALIDATION_00259	47	1	0.90304577	176	76	G	-0.17659453	0.17659453
POS_VALIDATION_00259	48	1	0.90304577	115	15	G	-0.17652914	0.17652914
POS_VALIDATION_00259	49	1	0.90304577	121	21	C	0.16852273	0.16852273
POS_VALIDATION_00259	50	1	0.90304577	132	32	C	0.16518666	0.16518666
POS_VALIDATION_00264	1	1	0.77248126	1	-99	C	0.56042904	0.56042904
POS_VALIDATION_00264	2	1	0.77248126	99	-1	C	0.54251534	0.54251534
POS_VALIDATION_00264	3	1	0.77248126	191	91	C	0.49078	0.49078
POS_VALIDATION_00264	4	1	0.77248126	110	10	G	-0.45647949	0.45647949
POS_VALIDATION_00264	5	1	0.77248126	69	-31	C	0.4512293	0.4512293
POS_VALIDATION_00264	6	1	0.77248126	103	3	C	0.4352231	0.4352231
POS_VALIDATION_00264	7	1	0.77248126	32	-68	G	-0.41526824	0.41526824
POS_VALIDATION_00264	8	1	0.77248126	15	-85	G	-0.41249257	0.41249257
POS_VALIDATION_00264	9	1	0.77248126	75	-25	T	-0.41070503	0.41070503
POS_VALIDATION_00264	10	1	0.77248126	84	-16	C	0.37649304	0.37649304
POS_VALIDATION_00264	11	1	0.77248126	56	-44	G	-0.30511814	0.30511814
POS_VALIDATION_00264	12	1	0.77248126	153	53	G	-0.30249697	0.30249697
POS_VALIDATION_00264	13	1	0.77248126	41	-59	G	-0.29333866	0.29333866
POS_VALIDATION_00264	14	1	0.77248126	167	67	G	-0.28169462	0.28169462
POS_VALIDATION_00264	15	1	0.77248126	106	6	C	0.28082573	0.28082573
POS_VALIDATION_00264	16	1	0.77248126	28	-72	G	-0.2748341	0.2748341
POS_VALIDATION_00264	17	1	0.77248126	151	51	G	-0.27076894	0.27076894
POS_VALIDATION_00264	18	1	0.77248126	141	41	T	-0.26479098	0.26479098
POS_VALIDATION_00264	19	1	0.77248126	0	-100	A	0.26076782	0.26076782
POS_VALIDATION_00264	20	1	0.77248126	171	71	G	-0.25536096	0.25536096
POS_VALIDATION_00264	21	1	0.77248126	126	26	A	-0.25227723	0.25227723
POS_VALIDATION_00264	22	1	0.77248126	90	-10	G	-0.24753094	0.24753094
POS_VALIDATION_00264	23	1	0.77248126	139	39	G	-0.2383251	0.2383251
POS_VALIDATION_00264	24	1	0.77248126	160	60	G	-0.23475489	0.23475489
POS_VALIDATION_00264	25	1	0.77248126	10	-90	G	-0.22984983	0.22984983
POS_VALIDATION_00264	26	1	0.77248126	25	-75	C	-0.22434875	0.22434875
POS_VALIDATION_00264	27	1	0.77248126	164	64	G	-0.22240832	0.22240832
POS_VALIDATION_00264	28	1	0.77248126	197	97	C	0.22032917	0.22032917
POS_VALIDATION_00264	29	1	0.77248126	74	-26	A	-0.21947049	0.21947049
POS_VALIDATION_00264	30	1	0.77248126	198	98	C	-0.21579598	0.21579598
POS_VALIDATION_00264	31	1	0.77248126	154	54	G	-0.21346268	0.21346268
POS_VALIDATION_00264	32	1	0.77248126	196	96	G	-0.20649916	0.20649916
POS_VALIDATION_00264	33	1	0.77248126	174	74	G	-0.20137632	0.20137632
POS_VALIDATION_00264	34	1	0.77248126	8	-92	A	-0.19971007	0.19971007
POS_VALIDATION_00264	35	1	0.77248126	132	32	G	-0.19773331	0.19773331
POS_VALIDATION_00264	36	1	0.77248126	169	69	G	-0.19114898	0.19114898
POS_VALIDATION_00264	37	1	0.77248126	42	-58	G	-0.19032902	0.19032902
POS_VALIDATION_00264	38	1	0.77248126	78	-22	C	0.18819112	0.18819112
POS_VALIDATION_00264	39	1	0.77248126	181	81	C	0.18656367	0.18656367
POS_VALIDATION_00264	40	1	0.77248126	115	15	T	0.18511677	0.18511677
POS_VALIDATION_00264	41	1	0.77248126	129	29	C	0.18325336	0.18325336
POS_VALIDATION_00264	42	1	0.77248126	97	-3	G	-0.18129256	0.18129256
POS_VALIDATION_00264	43	1	0.77248126	98	-2	C	0.17713866	0.17713866
POS_VALIDATION_00264	44	1	0.77248126	131	31	G	-0.17518842	0.17518842
POS_VALIDATION_00264	45	1	0.77248126	192	92	T	-0.1715225	0.1715225
POS_VALIDATION_00264	46	1	0.77248126	125	25	G	-0.16923591	0.16923591
POS_VALIDATION_00264	47	1	0.77248126	142	42	T	0.16909498	0.16909498
POS_VALIDATION_00264	48	1	0.77248126	179	79	G	-0.16653159	0.16653159
POS_VALIDATION_00264	49	1	0.77248126	12	-88	C	0.16493011	0.16493011
POS_VALIDATION_00264	50	1	0.77248126	7	-93	G	-0.16392627	0.16392627
POS_VALIDATION_00265	1	1	0.72438806	195	95	G	-1.7985764	1.7985764
POS_VALIDATION_00265	2	1	0.72438806	113	13	C	1.4433405	1.4433405
POS_VALIDATION_00265	3	1	0.72438806	96	-4	C	0.98312396	0.98312396
POS_VALIDATION_00265	4	1	0.72438806	84	-16	C	0.75191212	0.75191212
POS_VALIDATION_00265	5	1	0.72438806	66	-34	G	-0.67567509	0.67567509
POS_VALIDATION_00265	6	1	0.72438806	87	-13	G	-0.56354678	0.56354678
POS_VALIDATION_00265	7	1	0.72438806	76	-24	C	0.55538553	0.55538553
POS_VALIDATION_00265	8	1	0.72438806	181	81	C	0.50560451	0.50560451
POS_VALIDATION_00265	9	1	0.72438806	140	40	G	-0.48844087	0.48844087
POS_VALIDATION_00265	10	1	0.72438806	41	-59	A	0.46444082	0.46444082
POS_VALIDATION_00265	11	1	0.72438806	40	-60	G	-0.4463464	0.4463464
POS_VALIDATION_00265	12	1	0.72438806	185	85	G	-0.43342364	0.43342364
POS_VALIDATION_00265	13	1	0.72438806	82	-18	C	0.4283649	0.4283649
POS_VALIDATION_00265	14	1	0.72438806	161	61	A	-0.42429516	0.42429516
POS_VALIDATION_00265	15	1	0.72438806	173	73	G	-0.41175443	0.41175443
POS_VALIDATION_00265	16	1	0.72438806	120	20	C	0.39991489	0.39991489
POS_VALIDATION_00265	17	1	0.72438806	15	-85	G	-0.39893413	0.39893413
POS_VALIDATION_00265	18	1	0.72438806	177	77	G	-0.38467836	0.38467836
POS_VALIDATION_00265	19	1	0.72438806	149	49	C	0.37314239	0.37314239
POS_VALIDATION_00265	20	1	0.72438806	68	-32	G	-0.354265	0.354265
POS_VALIDATION_00265	21	1	0.72438806	7	-93	G	-0.35298929	0.35298929
POS_VALIDATION_00265	22	1	0.72438806	75	-25	T	-0.34418172	0.34418172
POS_VALIDATION_00265	23	1	0.72438806	162	62	G	-0.33433422	0.33433422
POS_VALIDATION_00265	24	1	0.72438806	93	-7	A	-0.33408859	0.33408859
POS_VALIDATION_00265	25	1	0.72438806	187	87	C	0.3327148	0.3327148
POS_VALIDATION_00265	26	1	0.72438806	88	-12	C	0.32965514	0.32965514
POS_VALIDATION_00265	27	1	0.72438806	90	-10	G	-0.3255432	0.3255432
POS_VALIDATION_00265	28	1	0.72438806	142	42	C	0.32367361	0.32367361
POS_VALIDATION_00265	29	1	0.72438806	108	8	C	0.3100886	0.3100886
POS_VALIDATION_00265	30	1	0.72438806	130	30	C	0.30551597	0.30551597
POS_VALIDATION_00265	31	1	0.72438806	0	-100	A	0.30458933	0.30458933
POS_VALIDATION_00265	32	1	0.72438806	115	15	C	0.29162726	0.29162726
POS_VALIDATION_00265	33	1	0.72438806	23	-77	G	-0.28914809	0.28914809
POS_VALIDATION_00265	34	1	0.72438806	64	-36	C	0.28601789	0.28601789
POS_VALIDATION_00265	35	1	0.72438806	69	-31	T	-0.28515589	0.28515589
POS_VALIDATION_00265	36	1	0.72438806	158	58	G	-0.27980179	0.27980179
POS_VALIDATION_00265	37	1	0.72438806	152	52	C	0.27722448	0.27722448
POS_VALIDATION_00265	38	1	0.72438806	190	90	G	-0.26849812	0.26849812
POS_VALIDATION_00265	39	1	0.72438806	73	-27	G	-0.26809841	0.26809841
POS_VALIDATION_00265	40	1	0.72438806	193	93	G	-0.26763782	0.26763782
POS_VALIDATION_00265	41	1	0.72438806	10	-90	G	-0.26761967	0.26761967
POS_VALIDATION_00265	42	1	0.72438806	5	-95	G	-0.26603186	0.26603186
POS_VALIDATION_00265	43	1	0.72438806	191	91	T	0.26354226	0.26354226
POS_VALIDATION_00265	44	1	0.72438806	6	-94	G	-0.2629652	0.2629652
POS_VALIDATION_00265	45	1	0.72438806	43	-57	G	-0.26238835	0.26238835
POS_VALIDATION_00265	46	1	0.72438806	98	-2	G	-0.25883293	0.25883293
POS_VALIDATION_00265	47	1	0.72438806	95	-5	G	-0.25704807	0.25704807
POS_VALIDATION_00265	48	1	0.72438806	11	-89	G	-0.25612289	0.25612289
POS_VALIDATION_00265	49	1	0.72438806	21	-79	G	-0.24175908	0.24175908
POS_VALIDATION_00265	50	1	0.72438806	129	29	G	-0.23376325	0.23376325
POS_VALIDATION_00266	1	1	0.94827938	113	13	C	1.22807	1.22807
POS_VALIDATION_00266	2	1	0.94827938	24	-76	G	-0.48277596	0.48277596
POS_VALIDATION_00266	3	1	0.94827938	131	31	C	-0.464378	0.464378
POS_VALIDATION_00266	4	1	0.94827938	181	81	G	-0.38315094	0.38315094
POS_VALIDATION_00266	5	1	0.94827938	93	-7	A	-0.37226209	0.37226209
POS_VALIDATION_00266	6	1	0.94827938	57	-43	G	-0.36121407	0.36121407
POS_VALIDATION_00266	7	1	0.94827938	109	9	C	0.3474645	0.3474645
POS_VALIDATION_00266	8	1	0.94827938	0	-100	T	0.33086976	0.33086976
POS_VALIDATION_00266	9	1	0.94827938	106	6	C	0.3077035	0.3077035
POS_VALIDATION_00266	10	1	0.94827938	76	-24	C	0.28867745	0.28867745
POS_VALIDATION_00266	11	1	0.94827938	84	-16	C	0.27489883	0.27489883
POS_VALIDATION_00266	12	1	0.94827938	56	-44	A	0.26918402	0.26918402
POS_VALIDATION_00266	13	1	0.94827938	130	30	G	-0.2599023	0.2599023
POS_VALIDATION_00266	14	1	0.94827938	142	42	G	-0.25771719	0.25771719
POS_VALIDATION_00266	15	1	0.94827938	184	84	G	-0.2526108	0.2526108
POS_VALIDATION_00266	16	1	0.94827938	119	19	C	0.23440699	0.23440699
POS_VALIDATION_00266	17	1	0.94827938	59	-41	G	-0.22788897	0.22788897
POS_VALIDATION_00266	18	1	0.94827938	154	54	C	-0.21112943	0.21112943
POS_VALIDATION_00266	19	1	0.94827938	135	35	G	-0.21060818	0.21060818
POS_VALIDATION_00266	20	1	0.94827938	116	16	C	-0.20746168	0.20746168
POS_VALIDATION_00266	21	1	0.94827938	51	-49	C	0.20621857	0.20621857
POS_VALIDATION_00266	22	1	0.94827938	161	61	G	-0.20465863	0.20465863
POS_VALIDATION_00266	23	1	0.94827938	193	93	G	-0.19692804	0.19692804
POS_VALIDATION_00266	24	1	0.94827938	66	-34	T	-0.19409099	0.19409099
POS_VALIDATION_00266	25	1	0.94827938	121	21	C	0.19179928	0.19179928
POS_VALIDATION_00266	26	1	0.94827938	70	-30	G	-0.18787286	0.18787286
POS_VALIDATION_00266	27	1	0.94827938	133	33	G	-0.18268171	0.18268171
POS_VALIDATION_00266	28	1	0.94827938	94	-6	G	-0.18228862	0.18228862
POS_VALIDATION_00266	29	1	0.94827938	102	2	T	-0.17908332	0.17908332
POS_VALIDATION_00266	30	1	0.94827938	69	-31	T	-0.17811391	0.17811391
POS_VALIDATION_00266	31	1	0.94827938	120	20	C	0.17090879	0.17090879
POS_VALIDATION_00266	32	1	0.94827938	74	-26	T	-0.16512321	0.16512321
POS_VALIDATION_00266	33	1	0.94827938	151	51	C	0.16283697	0.16283697
POS_VALIDATION_00266	34	1	0.94827938	195	95	T	-0.16231236	0.16231236
POS_VALIDATION_00266	35	1	0.94827938	64	-36	G	-0.15057871	0.15057871
POS_VALIDATION_00266	36	1	0.94827938	42	-58	T	-0.1466873	0.1466873
POS_VALIDATION_00266	37	1	0.94827938	124	24	C	-0.14444567	0.14444567
POS_VALIDATION_00266	38	1	0.94827938	95	-5	G	-0.14384604	0.14384604
POS_VALIDATION_00266	39	1	0.94827938	35	-65	T	0.14366725	0.14366725
POS_VALIDATION_00266	40	1	0.94827938	75	-25	A	-0.14171481	0.14171481
POS_VALIDATION_00266	41	1	0.94827938	162	62	G	-0.1413777	0.1413777
POS_VALIDATION_00266	42	1	0.94827938	172	72	G	-0.13949862	0.13949862
POS_VALIDATION_00266	43	1	0.94827938	146	46	C	0.13910066	0.13910066
POS_VALIDATION_00266	44	1	0.94827938	173	73	T	-0.13733411	0.13733411
POS_VALIDATION_00266	45	1	0.94827938	98	-2	C	0.1359428	0.1359428
POS_VALIDATION_00266	46	1	0.94827938	190	90	G	-0.12901537	0.12901537
POS_VALIDATION_00266	47	1	0.94827938	150	50	C	0.12881744	0.12881744
POS_VALIDATION_00266	48	1	0.94827938	96	-4	T	-0.12857981	0.12857981
POS_VALIDATION_00266	49	1	0.94827938	4	-96	G	-0.12848788	0.12848788
POS_VALIDATION_00266	50	1	0.94827938	115	15	T	0.12807281	0.12807281
POS_VALIDATION_00268	1	1	0.85766071	42	-58	C	-0.73773158	0.73773158
POS_VALIDATION_00268	2	1	0.85766071	161	61	T	-0.704548	0.704548
POS_VALIDATION_00268	3	1	0.85766071	93	-7	T	-0.54758811	0.54758811
POS_VALIDATION_00268	4	1	0.85766071	36	-64	C	0.49796879	0.49796879
POS_VALIDATION_00268	5	1	0.85766071	110	10	G	-0.38250357	0.38250357
POS_VALIDATION_00268	6	1	0.85766071	111	11	G	-0.33587903	0.33587903
POS_VALIDATION_00268	7	1	0.85766071	178	78	C	0.32817766	0.32817766
POS_VALIDATION_00268	8	1	0.85766071	76	-24	C	0.31562555	0.31562555
POS_VALIDATION_00268	9	1	0.85766071	198	98	G	-0.30474705	0.30474705
POS_VALIDATION_00268	10	1	0.85766071	15	-85	G	-0.30397806	0.30397806
POS_VALIDATION_00268	11	1	0.85766071	1	-99	A	0.28672874	0.28672874
POS_VALIDATION_00268	12	1	0.85766071	75	-25	A	-0.28435221	0.28435221
POS_VALIDATION_00268	13	1	0.85766071	84	-16	T	-0.27530771	0.27530771
POS_VALIDATION_00268	14	1	0.85766071	151	51	C	0.2604692	0.2604692
POS_VALIDATION_00268	15	1	0.85766071	166	66	C	-0.23814866	0.23814866
POS_VALIDATION_00268	16	1	0.85766071	141	41	A	-0.23711336	0.23711336
POS_VALIDATION_00268	17	1	0.85766071	23	-77	G	-0.22598979	0.22598979
POS_VALIDATION_00268	18	1	0.85766071	32	-68	G	-0.22484049	0.22484049
POS_VALIDATION_00268	19	1	0.85766071	0	-100	A	0.21871096	0.21871096
POS_VALIDATION_00268	20	1	0.85766071	185	85	G	-0.21821472	0.21821472
POS_VALIDATION_00268	21	1	0.85766071	116	16	T	-0.21247193	0.21247193
POS_VALIDATION_00268	22	1	0.85766071	154	54	C	-0.20420375	0.20420375
POS_VALIDATION_00268	23	1	0.85766071	66	-34	C	-0.20233443	0.20233443
POS_VALIDATION_00268	24	1	0.85766071	71	-29	C	0.19434875	0.19434875
POS_VALIDATION_00268	25	1	0.85766071	115	15	T	0.18689507	0.18689507
POS_VALIDATION_00268	26	1	0.85766071	55	-45	G	-0.18465045	0.18465045
POS_VALIDATION_00268	27	1	0.85766071	106	6	G	-0.18457997	0.18457997
POS_VALIDATION_00268	28	1	0.85766071	35	-65	T	0.18415488	0.18415488
POS_VALIDATION_00268	29	1	0.85766071	132	32	G	-0.18299346	0.18299346
POS_VALIDATION_00268	30	1	0.85766071	184	84	T	-0.18236409	0.18236409
POS_VALIDATION_00268	31	1	0.85766071	54	-46	G	-0.17677781	0.17677781
POS_VALIDATION_00268	32	1	0.85766071	92	-8	G	-0.17408651	0.17408651
POS_VALIDATION_00268	33	1	0.85766071	135	35	G	-0.16750647	0.16750647
POS_VALIDATION_00268	34	1	0.85766071	170	70	C	0.16682993	0.16682993
POS_VALIDATION_00268	35	1	0.85766071	144	44	C	0.16635489	0.16635489
POS_VALIDATION_00268	36	1	0.85766071	118	18	A	0.16388465	0.16388465
POS_VALIDATION_00268	37	1	0.85766071	51	-49	C	0.16375536	0.16375536
POS_VALIDATION_00268	38	1	0.85766071	102	2	T	-0.16303129	0.16303129
POS_VALIDATION_00268	39	1	0.85766071	108	8	C	0.15759246	0.15759246
POS_VALIDATION_00268	40	1	0.85766071	50	-50	G	-0.15646598	0.15646598
POS_VALIDATION_00268	41	1	0.85766071	123	23	G	-0.15471488	0.15471488
POS_VALIDATION_00268	42	1	0.85766071	109	9	G	-0.15344092	0.15344092
POS_VALIDATION_00268	43	1	0.85766071	56	-44	A	0.15149692	0.15149692
POS_VALIDATION_00268	44	1	0.85766071	53	-47	G	-0.14756279	0.14756279
POS_VALIDATION_00268	45	1	0.85766071	8	-92	C	-0.14295794	0.14295794
POS_VALIDATION_00268	46	1	0.85766071	81	-19	G	-0.141662	0.141662
POS_VALIDATION_00268	47	1	0.85766071	13	-87	A	-0.13448903	0.13448903
POS_VALIDATION_00268	48	1	0.85766071	67	-33	A	-0.12883611	0.12883611
POS_VALIDATION_00268	49	1	0.85766071	138	38	C	-0.12862019	0.12862019
POS_VALIDATION_00268	50	1	0.85766071	174	74	G	-0.12789746	0.12789746
POS_VALIDATION_00270	1	1	0.80532056	42	-58	C	-1.106482	1.106482
POS_VALIDATION_00270	2	1	0.80532056	195	95	G	-1.0950193	1.0950193
POS_VALIDATION_00270	3	1	0.80532056	113	13	C	0.97933757	0.97933757
POS_VALIDATION_00270	4	1	0.80532056	161	61	T	-0.97113287	0.97113287
POS_VALIDATION_00270	5	1	0.80532056	99	-1	C	0.5513708	0.5513708
POS_VALIDATION_00270	6	1	0.80532056	84	-16	C	0.52150142	0.52150142
POS_VALIDATION_00270	7	1	0.80532056	148	48	G	-0.48775887	0.48775887
POS_VALIDATION_00270	8	1	0.80532056	177	77	G	-0.48341876	0.48341876
POS_VALIDATION_00270	9	1	0.80532056	126	26	T	-0.47628304	0.47628304
POS_VALIDATION_00270	10	1	0.80532056	101	1	A	-0.40950221	0.40950221
POS_VALIDATION_00270	11	1	0.80532056	32	-68	G	-0.37677056	0.37677056
POS_VALIDATION_00270	12	1	0.80532056	76	-24	C	0.35395005	0.35395005
POS_VALIDATION_00270	13	1	0.80532056	190	90	C	0.35288149	0.35288149
POS_VALIDATION_00270	14	1	0.80532056	75	-25	C	0.34502691	0.34502691
POS_VALIDATION_00270	15	1	0.80532056	57	-43	G	-0.29740825	0.29740825
POS_VALIDATION_00270	16	1	0.80532056	112	12	C	0.2916165	0.2916165
POS_VALIDATION_00270	17	1	0.80532056	71	-29	C	0.29055578	0.29055578
POS_VALIDATION_00270	18	1	0.80532056	15	-85	G	-0.28650814	0.28650814
POS_VALIDATION_00270	19	1	0.80532056	87	-13	G	-0.27979958	0.27979958
POS_VALIDATION_00270	20	1	0.80532056	187	87	C	0.26780519	0.26780519
POS_VALIDATION_00270	21	1	0.80532056	125	25	C	-0.26561818	0.26561818
POS_VALIDATION_00270	22	1	0.80532056	171	71	G	-0.26210713	0.26210713
POS_VALIDATION_00270	23	1	0.80532056	47	-53	T	-0.25318024	0.25318024
POS_VALIDATION_00270	24	1	0.80532056	55	-45	G	-0.23799503	0.23799503
POS_VALIDATION_00270	25	1	0.80532056	185	85	G	-0.23694271	0.23694271
POS_VALIDATION_00270	26	1	0.80532056	8	-92	C	-0.23360129	0.23360129
POS_VALIDATION_00270	27	1	0.80532056	7	-93	G	-0.23148017	0.23148017
POS_VALIDATION_00270	28	1	0.80532056	198	98	C	-0.22163926	0.22163926
POS_VALIDATION_00270	29	1	0.80532056	184	84	T	-0.21699035	0.21699035
POS_VALIDATION_00270	30	1	0.80532056	0	-100	C	0.21431786	0.21431786
POS_VALIDATION_00270	31	1	0.80532056	154	54	G	-0.20718397	0.20718397
POS_VALIDATION_00270	32	1	0.80532056	173	73	T	-0.20698704	0.20698704
POS_VALIDATION_00270	33	1	0.80532056	35	-65	C	-0.20030972	0.20030972
POS_VALIDATION_00270	34	1	0.80532056	197	97	T	0.19802827	0.19802827
POS_VALIDATION_00270	35	1	0.80532056	69	-31	C	0.19289678	0.19289678
POS_VALIDATION_00270	36	1	0.80532056	10	-90	G	-0.19031301	0.19031301
POS_VALIDATION_00270	37	1	0.80532056	52	-48	C	-0.18946844	0.18946844
POS_VALIDATION_00270	38	1	0.80532056	106	6	C	0.17764981	0.17764981
POS_VALIDATION_00270	39	1	0.80532056	193	93	G	-0.17584749	0.17584749
POS_VALIDATION_00270	40	1	0.80532056	116	16	C	-0.17504871	0.17504871
POS_VALIDATION_00270	41	1	0.80532056	167	67	G	-0.17449106	0.17449106
POS_VALIDATION_00270	42	1	0.80532056	123	23	A	-0.17264727	0.17264727
POS_VALIDATION_00270	43	1	0.80532056	74	-26	G	-0.17122866	0.17122866
POS_VALIDATION_00270	44	1	0.80532056	89	-11	G	-0.17086732	0.17086732
POS_VALIDATION_00270	45	1	0.80532056	56	-44	G	-0.1682305	0.1682305
POS_VALIDATION_00270	46	1	0.80532056	120	20	C	0.16721104	0.16721104
POS_VALIDATION_00270	47	1	0.80532056	23	-77	G	-0.16318874	0.16318874
POS_VALIDATION_00270	48	1	0.80532056	97	-3	G	-0.16086811	0.16086811
POS_VALIDATION_00270	49	1	0.80532056	6	-94	G	-0.15527199	0.15527199
POS_VALIDATION_00270	50	1	0.80532056	53	-47	C	-0.15308341	0.15308341
POS_VALIDATION_00273	1	1	0.86414921	113	13	C	0.73844188	0.73844188
POS_VALIDATION_00273	2	1	0.86414921	161	61	A	-0.61149627	0.61149627
POS_VALIDATION_00273	3	1	0.86414921	131	31	C	-0.55727404	0.55727404
POS_VALIDATION_00273	4	1	0.86414921	171	71	C	-0.45454279	0.45454279
POS_VALIDATION_00273	5	1	0.86414921	116	16	C	-0.38539642	0.38539642
POS_VALIDATION_00273	6	1	0.86414921	52	-48	C	-0.38525295	0.38525295
POS_VALIDATION_00273	7	1	0.86414921	99	-1	C	0.31799275	0.31799275
POS_VALIDATION_00273	8	1	0.86414921	1	-99	A	0.28730351	0.28730351
POS_VALIDATION_00273	9	1	0.86414921	120	20	G	-0.2791574	0.2791574
POS_VALIDATION_00273	10	1	0.86414921	75	-25	G	-0.26672497	0.26672497
POS_VALIDATION_00273	11	1	0.86414921	19	-81	A	0.23585455	0.23585455
POS_VALIDATION_00273	12	1	0.86414921	139	39	C	-0.23070835	0.23070835
POS_VALIDATION_00273	13	1	0.86414921	42	-58	G	-0.21588211	0.21588211
POS_VALIDATION_00273	14	1	0.86414921	176	76	C	-0.21365687	0.21365687
POS_VALIDATION_00273	15	1	0.86414921	0	-100	A	0.21083067	0.21083067
POS_VALIDATION_00273	16	1	0.86414921	184	84	T	-0.20349902	0.20349902
POS_VALIDATION_00273	17	1	0.86414921	148	48	C	-0.18961246	0.18961246
POS_VALIDATION_00273	18	1	0.86414921	106	6	C	0.18677661	0.18677661
POS_VALIDATION_00273	19	1	0.86414921	54	-46	T	-0.1867744	0.1867744
POS_VALIDATION_00273	20	1	0.86414921	66	-34	C	-0.18623628	0.18623628
POS_VALIDATION_00273	21	1	0.86414921	117	17	C	-0.17621863	0.17621863
POS_VALIDATION_00273	22	1	0.86414921	35	-65	T	0.15010336	0.15010336
POS_VALIDATION_00273	23	1	0.86414921	74	-26	A	-0.14860138	0.14860138
POS_VALIDATION_00273	24	1	0.86414921	92	-8	G	-0.14561446	0.14561446
POS_VALIDATION_00273	25	1	0.86414921	30	-70	T	-0.1429379	0.1429379
POS_VALIDATION_00273	26	1	0.86414921	96	-4	T	-0.14218956	0.14218956
POS_VALIDATION_00273	27	1	0.86414921	183	83	C	-0.1420037	0.1420037
POS_VALIDATION_00273	28	1	0.86414921	108	8	C	0.14182407	0.14182407
POS_VALIDATION_00273	29	1	0.86414921	12	-88	T	-0.13944423	0.13944423
POS_VALIDATION_00273	30	1	0.86414921	147	47	C	-0.1378414	0.1378414
POS_VALIDATION_00273	31	1	0.86414921	50	-50	G	-0.13189888	0.13189888
POS_VALIDATION_00273	32	1	0.86414921	185	85	C	-0.12893791	0.12893791
POS_VALIDATION_00273	33	1	0.86414921	118	18	A	0.12148827	0.12148827
POS_VALIDATION_00273	34	1	0.86414921	45	-55	A	-0.1213567	0.1213567
POS_VALIDATION_00273	35	1	0.86414921	138	38	C	-0.12077394	0.12077394
POS_VALIDATION_00273	36	1	0.86414921	14	-86	T	-0.11969659	0.11969659
POS_VALIDATION_00273	37	1	0.86414921	145	45	C	0.114291	0.114291
POS_VALIDATION_00273	38	1	0.86414921	2	-98	A	-0.11387776	0.11387776
POS_VALIDATION_00273	39	1	0.86414921	21	-79	A	-0.11360369	0.11360369
POS_VALIDATION_00273	40	1	0.86414921	36	-64	T	0.11302276	0.11302276
POS_VALIDATION_00273	41	1	0.86414921	32	-68	T	-0.11085402	0.11085402
POS_VALIDATION_00273	42	1	0.86414921	87	-13	G	-0.10945179	0.10945179
POS_VALIDATION_00273	43	1	0.86414921	165	65	C	-0.10824648	0.10824648
POS_VALIDATION_00273	44	1	0.86414921	173	73	C	0.10770017	0.10770017
POS_VALIDATION_00273	45	1	0.86414921	197	97	T	0.10741051	0.10741051
POS_VALIDATION_00273	46	1	0.86414921	78	-22	C	0.10511146	0.10511146
POS_VALIDATION_00273	47	1	0.86414921	124	24	A	-0.10454295	0.10454295
POS_VALIDATION_00273	48	1	0.86414921	134	34	C	-0.10348611	0.10348611
POS_VALIDATION_00273	49	1	0.86414921	65	-35	C	-0.10318482	0.10318482
POS_VALIDATION_00273	50	1	0.86414921	76	-24	T	0.10282493	0.10282493
POS_VALIDATION_00275	1	1	0.74659789	113	13	C	1.3055445	1.3055445
POS_VALIDATION_00275	2	1	0.74659789	161	61	A	-0.75353581	0.75353581
POS_VALIDATION_00275	3	1	0.74659789	45	-55	G	-0.47231603	0.47231603
POS_VALIDATION_00275	4	1	0.74659789	198	98	G	-0.45196265	0.45196265
POS_VALIDATION_00275	5	1	0.74659789	99	-1	C	0.44186366	0.44186366
POS_VALIDATION_00275	6	1	0.74659789	148	48	G	-0.4159174	0.4159174
POS_VALIDATION_00275	7	1	0.74659789	101	1	A	-0.37497464	0.37497464
POS_VALIDATION_00275	8	1	0.74659789	76	-24	C	0.34937942	0.34937942
POS_VALIDATION_00275	9	1	0.74659789	52	-48	A	-0.34684458	0.34684458
POS_VALIDATION_00275	10	1	0.74659789	35	-65	G	-0.33550334	0.33550334
POS_VALIDATION_00275	11	1	0.74659789	98	-2	G	-0.32983932	0.32983932
POS_VALIDATION_00275	12	1	0.74659789	141	41	T	-0.30459678	0.30459678
POS_VALIDATION_00275	13	1	0.74659789	123	23	A	-0.29026186	0.29026186
POS_VALIDATION_00275	14	1	0.74659789	116	16	G	-0.28106779	0.28106779
POS_VALIDATION_00275	15	1	0.74659789	126	26	T	-0.27940574	0.27940574
POS_VALIDATION_00275	16	1	0.74659789	190	90	C	0.27389744	0.27389744
POS_VALIDATION_00275	17	1	0.74659789	106	6	G	-0.26723051	0.26723051
POS_VALIDATION_00275	18	1	0.74659789	117	17	C	-0.2669073	0.2669073
POS_VALIDATION_00275	19	1	0.74659789	42	-58	G	-0.26191533	0.26191533
POS_VALIDATION_00275	20	1	0.74659789	181	81	C	0.25749269	0.25749269
POS_VALIDATION_00275	21	1	0.74659789	69	-31	T	-0.25507587	0.25507587
POS_VALIDATION_00275	22	1	0.74659789	87	-13	G	-0.249038	0.249038
POS_VALIDATION_00275	23	1	0.74659789	74	-26	T	-0.22290272	0.22290272
POS_VALIDATION_00275	24	1	0.74659789	90	-10	G	-0.22259939	0.22259939
POS_VALIDATION_00275	25	1	0.74659789	189	89	C	-0.21378666	0.21378666
POS_VALIDATION_00275	26	1	0.74659789	75	-25	A	-0.20628864	0.20628864
POS_VALIDATION_00275	27	1	0.74659789	51	-49	C	0.17938839	0.17938839
POS_VALIDATION_00275	28	1	0.74659789	185	85	G	-0.17494678	0.17494678
POS_VALIDATION_00275	29	1	0.74659789	193	93	G	-0.17194055	0.17194055
POS_VALIDATION_00275	30	1	0.74659789	153	53	G	-0.1715907	0.1715907
POS_VALIDATION_00275	31	1	0.74659789	166	66	G	-0.16786249	0.16786249
POS_VALIDATION_00275	32	1	0.74659789	164	64	G	-0.16762495	0.16762495
POS_VALIDATION_00275	33	1	0.74659789	110	10	A	-0.16694629	0.16694629
POS_VALIDATION_00275	34	1	0.74659789	0	-100	A	0.16678059	0.16678059
POS_VALIDATION_00275	35	1	0.74659789	5	-95	T	0.16190591	0.16190591
POS_VALIDATION_00275	36	1	0.74659789	179	79	G	-0.16079403	0.16079403
POS_VALIDATION_00275	37	1	0.74659789	173	73	T	-0.15586077	0.15586077
POS_VALIDATION_00275	38	1	0.74659789	109	9	C	0.15393223	0.15393223
POS_VALIDATION_00275	39	1	0.74659789	48	-52	C	-0.15312393	0.15312393
POS_VALIDATION_00275	40	1	0.74659789	195	95	C	0.15041128	0.15041128
POS_VALIDATION_00275	41	1	0.74659789	41	-59	A	0.15002495	0.15002495
POS_VALIDATION_00275	42	1	0.74659789	151	51	T	-0.14680599	0.14680599
POS_VALIDATION_00275	43	1	0.74659789	145	45	C	0.14450628	0.14450628
POS_VALIDATION_00275	44	1	0.74659789	30	-70	G	-0.14361693	0.14361693
POS_VALIDATION_00275	45	1	0.74659789	154	54	G	-0.14341862	0.14341862
POS_VALIDATION_00275	46	1	0.74659789	187	87	C	0.13558286	0.13558286
POS_VALIDATION_00275	47	1	0.74659789	24	-76	C	-0.13394246	0.13394246
POS_VALIDATION_00275	48	1	0.74659789	149	49	C	0.13260511	0.13260511
POS_VALIDATION_00275	49	1	0.74659789	2	-98	T	-0.12786338	0.12786338
POS_VALIDATION_00275	50	1	0.74659789	143	43	C	0.12690291	0.12690291
POS_VALIDATION_00277	1	1	0.84918082	113	13	C	0.91546643	0.91546643
POS_VALIDATION_00277	2	1	0.84918082	161	61	A	-0.73764008	0.73764008
POS_VALIDATION_00277	3	1	0.84918082	131	31	C	-0.54815209	0.54815209
POS_VALIDATION_00277	4	1	0.84918082	110	10	G	-0.41662556	0.41662556
POS_VALIDATION_00277	5	1	0.84918082	36	-64	C	0.37265593	0.37265593
POS_VALIDATION_00277	6	1	0.84918082	93	-7	A	-0.36065581	0.36065581
POS_VALIDATION_00277	7	1	0.84918082	87	-13	C	-0.33332029	0.33332029
POS_VALIDATION_00277	8	1	0.84918082	47	-53	G	-0.33012912	0.33012912
POS_VALIDATION_00277	9	1	0.84918082	66	-34	C	-0.30969775	0.30969775
POS_VALIDATION_00277	10	1	0.84918082	141	41	T	-0.30931628	0.30931628
POS_VALIDATION_00277	11	1	0.84918082	101	1	A	-0.30909708	0.30909708
POS_VALIDATION_00277	12	1	0.84918082	52	-48	C	-0.30732363	0.30732363
POS_VALIDATION_00277	13	1	0.84918082	35	-65	G	-0.2845872	0.2845872
POS_VALIDATION_00277	14	1	0.84918082	8	-92	C	-0.26943567	0.26943567
POS_VALIDATION_00277	15	1	0.84918082	67	-33	A	-0.25686467	0.25686467
POS_VALIDATION_00277	16	1	0.84918082	187	87	C	0.24498054	0.24498054
POS_VALIDATION_00277	17	1	0.84918082	98	-2	G	-0.2329914	0.2329914
POS_VALIDATION_00277	18	1	0.84918082	42	-58	A	-0.22703633	0.22703633
POS_VALIDATION_00277	19	1	0.84918082	191	91	C	0.2193318	0.2193318
POS_VALIDATION_00277	20	1	0.84918082	0	-100	T	0.21154349	0.21154349
POS_VALIDATION_00277	21	1	0.84918082	74	-26	C	-0.20001543	0.20001543
POS_VALIDATION_00277	22	1	0.84918082	142	42	T	0.17955098	0.17955098
POS_VALIDATION_00277	23	1	0.84918082	111	11	G	-0.17385899	0.17385899
POS_VALIDATION_00277	24	1	0.84918082	10	-90	C	-0.16505371	0.16505371
POS_VALIDATION_00277	25	1	0.84918082	40	-60	G	-0.16366568	0.16366568
POS_VALIDATION_00277	26	1	0.84918082	81	-19	C	-0.15760456	0.15760456
POS_VALIDATION_00277	27	1	0.84918082	138	38	C	-0.15525782	0.15525782
POS_VALIDATION_00277	28	1	0.84918082	135	35	A	-0.15103382	0.15103382
POS_VALIDATION_00277	29	1	0.84918082	41	-59	C	-0.15087557	0.15087557
POS_VALIDATION_00277	30	1	0.84918082	94	-6	A	-0.14195366	0.14195366
POS_VALIDATION_00277	31	1	0.84918082	184	84	C	-0.1405149	0.1405149
POS_VALIDATION_00277	32	1	0.84918082	108	8	C	0.14044894	0.14044894
POS_VALIDATION_00277	33	1	0.84918082	167	67	A	-0.14001937	0.14001937
POS_VALIDATION_00277	34	1	0.84918082	30	-70	G	-0.1330101	0.1330101
POS_VALIDATION_00277	35	1	0.84918082	116	16	A	-0.13185072	0.13185072
POS_VALIDATION_00277	36	1	0.84918082	12	-88	C	0.12994616	0.12994616
POS_VALIDATION_00277	37	1	0.84918082	173	73	A	-0.12969753	0.12969753
POS_VALIDATION_00277	38	1	0.84918082	118	18	C	-0.12919125	0.12919125
POS_VALIDATION_00277	39	1	0.84918082	25	-75	G	-0.12608585	0.12608585
POS_VALIDATION_00277	40	1	0.84918082	84	-16	C	0.12370525	0.12370525
POS_VALIDATION_00277	41	1	0.84918082	179	79	G	-0.12275194	0.12275194
POS_VALIDATION_00277	42	1	0.84918082	2	-98	T	-0.12212253	0.12212253
POS_VALIDATION_00277	43	1	0.84918082	123	23	G	-0.1208547	0.1208547
POS_VALIDATION_00277	44	1	0.84918082	33	-67	A	-0.12081751	0.12081751
POS_VALIDATION_00277	45	1	0.84918082	196	96	C	0.11743686	0.11743686
POS_VALIDATION_00277	46	1	0.84918082	99	-1	C	0.11348534	0.11348534
POS_VALIDATION_00277	47	1	0.84918082	59	-41	G	-0.11339431	0.11339431
POS_VALIDATION_00277	48	1	0.84918082	189	89	C	-0.11309217	0.11309217
POS_VALIDATION_00277	49	1	0.84918082	27	-73	C	0.10269189	0.10269189
POS_VALIDATION_00277	50	1	0.84918082	174	74	G	-0.098290607	0.098290607
POS_VALIDATION_00278	1	1	0.94962746	25	-75	C	-0.84643137	0.84643137
POS_VALIDATION_00278	2	1	0.94962746	113	13	C	0.83940327	0.83940327
POS_VALIDATION_00278	3	1	0.94962746	161	61	A	-0.60637492	0.60637492
POS_VALIDATION_00278	4	1	0.94962746	177	77	G	-0.39438009	0.39438009
POS_VALIDATION_00278	5	1	0.94962746	0	-100	T	0.39384416	0.39384416
POS_VALIDATION_00278	6	1	0.94962746	24	-76	G	-0.33854049	0.33854049
POS_VALIDATION_00278	7	1	0.94962746	76	-24	C	0.32996476	0.32996476
POS_VALIDATION_00278	8	1	0.94962746	116	16	C	-0.30925161	0.30925161
POS_VALIDATION_00278	9	1	0.94962746	2	-98	C	-0.2819421	0.2819421
POS_VALIDATION_00278	10	1	0.94962746	173	73	G	-0.2775842	0.2775842
POS_VALIDATION_00278	11	1	0.94962746	41	-59	G	-0.24537221	0.24537221
POS_VALIDATION_00278	12	1	0.94962746	101	1	A	-0.24069121	0.24069121
POS_VALIDATION_00278	13	1	0.94962746	190	90	C	0.23505057	0.23505057
POS_VALIDATION_00278	14	1	0.94962746	125	25	C	-0.23223475	0.23223475
POS_VALIDATION_00278	15	1	0.94962746	141	41	A	-0.23088644	0.23088644
POS_VALIDATION_00278	16	1	0.94962746	74	-26	G	-0.22832502	0.22832502
POS_VALIDATION_00278	17	1	0.94962746	32	-68	G	-0.22183812	0.22183812
POS_VALIDATION_00278	18	1	0.94962746	35	-65	C	-0.21851572	0.21851572
POS_VALIDATION_00278	19	1	0.94962746	169	69	G	-0.18901978	0.18901978
POS_VALIDATION_00278	20	1	0.94962746	90	-10	G	-0.18542367	0.18542367
POS_VALIDATION_00278	21	1	0.94962746	56	-44	G	-0.18248507	0.18248507
POS_VALIDATION_00278	22	1	0.94962746	71	-29	C	0.18133521	0.18133521
POS_VALIDATION_00278	23	1	0.94962746	42	-58	G	-0.17197588	0.17197588
POS_VALIDATION_00278	24	1	0.94962746	81	-19	C	-0.16995229	0.16995229
POS_VALIDATION_00278	25	1	0.94962746	138	38	T	-0.16028272	0.16028272
POS_VALIDATION_00278	26	1	0.94962746	57	-43	G	-0.15706977	0.15706977
POS_VALIDATION_00278	27	1	0.94962746	1	-99	A	0.15693942	0.15693942
POS_VALIDATION_00278	28	1	0.94962746	16	-84	G	-0.15290067	0.15290067
POS_VALIDATION_00278	29	1	0.94962746	153	53	G	-0.15067026	0.15067026
POS_VALIDATION_00278	30	1	0.94962746	21	-79	C	-0.15012915	0.15012915
POS_VALIDATION_00278	31	1	0.94962746	197	97	T	0.14786232	0.14786232
POS_VALIDATION_00278	32	1	0.94962746	11	-89	G	-0.14150363	0.14150363
POS_VALIDATION_00278	33	1	0.94962746	92	-8	G	-0.13819055	0.13819055
POS_VALIDATION_00278	34	1	0.94962746	143	43	C	0.13782187	0.13782187
POS_VALIDATION_00278	35	1	0.94962746	111	11	G	-0.1366425	0.1366425
POS_VALIDATION_00278	36	1	0.94962746	172	72	G	-0.13399035	0.13399035
POS_VALIDATION_00278	37	1	0.94962746	47	-53	A	-0.12628187	0.12628187
POS_VALIDATION_00278	38	1	0.94962746	193	93	G	-0.12468246	0.12468246
POS_VALIDATION_00278	39	1	0.94962746	58	-42	C	0.12234286	0.12234286
POS_VALIDATION_00278	40	1	0.94962746	196	96	T	0.1220312	0.1220312
POS_VALIDATION_00278	41	1	0.94962746	109	9	G	-0.11809555	0.11809555
POS_VALIDATION_00278	42	1	0.94962746	183	83	C	-0.11801799	0.11801799
POS_VALIDATION_00278	43	1	0.94962746	78	-22	C	0.11718895	0.11718895
POS_VALIDATION_00278	44	1	0.94962746	104	4	G	-0.11675414	0.11675414
POS_VALIDATION_00278	45	1	0.94962746	160	60	G	-0.11410048	0.11410048
POS_VALIDATION_00278	46	1	0.94962746	34	-66	G	-0.10981156	0.10981156
POS_VALIDATION_00278	47	1	0.94962746	84	-16	C	0.10767347	0.10767347
POS_VALIDATION_00278	48	1	0.94962746	53	-47	G	-0.1069095	0.1069095
POS_VALIDATION_00278	49	1	0.94962746	170	70	C	0.10662444	0.10662444
POS_VALIDATION_00278	50	1	0.94962746	63	-37	G	-0.10659137	0.10659137
POS_VALIDATION_00279	1	1	0.94171858	96	-4	C	0.64862835	0.64862835
POS_VALIDATION_00279	2	1	0.94171858	161	61	A	-0.61143106	0.61143106
POS_VALIDATION_00279	3	1	0.94171858	45	-55	G	-0.59509712	0.59509712
POS_VALIDATION_00279	4	1	0.94171858	120	20	G	-0.54640979	0.54640979
POS_VALIDATION_00279	5	1	0.94171858	148	48	G	-0.51677591	0.51677591
POS_VALIDATION_00279	6	1	0.94171858	93	-7	A	-0.41617781	0.41617781
POS_VALIDATION_00279	7	1	0.94171858	84	-16	C	0.36907509	0.36907509
POS_VALIDATION_00279	8	1	0.94171858	26	-74	G	-0.3353574	0.3353574
POS_VALIDATION_00279	9	1	0.94171858	109	9	C	0.33428708	0.33428708
POS_VALIDATION_00279	10	1	0.94171858	32	-68	G	-0.32594961	0.32594961
POS_VALIDATION_00279	11	1	0.94171858	172	72	C	0.31377068	0.31377068
POS_VALIDATION_00279	12	1	0.94171858	116	16	G	-0.28727752	0.28727752
POS_VALIDATION_00279	13	1	0.94171858	50	-50	G	-0.27797544	0.27797544
POS_VALIDATION_00279	14	1	0.94171858	99	-1	G	-0.27606717	0.27606717
POS_VALIDATION_00279	15	1	0.94171858	106	6	C	0.25898537	0.25898537
POS_VALIDATION_00279	16	1	0.94171858	101	1	A	-0.2580086	0.2580086
POS_VALIDATION_00279	17	1	0.94171858	190	90	C	0.2504679	0.2504679
POS_VALIDATION_00279	18	1	0.94171858	81	-19	G	-0.23660727	0.23660727
POS_VALIDATION_00279	19	1	0.94171858	40	-60	G	-0.23233686	0.23233686
POS_VALIDATION_00279	20	1	0.94171858	51	-49	C	0.22914185	0.22914185
POS_VALIDATION_00279	21	1	0.94171858	42	-58	G	-0.22463457	0.22463457
POS_VALIDATION_00279	22	1	0.94171858	155	55	G	-0.22233731	0.22233731
POS_VALIDATION_00279	23	1	0.94171858	121	21	C	0.21390542	0.21390542
POS_VALIDATION_00279	24	1	0.94171858	125	25	G	-0.20875694	0.20875694
POS_VALIDATION_00279	25	1	0.94171858	76	-24	A	-0.20494631	0.20494631
POS_VALIDATION_00279	26	1	0.94171858	58	-42	C	0.20490989	0.20490989
POS_VALIDATION_00279	27	1	0.94171858	0	-100	A	0.20269705	0.20269705
POS_VALIDATION_00279	28	1	0.94171858	35	-65	T	0.20167592	0.20167592
POS_VALIDATION_00279	29	1	0.94171858	188	88	G	-0.19374466	0.19374466
POS_VALIDATION_00279	30	1	0.94171858	2	-98	A	-0.18582305	0.18582305
POS_VALIDATION_00279	31	1	0.94171858	56	-44	A	0.18342414	0.18342414
POS_VALIDATION_00279	32	1	0.94171858	147	47	G	-0.18299511	0.18299511
POS_VALIDATION_00279	33	1	0.94171858	63	-37	G	-0.18271524	0.18271524
POS_VALIDATION_00279	34	1	0.94171858	132	32	G	-0.18050256	0.18050256
POS_VALIDATION_00279	35	1	0.94171858	75	-25	A	-0.17843845	0.17843845
POS_VALIDATION_00279	36	1	0.94171858	80	-20	G	-0.17784598	0.17784598
POS_VALIDATION_00279	37	1	0.94171858	77	-23	G	-0.17272985	0.17272985
POS_VALIDATION_00279	38	1	0.94171858	173	73	A	-0.17048752	0.17048752
POS_VALIDATION_00279	39	1	0.94171858	82	-18	C	0.17039184	0.17039184
POS_VALIDATION_00279	40	1	0.94171858	176	76	G	-0.1678647	0.1678647
POS_VALIDATION_00279	41	1	0.94171858	90	-10	C	0.16776657	0.16776657
POS_VALIDATION_00279	42	1	0.94171858	151	51	G	-0.16591212	0.16591212
POS_VALIDATION_00279	43	1	0.94171858	1	-99	A	0.161823	0.161823
POS_VALIDATION_00279	44	1	0.94171858	119	19	G	-0.15952948	0.15952948
POS_VALIDATION_00279	45	1	0.94171858	8	-92	A	-0.15736184	0.15736184
POS_VALIDATION_00279	46	1	0.94171858	73	-27	G	-0.15598656	0.15598656
POS_VALIDATION_00279	47	1	0.94171858	115	15	A	0.15479016	0.15479016
POS_VALIDATION_00279	48	1	0.94171858	129	29	G	-0.15395007	0.15395007
POS_VALIDATION_00279	49	1	0.94171858	166	66	G	-0.15338302	0.15338302
POS_VALIDATION_00279	50	1	0.94171858	162	62	G	-0.15242565	0.15242565
POS_VALIDATION_00280	1	1	0.77159142	96	-4	C	1.4228048	1.4228048
POS_VALIDATION_00280	2	1	0.77159142	99	-1	C	0.87734556	0.87734556
POS_VALIDATION_00280	3	1	0.77159142	178	78	C	0.75878769	0.75878769
POS_VALIDATION_00280	4	1	0.77159142	198	98	G	-0.66589653	0.66589653
POS_VALIDATION_00280	5	1	0.77159142	120	20	G	-0.64795125	0.64795125
POS_VALIDATION_00280	6	1	0.77159142	190	90	C	0.60725653	0.60725653
POS_VALIDATION_00280	7	1	0.77159142	173	73	C	0.56299341	0.56299341
POS_VALIDATION_00280	8	1	0.77159142	66	-34	G	-0.53741282	0.53741282
POS_VALIDATION_00280	9	1	0.77159142	110	10	G	-0.51802504	0.51802504
POS_VALIDATION_00280	10	1	0.77159142	32	-68	G	-0.46712273	0.46712273
POS_VALIDATION_00280	11	1	0.77159142	148	48	G	-0.44704449	0.44704449
POS_VALIDATION_00280	12	1	0.77159142	93	-7	T	-0.43792036	0.43792036
POS_VALIDATION_00280	13	1	0.77159142	84	-16	T	-0.43077826	0.43077826
POS_VALIDATION_00280	14	1	0.77159142	116	16	G	-0.42573166	0.42573166
POS_VALIDATION_00280	15	1	0.77159142	52	-48	A	-0.41579375	0.41579375
POS_VALIDATION_00280	16	1	0.77159142	170	70	C	0.40109757	0.40109757
POS_VALIDATION_00280	17	1	0.77159142	19	-81	C	0.39733636	0.39733636
POS_VALIDATION_00280	18	1	0.77159142	142	42	G	-0.39359355	0.39359355
POS_VALIDATION_00280	19	1	0.77159142	82	-18	C	0.3673453	0.3673453
POS_VALIDATION_00280	20	1	0.77159142	0	-100	G	-0.36603215	0.36603215
POS_VALIDATION_00280	21	1	0.77159142	181	81	C	0.36459446	0.36459446
POS_VALIDATION_00280	22	1	0.77159142	95	-5	C	0.33956915	0.33956915
POS_VALIDATION_00280	23	1	0.77159142	98	-2	G	-0.3347863	0.3347863
POS_VALIDATION_00280	24	1	0.77159142	75	-25	G	-0.33264977	0.33264977
POS_VALIDATION_00280	25	1	0.77159142	102	2	T	-0.3109768	0.3109768
POS_VALIDATION_00280	26	1	0.77159142	106	6	G	-0.30589694	0.30589694
POS_VALIDATION_00280	27	1	0.77159142	47	-53	T	-0.29220402	0.29220402
POS_VALIDATION_00280	28	1	0.77159142	167	67	G	-0.28181836	0.28181836
POS_VALIDATION_00280	29	1	0.77159142	7	-93	G	-0.2723099	0.2723099
POS_VALIDATION_00280	30	1	0.77159142	143	43	C	0.27015501	0.27015501
POS_VALIDATION_00280	31	1	0.77159142	153	53	G	-0.2559227	0.2559227
POS_VALIDATION_00280	32	1	0.77159142	138	38	G	-0.25468913	0.25468913
POS_VALIDATION_00280	33	1	0.77159142	139	39	G	-0.25292158	0.25292158
POS_VALIDATION_00280	34	1	0.77159142	109	9	G	-0.24423751	0.24423751
POS_VALIDATION_00280	35	1	0.77159142	196	96	G	-0.24222514	0.24222514
POS_VALIDATION_00280	36	1	0.77159142	123	23	A	-0.23335466	0.23335466
POS_VALIDATION_00280	37	1	0.77159142	194	94	G	-0.22885451	0.22885451
POS_VALIDATION_00280	38	1	0.77159142	111	11	C	0.22531569	0.22531569
POS_VALIDATION_00280	39	1	0.77159142	49	-51	C	0.22372039	0.22372039
POS_VALIDATION_00280	40	1	0.77159142	58	-42	C	0.22337687	0.22337687
POS_VALIDATION_00280	41	1	0.77159142	70	-30	G	-0.21618655	0.21618655
POS_VALIDATION_00280	42	1	0.77159142	151	51	G	-0.21457681	0.21457681
POS_VALIDATION_00280	43	1	0.77159142	56	-44	T	0.21314512	0.21314512
POS_VALIDATION_00280	44	1	0.77159142	16	-84	C	0.20616515	0.20616515
POS_VALIDATION_00280	45	1	0.77159142	154	54	G	-0.20485097	0.20485097
POS_VALIDATION_00280	46	1	0.77159142	74	-26	T	-0.20394203	0.20394203
POS_VALIDATION_00280	47	1	0.77159142	107	7	G	-0.19974345	0.19974345
POS_VALIDATION_00280	48	1	0.77159142	8	-92	T	-0.19322869	0.19322869
POS_VALIDATION_00280	49	1	0.77159142	115	15	G	-0.19165368	0.19165368
POS_VALIDATION_00280	50	1	0.77159142	92	-8	A	-0.19052866	0.19052866
POS_VALIDATION_00282	1	1	0.83383822	161	61	A	-0.62098157	0.62098157
POS_VALIDATION_00282	2	1	0.83383822	84	-16	C	0.61931753	0.61931753
POS_VALIDATION_00282	3	1	0.83383822	190	90	C	0.54214174	0.54214174
POS_VALIDATION_00282	4	1	0.83383822	87	-13	G	-0.49065763	0.49065763
POS_VALIDATION_00282	5	1	0.83383822	24	-76	G	-0.46850032	0.46850032
POS_VALIDATION_00282	6	1	0.83383822	76	-24	C	0.46769738	0.46769738
POS_VALIDATION_00282	7	1	0.83383822	82	-18	C	0.42804185	0.42804185
POS_VALIDATION_00282	8	1	0.83383822	129	29	C	0.38649151	0.38649151
POS_VALIDATION_00282	9	1	0.83383822	58	-42	G	-0.38527793	0.38527793
POS_VALIDATION_00282	10	1	0.83383822	55	-45	G	-0.3821243	0.3821243
POS_VALIDATION_00282	11	1	0.83383822	26	-74	G	-0.38065174	0.38065174
POS_VALIDATION_00282	12	1	0.83383822	123	23	G	-0.35272902	0.35272902
POS_VALIDATION_00282	13	1	0.83383822	141	41	T	-0.34970322	0.34970322
POS_VALIDATION_00282	14	1	0.83383822	32	-68	T	-0.33570874	0.33570874
POS_VALIDATION_00282	15	1	0.83383822	2	-98	A	-0.29998302	0.29998302
POS_VALIDATION_00282	16	1	0.83383822	68	-32	G	-0.28930998	0.28930998
POS_VALIDATION_00282	17	1	0.83383822	57	-43	G	-0.27791125	0.27791125
POS_VALIDATION_00282	18	1	0.83383822	119	19	C	0.27621901	0.27621901
POS_VALIDATION_00282	19	1	0.83383822	56	-44	A	0.2701101	0.2701101
POS_VALIDATION_00282	20	1	0.83383822	106	6	G	-0.2697508	0.2697508
POS_VALIDATION_00282	21	1	0.83383822	142	42	G	-0.25872916	0.25872916
POS_VALIDATION_00282	22	1	0.83383822	152	52	C	0.25781646	0.25781646
POS_VALIDATION_00282	23	1	0.83383822	90	-10	G	-0.25719461	0.25719461
POS_VALIDATION_00282	24	1	0.83383822	54	-46	G	-0.25166956	0.25166956
POS_VALIDATION_00282	25	1	0.83383822	135	35	G	-0.25111762	0.25111762
POS_VALIDATION_00282	26	1	0.83383822	91	-9	C	0.25038445	0.25038445
POS_VALIDATION_00282	27	1	0.83383822	30	-70	C	0.24866773	0.24866773
POS_VALIDATION_00282	28	1	0.83383822	184	84	C	0.2447437	0.2447437
POS_VALIDATION_00282	29	1	0.83383822	131	31	G	-0.24347143	0.24347143
POS_VALIDATION_00282	30	1	0.83383822	74	-26	C	0.22820523	0.22820523
POS_VALIDATION_00282	31	1	0.83383822	23	-77	G	-0.2269717	0.2269717
POS_VALIDATION_00282	32	1	0.83383822	59	-41	C	-0.22157681	0.22157681
POS_VALIDATION_00282	33	1	0.83383822	137	37	G	-0.2182205	0.2182205
POS_VALIDATION_00282	34	1	0.83383822	75	-25	A	-0.21011618	0.21011618
POS_VALIDATION_00282	35	1	0.83383822	109	9	G	-0.20969698	0.20969698
POS_VALIDATION_00282	36	1	0.83383822	173	73	A	-0.20879072	0.20879072
POS_VALIDATION_00282	37	1	0.83383822	52	-48	C	-0.20464894	0.20464894
POS_VALIDATION_00282	38	1	0.83383822	99	-1	G	-0.20118526	0.20118526
POS_VALIDATION_00282	39	1	0.83383822	183	83	G	-0.20053613	0.20053613
POS_VALIDATION_00282	40	1	0.83383822	104	4	G	-0.2004457	0.2004457
POS_VALIDATION_00282	41	1	0.83383822	154	54	C	-0.19824484	0.19824484
POS_VALIDATION_00282	42	1	0.83383822	44	-56	C	0.19312428	0.19312428
POS_VALIDATION_00282	43	1	0.83383822	197	97	T	0.1929704	0.1929704
POS_VALIDATION_00282	44	1	0.83383822	8	-92	A	-0.19034113	0.19034113
POS_VALIDATION_00282	45	1	0.83383822	191	91	T	0.18962194	0.18962194
POS_VALIDATION_00282	46	1	0.83383822	1	-99	A	0.18950944	0.18950944
POS_VALIDATION_00282	47	1	0.83383822	21	-79	A	-0.18609154	0.18609154
POS_VALIDATION_00282	48	1	0.83383822	35	-65	C	-0.18421252	0.18421252
POS_VALIDATION_00282	49	1	0.83383822	70	-30	G	-0.18395919	0.18395919
POS_VALIDATION_00282	50	1	0.83383822	133	33	C	0.1836964	0.1836964
POS_VALIDATION_00283	1	1	0.84667128	195	95	G	-1.4721494	1.4721494
POS_VALIDATION_00283	2	1	0.84667128	36	-64	C	0.89506012	0.89506012
POS_VALIDATION_00283	3	1	0.84667128	110	10	G	-0.61413199	0.61413199
POS_VALIDATION_00283	4	1	0.84667128	161	61	C	0.57993782	0.57993782
POS_VALIDATION_00283	5	1	0.84667128	45	-55	G	-0.49275267	0.49275267
POS_VALIDATION_00283	6	1	0.84667128	32	-68	G	-0.44277129	0.44277129
POS_VALIDATION_00283	7	1	0.84667128	0	-100	T	0.41813719	0.41813719
POS_VALIDATION_00283	8	1	0.84667128	68	-32	G	-0.39396417	0.39396417
POS_VALIDATION_00283	9	1	0.84667128	24	-76	G	-0.39182079	0.39182079
POS_VALIDATION_00283	10	1	0.84667128	84	-16	C	0.37471873	0.37471873
POS_VALIDATION_00283	11	1	0.84667128	167	67	G	-0.35776281	0.35776281
POS_VALIDATION_00283	12	1	0.84667128	121	21	C	0.35458034	0.35458034
POS_VALIDATION_00283	13	1	0.84667128	177	77	G	-0.35295439	0.35295439
POS_VALIDATION_00283	14	1	0.84667128	147	47	G	-0.34634662	0.34634662
POS_VALIDATION_00283	15	1	0.84667128	187	87	C	0.33531207	0.33531207
POS_VALIDATION_00283	16	1	0.84667128	42	-58	G	-0.33166081	0.33166081
POS_VALIDATION_00283	17	1	0.84667128	66	-34	C	-0.33117649	0.33117649
POS_VALIDATION_00283	18	1	0.84667128	173	73	G	-0.32651329	0.32651329
POS_VALIDATION_00283	19	1	0.84667128	26	-74	G	-0.31761235	0.31761235
POS_VALIDATION_00283	20	1	0.84667128	176	76	G	-0.29922193	0.29922193
POS_VALIDATION_00283	21	1	0.84667128	171	71	G	-0.29268068	0.29268068
POS_VALIDATION_00283	22	1	0.84667128	82	-18	C	0.28779876	0.28779876
POS_VALIDATION_00283	23	1	0.84667128	106	6	C	0.28728274	0.28728274
POS_VALIDATION_00283	24	1	0.84667128	101	1	A	-0.28472459	0.28472459
POS_VALIDATION_00283	25	1	0.84667128	153	53	G	-0.2811859	0.2811859
POS_VALIDATION_00283	26	1	0.84667128	166	66	C	-0.28017229	0.28017229
POS_VALIDATION_00283	27	1	0.84667128	35	-65	T	0.27681988	0.27681988
POS_VALIDATION_00283	28	1	0.84667128	129	29	C	0.27089074	0.27089074
POS_VALIDATION_00283	29	1	0.84667128	138	38	A	-0.26955304	0.26955304
POS_VALIDATION_00283	30	1	0.84667128	108	8	G	-0.2657986	0.2657986
POS_VALIDATION_00283	31	1	0.84667128	71	-29	C	0.26361942	0.26361942
POS_VALIDATION_00283	32	1	0.84667128	55	-45	G	-0.25458115	0.25458115
POS_VALIDATION_00283	33	1	0.84667128	124	24	G	-0.25260338	0.25260338
POS_VALIDATION_00283	34	1	0.84667128	95	-5	C	0.25200951	0.25200951
POS_VALIDATION_00283	35	1	0.84667128	87	-13	C	-0.24510428	0.24510428
POS_VALIDATION_00283	36	1	0.84667128	160	60	G	-0.24212065	0.24212065
POS_VALIDATION_00283	37	1	0.84667128	196	96	G	-0.23928967	0.23928967
POS_VALIDATION_00283	38	1	0.84667128	89	-11	C	0.23609492	0.23609492
POS_VALIDATION_00283	39	1	0.84667128	98	-2	C	0.22278801	0.22278801
POS_VALIDATION_00283	40	1	0.84667128	141	41	A	-0.21491551	0.21491551
POS_VALIDATION_00283	41	1	0.84667128	109	9	G	-0.2120211	0.2120211
POS_VALIDATION_00283	42	1	0.84667128	145	45	C	0.21159458	0.21159458
POS_VALIDATION_00283	43	1	0.84667128	93	-7	C	0.21112978	0.21112978
POS_VALIDATION_00283	44	1	0.84667128	11	-89	G	-0.20469403	0.20469403
POS_VALIDATION_00283	45	1	0.84667128	78	-22	G	-0.20444652	0.20444652
POS_VALIDATION_00283	46	1	0.84667128	193	93	G	-0.19900711	0.19900711
POS_VALIDATION_00283	47	1	0.84667128	94	-6	C	0.19084743	0.19084743
POS_VALIDATION_00283	48	1	0.84667128	157	57	G	-0.18941157	0.18941157
POS_VALIDATION_00283	49	1	0.84667128	117	17	G	-0.18726572	0.18726572
POS_VALIDATION_00283	50	1	0.84667128	184	84	T	-0.18611176	0.18611176
POS_VALIDATION_00290	1	1	0.86805475	161	61	T	-0.8900938	0.8900938
POS_VALIDATION_00290	2	1	0.86805475	120	20	G	-0.665389	0.665389
POS_VALIDATION_00290	3	1	0.86805475	103	3	C	0.62408918	0.62408918
POS_VALIDATION_00290	4	1	0.86805475	93	-7	A	-0.58898652	0.58898652
POS_VALIDATION_00290	5	1	0.86805475	178	78	C	0.52484506	0.52484506
POS_VALIDATION_00290	6	1	0.86805475	148	48	G	-0.4529388	0.4529388
POS_VALIDATION_00290	7	1	0.86805475	198	98	G	-0.41559356	0.41559356
POS_VALIDATION_00290	8	1	0.86805475	110	10	G	-0.41474482	0.41474482
POS_VALIDATION_00290	9	1	0.86805475	95	-5	C	0.35055527	0.35055527
POS_VALIDATION_00290	10	1	0.86805475	52	-48	C	-0.32709646	0.32709646
POS_VALIDATION_00290	11	1	0.86805475	140	40	G	-0.32363892	0.32363892
POS_VALIDATION_00290	12	1	0.86805475	173	73	G	-0.31447342	0.31447342
POS_VALIDATION_00290	13	1	0.86805475	116	16	G	-0.31356058	0.31356058
POS_VALIDATION_00290	14	1	0.86805475	71	-29	C	0.30990389	0.30990389
POS_VALIDATION_00290	15	1	0.86805475	0	-100	C	0.30321038	0.30321038
POS_VALIDATION_00290	16	1	0.86805475	75	-25	G	-0.29654276	0.29654276
POS_VALIDATION_00290	17	1	0.86805475	129	29	C	0.2949869	0.2949869
POS_VALIDATION_00290	18	1	0.86805475	25	-75	C	-0.28865737	0.28865737
POS_VALIDATION_00290	19	1	0.86805475	170	70	C	0.27628294	0.27628294
POS_VALIDATION_00290	20	1	0.86805475	32	-68	G	-0.2690886	0.2690886
POS_VALIDATION_00290	21	1	0.86805475	187	87	C	0.26676133	0.26676133
POS_VALIDATION_00290	22	1	0.86805475	121	21	C	0.26510215	0.26510215
POS_VALIDATION_00290	23	1	0.86805475	55	-45	G	-0.25567994	0.25567994
POS_VALIDATION_00290	24	1	0.86805475	169	69	C	0.2514798	0.2514798
POS_VALIDATION_00290	25	1	0.86805475	96	-4	A	-0.24104655	0.24104655
POS_VALIDATION_00290	26	1	0.86805475	74	-26	C	0.22696175	0.22696175
POS_VALIDATION_00290	27	1	0.86805475	126	26	A	-0.22571771	0.22571771
POS_VALIDATION_00290	28	1	0.86805475	66	-34	T	-0.21436672	0.21436672
POS_VALIDATION_00290	29	1	0.86805475	58	-42	C	0.21275005	0.21275005
POS_VALIDATION_00290	30	1	0.86805475	115	15	T	0.21004263	0.21004263
POS_VALIDATION_00290	31	1	0.86805475	12	-88	G	-0.19995484	0.19995484
POS_VALIDATION_00290	32	1	0.86805475	151	51	G	-0.19715816	0.19715816
POS_VALIDATION_00290	33	1	0.86805475	174	74	G	-0.19559807	0.19559807
POS_VALIDATION_00290	34	1	0.86805475	196	96	G	-0.19235298	0.19235298
POS_VALIDATION_00290	35	1	0.86805475	5	-95	G	-0.19152606	0.19152606
POS_VALIDATION_00290	36	1	0.86805475	117	17	T	-0.18931684	0.18931684
POS_VALIDATION_00290	37	1	0.86805475	40	-60	C	0.18895763	0.18895763
POS_VALIDATION_00290	38	1	0.86805475	194	94	C	0.18633024	0.18633024
POS_VALIDATION_00290	39	1	0.86805475	106	6	G	-0.185267	0.185267
POS_VALIDATION_00290	40	1	0.86805475	152	52	C	0.18115062	0.18115062
POS_VALIDATION_00290	41	1	0.86805475	195	95	C	0.18006201	0.18006201
POS_VALIDATION_00290	42	1	0.86805475	193	93	G	-0.17692262	0.17692262
POS_VALIDATION_00290	43	1	0.86805475	2	-98	T	-0.17651866	0.17651866
POS_VALIDATION_00290	44	1	0.86805475	107	7	C	0.17016578	0.17016578
POS_VALIDATION_00290	45	1	0.86805475	49	-51	C	0.16835745	0.16835745
POS_VALIDATION_00290	46	1	0.86805475	56	-44	T	0.16813105	0.16813105
POS_VALIDATION_00290	47	1	0.86805475	163	63	C	0.16622275	0.16622275
POS_VALIDATION_00290	48	1	0.86805475	176	76	G	-0.16503689	0.16503689
POS_VALIDATION_00290	49	1	0.86805475	155	55	G	-0.16237839	0.16237839
POS_VALIDATION_00290	50	1	0.86805475	44	-56	C	0.15967202	0.15967202
POS_VALIDATION_00291	1	1	0.88716149	96	-4	C	1.1362779	1.1362779
POS_VALIDATION_00291	2	1	0.88716149	23	-77	C	0.96204239	0.96204239
POS_VALIDATION_00291	3	1	0.88716149	161	61	C	0.76897442	0.76897442
POS_VALIDATION_00291	4	1	0.88716149	120	20	G	-0.71865952	0.71865952
POS_VALIDATION_00291	5	1	0.88716149	105	5	C	0.55477792	0.55477792
POS_VALIDATION_00291	6	1	0.88716149	190	90	C	0.47767031	0.47767031
POS_VALIDATION_00291	7	1	0.88716149	198	98	C	-0.46854067	0.46854067
POS_VALIDATION_00291	8	1	0.88716149	148	48	G	-0.46361774	0.46361774
POS_VALIDATION_00291	9	1	0.88716149	140	40	G	-0.42782229	0.42782229
POS_VALIDATION_00291	10	1	0.88716149	51	-49	C	0.39949566	0.39949566
POS_VALIDATION_00291	11	1	0.88716149	76	-24	C	0.39099866	0.39099866
POS_VALIDATION_00291	12	1	0.88716149	103	3	C	0.38362995	0.38362995
POS_VALIDATION_00291	13	1	0.88716149	116	16	G	-0.38200605	0.38200605
POS_VALIDATION_00291	14	1	0.88716149	87	-13	G	-0.37886205	0.37886205
POS_VALIDATION_00291	15	1	0.88716149	69	-31	C	0.36747253	0.36747253
POS_VALIDATION_00291	16	1	0.88716149	184	84	G	-0.34046102	0.34046102
POS_VALIDATION_00291	17	1	0.88716149	123	23	A	-0.29979333	0.29979333
POS_VALIDATION_00291	18	1	0.88716149	187	87	C	0.29225624	0.29225624
POS_VALIDATION_00291	19	1	0.88716149	35	-65	C	0.28842184	0.28842184
POS_VALIDATION_00291	20	1	0.88716149	25	-75	G	-0.28422394	0.28422394
POS_VALIDATION_00291	21	1	0.88716149	160	60	G	-0.28008211	0.28008211
POS_VALIDATION_00291	22	1	0.88716149	7	-93	G	-0.27971002	0.27971002
POS_VALIDATION_00291	23	1	0.88716149	167	67	G	-0.27924398	0.27924398
POS_VALIDATION_00291	24	1	0.88716149	41	-59	G	-0.27864131	0.27864131
POS_VALIDATION_00291	25	1	0.88716149	93	-7	T	-0.27738827	0.27738827
POS_VALIDATION_00291	26	1	0.88716149	75	-25	G	-0.26344195	0.26344195
POS_VALIDATION_00291	27	1	0.88716149	98	-2	G	-0.25003669	0.25003669
POS_VALIDATION_00291	28	1	0.88716149	90	-10	G	-0.24895939	0.24895939
POS_VALIDATION_00291	29	1	0.88716149	80	-20	G	-0.24685226	0.24685226
POS_VALIDATION_00291	30	1	0.88716149	125	25	G	-0.24650355	0.24650355
POS_VALIDATION_00291	31	1	0.88716149	0	-100	A	0.2451096	0.2451096
POS_VALIDATION_00291	32	1	0.88716149	152	52	C	0.23708382	0.23708382
POS_VALIDATION_00291	33	1	0.88716149	196	96	G	-0.22700071	0.22700071
POS_VALIDATION_00291	34	1	0.88716149	193	93	C	-0.2248444	0.2248444
POS_VALIDATION_00291	35	1	0.88716149	147	47	G	-0.22249953	0.22249953
POS_VALIDATION_00291	36	1	0.88716149	95	-5	C	0.20404039	0.20404039
POS_VALIDATION_00291	37	1	0.88716149	6	-94	G	-0.20147467	0.20147467
POS_VALIDATION_00291	38	1	0.88716149	42	-58	A	-0.20098418	0.20098418
POS_VALIDATION_00291	39	1	0.88716149	108	8	C	0.1986043	0.1986043
POS_VALIDATION_00291	40	1	0.88716149	154	54	G	-0.19786951	0.19786951
POS_VALIDATION_00291	41	1	0.88716149	107	7	G	-0.19440238	0.19440238
POS_VALIDATION_00291	42	1	0.88716149	119	19	G	-0.1901958	0.1901958
POS_VALIDATION_00291	43	1	0.88716149	113	13	T	-0.1872277	0.1872277
POS_VALIDATION_00291	44	1	0.88716149	114	14	G	-0.18362804	0.18362804
POS_VALIDATION_00291	45	1	0.88716149	94	-6	G	-0.1820249	0.1820249
POS_VALIDATION_00291	46	1	0.88716149	144	44	C	0.18149632	0.18149632
POS_VALIDATION_00291	47	1	0.88716149	4	-96	G	-0.17992039	0.17992039
POS_VALIDATION_00291	48	1	0.88716149	11	-89	G	-0.17626685	0.17626685
POS_VALIDATION_00291	49	1	0.88716149	8	-92	T	-0.17464758	0.17464758
POS_VALIDATION_00291	50	1	0.88716149	27	-73	C	0.1652092	0.1652092
POS_VALIDATION_00293	1	1	0.85882699	42	-58	C	-0.90576816	0.90576816
POS_VALIDATION_00293	2	1	0.85882699	23	-77	C	0.88996619	0.88996619
POS_VALIDATION_00293	3	1	0.85882699	99	-1	C	0.68336046	0.68336046
POS_VALIDATION_00293	4	1	0.85882699	161	61	C	0.60151839	0.60151839
POS_VALIDATION_00293	5	1	0.85882699	45	-55	G	-0.57367796	0.57367796
POS_VALIDATION_00293	6	1	0.85882699	110	10	G	-0.48271823	0.48271823
POS_VALIDATION_00293	7	1	0.85882699	84	-16	C	0.43820468	0.43820468
POS_VALIDATION_00293	8	1	0.85882699	66	-34	G	-0.41203457	0.41203457
POS_VALIDATION_00293	9	1	0.85882699	35	-65	G	-0.40615851	0.40615851
POS_VALIDATION_00293	10	1	0.85882699	75	-25	G	-0.37020287	0.37020287
POS_VALIDATION_00293	11	1	0.85882699	145	45	C	0.33962664	0.33962664
POS_VALIDATION_00293	12	1	0.85882699	94	-6	G	-0.3308399	0.3308399
POS_VALIDATION_00293	13	1	0.85882699	51	-49	C	0.32169378	0.32169378
POS_VALIDATION_00293	14	1	0.85882699	26	-74	G	-0.31376401	0.31376401
POS_VALIDATION_00293	15	1	0.85882699	3	-97	C	0.30087382	0.30087382
POS_VALIDATION_00293	16	1	0.85882699	49	-51	T	-0.29976106	0.29976106
POS_VALIDATION_00293	17	1	0.85882699	154	54	C	-0.28919026	0.28919026
POS_VALIDATION_00293	18	1	0.85882699	32	-68	G	-0.2878682	0.2878682
POS_VALIDATION_00293	19	1	0.85882699	87	-13	G	-0.27957126	0.27957126
POS_VALIDATION_00293	20	1	0.85882699	56	-44	T	0.27663106	0.27663106
POS_VALIDATION_00293	21	1	0.85882699	107	7	G	-0.26930672	0.26930672
POS_VALIDATION_00293	22	1	0.85882699	58	-42	C	0.2676782	0.2676782
POS_VALIDATION_00293	23	1	0.85882699	138	38	A	-0.26407945	0.26407945
POS_VALIDATION_00293	24	1	0.85882699	153	53	G	-0.26020852	0.26020852
POS_VALIDATION_00293	25	1	0.85882699	167	67	C	0.25047082	0.25047082
POS_VALIDATION_00293	26	1	0.85882699	41	-59	G	-0.24690691	0.24690691
POS_VALIDATION_00293	27	1	0.85882699	74	-26	A	-0.24608454	0.24608454
POS_VALIDATION_00293	28	1	0.85882699	173	73	A	-0.24541274	0.24541274
POS_VALIDATION_00293	29	1	0.85882699	90	-10	C	0.22646721	0.22646721
POS_VALIDATION_00293	30	1	0.85882699	8	-92	A	-0.22332951	0.22332951
POS_VALIDATION_00293	31	1	0.85882699	0	-100	C	0.2215478	0.2215478
POS_VALIDATION_00293	32	1	0.85882699	125	25	G	-0.21944521	0.21944521
POS_VALIDATION_00293	33	1	0.85882699	108	8	C	0.21151091	0.21151091
POS_VALIDATION_00293	34	1	0.85882699	151	51	G	-0.21090567	0.21090567
POS_VALIDATION_00293	35	1	0.85882699	136	36	C	0.20367712	0.20367712
POS_VALIDATION_00293	36	1	0.85882699	52	-48	C	-0.20138296	0.20138296
POS_VALIDATION_00293	37	1	0.85882699	123	23	G	-0.19931096	0.19931096
POS_VALIDATION_00293	38	1	0.85882699	30	-70	T	-0.19874015	0.19874015
POS_VALIDATION_00293	39	1	0.85882699	96	-4	A	-0.18471634	0.18471634
POS_VALIDATION_00293	40	1	0.85882699	131	31	G	-0.18418637	0.18418637
POS_VALIDATION_00293	41	1	0.85882699	132	32	C	0.18328033	0.18328033
POS_VALIDATION_00293	42	1	0.85882699	2	-98	A	-0.17085581	0.17085581
POS_VALIDATION_00293	43	1	0.85882699	54	-46	G	-0.16951437	0.16951437
POS_VALIDATION_00293	44	1	0.85882699	83	-17	G	-0.16070229	0.16070229
POS_VALIDATION_00293	45	1	0.85882699	10	-90	T	-0.15828121	0.15828121
POS_VALIDATION_00293	46	1	0.85882699	67	-33	G	-0.15474735	0.15474735
POS_VALIDATION_00293	47	1	0.85882699	166	66	G	-0.15473437	0.15473437
POS_VALIDATION_00293	48	1	0.85882699	50	-50	C	0.14729166	0.14729166
POS_VALIDATION_00293	49	1	0.85882699	114	14	G	-0.14483652	0.14483652
POS_VALIDATION_00293	50	1	0.85882699	97	-3	G	-0.14351845	0.14351845
POS_VALIDATION_00296	1	1	0.73800421	195	95	G	-1.3789543	1.3789543
POS_VALIDATION_00296	2	1	0.73800421	113	13	C	1.1158555	1.1158555
POS_VALIDATION_00296	3	1	0.73800421	96	-4	C	0.98828572	0.98828572
POS_VALIDATION_00296	4	1	0.73800421	120	20	G	-0.55942106	0.55942106
POS_VALIDATION_00296	5	1	0.73800421	161	61	A	-0.54046381	0.54046381
POS_VALIDATION_00296	6	1	0.73800421	40	-60	G	-0.47059935	0.47059935
POS_VALIDATION_00296	7	1	0.73800421	106	6	G	-0.39765495	0.39765495
POS_VALIDATION_00296	8	1	0.73800421	32	-68	G	-0.39297742	0.39297742
POS_VALIDATION_00296	9	1	0.73800421	190	90	C	0.39136124	0.39136124
POS_VALIDATION_00296	10	1	0.73800421	59	-41	G	-0.35695794	0.35695794
POS_VALIDATION_00296	11	1	0.73800421	171	71	G	-0.34902763	0.34902763
POS_VALIDATION_00296	12	1	0.73800421	68	-32	G	-0.33505732	0.33505732
POS_VALIDATION_00296	13	1	0.73800421	75	-25	T	-0.29750127	0.29750127
POS_VALIDATION_00296	14	1	0.73800421	116	16	G	-0.29607865	0.29607865
POS_VALIDATION_00296	15	1	0.73800421	166	66	G	-0.28416097	0.28416097
POS_VALIDATION_00296	16	1	0.73800421	173	73	G	-0.27128485	0.27128485
POS_VALIDATION_00296	17	1	0.73800421	0	-100	A	0.26885709	0.26885709
POS_VALIDATION_00296	18	1	0.73800421	71	-29	C	0.25954056	0.25954056
POS_VALIDATION_00296	19	1	0.73800421	102	2	T	-0.25338507	0.25338507
POS_VALIDATION_00296	20	1	0.73800421	90	-10	G	-0.24566278	0.24566278
POS_VALIDATION_00296	21	1	0.73800421	193	93	G	-0.22132862	0.22132862
POS_VALIDATION_00296	22	1	0.73800421	107	7	G	-0.22001098	0.22001098
POS_VALIDATION_00296	23	1	0.73800421	74	-26	C	0.21904001	0.21904001
POS_VALIDATION_00296	24	1	0.73800421	95	-5	C	0.21669452	0.21669452
POS_VALIDATION_00296	25	1	0.73800421	143	43	C	0.21558928	0.21558928
POS_VALIDATION_00296	26	1	0.73800421	58	-42	G	-0.21515641	0.21515641
POS_VALIDATION_00296	27	1	0.73800421	89	-11	C	0.21241924	0.21241924
POS_VALIDATION_00296	28	1	0.73800421	129	29	C	0.20506662	0.20506662
POS_VALIDATION_00296	29	1	0.73800421	10	-90	G	-0.20458582	0.20458582
POS_VALIDATION_00296	30	1	0.73800421	53	-47	G	-0.20426829	0.20426829
POS_VALIDATION_00296	31	1	0.73800421	11	-89	C	0.2000213	0.2000213
POS_VALIDATION_00296	32	1	0.73800421	69	-31	A	-0.1999467	0.1999467
POS_VALIDATION_00296	33	1	0.73800421	54	-46	G	-0.19976543	0.19976543
POS_VALIDATION_00296	34	1	0.73800421	198	98	T	-0.19948947	0.19948947
POS_VALIDATION_00296	35	1	0.73800421	123	23	C	0.19747899	0.19747899
POS_VALIDATION_00296	36	1	0.73800421	115	15	G	-0.19550264	0.19550264
POS_VALIDATION_00296	37	1	0.73800421	135	35	A	-0.19401447	0.19401447
POS_VALIDATION_00296	38	1	0.73800421	149	49	C	0.19189988	0.19189988
POS_VALIDATION_00296	39	1	0.73800421	130	30	G	-0.19049725	0.19049725
POS_VALIDATION_00296	40	1	0.73800421	9	-91	G	-0.18806469	0.18806469
POS_VALIDATION_00296	41	1	0.73800421	83	-17	G	-0.18736249	0.18736249
POS_VALIDATION_00296	42	1	0.73800421	37	-63	G	-0.18632877	0.18632877
POS_VALIDATION_00296	43	1	0.73800421	62	-38	G	-0.18493526	0.18493526
POS_VALIDATION_00296	44	1	0.73800421	186	86	G	-0.18457478	0.18457478
POS_VALIDATION_00296	45	1	0.73800421	63	-37	G	-0.18212636	0.18212636
POS_VALIDATION_00296	46	1	0.73800421	122	22	G	-0.18032393	0.18032393
POS_VALIDATION_00296	47	1	0.73800421	108	8	G	-0.18020071	0.18020071
POS_VALIDATION_00296	48	1	0.73800421	155	55	G	-0.17911747	0.17911747
POS_VALIDATION_00296	49	1	0.73800421	163	63	C	0.17809372	0.17809372
POS_VALIDATION_00296	50	1	0.73800421	145	45	C	0.17602046	0.17602046
POS_VALIDATION_00299	1	1	0.77459562	161	61	C	0.71505594	0.71505594
POS_VALIDATION_00299	2	1	0.77459562	191	91	C	0.71074307	0.71074307
POS_VALIDATION_00299	3	1	0.77459562	66	-34	G	-0.6842497	0.6842497
POS_VALIDATION_00299	4	1	0.77459562	23	-77	C	0.66377258	0.66377258
POS_VALIDATION_00299	5	1	0.77459562	45	-55	G	-0.58554918	0.58554918
POS_VALIDATION_00299	6	1	0.77459562	99	-1	C	0.56897974	0.56897974
POS_VALIDATION_00299	7	1	0.77459562	24	-76	G	-0.51509309	0.51509309
POS_VALIDATION_00299	8	1	0.77459562	28	-72	G	-0.42944011	0.42944011
POS_VALIDATION_00299	9	1	0.77459562	75	-25	C	0.42073166	0.42073166
POS_VALIDATION_00299	10	1	0.77459562	196	96	C	0.40278909	0.40278909
POS_VALIDATION_00299	11	1	0.77459562	15	-85	G	-0.39297166	0.39297166
POS_VALIDATION_00299	12	1	0.77459562	198	98	C	-0.38233289	0.38233289
POS_VALIDATION_00299	13	1	0.77459562	74	-26	C	0.35348028	0.35348028
POS_VALIDATION_00299	14	1	0.77459562	171	71	G	-0.33875987	0.33875987
POS_VALIDATION_00299	15	1	0.77459562	173	73	G	-0.33489108	0.33489108
POS_VALIDATION_00299	16	1	0.77459562	55	-45	G	-0.3334026	0.3334026
POS_VALIDATION_00299	17	1	0.77459562	112	12	C	0.32957947	0.32957947
POS_VALIDATION_00299	18	1	0.77459562	98	-2	C	0.31762084	0.31762084
POS_VALIDATION_00299	19	1	0.77459562	69	-31	T	-0.31636018	0.31636018
POS_VALIDATION_00299	20	1	0.77459562	109	9	C	0.31153405	0.31153405
POS_VALIDATION_00299	21	1	0.77459562	106	6	G	-0.29070586	0.29070586
POS_VALIDATION_00299	22	1	0.77459562	101	1	A	-0.28979826	0.28979826
POS_VALIDATION_00299	23	1	0.77459562	25	-75	C	-0.28637782	0.28637782
POS_VALIDATION_00299	24	1	0.77459562	87	-13	G	-0.28120893	0.28120893
POS_VALIDATION_00299	25	1	0.77459562	141	41	T	-0.28075752	0.28075752
POS_VALIDATION_00299	26	1	0.77459562	104	4	T	-0.25660312	0.25660312
POS_VALIDATION_00299	27	1	0.77459562	138	38	G	-0.25479245	0.25479245
POS_VALIDATION_00299	28	1	0.77459562	131	31	C	0.25472769	0.25472769
POS_VALIDATION_00299	29	1	0.77459562	90	-10	G	-0.25291884	0.25291884
POS_VALIDATION_00299	30	1	0.77459562	166	66	G	-0.2511493	0.2511493
POS_VALIDATION_00299	31	1	0.77459562	0	-100	A	0.24470559	0.24470559
POS_VALIDATION_00299	32	1	0.77459562	1	-99	A	0.22726476	0.22726476
POS_VALIDATION_00299	33	1	0.77459562	70	-30	G	-0.22670232	0.22670232
POS_VALIDATION_00299	34	1	0.77459562	123	23	C	0.22594917	0.22594917
POS_VALIDATION_00299	35	1	0.77459562	184	84	T	-0.2192592	0.2192592
POS_VALIDATION_00299	36	1	0.77459562	96	-4	A	-0.2185473	0.2185473
POS_VALIDATION_00299	37	1	0.77459562	34	-66	C	0.21581912	0.21581912
POS_VALIDATION_00299	38	1	0.77459562	167	67	G	-0.20521948	0.20521948
POS_VALIDATION_00299	39	1	0.77459562	12	-88	C	0.20391175	0.20391175
POS_VALIDATION_00299	40	1	0.77459562	80	-20	G	-0.20092472	0.20092472
POS_VALIDATION_00299	41	1	0.77459562	52	-48	G	-0.19709295	0.19709295
POS_VALIDATION_00299	42	1	0.77459562	120	20	C	0.19046023	0.19046023
POS_VALIDATION_00299	43	1	0.77459562	59	-41	G	-0.18852593	0.18852593
POS_VALIDATION_00299	44	1	0.77459562	2	-98	T	-0.18295059	0.18295059
POS_VALIDATION_00299	45	1	0.77459562	182	82	G	-0.17833905	0.17833905
POS_VALIDATION_00299	46	1	0.77459562	119	19	C	0.17587602	0.17587602
POS_VALIDATION_00299	47	1	0.77459562	114	14	G	-0.1757876	0.1757876
POS_VALIDATION_00299	48	1	0.77459562	10	-90	G	-0.17521679	0.17521679
POS_VALIDATION_00299	49	1	0.77459562	77	-23	G	-0.17247027	0.17247027
POS_VALIDATION_00299	50	1	0.77459562	143	43	T	-0.15733643	0.15733643
POS_VALIDATION_00301	1	1	0.74761868	195	95	G	-1.1551329	1.1551329
POS_VALIDATION_00301	2	1	0.74761868	23	-77	C	1.0369372	1.0369372
POS_VALIDATION_00301	3	1	0.74761868	1	-99	C	0.92690462	0.92690462
POS_VALIDATION_00301	4	1	0.74761868	47	-53	G	-0.75354946	0.75354946
POS_VALIDATION_00301	5	1	0.74761868	93	-7	A	-0.69573951	0.69573951
POS_VALIDATION_00301	6	1	0.74761868	103	3	C	0.55921495	0.55921495
POS_VALIDATION_00301	7	1	0.74761868	66	-34	G	-0.52191663	0.52191663
POS_VALIDATION_00301	8	1	0.74761868	45	-55	G	-0.48756453	0.48756453
POS_VALIDATION_00301	9	1	0.74761868	119	19	C	0.4691101	0.4691101
POS_VALIDATION_00301	10	1	0.74761868	110	10	G	-0.44951051	0.44951051
POS_VALIDATION_00301	11	1	0.74761868	129	29	C	0.44529951	0.44529951
POS_VALIDATION_00301	12	1	0.74761868	111	11	G	-0.42369586	0.42369586
POS_VALIDATION_00301	13	1	0.74761868	24	-76	G	-0.4018957	0.4018957
POS_VALIDATION_00301	14	1	0.74761868	84	-16	T	-0.39941972	0.39941972
POS_VALIDATION_00301	15	1	0.74761868	131	31	C	0.3967492	0.3967492
POS_VALIDATION_00301	16	1	0.74761868	121	21	C	0.39304608	0.39304608
POS_VALIDATION_00301	17	1	0.74761868	19	-81	C	0.39093974	0.39093974
POS_VALIDATION_00301	18	1	0.74761868	74	-26	C	0.38903093	0.38903093
POS_VALIDATION_00301	19	1	0.74761868	116	16	G	-0.38207716	0.38207716
POS_VALIDATION_00301	20	1	0.74761868	185	85	G	-0.38028583	0.38028583
POS_VALIDATION_00301	21	1	0.74761868	3	-97	C	0.36327642	0.36327642
POS_VALIDATION_00301	22	1	0.74761868	83	-17	C	0.35370475	0.35370475
POS_VALIDATION_00301	23	1	0.74761868	148	48	G	-0.35308108	0.35308108
POS_VALIDATION_00301	24	1	0.74761868	75	-25	T	-0.34043229	0.34043229
POS_VALIDATION_00301	25	1	0.74761868	169	69	C	0.32710499	0.32710499
POS_VALIDATION_00301	26	1	0.74761868	198	98	A	-0.32359323	0.32359323
POS_VALIDATION_00301	27	1	0.74761868	176	76	C	0.31717846	0.31717846
POS_VALIDATION_00301	28	1	0.74761868	96	-4	A	-0.31441844	0.31441844
POS_VALIDATION_00301	29	1	0.74761868	41	-59	G	-0.30589193	0.30589193
POS_VALIDATION_00301	30	1	0.74761868	152	52	C	0.30293706	0.30293706
POS_VALIDATION_00301	31	1	0.74761868	158	58	C	0.29736012	0.29736012
POS_VALIDATION_00301	32	1	0.74761868	57	-43	G	-0.29557407	0.29557407
POS_VALIDATION_00301	33	1	0.74761868	44	-56	C	0.29390424	0.29390424
POS_VALIDATION_00301	34	1	0.74761868	108	8	G	-0.25805065	0.25805065
POS_VALIDATION_00301	35	1	0.74761868	56	-44	G	-0.25495976	0.25495976
POS_VALIDATION_00301	36	1	0.74761868	2	-98	A	-0.25254232	0.25254232
POS_VALIDATION_00301	37	1	0.74761868	35	-65	T	0.23506016	0.23506016
POS_VALIDATION_00301	38	1	0.74761868	191	91	T	0.22738008	0.22738008
POS_VALIDATION_00301	39	1	0.74761868	58	-42	C	0.21996617	0.21996617
POS_VALIDATION_00301	40	1	0.74761868	78	-22	C	0.21974868	0.21974868
POS_VALIDATION_00301	41	1	0.74761868	7	-93	G	-0.21938711	0.21938711
POS_VALIDATION_00301	42	1	0.74761868	151	51	G	-0.21885476	0.21885476
POS_VALIDATION_00301	43	1	0.74761868	0	-100	G	-0.21881285	0.21881285
POS_VALIDATION_00301	44	1	0.74761868	194	94	G	-0.21825939	0.21825939
POS_VALIDATION_00301	45	1	0.74761868	130	30	C	0.21406429	0.21406429
POS_VALIDATION_00301	46	1	0.74761868	146	46	C	0.21145093	0.21145093
POS_VALIDATION_00301	47	1	0.74761868	6	-94	T	-0.21081734	0.21081734
POS_VALIDATION_00301	48	1	0.74761868	142	42	G	-0.20889845	0.20889845
POS_VALIDATION_00301	49	1	0.74761868	106	6	G	-0.20754355	0.20754355
POS_VALIDATION_00301	50	1	0.74761868	167	67	T	-0.20541774	0.20541774
POS_VALIDATION_00303	1	1	0.85528624	99	-1	C	0.774638	0.774638
POS_VALIDATION_00303	2	1	0.85528624	66	-34	G	-0.61863559	0.61863559
POS_VALIDATION_00303	3	1	0.85528624	110	10	G	-0.59582782	0.59582782
POS_VALIDATION_00303	4	1	0.85528624	93	-7	T	-0.56220442	0.56220442
POS_VALIDATION_00303	5	1	0.85528624	35	-65	G	-0.51508331	0.51508331
POS_VALIDATION_00303	6	1	0.85528624	116	16	G	-0.50644571	0.50644571
POS_VALIDATION_00303	7	1	0.85528624	28	-72	G	-0.48629957	0.48629957
POS_VALIDATION_00303	8	1	0.85528624	51	-49	C	0.47532725	0.47532725
POS_VALIDATION_00303	9	1	0.85528624	32	-68	G	-0.47138643	0.47138643
POS_VALIDATION_00303	10	1	0.85528624	139	39	C	0.45294201	0.45294201
POS_VALIDATION_00303	11	1	0.85528624	106	6	C	0.44294989	0.44294989
POS_VALIDATION_00303	12	1	0.85528624	98	-2	C	0.42883086	0.42883086
POS_VALIDATION_00303	13	1	0.85528624	61	-39	C	0.4183448	0.4183448
POS_VALIDATION_00303	14	1	0.85528624	26	-74	G	-0.37936246	0.37936246
POS_VALIDATION_00303	15	1	0.85528624	111	11	G	-0.37469542	0.37469542
POS_VALIDATION_00303	16	1	0.85528624	173	73	G	-0.3686201	0.3686201
POS_VALIDATION_00303	17	1	0.85528624	142	42	C	0.3369658	0.3369658
POS_VALIDATION_00303	18	1	0.85528624	75	-25	T	-0.33530807	0.33530807
POS_VALIDATION_00303	19	1	0.85528624	153	53	G	-0.30974486	0.30974486
POS_VALIDATION_00303	20	1	0.85528624	167	67	G	-0.30860907	0.30860907
POS_VALIDATION_00303	21	1	0.85528624	129	29	C	0.308485	0.308485
POS_VALIDATION_00303	22	1	0.85528624	132	32	G	-0.30123684	0.30123684
POS_VALIDATION_00303	23	1	0.85528624	55	-45	G	-0.29772294	0.29772294
POS_VALIDATION_00303	24	1	0.85528624	136	36	C	0.2851159	0.2851159
POS_VALIDATION_00303	25	1	0.85528624	90	-10	G	-0.28452286	0.28452286
POS_VALIDATION_00303	26	1	0.85528624	40	-60	G	-0.27984947	0.27984947
POS_VALIDATION_00303	27	1	0.85528624	97	-3	C	0.27369386	0.27369386
POS_VALIDATION_00303	28	1	0.85528624	7	-93	G	-0.26607269	0.26607269
POS_VALIDATION_00303	29	1	0.85528624	154	54	G	-0.26315197	0.26315197
POS_VALIDATION_00303	30	1	0.85528624	91	-9	C	0.25726044	0.25726044
POS_VALIDATION_00303	31	1	0.85528624	96	-4	A	-0.25587374	0.25587374
POS_VALIDATION_00303	32	1	0.85528624	0	-100	C	0.25280309	0.25280309
POS_VALIDATION_00303	33	1	0.85528624	161	61	G	-0.25266427	0.25266427
POS_VALIDATION_00303	34	1	0.85528624	44	-56	C	0.24830599	0.24830599
POS_VALIDATION_00303	35	1	0.85528624	169	69	C	0.24424252	0.24424252
POS_VALIDATION_00303	36	1	0.85528624	123	23	C	0.2439976	0.2439976
POS_VALIDATION_00303	37	1	0.85528624	23	-77	G	-0.24350664	0.24350664
POS_VALIDATION_00303	38	1	0.85528624	69	-31	T	-0.23037091	0.23037091
POS_VALIDATION_00303	39	1	0.85528624	151	51	C	0.22997758	0.22997758
POS_VALIDATION_00303	40	1	0.85528624	150	50	C	0.22839524	0.22839524
POS_VALIDATION_00303	41	1	0.85528624	171	71	C	0.22425643	0.22425643
POS_VALIDATION_00303	42	1	0.85528624	25	-75	C	0.22166395	0.22166395
POS_VALIDATION_00303	43	1	0.85528624	70	-30	G	-0.21682763	0.21682763
POS_VALIDATION_00303	44	1	0.85528624	197	97	T	0.21554676	0.21554676
POS_VALIDATION_00303	45	1	0.85528624	108	8	G	-0.21207099	0.21207099
POS_VALIDATION_00303	46	1	0.85528624	37	-63	C	0.21160547	0.21160547
POS_VALIDATION_00303	47	1	0.85528624	130	30	G	-0.21070042	0.21070042
POS_VALIDATION_00303	48	1	0.85528624	94	-6	G	-0.209434	0.209434
POS_VALIDATION_00303	49	1	0.85528624	113	13	T	-0.20891893	0.20891893
POS_VALIDATION_00303	50	1	0.85528624	52	-48	C	-0.20144314	0.20144314
POS_VALIDATION_00304	1	1	0.82475185	1	-99	C	0.75722933	0.75722933
POS_VALIDATION_00304	2	1	0.82475185	93	-7	T	-0.62540644	0.62540644
POS_VALIDATION_00304	3	1	0.82475185	110	10	G	-0.59624755	0.59624755
POS_VALIDATION_00304	4	1	0.82475185	75	-25	T	-0.4649387	0.4649387
POS_VALIDATION_00304	5	1	0.82475185	99	-1	C	0.43248481	0.43248481
POS_VALIDATION_00304	6	1	0.82475185	32	-68	G	-0.41446602	0.41446602
POS_VALIDATION_00304	7	1	0.82475185	167	67	C	0.37573075	0.37573075
POS_VALIDATION_00304	8	1	0.82475185	148	48	G	-0.37040448	0.37040448
POS_VALIDATION_00304	9	1	0.82475185	111	11	G	-0.36279818	0.36279818
POS_VALIDATION_00304	10	1	0.82475185	41	-59	G	-0.32187361	0.32187361
POS_VALIDATION_00304	11	1	0.82475185	58	-42	C	0.31551716	0.31551716
POS_VALIDATION_00304	12	1	0.82475185	66	-34	T	-0.29919872	0.29919872
POS_VALIDATION_00304	13	1	0.82475185	160	60	G	-0.29484409	0.29484409
POS_VALIDATION_00304	14	1	0.82475185	81	-19	G	-0.27449465	0.27449465
POS_VALIDATION_00304	15	1	0.82475185	187	87	C	0.27205545	0.27205545
POS_VALIDATION_00304	16	1	0.82475185	181	81	C	0.26816717	0.26816717
POS_VALIDATION_00304	17	1	0.82475185	132	32	G	-0.26305923	0.26305923
POS_VALIDATION_00304	18	1	0.82475185	98	-2	C	0.2588799	0.2588799
POS_VALIDATION_00304	19	1	0.82475185	161	61	C	0.25437507	0.25437507
POS_VALIDATION_00304	20	1	0.82475185	138	38	G	-0.25275952	0.25275952
POS_VALIDATION_00304	21	1	0.82475185	104	4	G	-0.24459456	0.24459456
POS_VALIDATION_00304	22	1	0.82475185	143	43	C	0.24155471	0.24155471
POS_VALIDATION_00304	23	1	0.82475185	164	64	G	-0.23916365	0.23916365
POS_VALIDATION_00304	24	1	0.82475185	42	-58	G	-0.23730302	0.23730302
POS_VALIDATION_00304	25	1	0.82475185	95	-5	C	0.23077948	0.23077948
POS_VALIDATION_00304	26	1	0.82475185	151	51	G	-0.22581623	0.22581623
POS_VALIDATION_00304	27	1	0.82475185	94	-6	G	-0.21250772	0.21250772
POS_VALIDATION_00304	28	1	0.82475185	106	6	C	0.21029028	0.21029028
POS_VALIDATION_00304	29	1	0.82475185	154	54	G	-0.20638989	0.20638989
POS_VALIDATION_00304	30	1	0.82475185	3	-97	C	0.20563941	0.20563941
POS_VALIDATION_00304	31	1	0.82475185	19	-81	A	0.20439139	0.20439139
POS_VALIDATION_00304	32	1	0.82475185	56	-44	T	0.198093	0.198093
POS_VALIDATION_00304	33	1	0.82475185	197	97	C	0.19111019	0.19111019
POS_VALIDATION_00304	34	1	0.82475185	8	-92	C	-0.1907613	0.1907613
POS_VALIDATION_00304	35	1	0.82475185	108	8	G	-0.18628046	0.18628046
POS_VALIDATION_00304	36	1	0.82475185	123	23	C	0.18480766	0.18480766
POS_VALIDATION_00304	37	1	0.82475185	130	30	G	-0.1846388	0.1846388
POS_VALIDATION_00304	38	1	0.82475185	15	-85	A	-0.18372485	0.18372485
POS_VALIDATION_00304	39	1	0.82475185	126	26	A	-0.17871398	0.17871398
POS_VALIDATION_00304	40	1	0.82475185	11	-89	C	0.17437816	0.17437816
POS_VALIDATION_00304	41	1	0.82475185	83	-17	G	-0.16847834	0.16847834
POS_VALIDATION_00304	42	1	0.82475185	5	-95	T	0.16548753	0.16548753
POS_VALIDATION_00304	43	1	0.82475185	30	-70	C	0.16107579	0.16107579
POS_VALIDATION_00304	44	1	0.82475185	114	14	G	-0.15984422	0.15984422
POS_VALIDATION_00304	45	1	0.82475185	33	-67	G	-0.15892789	0.15892789
POS_VALIDATION_00304	46	1	0.82475185	119	19	G	-0.1576885	0.1576885
POS_VALIDATION_00304	47	1	0.82475185	124	24	G	-0.15190352	0.15190352
POS_VALIDATION_00304	48	1	0.82475185	62	-38	C	-0.15173735	0.15173735
POS_VALIDATION_00304	49	1	0.82475185	70	-30	G	-0.15128601	0.15128601
POS_VALIDATION_00304	50	1	0.82475185	52	-48	G	-0.1511303	0.1511303
POS_VALIDATION_00306	1	1	0.8400991	96	-4	C	1.0620747	1.0620747
POS_VALIDATION_00306	2	1	0.8400991	113	13	C	1.0541844	1.0541844
POS_VALIDATION_00306	3	1	0.8400991	161	61	T	-0.74376643	0.74376643
POS_VALIDATION_00306	4	1	0.8400991	120	20	G	-0.72242141	0.72242141
POS_VALIDATION_00306	5	1	0.8400991	36	-64	C	0.56496054	0.56496054
POS_VALIDATION_00306	6	1	0.8400991	66	-34	G	-0.5288415	0.5288415
POS_VALIDATION_00306	7	1	0.8400991	191	91	C	0.48971695	0.48971695
POS_VALIDATION_00306	8	1	0.8400991	35	-65	G	-0.47647384	0.47647384
POS_VALIDATION_00306	9	1	0.8400991	28	-72	G	-0.4141171	0.4141171
POS_VALIDATION_00306	10	1	0.8400991	0	-100	T	0.38134626	0.38134626
POS_VALIDATION_00306	11	1	0.8400991	40	-60	G	-0.36671424	0.36671424
POS_VALIDATION_00306	12	1	0.8400991	106	6	G	-0.35720852	0.35720852
POS_VALIDATION_00306	13	1	0.8400991	116	16	G	-0.33406025	0.33406025
POS_VALIDATION_00306	14	1	0.8400991	196	96	G	-0.32979637	0.32979637
POS_VALIDATION_00306	15	1	0.8400991	190	90	C	0.30711687	0.30711687
POS_VALIDATION_00306	16	1	0.8400991	26	-74	G	-0.30423248	0.30423248
POS_VALIDATION_00306	17	1	0.8400991	153	53	G	-0.29155678	0.29155678
POS_VALIDATION_00306	18	1	0.8400991	166	66	G	-0.29077485	0.29077485
POS_VALIDATION_00306	19	1	0.8400991	75	-25	T	-0.2838645	0.2838645
POS_VALIDATION_00306	20	1	0.8400991	138	38	A	-0.27880716	0.27880716
POS_VALIDATION_00306	21	1	0.8400991	68	-32	G	-0.27455235	0.27455235
POS_VALIDATION_00306	22	1	0.8400991	198	98	C	-0.27333114	0.27333114
POS_VALIDATION_00306	23	1	0.8400991	173	73	G	-0.27279949	0.27279949
POS_VALIDATION_00306	24	1	0.8400991	90	-10	G	-0.2579143	0.2579143
POS_VALIDATION_00306	25	1	0.8400991	74	-26	G	-0.25258479	0.25258479
POS_VALIDATION_00306	26	1	0.8400991	107	7	G	-0.24543576	0.24543576
POS_VALIDATION_00306	27	1	0.8400991	115	15	G	-0.2356554	0.2356554
POS_VALIDATION_00306	28	1	0.8400991	84	-16	T	-0.2293001	0.2293001
POS_VALIDATION_00306	29	1	0.8400991	69	-31	C	0.22698523	0.22698523
POS_VALIDATION_00306	30	1	0.8400991	23	-77	G	-0.22462434	0.22462434
POS_VALIDATION_00306	31	1	0.8400991	135	35	G	-0.21680783	0.21680783
POS_VALIDATION_00306	32	1	0.8400991	43	-57	G	-0.21473721	0.21473721
POS_VALIDATION_00306	33	1	0.8400991	29	-71	G	-0.21267512	0.21267512
POS_VALIDATION_00306	34	1	0.8400991	127	27	C	-0.21026926	0.21026926
POS_VALIDATION_00306	35	1	0.8400991	179	79	G	-0.20703429	0.20703429
POS_VALIDATION_00306	36	1	0.8400991	58	-42	G	-0.20249987	0.20249987
POS_VALIDATION_00306	37	1	0.8400991	95	-5	C	0.20091426	0.20091426
POS_VALIDATION_00306	38	1	0.8400991	21	-79	G	-0.19989347	0.19989347
POS_VALIDATION_00306	39	1	0.8400991	102	2	T	-0.19907014	0.19907014
POS_VALIDATION_00306	40	1	0.8400991	139	39	A	0.19756338	0.19756338
POS_VALIDATION_00306	41	1	0.8400991	91	-9	G	-0.19735385	0.19735385
POS_VALIDATION_00306	42	1	0.8400991	109	9	G	-0.18263908	0.18263908
POS_VALIDATION_00306	43	1	0.8400991	56	-44	T	0.17573243	0.17573243
POS_VALIDATION_00306	44	1	0.8400991	52	-48	G	-0.17389698	0.17389698
POS_VALIDATION_00306	45	1	0.8400991	187	87	C	0.17031835	0.17031835
POS_VALIDATION_00306	46	1	0.8400991	122	22	G	-0.16826804	0.16826804
POS_VALIDATION_00306	47	1	0.8400991	123	23	C	0.16745821	0.16745821
POS_VALIDATION_00306	48	1	0.8400991	129	29	C	0.16682217	0.16682217
POS_VALIDATION_00306	49	1	0.8400991	183	83	G	-0.16522764	0.16522764
POS_VALIDATION_00306	50	1	0.8400991	42	-58	T	-0.16448261	0.16448261
POS_VALIDATION_00307	1	1	0.93741626	96	-4	C	0.96169275	0.96169275
POS_VALIDATION_00307	2	1	0.93741626	1	-99	C	0.68595135	0.68595135
POS_VALIDATION_00307	3	1	0.93741626	191	91	C	0.6543169	0.6543169
POS_VALIDATION_00307	4	1	0.93741626	148	48	G	-0.54784095	0.54784095
POS_VALIDATION_00307	5	1	0.93741626	109	9	C	0.53863758	0.53863758
POS_VALIDATION_00307	6	1	0.93741626	198	98	G	-0.53680545	0.53680545
POS_VALIDATION_00307	7	1	0.93741626	25	-75	C	-0.5167107	0.5167107
POS_VALIDATION_00307	8	1	0.93741626	178	78	C	0.50986421	0.50986421
POS_VALIDATION_00307	9	1	0.93741626	120	20	G	-0.47496164	0.47496164
POS_VALIDATION_00307	10	1	0.93741626	190	90	C	0.4542982	0.4542982
POS_VALIDATION_00307	11	1	0.93741626	101	1	A	-0.43448931	0.43448931
POS_VALIDATION_00307	12	1	0.93741626	51	-49	C	0.40152675	0.40152675
POS_VALIDATION_00307	13	1	0.93741626	181	81	C	0.3877514	0.3877514
POS_VALIDATION_00307	14	1	0.93741626	112	12	C	0.37525928	0.37525928
POS_VALIDATION_00307	15	1	0.93741626	84	-16	T	-0.34639102	0.34639102
POS_VALIDATION_00307	16	1	0.93741626	145	45	C	0.33793277	0.33793277
POS_VALIDATION_00307	17	1	0.93741626	105	5	C	0.33161601	0.33161601
POS_VALIDATION_00307	18	1	0.93741626	173	73	G	-0.3165153	0.3165153
POS_VALIDATION_00307	19	1	0.93741626	116	16	G	-0.30816427	0.30816427
POS_VALIDATION_00307	20	1	0.93741626	185	85	G	-0.30400634	0.30400634
POS_VALIDATION_00307	21	1	0.93741626	28	-72	G	-0.29279071	0.29279071
POS_VALIDATION_00307	22	1	0.93741626	13	-87	A	-0.27751896	0.27751896
POS_VALIDATION_00307	23	1	0.93741626	90	-10	C	0.27310067	0.27310067
POS_VALIDATION_00307	24	1	0.93741626	132	32	G	-0.26014939	0.26014939
POS_VALIDATION_00307	25	1	0.93741626	171	71	G	-0.25687683	0.25687683
POS_VALIDATION_00307	26	1	0.93741626	106	6	C	0.25539556	0.25539556
POS_VALIDATION_00307	27	1	0.93741626	52	-48	T	-0.25400192	0.25400192
POS_VALIDATION_00307	28	1	0.93741626	193	93	G	-0.25056893	0.25056893
POS_VALIDATION_00307	29	1	0.93741626	164	64	G	-0.24842939	0.24842939
POS_VALIDATION_00307	30	1	0.93741626	184	84	T	-0.24717213	0.24717213
POS_VALIDATION_00307	31	1	0.93741626	10	-90	G	-0.2441581	0.2441581
POS_VALIDATION_00307	32	1	0.93741626	139	39	G	-0.24296148	0.24296148
POS_VALIDATION_00307	33	1	0.93741626	69	-31	A	-0.22715956	0.22715956
POS_VALIDATION_00307	34	1	0.93741626	80	-20	G	-0.22487997	0.22487997
POS_VALIDATION_00307	35	1	0.93741626	6	-94	T	-0.21900138	0.21900138
POS_VALIDATION_00307	36	1	0.93741626	75	-25	A	-0.21616258	0.21616258
POS_VALIDATION_00307	37	1	0.93741626	151	51	G	-0.21491538	0.21491538
POS_VALIDATION_00307	38	1	0.93741626	125	25	G	-0.21428806	0.21428806
POS_VALIDATION_00307	39	1	0.93741626	2	-98	A	-0.21032578	0.21032578
POS_VALIDATION_00307	40	1	0.93741626	8	-92	A	-0.20916009	0.20916009
POS_VALIDATION_00307	41	1	0.93741626	16	-84	G	-0.20654291	0.20654291
POS_VALIDATION_00307	42	1	0.93741626	166	66	G	-0.20093897	0.20093897
POS_VALIDATION_00307	43	1	0.93741626	0	-100	A	0.1938412	0.1938412
POS_VALIDATION_00307	44	1	0.93741626	169	69	C	0.18969509	0.18969509
POS_VALIDATION_00307	45	1	0.93741626	14	-86	T	-0.18902901	0.18902901
POS_VALIDATION_00307	46	1	0.93741626	130	30	G	-0.18134919	0.18134919
POS_VALIDATION_00307	47	1	0.93741626	33	-67	C	0.17960091	0.17960091
POS_VALIDATION_00307	48	1	0.93741626	118	18	A	0.17931069	0.17931069
POS_VALIDATION_00307	49	1	0.93741626	81	-19	G	-0.1790238	0.1790238
POS_VALIDATION_00307	50	1	0.93741626	154	54	G	-0.17676426	0.17676426
POS_VALIDATION_00309	1	1	0.87613165	96	-4	C	0.9362269	0.9362269
POS_VALIDATION_00309	2	1	0.87613165	47	-53	G	-0.83331037	0.83331037
POS_VALIDATION_00309	3	1	0.87613165	161	61	T	-0.77779418	0.77779418
POS_VALIDATION_00309	4	1	0.87613165	23	-77	C	0.75737756	0.75737756
POS_VALIDATION_00309	5	1	0.87613165	45	-55	G	-0.54110867	0.54110867
POS_VALIDATION_00309	6	1	0.87613165	66	-34	G	-0.45497972	0.45497972
POS_VALIDATION_00309	7	1	0.87613165	177	77	G	-0.45457646	0.45457646
POS_VALIDATION_00309	8	1	0.87613165	99	-1	C	0.43323654	0.43323654
POS_VALIDATION_00309	9	1	0.87613165	15	-85	G	-0.40835297	0.40835297
POS_VALIDATION_00309	10	1	0.87613165	198	98	C	-0.39045852	0.39045852
POS_VALIDATION_00309	11	1	0.87613165	190	90	C	0.378627	0.378627
POS_VALIDATION_00309	12	1	0.87613165	0	-100	G	-0.35150486	0.35150486
POS_VALIDATION_00309	13	1	0.87613165	116	16	G	-0.33058333	0.33058333
POS_VALIDATION_00309	14	1	0.87613165	76	-24	C	0.32185841	0.32185841
POS_VALIDATION_00309	15	1	0.87613165	187	87	C	0.32007778	0.32007778
POS_VALIDATION_00309	16	1	0.87613165	109	9	C	0.31173015	0.31173015
POS_VALIDATION_00309	17	1	0.87613165	181	81	G	-0.29748997	0.29748997
POS_VALIDATION_00309	18	1	0.87613165	28	-72	G	-0.2894659	0.2894659
POS_VALIDATION_00309	19	1	0.87613165	40	-60	G	-0.28779602	0.28779602
POS_VALIDATION_00309	20	1	0.87613165	42	-58	G	-0.27809337	0.27809337
POS_VALIDATION_00309	21	1	0.87613165	105	5	C	0.27327067	0.27327067
POS_VALIDATION_00309	22	1	0.87613165	52	-48	A	-0.26644641	0.26644641
POS_VALIDATION_00309	23	1	0.87613165	25	-75	G	-0.25696751	0.25696751
POS_VALIDATION_00309	24	1	0.87613165	101	1	A	-0.24603176	0.24603176
POS_VALIDATION_00309	25	1	0.87613165	90	-10	G	-0.24560836	0.24560836
POS_VALIDATION_00309	26	1	0.87613165	75	-25	G	-0.24079251	0.24079251
POS_VALIDATION_00309	27	1	0.87613165	56	-44	T	0.23956442	0.23956442
POS_VALIDATION_00309	28	1	0.87613165	71	-29	C	0.23778835	0.23778835
POS_VALIDATION_00309	29	1	0.87613165	196	96	G	-0.23479304	0.23479304
POS_VALIDATION_00309	30	1	0.87613165	108	8	C	0.23278724	0.23278724
POS_VALIDATION_00309	31	1	0.87613165	138	38	A	-0.22440273	0.22440273
POS_VALIDATION_00309	32	1	0.87613165	103	3	C	0.22160611	0.22160611
POS_VALIDATION_00309	33	1	0.87613165	93	-7	A	-0.21562141	0.21562141
POS_VALIDATION_00309	34	1	0.87613165	151	51	G	-0.2107521	0.2107521
POS_VALIDATION_00309	35	1	0.87613165	112	12	C	0.19984806	0.19984806
POS_VALIDATION_00309	36	1	0.87613165	104	4	T	-0.1984401	0.1984401
POS_VALIDATION_00309	37	1	0.87613165	59	-41	G	-0.19359471	0.19359471
POS_VALIDATION_00309	38	1	0.87613165	81	-19	C	0.19300424	0.19300424
POS_VALIDATION_00309	39	1	0.87613165	50	-50	G	-0.19029099	0.19029099
POS_VALIDATION_00309	40	1	0.87613165	14	-86	T	-0.18933663	0.18933663
POS_VALIDATION_00309	41	1	0.87613165	123	23	G	-0.18765146	0.18765146
POS_VALIDATION_00309	42	1	0.87613165	107	7	G	-0.18611032	0.18611032
POS_VALIDATION_00309	43	1	0.87613165	173	73	T	-0.17995155	0.17995155
POS_VALIDATION_00309	44	1	0.87613165	132	32	G	-0.17936078	0.17936078
POS_VALIDATION_00309	45	1	0.87613165	152	52	C	0.17844826	0.17844826
POS_VALIDATION_00309	46	1	0.87613165	131	31	G	-0.17719395	0.17719395
POS_VALIDATION_00309	47	1	0.87613165	69	-31	A	-0.16206457	0.16206457
POS_VALIDATION_00309	48	1	0.87613165	193	93	G	-0.1612616	0.1612616
POS_VALIDATION_00309	49	1	0.87613165	115	15	A	0.16037232	0.16037232
POS_VALIDATION_00309	50	1	0.87613165	183	83	G	-0.15858749	0.15858749
POS_VALIDATION_00312	1	1	0.72359359	195	95	G	-0.8491264	0.8491264
POS_VALIDATION_00312	2	1	0.72359359	96	-4	C	0.84832561	0.84832561
POS_VALIDATION_00312	3	1	0.72359359	161	61	T	-0.66814518	0.66814518
POS_VALIDATION_00312	4	1	0.72359359	1	-99	C	0.60210544	0.60210544
POS_VALIDATION_00312	5	1	0.72359359	110	10	G	-0.50994271	0.50994271
POS_VALIDATION_00312	6	1	0.72359359	45	-55	G	-0.37138659	0.37138659
POS_VALIDATION_00312	7	1	0.72359359	148	48	G	-0.34738162	0.34738162
POS_VALIDATION_00312	8	1	0.72359359	56	-44	G	-0.30268639	0.30268639
POS_VALIDATION_00312	9	1	0.72359359	66	-34	C	-0.29798204	0.29798204
POS_VALIDATION_00312	10	1	0.72359359	123	23	A	-0.27870828	0.27870828
POS_VALIDATION_00312	11	1	0.72359359	101	1	A	-0.27757314	0.27757314
POS_VALIDATION_00312	12	1	0.72359359	93	-7	A	-0.27358037	0.27358037
POS_VALIDATION_00312	13	1	0.72359359	0	-100	G	-0.26630026	0.26630026
POS_VALIDATION_00312	14	1	0.72359359	75	-25	A	-0.24764603	0.24764603
POS_VALIDATION_00312	15	1	0.72359359	139	39	C	-0.24699424	0.24699424
POS_VALIDATION_00312	16	1	0.72359359	166	66	C	-0.24686083	0.24686083
POS_VALIDATION_00312	17	1	0.72359359	47	-53	T	-0.23949701	0.23949701
POS_VALIDATION_00312	18	1	0.72359359	185	85	G	-0.23656282	0.23656282
POS_VALIDATION_00312	19	1	0.72359359	25	-75	G	-0.23622528	0.23622528
POS_VALIDATION_00312	20	1	0.72359359	15	-85	G	-0.23264849	0.23264849
POS_VALIDATION_00312	21	1	0.72359359	35	-65	T	0.21850276	0.21850276
POS_VALIDATION_00312	22	1	0.72359359	55	-45	G	-0.20965433	0.20965433
POS_VALIDATION_00312	23	1	0.72359359	71	-29	C	0.1978614	0.1978614
POS_VALIDATION_00312	24	1	0.72359359	105	5	C	0.1944034	0.1944034
POS_VALIDATION_00312	25	1	0.72359359	90	-10	C	0.19102591	0.19102591
POS_VALIDATION_00312	26	1	0.72359359	42	-58	A	-0.18925372	0.18925372
POS_VALIDATION_00312	27	1	0.72359359	51	-49	C	0.18472546	0.18472546
POS_VALIDATION_00312	28	1	0.72359359	138	38	G	-0.17714988	0.17714988
POS_VALIDATION_00312	29	1	0.72359359	147	47	G	-0.17516828	0.17516828
POS_VALIDATION_00312	30	1	0.72359359	32	-68	T	-0.17503588	0.17503588
POS_VALIDATION_00312	31	1	0.72359359	164	64	G	-0.1731502	0.1731502
POS_VALIDATION_00312	32	1	0.72359359	67	-33	C	0.16884872	0.16884872
POS_VALIDATION_00312	33	1	0.72359359	19	-81	A	0.1683749	0.1683749
POS_VALIDATION_00312	34	1	0.72359359	106	6	G	-0.16405869	0.16405869
POS_VALIDATION_00312	35	1	0.72359359	115	15	A	0.15990236	0.15990236
POS_VALIDATION_00312	36	1	0.72359359	77	-23	G	-0.15919583	0.15919583
POS_VALIDATION_00312	37	1	0.72359359	2	-98	A	-0.15865806	0.15865806
POS_VALIDATION_00312	38	1	0.72359359	171	71	C	-0.1576238	0.1576238
POS_VALIDATION_00312	39	1	0.72359359	167	67	C	0.15504819	0.15504819
POS_VALIDATION_00312	40	1	0.72359359	141	41	A	-0.15291484	0.15291484
POS_VALIDATION_00312	41	1	0.72359359	174	74	G	-0.14851761	0.14851761
POS_VALIDATION_00312	42	1	0.72359359	184	84	T	-0.14848967	0.14848967
POS_VALIDATION_00312	43	1	0.72359359	10	-90	C	-0.14724767	0.14724767
POS_VALIDATION_00312	44	1	0.72359359	53	-47	G	-0.14667131	0.14667131
POS_VALIDATION_00312	45	1	0.72359359	58	-42	C	0.14652628	0.14652628
POS_VALIDATION_00312	46	1	0.72359359	104	4	G	-0.14638929	0.14638929
POS_VALIDATION_00312	47	1	0.72359359	30	-70	T	-0.14611049	0.14611049
POS_VALIDATION_00312	48	1	0.72359359	3	-97	C	0.1459152	0.1459152
POS_VALIDATION_00312	49	1	0.72359359	127	27	C	-0.1451686	0.1451686
POS_VALIDATION_00312	50	1	0.72359359	12	-88	C	0.14431925	0.14431925
POS_VALIDATION_00313	1	1	0.87985325	47	-53	G	-0.77275759	0.77275759
POS_VALIDATION_00313	2	1	0.87985325	178	78	C	0.76244175	0.76244175
POS_VALIDATION_00313	3	1	0.87985325	101	1	T	-0.74064827	0.74064827
POS_VALIDATION_00313	4	1	0.87985325	99	-1	C	0.64065385	0.64065385
POS_VALIDATION_00313	5	1	0.87985325	105	5	C	0.52668935	0.52668935
POS_VALIDATION_00313	6	1	0.87985325	154	54	C	-0.51189518	0.51189518
POS_VALIDATION_00313	7	1	0.87985325	75	-25	C	0.43994164	0.43994164
POS_VALIDATION_00313	8	1	0.87985325	106	6	C	0.37500787	0.37500787
POS_VALIDATION_00313	9	1	0.87985325	111	11	G	-0.36671418	0.36671418
POS_VALIDATION_00313	10	1	0.87985325	145	45	C	0.35573822	0.35573822
POS_VALIDATION_00313	11	1	0.87985325	173	73	G	-0.35515326	0.35515326
POS_VALIDATION_00313	12	1	0.87985325	0	-100	T	0.34014624	0.34014624
POS_VALIDATION_00313	13	1	0.87985325	120	20	C	0.33486617	0.33486617
POS_VALIDATION_00313	14	1	0.87985325	171	71	G	-0.33109683	0.33109683
POS_VALIDATION_00313	15	1	0.87985325	123	23	C	0.31826863	0.31826863
POS_VALIDATION_00313	16	1	0.87985325	90	-10	G	-0.30869371	0.30869371
POS_VALIDATION_00313	17	1	0.87985325	42	-58	G	-0.30182666	0.30182666
POS_VALIDATION_00313	18	1	0.87985325	41	-59	G	-0.29738235	0.29738235
POS_VALIDATION_00313	19	1	0.87985325	35	-65	T	0.29209599	0.29209599
POS_VALIDATION_00313	20	1	0.87985325	132	32	G	-0.29095942	0.29095942
POS_VALIDATION_00313	21	1	0.87985325	28	-72	G	-0.2906847	0.2906847
POS_VALIDATION_00313	22	1	0.87985325	110	10	G	-0.29003185	0.29003185
POS_VALIDATION_00313	23	1	0.87985325	107	7	C	0.28961217	0.28961217
POS_VALIDATION_00313	24	1	0.87985325	87	-13	G	-0.27775574	0.27775574
POS_VALIDATION_00313	25	1	0.87985325	135	35	G	-0.27067298	0.27067298
POS_VALIDATION_00313	26	1	0.87985325	3	-97	C	0.26967007	0.26967007
POS_VALIDATION_00313	27	1	0.87985325	52	-48	G	-0.2644279	0.2644279
POS_VALIDATION_00313	28	1	0.87985325	50	-50	G	-0.26221317	0.26221317
POS_VALIDATION_00313	29	1	0.87985325	161	61	G	-0.26177269	0.26177269
POS_VALIDATION_00313	30	1	0.87985325	138	38	G	-0.25064832	0.25064832
POS_VALIDATION_00313	31	1	0.87985325	5	-95	G	-0.2470769	0.2470769
POS_VALIDATION_00313	32	1	0.87985325	56	-44	A	0.24510798	0.24510798
POS_VALIDATION_00313	33	1	0.87985325	1	-99	A	0.23947234	0.23947234
POS_VALIDATION_00313	34	1	0.87985325	125	25	G	-0.23611054	0.23611054
POS_VALIDATION_00313	35	1	0.87985325	169	69	G	-0.22379448	0.22379448
POS_VALIDATION_00313	36	1	0.87985325	143	43	A	-0.21904594	0.21904594
POS_VALIDATION_00313	37	1	0.87985325	94	-6	G	-0.21410438	0.21410438
POS_VALIDATION_00313	38	1	0.87985325	69	-31	G	-0.20899487	0.20899487
POS_VALIDATION_00313	39	1	0.87985325	82	-18	C	0.20507354	0.20507354
POS_VALIDATION_00313	40	1	0.87985325	80	-20	G	-0.19806674	0.19806674
POS_VALIDATION_00313	41	1	0.87985325	170	70	A	0.19739871	0.19739871
POS_VALIDATION_00313	42	1	0.87985325	15	-85	C	0.19260144	0.19260144
POS_VALIDATION_00313	43	1	0.87985325	162	62	G	-0.19055012	0.19055012
POS_VALIDATION_00313	44	1	0.87985325	109	9	G	-0.19040616	0.19040616
POS_VALIDATION_00313	45	1	0.87985325	152	52	C	0.17724819	0.17724819
POS_VALIDATION_00313	46	1	0.87985325	29	-71	G	-0.16859582	0.16859582
POS_VALIDATION_00313	47	1	0.87985325	163	63	G	-0.16831456	0.16831456
POS_VALIDATION_00313	48	1	0.87985325	2	-98	A	-0.16824341	0.16824341
POS_VALIDATION_00313	49	1	0.87985325	158	58	C	0.16738801	0.16738801
POS_VALIDATION_00313	50	1	0.87985325	25	-75	T	-0.16182463	0.16182463
POS_VALIDATION_00314	1	1	0.94736987	42	-58	C	-1.0168298	1.0168298
POS_VALIDATION_00314	2	1	0.94736987	101	1	T	-0.71245062	0.71245062
POS_VALIDATION_00314	3	1	0.94736987	96	-4	C	0.59891689	0.59891689
POS_VALIDATION_00314	4	1	0.94736987	105	5	C	0.56054473	0.56054473
POS_VALIDATION_00314	5	1	0.94736987	45	-55	G	-0.52272338	0.52272338
POS_VALIDATION_00314	6	1	0.94736987	140	40	G	-0.46493152	0.46493152
POS_VALIDATION_00314	7	1	0.94736987	198	98	G	-0.45586258	0.45586258
POS_VALIDATION_00314	8	1	0.94736987	69	-31	C	0.41162667	0.41162667
POS_VALIDATION_00314	9	1	0.94736987	110	10	G	-0.39844483	0.39844483
POS_VALIDATION_00314	10	1	0.94736987	178	78	C	0.35355458	0.35355458
POS_VALIDATION_00314	11	1	0.94736987	153	53	C	0.33490157	0.33490157
POS_VALIDATION_00314	12	1	0.94736987	148	48	G	-0.33485839	0.33485839
POS_VALIDATION_00314	13	1	0.94736987	41	-59	G	-0.30326182	0.30326182
POS_VALIDATION_00314	14	1	0.94736987	68	-32	G	-0.29325479	0.29325479
POS_VALIDATION_00314	15	1	0.94736987	56	-44	A	0.29229397	0.29229397
POS_VALIDATION_00314	16	1	0.94736987	75	-25	T	-0.28968748	0.28968748
POS_VALIDATION_00314	17	1	0.94736987	111	11	G	-0.270913	0.270913
POS_VALIDATION_00314	18	1	0.94736987	160	60	G	-0.26393348	0.26393348
POS_VALIDATION_00314	19	1	0.94736987	99	-1	T	0.25967917	0.25967917
POS_VALIDATION_00314	20	1	0.94736987	40	-60	G	-0.25747186	0.25747186
POS_VALIDATION_00314	21	1	0.94736987	143	43	C	0.25695601	0.25695601
POS_VALIDATION_00314	22	1	0.94736987	28	-72	G	-0.25365913	0.25365913
POS_VALIDATION_00314	23	1	0.94736987	119	19	C	0.24641952	0.24641952
POS_VALIDATION_00314	24	1	0.94736987	74	-26	C	0.24026772	0.24026772
POS_VALIDATION_00314	25	1	0.94736987	106	6	C	0.23950845	0.23950845
POS_VALIDATION_00314	26	1	0.94736987	90	-10	G	-0.23836786	0.23836786
POS_VALIDATION_00314	27	1	0.94736987	151	51	C	0.23280825	0.23280825
POS_VALIDATION_00314	28	1	0.94736987	0	-100	A	0.21553309	0.21553309
POS_VALIDATION_00314	29	1	0.94736987	98	-2	C	0.21232708	0.21232708
POS_VALIDATION_00314	30	1	0.94736987	164	64	G	-0.21004355	0.21004355
POS_VALIDATION_00314	31	1	0.94736987	126	26	A	-0.2062968	0.2062968
POS_VALIDATION_00314	32	1	0.94736987	129	29	G	-0.1904458	0.1904458
POS_VALIDATION_00314	33	1	0.94736987	137	37	G	-0.1857101	0.1857101
POS_VALIDATION_00314	34	1	0.94736987	80	-20	G	-0.18406506	0.18406506
POS_VALIDATION_00314	35	1	0.94736987	1	-99	A	0.17977327	0.17977327
POS_VALIDATION_00314	36	1	0.94736987	77	-23	G	-0.17969258	0.17969258
POS_VALIDATION_00314	37	1	0.94736987	11	-89	G	-0.1781276	0.1781276
POS_VALIDATION_00314	38	1	0.94736987	4	-96	G	-0.17630503	0.17630503
POS_VALIDATION_00314	39	1	0.94736987	66	-34	T	-0.17575668	0.17575668
POS_VALIDATION_00314	40	1	0.94736987	174	74	G	-0.17546183	0.17546183
POS_VALIDATION_00314	41	1	0.94736987	8	-92	A	-0.17307906	0.17307906
POS_VALIDATION_00314	42	1	0.94736987	158	58	C	0.17045838	0.17045838
POS_VALIDATION_00314	43	1	0.94736987	113	13	T	-0.16976905	0.16976905
POS_VALIDATION_00314	44	1	0.94736987	162	62	G	-0.16791438	0.16791438
POS_VALIDATION_00314	45	1	0.94736987	59	-41	G	-0.16574931	0.16574931
POS_VALIDATION_00314	46	1	0.94736987	173	73	A	-0.16280116	0.16280116
POS_VALIDATION_00314	47	1	0.94736987	32	-68	T	-0.15733799	0.15733799
POS_VALIDATION_00314	48	1	0.94736987	197	97	A	0.14967887	0.14967887
POS_VALIDATION_00314	49	1	0.94736987	120	20	T	0.14954126	0.14954126
POS_VALIDATION_00314	50	1	0.94736987	144	44	C	0.14843903	0.14843903
POS_VALIDATION_00318	1	1	0.87929082	195	95	G	-1.2466753	1.2466753
POS_VALIDATION_00318	2	1	0.87929082	1	-99	C	0.81642312	0.81642312
POS_VALIDATION_00318	3	1	0.87929082	161	61	A	-0.81237847	0.81237847
POS_VALIDATION_00318	4	1	0.87929082	47	-53	G	-0.81042498	0.81042498
POS_VALIDATION_00318	5	1	0.87929082	196	96	C	0.51076317	0.51076317
POS_VALIDATION_00318	6	1	0.87929082	66	-34	G	-0.5089761	0.5089761
POS_VALIDATION_00318	7	1	0.87929082	69	-31	C	0.43326402	0.43326402
POS_VALIDATION_00318	8	1	0.87929082	76	-24	C	0.37130523	0.37130523
POS_VALIDATION_00318	9	1	0.87929082	109	9	C	0.34608057	0.34608057
POS_VALIDATION_00318	10	1	0.87929082	173	73	G	-0.34325883	0.34325883
POS_VALIDATION_00318	11	1	0.87929082	116	16	G	-0.31220883	0.31220883
POS_VALIDATION_00318	12	1	0.87929082	87	-13	G	-0.30289283	0.30289283
POS_VALIDATION_00318	13	1	0.87929082	25	-75	C	-0.29758403	0.29758403
POS_VALIDATION_00318	14	1	0.87929082	55	-45	G	-0.2960602	0.2960602
POS_VALIDATION_00318	15	1	0.87929082	132	32	G	-0.28479618	0.28479618
POS_VALIDATION_00318	16	1	0.87929082	197	97	C	0.2827242	0.2827242
POS_VALIDATION_00318	17	1	0.87929082	167	67	C	0.27961594	0.27961594
POS_VALIDATION_00318	18	1	0.87929082	7	-93	G	-0.27628052	0.27628052
POS_VALIDATION_00318	19	1	0.87929082	75	-25	C	0.25837559	0.25837559
POS_VALIDATION_00318	20	1	0.87929082	151	51	G	-0.2499423	0.2499423
POS_VALIDATION_00318	21	1	0.87929082	198	98	C	-0.24274111	0.24274111
POS_VALIDATION_00318	22	1	0.87929082	145	45	C	0.24156892	0.24156892
POS_VALIDATION_00318	23	1	0.87929082	90	-10	G	-0.23874769	0.23874769
POS_VALIDATION_00318	24	1	0.87929082	94	-6	G	-0.23621516	0.23621516
POS_VALIDATION_00318	25	1	0.87929082	0	-100	C	0.23475491	0.23475491
POS_VALIDATION_00318	26	1	0.87929082	99	-1	T	0.2342011	0.2342011
POS_VALIDATION_00318	27	1	0.87929082	42	-58	A	-0.22959067	0.22959067
POS_VALIDATION_00318	28	1	0.87929082	80	-20	G	-0.22575177	0.22575177
POS_VALIDATION_00318	29	1	0.87929082	52	-48	G	-0.22024973	0.22024973
POS_VALIDATION_00318	30	1	0.87929082	108	8	C	0.22000891	0.22000891
POS_VALIDATION_00318	31	1	0.87929082	119	19	G	-0.21921352	0.21921352
POS_VALIDATION_00318	32	1	0.87929082	135	35	G	-0.21623057	0.21623057
POS_VALIDATION_00318	33	1	0.87929082	125	25	G	-0.21029991	0.21029991
POS_VALIDATION_00318	34	1	0.87929082	110	10	C	-0.20012702	0.20012702
POS_VALIDATION_00318	35	1	0.87929082	41	-59	T	0.19675258	0.19675258
POS_VALIDATION_00318	36	1	0.87929082	53	-47	G	-0.19304165	0.19304165
POS_VALIDATION_00318	37	1	0.87929082	44	-56	C	0.18812758	0.18812758
POS_VALIDATION_00318	38	1	0.87929082	91	-9	C	0.18738535	0.18738535
POS_VALIDATION_00318	39	1	0.87929082	81	-19	G	-0.17982857	0.17982857
POS_VALIDATION_00318	40	1	0.87929082	10	-90	G	-0.17431304	0.17431304
POS_VALIDATION_00318	41	1	0.87929082	6	-94	T	-0.17292532	0.17292532
POS_VALIDATION_00318	42	1	0.87929082	56	-44	G	-0.16921686	0.16921686
POS_VALIDATION_00318	43	1	0.87929082	130	30	G	-0.16796418	0.16796418
POS_VALIDATION_00318	44	1	0.87929082	16	-84	C	0.16655408	0.16655408
POS_VALIDATION_00318	45	1	0.87929082	34	-66	C	0.16496764	0.16496764
POS_VALIDATION_00318	46	1	0.87929082	122	22	G	-0.16071443	0.16071443
POS_VALIDATION_00318	47	1	0.87929082	101	1	G	-0.15762283	0.15762283
POS_VALIDATION_00318	48	1	0.87929082	2	-98	A	-0.15285356	0.15285356
POS_VALIDATION_00318	49	1	0.87929082	118	18	G	-0.15000582	0.15000582
POS_VALIDATION_00318	50	1	0.87929082	152	52	G	-0.14772919	0.14772919
POS_VALIDATION_00319	1	1	0.9117468	1	-99	C	1.0668668	1.0668668
POS_VALIDATION_00319	2	1	0.9117468	161	61	A	-0.71063781	0.71063781
POS_VALIDATION_00319	3	1	0.9117468	198	98	G	-0.63479257	0.63479257
POS_VALIDATION_00319	4	1	0.9117468	45	-55	G	-0.57732308	0.57732308
POS_VALIDATION_00319	5	1	0.9117468	99	-1	C	0.51797444	0.51797444
POS_VALIDATION_00319	6	1	0.9117468	148	48	G	-0.50350726	0.50350726
POS_VALIDATION_00319	7	1	0.9117468	101	1	T	-0.46336183	0.46336183
POS_VALIDATION_00319	8	1	0.9117468	126	26	T	-0.45824349	0.45824349
POS_VALIDATION_00319	9	1	0.9117468	196	96	C	0.40627277	0.40627277
POS_VALIDATION_00319	10	1	0.9117468	82	-18	C	0.38613436	0.38613436
POS_VALIDATION_00319	11	1	0.9117468	116	16	G	-0.38460445	0.38460445
POS_VALIDATION_00319	12	1	0.9117468	110	10	G	-0.36211771	0.36211771
POS_VALIDATION_00319	13	1	0.9117468	105	5	C	0.3532753	0.3532753
POS_VALIDATION_00319	14	1	0.9117468	98	-2	G	-0.31722319	0.31722319
POS_VALIDATION_00319	15	1	0.9117468	172	72	C	-0.29018718	0.29018718
POS_VALIDATION_00319	16	1	0.9117468	52	-48	G	-0.28360197	0.28360197
POS_VALIDATION_00319	17	1	0.9117468	57	-43	G	-0.28154492	0.28154492
POS_VALIDATION_00319	18	1	0.9117468	50	-50	G	-0.27942094	0.27942094
POS_VALIDATION_00319	19	1	0.9117468	19	-81	C	0.27368665	0.27368665
POS_VALIDATION_00319	20	1	0.9117468	106	6	C	0.2672292	0.2672292
POS_VALIDATION_00319	21	1	0.9117468	59	-41	G	-0.26287058	0.26287058
POS_VALIDATION_00319	22	1	0.9117468	75	-25	T	-0.25517634	0.25517634
POS_VALIDATION_00319	23	1	0.9117468	0	-100	A	0.25256893	0.25256893
POS_VALIDATION_00319	24	1	0.9117468	74	-26	T	-0.24606977	0.24606977
POS_VALIDATION_00319	25	1	0.9117468	125	25	G	-0.24604636	0.24604636
POS_VALIDATION_00319	26	1	0.9117468	87	-13	G	-0.24397777	0.24397777
POS_VALIDATION_00319	27	1	0.9117468	115	15	G	-0.24393649	0.24393649
POS_VALIDATION_00319	28	1	0.9117468	61	-39	C	0.23934944	0.23934944
POS_VALIDATION_00319	29	1	0.9117468	40	-60	G	-0.23532104	0.23532104
POS_VALIDATION_00319	30	1	0.9117468	130	30	C	0.22457695	0.22457695
POS_VALIDATION_00319	31	1	0.9117468	56	-44	T	0.22257933	0.22257933
POS_VALIDATION_00319	32	1	0.9117468	129	29	G	-0.22085688	0.22085688
POS_VALIDATION_00319	33	1	0.9117468	90	-10	G	-0.21991917	0.21991917
POS_VALIDATION_00319	34	1	0.9117468	84	-16	G	-0.21224305	0.21224305
POS_VALIDATION_00319	35	1	0.9117468	132	32	G	-0.20673639	0.20673639
POS_VALIDATION_00319	36	1	0.9117468	120	20	T	0.20643917	0.20643917
POS_VALIDATION_00319	37	1	0.9117468	107	7	C	0.20181458	0.20181458
POS_VALIDATION_00319	38	1	0.9117468	78	-22	G	-0.20133333	0.20133333
POS_VALIDATION_00319	39	1	0.9117468	53	-47	G	-0.20026053	0.20026053
POS_VALIDATION_00319	40	1	0.9117468	42	-58	T	-0.19929266	0.19929266
POS_VALIDATION_00319	41	1	0.9117468	109	9	G	-0.19668016	0.19668016
POS_VALIDATION_00319	42	1	0.9117468	7	-93	G	-0.19532666	0.19532666
POS_VALIDATION_00319	43	1	0.9117468	93	-7	G	-0.19532414	0.19532414
POS_VALIDATION_00319	44	1	0.9117468	151	51	T	-0.19479026	0.19479026
POS_VALIDATION_00319	45	1	0.9117468	77	-23	G	-0.19454142	0.19454142
POS_VALIDATION_00319	46	1	0.9117468	173	73	T	-0.19335516	0.19335516
POS_VALIDATION_00319	47	1	0.9117468	12	-88	C	0.18731925	0.18731925
POS_VALIDATION_00319	48	1	0.9117468	119	19	G	-0.18646601	0.18646601
POS_VALIDATION_00319	49	1	0.9117468	123	23	C	0.18613553	0.18613553
POS_VALIDATION_00319	50	1	0.9117468	67	-33	C	0.18502289	0.18502289
POS_VALIDATION_00320	1	1	0.74979997	47	-53	G	-0.84672028	0.84672028
POS_VALIDATION_00320	2	1	0.74979997	42	-58	C	-0.7407552	0.7407552
POS_VALIDATION_00320	3	1	0.74979997	1	-99	C	0.7063601	0.7063601
POS_VALIDATION_00320	4	1	0.74979997	23	-77	C	0.57834512	0.57834512
POS_VALIDATION_00320	5	1	0.74979997	161	61	C	0.57600737	0.57600737
POS_VALIDATION_00320	6	1	0.74979997	191	91	C	0.5641318	0.5641318
POS_VALIDATION_00320	7	1	0.74979997	120	20	G	-0.56049371	0.56049371
POS_VALIDATION_00320	8	1	0.74979997	66	-34	G	-0.49319667	0.49319667
POS_VALIDATION_00320	9	1	0.74979997	25	-75	C	-0.44912505	0.44912505
POS_VALIDATION_00320	10	1	0.74979997	177	77	G	-0.44643867	0.44643867
POS_VALIDATION_00320	11	1	0.74979997	98	-2	G	-0.39386231	0.39386231
POS_VALIDATION_00320	12	1	0.74979997	101	1	A	-0.37881196	0.37881196
POS_VALIDATION_00320	13	1	0.74979997	99	-1	C	0.34809083	0.34809083
POS_VALIDATION_00320	14	1	0.74979997	69	-31	G	-0.32945842	0.32945842
POS_VALIDATION_00320	15	1	0.74979997	76	-24	C	0.32291573	0.32291573
POS_VALIDATION_00320	16	1	0.74979997	178	78	C	0.31350264	0.31350264
POS_VALIDATION_00320	17	1	0.74979997	28	-72	G	-0.3134751	0.3134751
POS_VALIDATION_00320	18	1	0.74979997	0	-100	T	0.30790329	0.30790329
POS_VALIDATION_00320	19	1	0.74979997	70	-30	G	-0.30045605	0.30045605
POS_VALIDATION_00320	20	1	0.74979997	84	-16	T	-0.29831046	0.29831046
POS_VALIDATION_00320	21	1	0.74979997	53	-47	G	-0.26774365	0.26774365
POS_VALIDATION_00320	22	1	0.74979997	74	-26	T	-0.2640973	0.2640973
POS_VALIDATION_00320	23	1	0.74979997	151	51	G	-0.26069558	0.26069558
POS_VALIDATION_00320	24	1	0.74979997	166	66	C	-0.2542035	0.2542035
POS_VALIDATION_00320	25	1	0.74979997	164	64	G	-0.24220094	0.24220094
POS_VALIDATION_00320	26	1	0.74979997	83	-17	C	0.23644097	0.23644097
POS_VALIDATION_00320	27	1	0.74979997	138	38	G	-0.23451588	0.23451588
POS_VALIDATION_00320	28	1	0.74979997	167	67	C	0.23345044	0.23345044
POS_VALIDATION_00320	29	1	0.74979997	142	42	G	-0.23154928	0.23154928
POS_VALIDATION_00320	30	1	0.74979997	89	-11	C	0.22894847	0.22894847
POS_VALIDATION_00320	31	1	0.74979997	123	23	A	-0.22213554	0.22213554
POS_VALIDATION_00320	32	1	0.74979997	147	47	G	-0.21285254	0.21285254
POS_VALIDATION_00320	33	1	0.74979997	51	-49	C	0.20100534	0.20100534
POS_VALIDATION_00320	34	1	0.74979997	32	-68	T	-0.19760445	0.19760445
POS_VALIDATION_00320	35	1	0.74979997	52	-48	A	-0.1956282	0.1956282
POS_VALIDATION_00320	36	1	0.74979997	193	93	C	-0.19150943	0.19150943
POS_VALIDATION_00320	37	1	0.74979997	78	-22	G	-0.18562254	0.18562254
POS_VALIDATION_00320	38	1	0.74979997	141	41	G	-0.18080789	0.18080789
POS_VALIDATION_00320	39	1	0.74979997	62	-38	G	-0.17937776	0.17937776
POS_VALIDATION_00320	40	1	0.74979997	97	-3	G	-0.17674476	0.17674476
POS_VALIDATION_00320	41	1	0.74979997	2	-98	T	-0.17391029	0.17391029
POS_VALIDATION_00320	42	1	0.74979997	71	-29	G	-0.17040986	0.17040986
POS_VALIDATION_00320	43	1	0.74979997	63	-37	G	-0.17035197	0.17035197
POS_VALIDATION_00320	44	1	0.74979997	38	-62	G	-0.16937461	0.16937461
POS_VALIDATION_00320	45	1	0.74979997	115	15	T	0.164368	0.164368
POS_VALIDATION_00320	46	1	0.74979997	122	22	G	-0.16410679	0.16410679
POS_VALIDATION_00320	47	1	0.74979997	21	-79	G	-0.16311872	0.16311872
POS_VALIDATION_00320	48	1	0.74979997	183	83	G	-0.16067807	0.16067807
POS_VALIDATION_00320	49	1	0.74979997	81	-19	G	-0.16043247	0.16043247
POS_VALIDATION_00320	50	1	0.74979997	150	50	G	-0.16010454	0.16010454
POS_VALIDATION_00323	1	1	0.77837658	113	13	C	1.017417	1.017417
POS_VALIDATION_00323	2	1	0.77837658	45	-55	G	-0.55800897	0.55800897
POS_VALIDATION_00323	3	1	0.77837658	139	39	C	-0.42365962	0.42365962
POS_VALIDATION_00323	4	1	0.77837658	173	73	G	-0.36941618	0.36941618
POS_VALIDATION_00323	5	1	0.77837658	196	96	C	0.36619332	0.36619332
POS_VALIDATION_00323	6	1	0.77837658	148	48	G	-0.35800683	0.35800683
POS_VALIDATION_00323	7	1	0.77837658	75	-25	G	-0.32845265	0.32845265
POS_VALIDATION_00323	8	1	0.77837658	106	6	G	-0.32094181	0.32094181
POS_VALIDATION_00323	9	1	0.77837658	101	1	C	-0.31518215	0.31518215
POS_VALIDATION_00323	10	1	0.77837658	131	31	C	-0.30212873	0.30212873
POS_VALIDATION_00323	11	1	0.77837658	170	70	C	0.27888405	0.27888405
POS_VALIDATION_00323	12	1	0.77837658	40	-60	G	-0.27477229	0.27477229
POS_VALIDATION_00323	13	1	0.77837658	161	61	C	0.27239573	0.27239573
POS_VALIDATION_00323	14	1	0.77837658	1	-99	A	0.26661029	0.26661029
POS_VALIDATION_00323	15	1	0.77837658	0	-100	G	-0.26472917	0.26472917
POS_VALIDATION_00323	16	1	0.77837658	2	-98	A	-0.25871056	0.25871056
POS_VALIDATION_00323	17	1	0.77837658	116	16	G	-0.24875587	0.24875587
POS_VALIDATION_00323	18	1	0.77837658	190	90	C	0.24680081	0.24680081
POS_VALIDATION_00323	19	1	0.77837658	167	67	C	0.24392951	0.24392951
POS_VALIDATION_00323	20	1	0.77837658	142	42	G	-0.2425611	0.2425611
POS_VALIDATION_00323	21	1	0.77837658	171	71	C	-0.24099146	0.24099146
POS_VALIDATION_00323	22	1	0.77837658	132	32	G	-0.2309643	0.2309643
POS_VALIDATION_00323	23	1	0.77837658	166	66	C	-0.21267813	0.21267813
POS_VALIDATION_00323	24	1	0.77837658	10	-90	G	-0.20830157	0.20830157
POS_VALIDATION_00323	25	1	0.77837658	186	86	C	0.20515533	0.20515533
POS_VALIDATION_00323	26	1	0.77837658	193	93	G	-0.20152915	0.20152915
POS_VALIDATION_00323	27	1	0.77837658	188	88	G	-0.20106654	0.20106654
POS_VALIDATION_00323	28	1	0.77837658	74	-26	G	-0.1914967	0.1914967
POS_VALIDATION_00323	29	1	0.77837658	129	29	C	0.18996295	0.18996295
POS_VALIDATION_00323	30	1	0.77837658	50	-50	G	-0.18858235	0.18858235
POS_VALIDATION_00323	31	1	0.77837658	109	9	C	0.18605305	0.18605305
POS_VALIDATION_00323	32	1	0.77837658	58	-42	G	-0.18008859	0.18008859
POS_VALIDATION_00323	33	1	0.77837658	78	-22	C	0.17990008	0.17990008
POS_VALIDATION_00323	34	1	0.77837658	126	26	A	-0.17621237	0.17621237
POS_VALIDATION_00323	35	1	0.77837658	108	8	G	-0.17454857	0.17454857
POS_VALIDATION_00323	36	1	0.77837658	169	69	G	-0.1727895	0.1727895
POS_VALIDATION_00323	37	1	0.77837658	62	-38	G	-0.16812852	0.16812852
POS_VALIDATION_00323	38	1	0.77837658	89	-11	C	0.15838705	0.15838705
POS_VALIDATION_00323	39	1	0.77837658	24	-76	C	-0.15727897	0.15727897
POS_VALIDATION_00323	40	1	0.77837658	70	-30	G	-0.15515879	0.15515879
POS_VALIDATION_00323	41	1	0.77837658	69	-31	A	-0.15474805	0.15474805
POS_VALIDATION_00323	42	1	0.77837658	66	-34	T	-0.15381689	0.15381689
POS_VALIDATION_00323	43	1	0.77837658	4	-96	G	-0.15222651	0.15222651
POS_VALIDATION_00323	44	1	0.77837658	125	25	C	-0.15142775	0.15142775
POS_VALIDATION_00323	45	1	0.77837658	92	-8	G	-0.15062581	0.15062581
POS_VALIDATION_00323	46	1	0.77837658	51	-49	G	-0.14733909	0.14733909
POS_VALIDATION_00323	47	1	0.77837658	6	-94	A	-0.14681625	0.14681625
POS_VALIDATION_00323	48	1	0.77837658	56	-44	T	0.14132649	0.14132649
POS_VALIDATION_00323	49	1	0.77837658	105	5	G	-0.1406299	0.1406299
POS_VALIDATION_00323	50	1	0.77837658	115	15	T	0.13975154	0.13975154
POS_VALIDATION_00324	1	1	0.75451362	1	-99	C	0.82888049	0.82888049
POS_VALIDATION_00324	2	1	0.75451362	45	-55	G	-0.56943309	0.56943309
POS_VALIDATION_00324	3	1	0.75451362	93	-7	A	-0.53858626	0.53858626
POS_VALIDATION_00324	4	1	0.75451362	110	10	G	-0.53857964	0.53857964
POS_VALIDATION_00324	5	1	0.75451362	196	96	C	0.50525773	0.50525773
POS_VALIDATION_00324	6	1	0.75451362	24	-76	G	-0.48509783	0.48509783
POS_VALIDATION_00324	7	1	0.75451362	75	-25	T	-0.46088487	0.46088487
POS_VALIDATION_00324	8	1	0.75451362	181	81	G	-0.45755807	0.45755807
POS_VALIDATION_00324	9	1	0.75451362	185	85	G	-0.40254903	0.40254903
POS_VALIDATION_00324	10	1	0.75451362	84	-16	C	0.39081836	0.39081836
POS_VALIDATION_00324	11	1	0.75451362	173	73	G	-0.36485359	0.36485359
POS_VALIDATION_00324	12	1	0.75451362	0	-100	T	0.32816896	0.32816896
POS_VALIDATION_00324	13	1	0.75451362	26	-74	G	-0.31383535	0.31383535
POS_VALIDATION_00324	14	1	0.75451362	190	90	C	0.30828619	0.30828619
POS_VALIDATION_00324	15	1	0.75451362	52	-48	C	-0.29906768	0.29906768
POS_VALIDATION_00324	16	1	0.75451362	170	70	C	0.27988037	0.27988037
POS_VALIDATION_00324	17	1	0.75451362	5	-95	G	-0.26930508	0.26930508
POS_VALIDATION_00324	18	1	0.75451362	71	-29	C	0.26252267	0.26252267
POS_VALIDATION_00324	19	1	0.75451362	184	84	T	-0.23536175	0.23536175
POS_VALIDATION_00324	20	1	0.75451362	16	-84	G	-0.23032963	0.23032963
POS_VALIDATION_00324	21	1	0.75451362	69	-31	G	-0.22171447	0.22171447
POS_VALIDATION_00324	22	1	0.75451362	21	-79	A	-0.22091225	0.22091225
POS_VALIDATION_00324	23	1	0.75451362	6	-94	T	-0.21676935	0.21676935
POS_VALIDATION_00324	24	1	0.75451362	160	60	G	-0.21584865	0.21584865
POS_VALIDATION_00324	25	1	0.75451362	167	67	C	0.21408799	0.21408799
POS_VALIDATION_00324	26	1	0.75451362	49	-51	C	0.21034127	0.21034127
POS_VALIDATION_00324	27	1	0.75451362	94	-6	G	-0.20751518	0.20751518
POS_VALIDATION_00324	28	1	0.75451362	139	39	G	-0.20514098	0.20514098
POS_VALIDATION_00324	29	1	0.75451362	74	-26	C	0.20344323	0.20344323
POS_VALIDATION_00324	30	1	0.75451362	155	55	G	-0.20228705	0.20228705
POS_VALIDATION_00324	31	1	0.75451362	182	82	G	-0.2018882	0.2018882
POS_VALIDATION_00324	32	1	0.75451362	129	29	G	-0.1987461	0.1987461
POS_VALIDATION_00324	33	1	0.75451362	176	76	G	-0.19422445	0.19422445
POS_VALIDATION_00324	34	1	0.75451362	90	-10	G	-0.19319244	0.19319244
POS_VALIDATION_00324	35	1	0.75451362	3	-97	C	0.19266301	0.19266301
POS_VALIDATION_00324	36	1	0.75451362	98	-2	C	0.18735403	0.18735403
POS_VALIDATION_00324	37	1	0.75451362	137	37	G	-0.18543507	0.18543507
POS_VALIDATION_00324	38	1	0.75451362	58	-42	C	0.18282899	0.18282899
POS_VALIDATION_00324	39	1	0.75451362	30	-70	C	0.17892306	0.17892306
POS_VALIDATION_00324	40	1	0.75451362	120	20	C	0.17820519	0.17820519
POS_VALIDATION_00324	41	1	0.75451362	109	9	G	-0.177295	0.177295
POS_VALIDATION_00324	42	1	0.75451362	2	-98	T	-0.17616595	0.17616595
POS_VALIDATION_00324	43	1	0.75451362	161	61	G	-0.17283624	0.17283624
POS_VALIDATION_00324	44	1	0.75451362	8	-92	A	-0.1727923	0.1727923
POS_VALIDATION_00324	45	1	0.75451362	197	97	C	-0.17262745	0.17262745
POS_VALIDATION_00324	46	1	0.75451362	78	-22	C	0.16971079	0.16971079
POS_VALIDATION_00324	47	1	0.75451362	115	15	C	0.16696915	0.16696915
POS_VALIDATION_00324	48	1	0.75451362	29	-71	G	-0.16682941	0.16682941
POS_VALIDATION_00324	49	1	0.75451362	124	24	G	-0.16576929	0.16576929
POS_VALIDATION_00324	50	1	0.75451362	162	62	G	-0.16492388	0.16492388
POS_VALIDATION_00326	1	1	0.79095685	120	20	G	-1.0304608	1.0304608
POS_VALIDATION_00326	2	1	0.79095685	23	-77	C	0.81650639	0.81650639
POS_VALIDATION_00326	3	1	0.79095685	161	61	C	0.79352665	0.79352665
POS_VALIDATION_00326	4	1	0.79095685	35	-65	G	-0.56426406	0.56426406
POS_VALIDATION_00326	5	1	0.79095685	112	12	C	0.46329281	0.46329281
POS_VALIDATION_00326	6	1	0.79095685	55	-45	G	-0.4349598	0.4349598
POS_VALIDATION_00326	7	1	0.79095685	142	42	G	-0.4275676	0.4275676
POS_VALIDATION_00326	8	1	0.79095685	138	38	G	-0.40707374	0.40707374
POS_VALIDATION_00326	9	1	0.79095685	194	94	G	-0.38356161	0.38356161
POS_VALIDATION_00326	10	1	0.79095685	178	78	C	0.36762083	0.36762083
POS_VALIDATION_00326	11	1	0.79095685	57	-43	G	-0.36352035	0.36352035
POS_VALIDATION_00326	12	1	0.79095685	0	-100	A	0.35652271	0.35652271
POS_VALIDATION_00326	13	1	0.79095685	196	96	G	-0.3477819	0.3477819
POS_VALIDATION_00326	14	1	0.79095685	121	21	C	0.34434637	0.34434637
POS_VALIDATION_00326	15	1	0.79095685	119	19	G	-0.34138259	0.34138259
POS_VALIDATION_00326	16	1	0.79095685	106	6	G	-0.33376497	0.33376497
POS_VALIDATION_00326	17	1	0.79095685	3	-97	C	0.32738066	0.32738066
POS_VALIDATION_00326	18	1	0.79095685	125	25	G	-0.32724321	0.32724321
POS_VALIDATION_00326	19	1	0.79095685	75	-25	G	-0.32135922	0.32135922
POS_VALIDATION_00326	20	1	0.79095685	82	-18	C	0.29638317	0.29638317
POS_VALIDATION_00326	21	1	0.79095685	99	-1	G	-0.2898452	0.2898452
POS_VALIDATION_00326	22	1	0.79095685	158	58	C	0.2810241	0.2810241
POS_VALIDATION_00326	23	1	0.79095685	15	-85	C	0.27761942	0.27761942
POS_VALIDATION_00326	24	1	0.79095685	101	1	G	-0.27616361	0.27616361
POS_VALIDATION_00326	25	1	0.79095685	145	45	C	0.27334827	0.27334827
POS_VALIDATION_00326	26	1	0.79095685	154	54	G	-0.26156411	0.26156411
POS_VALIDATION_00326	27	1	0.79095685	5	-95	G	-0.26038098	0.26038098
POS_VALIDATION_00326	28	1	0.79095685	160	60	C	0.25883883	0.25883883
POS_VALIDATION_00326	29	1	0.79095685	97	-3	G	-0.25864613	0.25864613
POS_VALIDATION_00326	30	1	0.79095685	123	23	A	-0.25787655	0.25787655
POS_VALIDATION_00326	31	1	0.79095685	56	-44	G	-0.25730473	0.25730473
POS_VALIDATION_00326	32	1	0.79095685	52	-48	G	-0.25711483	0.25711483
POS_VALIDATION_00326	33	1	0.79095685	136	36	C	0.25544876	0.25544876
POS_VALIDATION_00326	34	1	0.79095685	6	-94	G	-0.25226292	0.25226292
POS_VALIDATION_00326	35	1	0.79095685	151	51	G	-0.25206295	0.25206295
POS_VALIDATION_00326	36	1	0.79095685	84	-16	G	-0.24743107	0.24743107
POS_VALIDATION_00326	37	1	0.79095685	115	15	T	0.24267994	0.24267994
POS_VALIDATION_00326	38	1	0.79095685	130	30	C	0.2416178	0.2416178
POS_VALIDATION_00326	39	1	0.79095685	122	22	C	0.24044438	0.24044438
POS_VALIDATION_00326	40	1	0.79095685	64	-36	G	-0.23852411	0.23852411
POS_VALIDATION_00326	41	1	0.79095685	126	26	A	-0.23426697	0.23426697
POS_VALIDATION_00326	42	1	0.79095685	27	-73	C	0.23281777	0.23281777
POS_VALIDATION_00326	43	1	0.79095685	58	-42	C	0.23189509	0.23189509
POS_VALIDATION_00326	44	1	0.79095685	141	41	T	-0.22993614	0.22993614
POS_VALIDATION_00326	45	1	0.79095685	109	9	G	-0.22415212	0.22415212
POS_VALIDATION_00326	46	1	0.79095685	71	-29	G	-0.21914876	0.21914876
POS_VALIDATION_00326	47	1	0.79095685	21	-79	G	-0.21778804	0.21778804
POS_VALIDATION_00326	48	1	0.79095685	104	4	G	-0.2143487	0.2143487
POS_VALIDATION_00326	49	1	0.79095685	139	39	C	-0.20375666	0.20375666
POS_VALIDATION_00326	50	1	0.79095685	11	-89	G	-0.19555441	0.19555441
POS_VALIDATION_00330	1	1	0.98456424	36	-64	C	0.88270122	0.88270122
POS_VALIDATION_00330	2	1	0.98456424	93	-7	T	-0.71686447	0.71686447
POS_VALIDATION_00330	3	1	0.98456424	173	73	C	0.69314659	0.69314659
POS_VALIDATION_00330	4	1	0.98456424	110	10	G	-0.65824616	0.65824616
POS_VALIDATION_00330	5	1	0.98456424	161	61	C	0.5486148	0.5486148
POS_VALIDATION_00330	6	1	0.98456424	177	77	G	-0.52398121	0.52398121
POS_VALIDATION_00330	7	1	0.98456424	84	-16	C	0.44315085	0.44315085
POS_VALIDATION_00330	8	1	0.98456424	198	98	G	-0.41643983	0.41643983
POS_VALIDATION_00330	9	1	0.98456424	83	-17	C	0.37567443	0.37567443
POS_VALIDATION_00330	10	1	0.98456424	116	16	G	-0.37010235	0.37010235
POS_VALIDATION_00330	11	1	0.98456424	75	-25	C	0.33432218	0.33432218
POS_VALIDATION_00330	12	1	0.98456424	126	26	A	-0.33378541	0.33378541
POS_VALIDATION_00330	13	1	0.98456424	71	-29	C	0.33353484	0.33353484
POS_VALIDATION_00330	14	1	0.98456424	169	69	G	-0.32910651	0.32910651
POS_VALIDATION_00330	15	1	0.98456424	35	-65	C	0.30434299	0.30434299
POS_VALIDATION_00330	16	1	0.98456424	106	6	G	-0.30396733	0.30396733
POS_VALIDATION_00330	17	1	0.98456424	56	-44	G	-0.30142015	0.30142015
POS_VALIDATION_00330	18	1	0.98456424	0	-100	G	-0.29995114	0.29995114
POS_VALIDATION_00330	19	1	0.98456424	51	-49	C	0.29847395	0.29847395
POS_VALIDATION_00330	20	1	0.98456424	121	21	C	0.28783208	0.28783208
POS_VALIDATION_00330	21	1	0.98456424	187	87	C	0.28753281	0.28753281
POS_VALIDATION_00330	22	1	0.98456424	74	-26	C	0.28677225	0.28677225
POS_VALIDATION_00330	23	1	0.98456424	66	-34	T	-0.28665814	0.28665814
POS_VALIDATION_00330	24	1	0.98456424	28	-72	G	-0.26892924	0.26892924
POS_VALIDATION_00330	25	1	0.98456424	94	-6	G	-0.25013518	0.25013518
POS_VALIDATION_00330	26	1	0.98456424	120	20	C	0.24209069	0.24209069
POS_VALIDATION_00330	27	1	0.98456424	42	-58	G	-0.23760301	0.23760301
POS_VALIDATION_00330	28	1	0.98456424	138	38	G	-0.23585805	0.23585805
POS_VALIDATION_00330	29	1	0.98456424	6	-94	T	-0.23554736	0.23554736
POS_VALIDATION_00330	30	1	0.98456424	172	72	C	0.22586218	0.22586218
POS_VALIDATION_00330	31	1	0.98456424	170	70	C	0.22078636	0.22078636
POS_VALIDATION_00330	32	1	0.98456424	166	66	C	-0.22035107	0.22035107
POS_VALIDATION_00330	33	1	0.98456424	111	11	C	0.20816872	0.20816872
POS_VALIDATION_00330	34	1	0.98456424	112	12	C	0.20535083	0.20535083
POS_VALIDATION_00330	35	1	0.98456424	193	93	G	-0.18388003	0.18388003
POS_VALIDATION_00330	36	1	0.98456424	2	-98	A	-0.18378696	0.18378696
POS_VALIDATION_00330	37	1	0.98456424	108	8	G	-0.1823954	0.1823954
POS_VALIDATION_00330	38	1	0.98456424	164	64	C	0.17730533	0.17730533
POS_VALIDATION_00330	39	1	0.98456424	141	41	A	-0.17668532	0.17668532
POS_VALIDATION_00330	40	1	0.98456424	99	-1	T	0.16313501	0.16313501
POS_VALIDATION_00330	41	1	0.98456424	69	-31	A	-0.16036335	0.16036335
POS_VALIDATION_00330	42	1	0.98456424	147	47	G	-0.15163824	0.15163824
POS_VALIDATION_00330	43	1	0.98456424	80	-20	C	0.14913006	0.14913006
POS_VALIDATION_00330	44	1	0.98456424	52	-48	T	-0.14826766	0.14826766
POS_VALIDATION_00330	45	1	0.98456424	34	-66	G	-0.14788158	0.14788158
POS_VALIDATION_00330	46	1	0.98456424	122	22	G	-0.14686872	0.14686872
POS_VALIDATION_00330	47	1	0.98456424	32	-68	T	-0.14669392	0.14669392
POS_VALIDATION_00330	48	1	0.98456424	119	19	C	0.14623347	0.14623347
POS_VALIDATION_00330	49	1	0.98456424	12	-88	G	-0.14334044	0.14334044
POS_VALIDATION_00330	50	1	0.98456424	115	15	C	0.14177102	0.14177102
POS_VALIDATION_00331	1	1	0.93099177	93	-7	A	-0.62375486	0.62375486
POS_VALIDATION_00331	2	1	0.93099177	15	-85	G	-0.38725817	0.38725817
POS_VALIDATION_00331	3	1	0.93099177	66	-34	G	-0.36903325	0.36903325
POS_VALIDATION_00331	4	1	0.93099177	166	66	C	-0.3488152	0.3488152
POS_VALIDATION_00331	5	1	0.93099177	198	98	G	-0.34485072	0.34485072
POS_VALIDATION_00331	6	1	0.93099177	110	10	G	-0.33839065	0.33839065
POS_VALIDATION_00331	7	1	0.93099177	99	-1	C	0.28832707	0.28832707
POS_VALIDATION_00331	8	1	0.93099177	170	70	C	0.27616385	0.27616385
POS_VALIDATION_00331	9	1	0.93099177	1	-99	A	0.27561128	0.27561128
POS_VALIDATION_00331	10	1	0.93099177	104	4	T	-0.2692022	0.2692022
POS_VALIDATION_00331	11	1	0.93099177	105	5	C	0.2495387	0.2495387
POS_VALIDATION_00331	12	1	0.93099177	140	40	G	-0.24844956	0.24844956
POS_VALIDATION_00331	13	1	0.93099177	68	-32	G	-0.2440435	0.2440435
POS_VALIDATION_00331	14	1	0.93099177	116	16	C	-0.23703709	0.23703709
POS_VALIDATION_00331	15	1	0.93099177	35	-65	T	0.23678887	0.23678887
POS_VALIDATION_00331	16	1	0.93099177	75	-25	C	0.23551244	0.23551244
POS_VALIDATION_00331	17	1	0.93099177	8	-92	C	-0.22340035	0.22340035
POS_VALIDATION_00331	18	1	0.93099177	151	51	C	0.22305977	0.22305977
POS_VALIDATION_00331	19	1	0.93099177	169	69	G	-0.22045054	0.22045054
POS_VALIDATION_00331	20	1	0.93099177	121	21	C	0.20779774	0.20779774
POS_VALIDATION_00331	21	1	0.93099177	115	15	T	0.2037333	0.2037333
POS_VALIDATION_00331	22	1	0.93099177	70	-30	G	-0.20260561	0.20260561
POS_VALIDATION_00331	23	1	0.93099177	61	-39	C	0.19825225	0.19825225
POS_VALIDATION_00331	24	1	0.93099177	142	42	G	-0.19704792	0.19704792
POS_VALIDATION_00331	25	1	0.93099177	55	-45	G	-0.19137277	0.19137277
POS_VALIDATION_00331	26	1	0.93099177	56	-44	G	-0.1838396	0.1838396
POS_VALIDATION_00331	27	1	0.93099177	137	37	G	-0.18171656	0.18171656
POS_VALIDATION_00331	28	1	0.93099177	109	9	C	0.17433275	0.17433275
POS_VALIDATION_00331	29	1	0.93099177	184	84	T	-0.16687806	0.16687806
POS_VALIDATION_00331	30	1	0.93099177	193	93	G	-0.16502176	0.16502176
POS_VALIDATION_00331	31	1	0.93099177	132	32	G	-0.16486377	0.16486377
POS_VALIDATION_00331	32	1	0.93099177	2	-98	C	-0.15783012	0.15783012
POS_VALIDATION_00331	33	1	0.93099177	69	-31	C	0.15730496	0.15730496
POS_VALIDATION_00331	34	1	0.93099177	83	-17	C	0.15497461	0.15497461
POS_VALIDATION_00331	35	1	0.93099177	129	29	C	0.15337829	0.15337829
POS_VALIDATION_00331	36	1	0.93099177	164	64	G	-0.15172233	0.15172233
POS_VALIDATION_00331	37	1	0.93099177	58	-42	G	-0.14766458	0.14766458
POS_VALIDATION_00331	38	1	0.93099177	124	24	A	-0.14552549	0.14552549
POS_VALIDATION_00331	39	1	0.93099177	196	96	G	-0.14375792	0.14375792
POS_VALIDATION_00331	40	1	0.93099177	179	79	G	-0.14338681	0.14338681
POS_VALIDATION_00331	41	1	0.93099177	74	-26	T	-0.1418789	0.1418789
POS_VALIDATION_00331	42	1	0.93099177	125	25	G	-0.14184427	0.14184427
POS_VALIDATION_00331	43	1	0.93099177	6	-94	G	-0.14046004	0.14046004
POS_VALIDATION_00331	44	1	0.93099177	188	88	G	-0.13864389	0.13864389
POS_VALIDATION_00331	45	1	0.93099177	98	-2	C	0.13701622	0.13701622
POS_VALIDATION_00331	46	1	0.93099177	43	-57	G	-0.13562223	0.13562223
POS_VALIDATION_00331	47	1	0.93099177	52	-48	G	-0.134195	0.134195
POS_VALIDATION_00331	48	1	0.93099177	25	-75	T	-0.13337009	0.13337009
POS_VALIDATION_00331	49	1	0.93099177	160	60	C	0.13223597	0.13223597
POS_VALIDATION_00331	50	1	0.93099177	38	-62	G	-0.1276326	0.1276326
POS_VALIDATION_00333	1	1	0.8471536	42	-58	C	-0.97865796	0.97865796
POS_VALIDATION_00333	2	1	0.8471536	23	-77	C	0.44693738	0.44693738
POS_VALIDATION_00333	3	1	0.8471536	161	61	C	0.36727515	0.36727515
POS_VALIDATION_00333	4	1	0.8471536	101	1	A	-0.36224234	0.36224234
POS_VALIDATION_00333	5	1	0.8471536	24	-76	G	-0.35854673	0.35854673
POS_VALIDATION_00333	6	1	0.8471536	167	67	A	-0.35165441	0.35165441
POS_VALIDATION_00333	7	1	0.8471536	76	-24	C	0.35104015	0.35104015
POS_VALIDATION_00333	8	1	0.8471536	99	-1	C	0.34747648	0.34747648
POS_VALIDATION_00333	9	1	0.8471536	75	-25	A	-0.34368867	0.34368867
POS_VALIDATION_00333	10	1	0.8471536	45	-55	G	-0.34271294	0.34271294
POS_VALIDATION_00333	11	1	0.8471536	148	48	G	-0.31270862	0.31270862
POS_VALIDATION_00333	12	1	0.8471536	173	73	G	-0.28909311	0.28909311
POS_VALIDATION_00333	13	1	0.8471536	154	54	C	-0.27326584	0.27326584
POS_VALIDATION_00333	14	1	0.8471536	57	-43	G	-0.27039918	0.27039918
POS_VALIDATION_00333	15	1	0.8471536	84	-16	T	-0.26982078	0.26982078
POS_VALIDATION_00333	16	1	0.8471536	103	3	C	0.24741663	0.24741663
POS_VALIDATION_00333	17	1	0.8471536	32	-68	G	-0.23832321	0.23832321
POS_VALIDATION_00333	18	1	0.8471536	66	-34	T	-0.22946331	0.22946331
POS_VALIDATION_00333	19	1	0.8471536	193	93	G	-0.201564	0.201564
POS_VALIDATION_00333	20	1	0.8471536	2	-98	C	-0.1947252	0.1947252
POS_VALIDATION_00333	21	1	0.8471536	25	-75	G	-0.1927198	0.1927198
POS_VALIDATION_00333	22	1	0.8471536	87	-13	G	-0.18999563	0.18999563
POS_VALIDATION_00333	23	1	0.8471536	185	85	G	-0.18865128	0.18865128
POS_VALIDATION_00333	24	1	0.8471536	59	-41	G	-0.18564379	0.18564379
POS_VALIDATION_00333	25	1	0.8471536	6	-94	T	-0.18539163	0.18539163
POS_VALIDATION_00333	26	1	0.8471536	69	-31	C	0.17666133	0.17666133
POS_VALIDATION_00333	27	1	0.8471536	164	64	C	-0.17492747	0.17492747
POS_VALIDATION_00333	28	1	0.8471536	56	-44	A	0.17392512	0.17392512
POS_VALIDATION_00333	29	1	0.8471536	61	-39	C	0.1731732	0.1731732
POS_VALIDATION_00333	30	1	0.8471536	54	-46	G	-0.15849189	0.15849189
POS_VALIDATION_00333	31	1	0.8471536	5	-95	T	0.15446991	0.15446991
POS_VALIDATION_00333	32	1	0.8471536	151	51	C	0.15183516	0.15183516
POS_VALIDATION_00333	33	1	0.8471536	14	-86	T	-0.15179725	0.15179725
POS_VALIDATION_00333	34	1	0.8471536	108	8	C	0.14517102	0.14517102
POS_VALIDATION_00333	35	1	0.8471536	117	17	C	-0.14353217	0.14353217
POS_VALIDATION_00333	36	1	0.8471536	50	-50	G	-0.14283718	0.14283718
POS_VALIDATION_00333	37	1	0.8471536	138	38	T	-0.13551041	0.13551041
POS_VALIDATION_00333	38	1	0.8471536	182	82	G	-0.13317758	0.13317758
POS_VALIDATION_00333	39	1	0.8471536	89	-11	C	0.13062263	0.13062263
POS_VALIDATION_00333	40	1	0.8471536	152	52	C	0.12743378	0.12743378
POS_VALIDATION_00333	41	1	0.8471536	82	-18	C	0.1213292	0.1213292
POS_VALIDATION_00333	42	1	0.8471536	83	-17	C	0.11765201	0.11765201
POS_VALIDATION_00333	43	1	0.8471536	184	84	A	-0.11640331	0.11640331
POS_VALIDATION_00333	44	1	0.8471536	131	31	G	-0.11362471	0.11362471
POS_VALIDATION_00333	45	1	0.8471536	78	-22	G	-0.11281376	0.11281376
POS_VALIDATION_00333	46	1	0.8471536	189	89	C	-0.11202512	0.11202512
POS_VALIDATION_00333	47	1	0.8471536	115	15	C	0.11172579	0.11172579
POS_VALIDATION_00333	48	1	0.8471536	121	21	C	0.10850105	0.10850105
POS_VALIDATION_00333	49	1	0.8471536	36	-64	T	0.10338894	0.10338894
POS_VALIDATION_00333	50	1	0.8471536	141	41	C	-0.10220515	0.10220515
POS_VALIDATION_00334	1	1	0.83896762	113	13	C	1.2320466	1.2320466
POS_VALIDATION_00334	2	1	0.83896762	161	61	T	-0.83335793	0.83335793
POS_VALIDATION_00334	3	1	0.83896762	45	-55	G	-0.66262472	0.66262472
POS_VALIDATION_00334	4	1	0.83896762	99	-1	C	0.51400071	0.51400071
POS_VALIDATION_00334	5	1	0.83896762	66	-34	G	-0.50119042	0.50119042
POS_VALIDATION_00334	6	1	0.83896762	75	-25	C	0.48939553	0.48939553
POS_VALIDATION_00334	7	1	0.83896762	181	81	G	-0.47049555	0.47049555
POS_VALIDATION_00334	8	1	0.83896762	196	96	C	0.45447427	0.45447427
POS_VALIDATION_00334	9	1	0.83896762	138	38	A	-0.38607049	0.38607049
POS_VALIDATION_00334	10	1	0.83896762	25	-75	C	-0.38251543	0.38251543
POS_VALIDATION_00334	11	1	0.83896762	15	-85	G	-0.36436546	0.36436546
POS_VALIDATION_00334	12	1	0.83896762	41	-59	G	-0.33854556	0.33854556
POS_VALIDATION_00334	13	1	0.83896762	84	-16	C	0.33032548	0.33032548
POS_VALIDATION_00334	14	1	0.83896762	51	-49	C	0.31488723	0.31488723
POS_VALIDATION_00334	15	1	0.83896762	106	6	C	0.30775076	0.30775076
POS_VALIDATION_00334	16	1	0.83896762	169	69	G	-0.2987538	0.2987538
POS_VALIDATION_00334	17	1	0.83896762	171	71	G	-0.29815888	0.29815888
POS_VALIDATION_00334	18	1	0.83896762	28	-72	G	-0.29209954	0.29209954
POS_VALIDATION_00334	19	1	0.83896762	69	-31	T	-0.28618371	0.28618371
POS_VALIDATION_00334	20	1	0.83896762	112	12	C	0.28482109	0.28482109
POS_VALIDATION_00334	21	1	0.83896762	56	-44	G	-0.27741385	0.27741385
POS_VALIDATION_00334	22	1	0.83896762	119	19	C	0.27688631	0.27688631
POS_VALIDATION_00334	23	1	0.83896762	139	39	G	-0.2729097	0.2729097
POS_VALIDATION_00334	24	1	0.83896762	55	-45	G	-0.26854181	0.26854181
POS_VALIDATION_00334	25	1	0.83896762	89	-11	C	0.26078174	0.26078174
POS_VALIDATION_00334	26	1	0.83896762	142	42	G	-0.25991154	0.25991154
POS_VALIDATION_00334	27	1	0.83896762	50	-50	G	-0.25352013	0.25352013
POS_VALIDATION_00334	28	1	0.83896762	140	40	G	-0.24969704	0.24969704
POS_VALIDATION_00334	29	1	0.83896762	98	-2	G	-0.24869934	0.24869934
POS_VALIDATION_00334	30	1	0.83896762	132	32	G	-0.24069701	0.24069701
POS_VALIDATION_00334	31	1	0.83896762	30	-70	T	-0.23841333	0.23841333
POS_VALIDATION_00334	32	1	0.83896762	109	9	G	-0.23544833	0.23544833
POS_VALIDATION_00334	33	1	0.83896762	93	-7	T	-0.22035801	0.22035801
POS_VALIDATION_00334	34	1	0.83896762	23	-77	G	-0.21823359	0.21823359
POS_VALIDATION_00334	35	1	0.83896762	53	-47	G	-0.21613184	0.21613184
POS_VALIDATION_00334	36	1	0.83896762	191	91	T	0.21426722	0.21426722
POS_VALIDATION_00334	37	1	0.83896762	52	-48	A	-0.21309054	0.21309054
POS_VALIDATION_00334	38	1	0.83896762	42	-58	G	-0.20999968	0.20999968
POS_VALIDATION_00334	39	1	0.83896762	131	31	G	-0.20753551	0.20753551
POS_VALIDATION_00334	40	1	0.83896762	19	-81	C	0.20029654	0.20029654
POS_VALIDATION_00334	41	1	0.83896762	115	15	G	-0.19975553	0.19975553
POS_VALIDATION_00334	42	1	0.83896762	74	-26	G	-0.19945589	0.19945589
POS_VALIDATION_00334	43	1	0.83896762	32	-68	T	-0.19701716	0.19701716
POS_VALIDATION_00334	44	1	0.83896762	92	-8	G	-0.18773474	0.18773474
POS_VALIDATION_00334	45	1	0.83896762	183	83	G	-0.18658608	0.18658608
POS_VALIDATION_00334	46	1	0.83896762	120	20	C	0.1836226	0.1836226
POS_VALIDATION_00334	47	1	0.83896762	0	-100	C	0.17744385	0.17744385
POS_VALIDATION_00334	48	1	0.83896762	154	54	G	-0.17162296	0.17162296
POS_VALIDATION_00334	49	1	0.83896762	95	-5	C	0.16898081	0.16898081
POS_VALIDATION_00334	50	1	0.83896762	101	1	A	-0.16794647	0.16794647
POS_VALIDATION_00336	1	1	0.88963711	101	1	T	-0.95045346	0.95045346
POS_VALIDATION_00336	2	1	0.88963711	161	61	C	0.58936661	0.58936661
POS_VALIDATION_00336	3	1	0.88963711	45	-55	G	-0.5685358	0.5685358
POS_VALIDATION_00336	4	1	0.88963711	103	3	C	0.55662513	0.55662513
POS_VALIDATION_00336	5	1	0.88963711	177	77	G	-0.55242383	0.55242383
POS_VALIDATION_00336	6	1	0.88963711	109	9	C	0.53525347	0.53525347
POS_VALIDATION_00336	7	1	0.88963711	24	-76	G	-0.47413659	0.47413659
POS_VALIDATION_00336	8	1	0.88963711	51	-49	C	0.43249625	0.43249625
POS_VALIDATION_00336	9	1	0.88963711	87	-13	G	-0.38987136	0.38987136
POS_VALIDATION_00336	10	1	0.88963711	106	6	G	-0.38201773	0.38201773
POS_VALIDATION_00336	11	1	0.88963711	41	-59	G	-0.36201125	0.36201125
POS_VALIDATION_00336	12	1	0.88963711	185	85	G	-0.34965223	0.34965223
POS_VALIDATION_00336	13	1	0.88963711	90	-10	C	0.34940195	0.34940195
POS_VALIDATION_00336	14	1	0.88963711	75	-25	C	0.34583136	0.34583136
POS_VALIDATION_00336	15	1	0.88963711	152	52	C	0.33039159	0.33039159
POS_VALIDATION_00336	16	1	0.88963711	95	-5	C	0.32616913	0.32616913
POS_VALIDATION_00336	17	1	0.88963711	26	-74	G	-0.32144704	0.32144704
POS_VALIDATION_00336	18	1	0.88963711	82	-18	C	0.32002294	0.32002294
POS_VALIDATION_00336	19	1	0.88963711	25	-75	G	-0.31309515	0.31309515
POS_VALIDATION_00336	20	1	0.88963711	119	19	C	0.3127017	0.3127017
POS_VALIDATION_00336	21	1	0.88963711	126	26	A	-0.30478373	0.30478373
POS_VALIDATION_00336	22	1	0.88963711	139	39	G	-0.29583848	0.29583848
POS_VALIDATION_00336	23	1	0.88963711	69	-31	T	-0.28599113	0.28599113
POS_VALIDATION_00336	24	1	0.88963711	181	81	C	0.28230849	0.28230849
POS_VALIDATION_00336	25	1	0.88963711	164	64	G	-0.28190562	0.28190562
POS_VALIDATION_00336	26	1	0.88963711	174	74	G	-0.27485913	0.27485913
POS_VALIDATION_00336	27	1	0.88963711	10	-90	G	-0.2725831	0.2725831
POS_VALIDATION_00336	28	1	0.88963711	142	42	C	0.2605997	0.2605997
POS_VALIDATION_00336	29	1	0.88963711	42	-58	A	-0.25619799	0.25619799
POS_VALIDATION_00336	30	1	0.88963711	160	60	G	-0.24834263	0.24834263
POS_VALIDATION_00336	31	1	0.88963711	167	67	G	-0.24433696	0.24433696
POS_VALIDATION_00336	32	1	0.88963711	34	-66	C	0.22718206	0.22718206
POS_VALIDATION_00336	33	1	0.88963711	173	73	T	-0.22706172	0.22706172
POS_VALIDATION_00336	34	1	0.88963711	135	35	G	-0.22047733	0.22047733
POS_VALIDATION_00336	35	1	0.88963711	27	-73	C	0.22002491	0.22002491
POS_VALIDATION_00336	36	1	0.88963711	144	44	C	0.21459895	0.21459895
POS_VALIDATION_00336	37	1	0.88963711	0	-100	A	0.21297786	0.21297786
POS_VALIDATION_00336	38	1	0.88963711	8	-92	A	-0.20902053	0.20902053
POS_VALIDATION_00336	39	1	0.88963711	16	-84	G	-0.20809866	0.20809866
POS_VALIDATION_00336	40	1	0.88963711	15	-85	C	0.20457491	0.20457491
POS_VALIDATION_00336	41	1	0.88963711	123	23	G	-0.20425016	0.20425016
POS_VALIDATION_00336	42	1	0.88963711	166	66	G	-0.20418213	0.20418213
POS_VALIDATION_00336	43	1	0.88963711	158	58	C	0.20223138	0.20223138
POS_VALIDATION_00336	44	1	0.88963711	6	-94	G	-0.18881582	0.18881582
POS_VALIDATION_00336	45	1	0.88963711	130	30	G	-0.18485859	0.18485859
POS_VALIDATION_00336	46	1	0.88963711	114	14	G	-0.18324265	0.18324265
POS_VALIDATION_00336	47	1	0.88963711	56	-44	A	0.1831727	0.1831727
POS_VALIDATION_00336	48	1	0.88963711	74	-26	G	-0.18251824	0.18251824
POS_VALIDATION_00336	49	1	0.88963711	67	-33	C	0.18101735	0.18101735
POS_VALIDATION_00336	50	1	0.88963711	12	-88	G	-0.18003559	0.18003559
POS_VALIDATION_00338	1	1	0.86582053	1	-99	C	1.3393182	1.3393182
POS_VALIDATION_00338	2	1	0.86582053	99	-1	C	1.0612845	1.0612845
POS_VALIDATION_00338	3	1	0.86582053	167	67	C	0.85956967	0.85956967
POS_VALIDATION_00338	4	1	0.86582053	110	10	G	-0.83844471	0.83844471
POS_VALIDATION_00338	5	1	0.86582053	131	31	C	0.72916907	0.72916907
POS_VALIDATION_00338	6	1	0.86582053	161	61	A	-0.70640957	0.70640957
POS_VALIDATION_00338	7	1	0.86582053	74	-26	C	0.63687122	0.63687122
POS_VALIDATION_00338	8	1	0.86582053	93	-7	T	-0.63288021	0.63288021
POS_VALIDATION_00338	9	1	0.86582053	112	12	C	0.60922611	0.60922611
POS_VALIDATION_00338	10	1	0.86582053	123	23	C	0.5732168	0.5732168
POS_VALIDATION_00338	11	1	0.86582053	58	-42	C	0.55539733	0.55539733
POS_VALIDATION_00338	12	1	0.86582053	32	-68	G	-0.53741288	0.53741288
POS_VALIDATION_00338	13	1	0.86582053	55	-45	G	-0.49644566	0.49644566
POS_VALIDATION_00338	14	1	0.86582053	41	-59	G	-0.43856493	0.43856493
POS_VALIDATION_00338	15	1	0.86582053	97	-3	C	0.43387824	0.43387824
POS_VALIDATION_00338	16	1	0.86582053	136	36	C	0.4083696	0.4083696
POS_VALIDATION_00338	17	1	0.86582053	138	38	G	-0.39424387	0.39424387
POS_VALIDATION_00338	18	1	0.86582053	30	-70	C	0.3702026	0.3702026
POS_VALIDATION_00338	19	1	0.86582053	111	11	G	-0.36601609	0.36601609
POS_VALIDATION_00338	20	1	0.86582053	89	-11	C	0.35681486	0.35681486
POS_VALIDATION_00338	21	1	0.86582053	172	72	C	-0.35466766	0.35466766
POS_VALIDATION_00338	22	1	0.86582053	42	-58	G	-0.34248078	0.34248078
POS_VALIDATION_00338	23	1	0.86582053	160	60	G	-0.335913	0.335913
POS_VALIDATION_00338	24	1	0.86582053	133	33	C	0.33024237	0.33024237
POS_VALIDATION_00338	25	1	0.86582053	66	-34	T	-0.32103586	0.32103586
POS_VALIDATION_00338	26	1	0.86582053	70	-30	G	-0.31494087	0.31494087
POS_VALIDATION_00338	27	1	0.86582053	151	51	G	-0.31409255	0.31409255
POS_VALIDATION_00338	28	1	0.86582053	104	4	G	-0.31288114	0.31288114
POS_VALIDATION_00338	29	1	0.86582053	154	54	G	-0.30975261	0.30975261
POS_VALIDATION_00338	30	1	0.86582053	91	-9	C	0.30955273	0.30955273
POS_VALIDATION_00338	31	1	0.86582053	144	44	C	0.30077341	0.30077341
POS_VALIDATION_00338	32	1	0.86582053	114	14	G	-0.28815123	0.28815123
POS_VALIDATION_00338	33	1	0.86582053	52	-48	G	-0.28811884	0.28811884
POS_VALIDATION_00338	34	1	0.86582053	8	-92	A	-0.28189397	0.28189397
POS_VALIDATION_00338	35	1	0.86582053	26	-74	T	-0.27461183	0.27461183
POS_VALIDATION_00338	36	1	0.86582053	56	-44	T	0.27403855	0.27403855
POS_VALIDATION_00338	37	1	0.86582053	38	-62	G	-0.27057308	0.27057308
POS_VALIDATION_00338	38	1	0.86582053	68	-32	G	-0.2685034	0.2685034
POS_VALIDATION_00338	39	1	0.86582053	79	-21	G	-0.2589201	0.2589201
POS_VALIDATION_00338	40	1	0.86582053	0	-100	T	0.25784808	0.25784808
POS_VALIDATION_00338	41	1	0.86582053	119	19	G	-0.24948916	0.24948916
POS_VALIDATION_00338	42	1	0.86582053	75	-25	T	-0.24935247	0.24935247
POS_VALIDATION_00338	43	1	0.86582053	2	-98	T	-0.24290973	0.24290973
POS_VALIDATION_00338	44	1	0.86582053	49	-51	C	0.24256361	0.24256361
POS_VALIDATION_00338	45	1	0.86582053	107	7	G	-0.23679306	0.23679306
POS_VALIDATION_00338	46	1	0.86582053	62	-38	C	0.23662859	0.23662859
POS_VALIDATION_00338	47	1	0.86582053	117	17	G	-0.2347552	0.2347552
POS_VALIDATION_00338	48	1	0.86582053	158	58	G	-0.23367509	0.23367509
POS_VALIDATION_00338	49	1	0.86582053	94	-6	G	-0.23085311	0.23085311
POS_VALIDATION_00338	50	1	0.86582053	116	16	A	-0.22945471	0.22945471
POS_VALIDATION_00339	1	1	0.95095098	113	13	C	1.2974626	1.2974626
POS_VALIDATION_00339	2	1	0.95095098	96	-4	C	0.87144691	0.87144691
POS_VALIDATION_00339	3	1	0.95095098	161	61	C	0.81840527	0.81840527
POS_VALIDATION_00339	4	1	0.95095098	1	-99	C	0.56492591	0.56492591
POS_VALIDATION_00339	5	1	0.95095098	148	48	G	-0.44028056	0.44028056
POS_VALIDATION_00339	6	1	0.95095098	181	81	G	-0.43622059	0.43622059
POS_VALIDATION_00339	7	1	0.95095098	42	-58	A	-0.39280212	0.39280212
POS_VALIDATION_00339	8	1	0.95095098	103	3	C	0.36944491	0.36944491
POS_VALIDATION_00339	9	1	0.95095098	105	5	C	0.35835546	0.35835546
POS_VALIDATION_00339	10	1	0.95095098	140	40	G	-0.34687394	0.34687394
POS_VALIDATION_00339	11	1	0.95095098	0	-100	T	0.33492428	0.33492428
POS_VALIDATION_00339	12	1	0.95095098	23	-77	C	0.3348127	0.3348127
POS_VALIDATION_00339	13	1	0.95095098	173	73	G	-0.33025476	0.33025476
POS_VALIDATION_00339	14	1	0.95095098	116	16	G	-0.28414807	0.28414807
POS_VALIDATION_00339	15	1	0.95095098	51	-49	C	0.28308934	0.28308934
POS_VALIDATION_00339	16	1	0.95095098	87	-13	G	-0.27632371	0.27632371
POS_VALIDATION_00339	17	1	0.95095098	41	-59	G	-0.27375361	0.27375361
POS_VALIDATION_00339	18	1	0.95095098	93	-7	C	0.26970851	0.26970851
POS_VALIDATION_00339	19	1	0.95095098	2	-98	A	-0.26897341	0.26897341
POS_VALIDATION_00339	20	1	0.95095098	167	67	G	-0.26207507	0.26207507
POS_VALIDATION_00339	21	1	0.95095098	123	23	A	-0.25553051	0.25553051
POS_VALIDATION_00339	22	1	0.95095098	185	85	G	-0.25273365	0.25273365
POS_VALIDATION_00339	23	1	0.95095098	35	-65	C	0.24899283	0.24899283
POS_VALIDATION_00339	24	1	0.95095098	153	53	G	-0.24270996	0.24270996
POS_VALIDATION_00339	25	1	0.95095098	160	60	G	-0.24013191	0.24013191
POS_VALIDATION_00339	26	1	0.95095098	187	87	C	0.23627405	0.23627405
POS_VALIDATION_00339	27	1	0.95095098	138	38	G	-0.23260613	0.23260613
POS_VALIDATION_00339	28	1	0.95095098	75	-25	G	-0.22951663	0.22951663
POS_VALIDATION_00339	29	1	0.95095098	151	51	G	-0.22867914	0.22867914
POS_VALIDATION_00339	30	1	0.95095098	3	-97	C	0.22863564	0.22863564
POS_VALIDATION_00339	31	1	0.95095098	125	25	G	-0.22037473	0.22037473
POS_VALIDATION_00339	32	1	0.95095098	94	-6	G	-0.21172276	0.21172276
POS_VALIDATION_00339	33	1	0.95095098	80	-20	G	-0.20584625	0.20584625
POS_VALIDATION_00339	34	1	0.95095098	32	-68	T	-0.2043252	0.2043252
POS_VALIDATION_00339	35	1	0.95095098	120	20	C	0.2037269	0.2037269
POS_VALIDATION_00339	36	1	0.95095098	7	-93	G	-0.1986872	0.1986872
POS_VALIDATION_00339	37	1	0.95095098	54	-46	T	-0.19571412	0.19571412
POS_VALIDATION_00339	38	1	0.95095098	69	-31	A	-0.19127697	0.19127697
POS_VALIDATION_00339	39	1	0.95095098	25	-75	T	-0.19097722	0.19097722
POS_VALIDATION_00339	40	1	0.95095098	154	54	G	-0.19008191	0.19008191
POS_VALIDATION_00339	41	1	0.95095098	28	-72	T	-0.18171826	0.18171826
POS_VALIDATION_00339	42	1	0.95095098	98	-2	G	-0.17871633	0.17871633
POS_VALIDATION_00339	43	1	0.95095098	131	31	G	-0.17869063	0.17869063
POS_VALIDATION_00339	44	1	0.95095098	135	35	G	-0.17789061	0.17789061
POS_VALIDATION_00339	45	1	0.95095098	11	-89	G	-0.17638738	0.17638738
POS_VALIDATION_00339	46	1	0.95095098	27	-73	C	0.17450163	0.17450163
POS_VALIDATION_00339	47	1	0.95095098	102	2	T	-0.17279427	0.17279427
POS_VALIDATION_00339	48	1	0.95095098	84	-16	G	-0.17242604	0.17242604
POS_VALIDATION_00339	49	1	0.95095098	145	45	C	0.17095688	0.17095688
POS_VALIDATION_00339	50	1	0.95095098	6	-94	G	-0.16860682	0.16860682
POS_VALIDATION_00340	1	1	0.82754612	101	1	T	-0.83139694	0.83139694
POS_VALIDATION_00340	2	1	0.82754612	161	61	T	-0.77698696	0.77698696
POS_VALIDATION_00340	3	1	0.82754612	109	9	C	0.60325843	0.60325843
POS_VALIDATION_00340	4	1	0.82754612	178	78	C	0.60188425	0.60188425
POS_VALIDATION_00340	5	1	0.82754612	35	-65	G	-0.49185312	0.49185312
POS_VALIDATION_00340	6	1	0.82754612	75	-25	C	0.43326047	0.43326047
POS_VALIDATION_00340	7	1	0.82754612	103	3	C	0.42310154	0.42310154
POS_VALIDATION_00340	8	1	0.82754612	140	40	G	-0.39024791	0.39024791
POS_VALIDATION_00340	9	1	0.82754612	69	-31	C	0.38179201	0.38179201
POS_VALIDATION_00340	10	1	0.82754612	87	-13	G	-0.37182468	0.37182468
POS_VALIDATION_00340	11	1	0.82754612	90	-10	C	0.36678907	0.36678907
POS_VALIDATION_00340	12	1	0.82754612	138	38	A	-0.34838057	0.34838057
POS_VALIDATION_00340	13	1	0.82754612	184	84	G	-0.34760523	0.34760523
POS_VALIDATION_00340	14	1	0.82754612	15	-85	G	-0.33269644	0.33269644
POS_VALIDATION_00340	15	1	0.82754612	0	-100	G	-0.31565112	0.31565112
POS_VALIDATION_00340	16	1	0.82754612	81	-19	G	-0.30931908	0.30931908
POS_VALIDATION_00340	17	1	0.82754612	56	-44	G	-0.30912057	0.30912057
POS_VALIDATION_00340	18	1	0.82754612	181	81	C	0.28766903	0.28766903
POS_VALIDATION_00340	19	1	0.82754612	141	41	T	-0.28116265	0.28116265
POS_VALIDATION_00340	20	1	0.82754612	139	39	G	-0.27067733	0.27067733
POS_VALIDATION_00340	21	1	0.82754612	171	71	G	-0.26677743	0.26677743
POS_VALIDATION_00340	22	1	0.82754612	153	53	G	-0.245489	0.245489
POS_VALIDATION_00340	23	1	0.82754612	106	6	G	-0.24163443	0.24163443
POS_VALIDATION_00340	24	1	0.82754612	107	7	C	0.24064571	0.24064571
POS_VALIDATION_00340	25	1	0.82754612	162	62	G	-0.22519559	0.22519559
POS_VALIDATION_00340	26	1	0.82754612	27	-73	C	0.21908069	0.21908069
POS_VALIDATION_00340	27	1	0.82754612	123	23	G	-0.2190565	0.2190565
POS_VALIDATION_00340	28	1	0.82754612	189	89	C	-0.21058351	0.21058351
POS_VALIDATION_00340	29	1	0.82754612	174	74	G	-0.20796025	0.20796025
POS_VALIDATION_00340	30	1	0.82754612	120	20	C	0.20731924	0.20731924
POS_VALIDATION_00340	31	1	0.82754612	50	-50	G	-0.19954878	0.19954878
POS_VALIDATION_00340	32	1	0.82754612	151	51	G	-0.19740918	0.19740918
POS_VALIDATION_00340	33	1	0.82754612	129	29	C	0.19651045	0.19651045
POS_VALIDATION_00340	34	1	0.82754612	77	-23	G	-0.19140413	0.19140413
POS_VALIDATION_00340	35	1	0.82754612	114	14	G	-0.19130868	0.19130868
POS_VALIDATION_00340	36	1	0.82754612	164	64	C	-0.18697806	0.18697806
POS_VALIDATION_00340	37	1	0.82754612	58	-42	C	-0.18690495	0.18690495
POS_VALIDATION_00340	38	1	0.82754612	150	50	C	0.18170901	0.18170901
POS_VALIDATION_00340	39	1	0.82754612	125	25	C	-0.1789092	0.1789092
POS_VALIDATION_00340	40	1	0.82754612	97	-3	G	-0.17735681	0.17735681
POS_VALIDATION_00340	41	1	0.82754612	83	-17	G	-0.17594254	0.17594254
POS_VALIDATION_00340	42	1	0.82754612	63	-37	G	-0.17568442	0.17568442
POS_VALIDATION_00340	43	1	0.82754612	137	37	G	-0.17111078	0.17111078
POS_VALIDATION_00340	44	1	0.82754612	16	-84	C	0.17066412	0.17066412
POS_VALIDATION_00340	45	1	0.82754612	10	-90	C	-0.17060402	0.17060402
POS_VALIDATION_00340	46	1	0.82754612	2	-98	G	-0.16795844	0.16795844
POS_VALIDATION_00340	47	1	0.82754612	74	-26	G	-0.16568486	0.16568486
POS_VALIDATION_00340	48	1	0.82754612	8	-92	G	-0.16514111	0.16514111
POS_VALIDATION_00340	49	1	0.82754612	5	-95	G	-0.16038758	0.16038758
POS_VALIDATION_00340	50	1	0.82754612	136	36	C	0.15508685	0.15508685
POS_VALIDATION_00342	1	1	0.88276452	1	-99	C	1.1706446	1.1706446
POS_VALIDATION_00342	2	1	0.88276452	23	-77	C	0.94150698	0.94150698
POS_VALIDATION_00342	3	1	0.88276452	36	-64	C	0.77953142	0.77953142
POS_VALIDATION_00342	4	1	0.88276452	47	-53	G	-0.64101845	0.64101845
POS_VALIDATION_00342	5	1	0.88276452	93	-7	A	-0.62581098	0.62581098
POS_VALIDATION_00342	6	1	0.88276452	161	61	C	0.55814707	0.55814707
POS_VALIDATION_00342	7	1	0.88276452	109	9	C	0.53377461	0.53377461
POS_VALIDATION_00342	8	1	0.88276452	103	3	C	0.47477937	0.47477937
POS_VALIDATION_00342	9	1	0.88276452	45	-55	G	-0.46612978	0.46612978
POS_VALIDATION_00342	10	1	0.88276452	177	77	G	-0.43903571	0.43903571
POS_VALIDATION_00342	11	1	0.88276452	198	98	G	-0.43784007	0.43784007
POS_VALIDATION_00342	12	1	0.88276452	148	48	G	-0.43401369	0.43401369
POS_VALIDATION_00342	13	1	0.88276452	75	-25	C	0.42353114	0.42353114
POS_VALIDATION_00342	14	1	0.88276452	24	-76	G	-0.42230523	0.42230523
POS_VALIDATION_00342	15	1	0.88276452	140	40	G	-0.40570045	0.40570045
POS_VALIDATION_00342	16	1	0.88276452	173	73	G	-0.40179271	0.40179271
POS_VALIDATION_00342	17	1	0.88276452	66	-34	G	-0.37967679	0.37967679
POS_VALIDATION_00342	18	1	0.88276452	110	10	G	-0.37666929	0.37666929
POS_VALIDATION_00342	19	1	0.88276452	57	-43	G	-0.37645799	0.37645799
POS_VALIDATION_00342	20	1	0.88276452	19	-81	C	0.36996353	0.36996353
POS_VALIDATION_00342	21	1	0.88276452	41	-59	G	-0.33494094	0.33494094
POS_VALIDATION_00342	22	1	0.88276452	131	31	C	0.32059097	0.32059097
POS_VALIDATION_00342	23	1	0.88276452	170	70	C	0.31947404	0.31947404
POS_VALIDATION_00342	24	1	0.88276452	129	29	C	0.30549762	0.30549762
POS_VALIDATION_00342	25	1	0.88276452	187	87	C	0.29002455	0.29002455
POS_VALIDATION_00342	26	1	0.88276452	84	-16	T	-0.2877627	0.2877627
POS_VALIDATION_00342	27	1	0.88276452	7	-93	G	-0.27564186	0.27564186
POS_VALIDATION_00342	28	1	0.88276452	96	-4	A	-0.2712684	0.2712684
POS_VALIDATION_00342	29	1	0.88276452	121	21	C	0.27099362	0.27099362
POS_VALIDATION_00342	30	1	0.88276452	56	-44	G	-0.270742	0.270742
POS_VALIDATION_00342	31	1	0.88276452	126	26	A	-0.26709792	0.26709792
POS_VALIDATION_00342	32	1	0.88276452	25	-75	G	-0.26659673	0.26659673
POS_VALIDATION_00342	33	1	0.88276452	0	-100	G	-0.26242203	0.26242203
POS_VALIDATION_00342	34	1	0.88276452	153	53	A	0.25880212	0.25880212
POS_VALIDATION_00342	35	1	0.88276452	142	42	G	-0.25538966	0.25538966
POS_VALIDATION_00342	36	1	0.88276452	58	-42	C	0.24379833	0.24379833
POS_VALIDATION_00342	37	1	0.88276452	68	-32	G	-0.23896551	0.23896551
POS_VALIDATION_00342	38	1	0.88276452	163	63	C	0.23537362	0.23537362
POS_VALIDATION_00342	39	1	0.88276452	151	51	G	-0.22868216	0.22868216
POS_VALIDATION_00342	40	1	0.88276452	6	-94	T	-0.22522223	0.22522223
POS_VALIDATION_00342	41	1	0.88276452	111	11	G	-0.21735564	0.21735564
POS_VALIDATION_00342	42	1	0.88276452	106	6	G	-0.21410498	0.21410498
POS_VALIDATION_00342	43	1	0.88276452	130	30	C	0.21268602	0.21268602
POS_VALIDATION_00342	44	1	0.88276452	3	-97	C	0.21175139	0.21175139
POS_VALIDATION_00342	45	1	0.88276452	108	8	G	-0.20985129	0.20985129
POS_VALIDATION_00342	46	1	0.88276452	35	-65	T	0.20492016	0.20492016
POS_VALIDATION_00342	47	1	0.88276452	83	-17	C	0.19719683	0.19719683
POS_VALIDATION_00342	48	1	0.88276452	116	16	A	-0.19702426	0.19702426
POS_VALIDATION_00342	49	1	0.88276452	2	-98	A	-0.19566464	0.19566464
POS_VALIDATION_00342	50	1	0.88276452	193	93	G	-0.18943837	0.18943837
POS_VALIDATION_00347	1	1	0.95512706	96	-4	C	0.7149241	0.7149241
POS_VALIDATION_00347	2	1	0.95512706	1	-99	C	0.63256556	0.63256556
POS_VALIDATION_00347	3	1	0.95512706	161	61	T	-0.62907588	0.62907588
POS_VALIDATION_00347	4	1	0.95512706	45	-55	G	-0.5801596	0.5801596
POS_VALIDATION_00347	5	1	0.95512706	101	1	T	-0.56865948	0.56865948
POS_VALIDATION_00347	6	1	0.95512706	25	-75	C	-0.50923061	0.50923061
POS_VALIDATION_00347	7	1	0.95512706	0	-100	T	0.42162776	0.42162776
POS_VALIDATION_00347	8	1	0.95512706	191	91	C	0.40761265	0.40761265
POS_VALIDATION_00347	9	1	0.95512706	190	90	C	0.38086578	0.38086578
POS_VALIDATION_00347	10	1	0.95512706	171	71	G	-0.37111586	0.37111586
POS_VALIDATION_00347	11	1	0.95512706	15	-85	G	-0.36702722	0.36702722
POS_VALIDATION_00347	12	1	0.95512706	140	40	G	-0.35041654	0.35041654
POS_VALIDATION_00347	13	1	0.95512706	138	38	G	-0.3126983	0.3126983
POS_VALIDATION_00347	14	1	0.95512706	194	94	G	-0.31209713	0.31209713
POS_VALIDATION_00347	15	1	0.95512706	109	9	C	0.3046118	0.3046118
POS_VALIDATION_00347	16	1	0.95512706	151	51	C	0.29408661	0.29408661
POS_VALIDATION_00347	17	1	0.95512706	87	-13	G	-0.29042548	0.29042548
POS_VALIDATION_00347	18	1	0.95512706	116	16	G	-0.28887716	0.28887716
POS_VALIDATION_00347	19	1	0.95512706	196	96	C	0.26684523	0.26684523
POS_VALIDATION_00347	20	1	0.95512706	126	26	T	-0.26404876	0.26404876
POS_VALIDATION_00347	21	1	0.95512706	76	-24	C	0.26172781	0.26172781
POS_VALIDATION_00347	22	1	0.95512706	132	32	G	-0.25621781	0.25621781
POS_VALIDATION_00347	23	1	0.95512706	12	-88	C	0.23915881	0.23915881
POS_VALIDATION_00347	24	1	0.95512706	23	-77	G	-0.23671016	0.23671016
POS_VALIDATION_00347	25	1	0.95512706	137	37	G	-0.23585699	0.23585699
POS_VALIDATION_00347	26	1	0.95512706	63	-37	G	-0.21855351	0.21855351
POS_VALIDATION_00347	27	1	0.95512706	75	-25	C	0.21645015	0.21645015
POS_VALIDATION_00347	28	1	0.95512706	93	-7	T	-0.21394372	0.21394372
POS_VALIDATION_00347	29	1	0.95512706	164	64	G	-0.21316284	0.21316284
POS_VALIDATION_00347	30	1	0.95512706	81	-19	G	-0.20517145	0.20517145
POS_VALIDATION_00347	31	1	0.95512706	90	-10	C	0.20058343	0.20058343
POS_VALIDATION_00347	32	1	0.95512706	106	6	G	-0.19996804	0.19996804
POS_VALIDATION_00347	33	1	0.95512706	53	-47	G	-0.19886078	0.19886078
POS_VALIDATION_00347	34	1	0.95512706	80	-20	G	-0.19093841	0.19093841
POS_VALIDATION_00347	35	1	0.95512706	167	67	G	-0.18982047	0.18982047
POS_VALIDATION_00347	36	1	0.95512706	74	-26	T	-0.18900473	0.18900473
POS_VALIDATION_00347	37	1	0.95512706	162	62	G	-0.18659057	0.18659057
POS_VALIDATION_00347	38	1	0.95512706	38	-62	G	-0.18411627	0.18411627
POS_VALIDATION_00347	39	1	0.95512706	170	70	A	0.18138824	0.18138824
POS_VALIDATION_00347	40	1	0.95512706	32	-68	T	-0.18031478	0.18031478
POS_VALIDATION_00347	41	1	0.95512706	64	-36	G	-0.16437823	0.16437823
POS_VALIDATION_00347	42	1	0.95512706	129	29	C	0.15886061	0.15886061
POS_VALIDATION_00347	43	1	0.95512706	56	-44	T	0.15851787	0.15851787
POS_VALIDATION_00347	44	1	0.95512706	187	87	C	0.15546855	0.15546855
POS_VALIDATION_00347	45	1	0.95512706	105	5	G	-0.15534216	0.15534216
POS_VALIDATION_00347	46	1	0.95512706	78	-22	C	0.15183781	0.15183781
POS_VALIDATION_00347	47	1	0.95512706	179	79	G	-0.15100305	0.15100305
POS_VALIDATION_00347	48	1	0.95512706	98	-2	C	0.14997119	0.14997119
POS_VALIDATION_00347	49	1	0.95512706	37	-63	G	-0.14622912	0.14622912
POS_VALIDATION_00347	50	1	0.95512706	131	31	G	-0.145447	0.145447
POS_VALIDATION_00348	1	1	0.7487691	101	1	T	-0.70889437	0.70889437
POS_VALIDATION_00348	2	1	0.7487691	110	10	G	-0.49903983	0.49903983
POS_VALIDATION_00348	3	1	0.7487691	177	77	G	-0.47122845	0.47122845
POS_VALIDATION_00348	4	1	0.7487691	35	-65	G	-0.46030319	0.46030319
POS_VALIDATION_00348	5	1	0.7487691	99	-1	C	0.39702782	0.39702782
POS_VALIDATION_00348	6	1	0.7487691	96	-4	A	-0.3411355	0.3411355
POS_VALIDATION_00348	7	1	0.7487691	42	-58	G	-0.27432692	0.27432692
POS_VALIDATION_00348	8	1	0.7487691	154	54	C	-0.25903764	0.25903764
POS_VALIDATION_00348	9	1	0.7487691	193	93	C	-0.25319767	0.25319767
POS_VALIDATION_00348	10	1	0.7487691	57	-43	G	-0.23081549	0.23081549
POS_VALIDATION_00348	11	1	0.7487691	75	-25	C	0.21950793	0.21950793
POS_VALIDATION_00348	12	1	0.7487691	69	-31	C	0.19799337	0.19799337
POS_VALIDATION_00348	13	1	0.7487691	135	35	G	-0.19698322	0.19698322
POS_VALIDATION_00348	14	1	0.7487691	106	6	C	0.190796	0.190796
POS_VALIDATION_00348	15	1	0.7487691	1	-99	A	0.18787467	0.18787467
POS_VALIDATION_00348	16	1	0.7487691	196	96	G	-0.18717316	0.18717316
POS_VALIDATION_00348	17	1	0.7487691	138	38	A	-0.17729534	0.17729534
POS_VALIDATION_00348	18	1	0.7487691	50	-50	G	-0.17528763	0.17528763
POS_VALIDATION_00348	19	1	0.7487691	161	61	G	-0.17198272	0.17198272
POS_VALIDATION_00348	20	1	0.7487691	184	84	C	-0.17154738	0.17154738
POS_VALIDATION_00348	21	1	0.7487691	167	67	A	-0.1697896	0.1697896
POS_VALIDATION_00348	22	1	0.7487691	145	45	C	0.16833153	0.16833153
POS_VALIDATION_00348	23	1	0.7487691	164	64	G	-0.16623995	0.16623995
POS_VALIDATION_00348	24	1	0.7487691	137	37	G	-0.16355613	0.16355613
POS_VALIDATION_00348	25	1	0.7487691	6	-94	G	-0.15337212	0.15337212
POS_VALIDATION_00348	26	1	0.7487691	108	8	C	0.15231609	0.15231609
POS_VALIDATION_00348	27	1	0.7487691	129	29	G	-0.15213835	0.15213835
POS_VALIDATION_00348	28	1	0.7487691	187	87	C	0.15072635	0.15072635
POS_VALIDATION_00348	29	1	0.7487691	56	-44	A	0.14705157	0.14705157
POS_VALIDATION_00348	30	1	0.7487691	92	-8	G	-0.14481688	0.14481688
POS_VALIDATION_00348	31	1	0.7487691	34	-66	G	-0.14437068	0.14437068
POS_VALIDATION_00348	32	1	0.7487691	77	-23	G	-0.14161769	0.14161769
POS_VALIDATION_00348	33	1	0.7487691	81	-19	G	-0.1396251	0.1396251
POS_VALIDATION_00348	34	1	0.7487691	143	43	C	0.13955842	0.13955842
POS_VALIDATION_00348	35	1	0.7487691	12	-88	G	-0.13834324	0.13834324
POS_VALIDATION_00348	36	1	0.7487691	8	-92	A	-0.13589294	0.13589294
POS_VALIDATION_00348	37	1	0.7487691	2	-98	A	-0.13527194	0.13527194
POS_VALIDATION_00348	38	1	0.7487691	179	79	G	-0.13508527	0.13508527
POS_VALIDATION_00348	39	1	0.7487691	17	-83	C	0.13155453	0.13155453
POS_VALIDATION_00348	40	1	0.7487691	197	97	C	-0.12940162	0.12940162
POS_VALIDATION_00348	41	1	0.7487691	87	-13	C	-0.12479528	0.12479528
POS_VALIDATION_00348	42	1	0.7487691	95	-5	C	0.12417664	0.12417664
POS_VALIDATION_00348	43	1	0.7487691	5	-95	T	0.12402453	0.12402453
POS_VALIDATION_00348	44	1	0.7487691	142	42	T	0.11983809	0.11983809
POS_VALIDATION_00348	45	1	0.7487691	30	-70	T	-0.11688501	0.11688501
POS_VALIDATION_00348	46	1	0.7487691	171	71	A	0.11638629	0.11638629
POS_VALIDATION_00348	47	1	0.7487691	25	-75	T	-0.1148721	0.1148721
POS_VALIDATION_00348	48	1	0.7487691	80	-20	G	-0.11452672	0.11452672
POS_VALIDATION_00348	49	1	0.7487691	166	66	T	-0.11292435	0.11292435
POS_VALIDATION_00348	50	1	0.7487691	176	76	G	-0.11205336	0.11205336
POS_VALIDATION_00350	1	1	0.79356545	42	-58	C	-1.1938262	1.1938262
POS_VALIDATION_00350	2	1	0.79356545	1	-99	C	0.7584579	0.7584579
POS_VALIDATION_00350	3	1	0.79356545	173	73	C	0.56670731	0.56670731
POS_VALIDATION_00350	4	1	0.79356545	161	61	A	-0.55660868	0.55660868
POS_VALIDATION_00350	5	1	0.79356545	181	81	G	-0.42273122	0.42273122
POS_VALIDATION_00350	6	1	0.79356545	93	-7	T	-0.34178573	0.34178573
POS_VALIDATION_00350	7	1	0.79356545	109	9	C	0.31364864	0.31364864
POS_VALIDATION_00350	8	1	0.79356545	40	-60	G	-0.306503	0.306503
POS_VALIDATION_00350	9	1	0.79356545	55	-45	G	-0.3011899	0.3011899
POS_VALIDATION_00350	10	1	0.79356545	187	87	C	0.28581005	0.28581005
POS_VALIDATION_00350	11	1	0.79356545	66	-34	T	-0.28575397	0.28575397
POS_VALIDATION_00350	12	1	0.79356545	84	-16	C	0.2791414	0.2791414
POS_VALIDATION_00350	13	1	0.79356545	75	-25	C	0.26556969	0.26556969
POS_VALIDATION_00350	14	1	0.79356545	51	-49	C	0.26256117	0.26256117
POS_VALIDATION_00350	15	1	0.79356545	178	78	C	0.25589648	0.25589648
POS_VALIDATION_00350	16	1	0.79356545	141	41	T	-0.24702942	0.24702942
POS_VALIDATION_00350	17	1	0.79356545	69	-31	T	-0.24049827	0.24049827
POS_VALIDATION_00350	18	1	0.79356545	126	26	A	-0.23961917	0.23961917
POS_VALIDATION_00350	19	1	0.79356545	56	-44	G	-0.23148255	0.23148255
POS_VALIDATION_00350	20	1	0.79356545	153	53	G	-0.227036	0.227036
POS_VALIDATION_00350	21	1	0.79356545	142	42	G	-0.22264446	0.22264446
POS_VALIDATION_00350	22	1	0.79356545	101	1	C	-0.21749014	0.21749014
POS_VALIDATION_00350	23	1	0.79356545	120	20	C	0.21534039	0.21534039
POS_VALIDATION_00350	24	1	0.79356545	74	-26	C	0.21326563	0.21326563
POS_VALIDATION_00350	25	1	0.79356545	106	6	G	-0.21037075	0.21037075
POS_VALIDATION_00350	26	1	0.79356545	184	84	C	-0.2011375	0.2011375
POS_VALIDATION_00350	27	1	0.79356545	151	51	G	-0.1998509	0.1998509
POS_VALIDATION_00350	28	1	0.79356545	7	-93	G	-0.1924572	0.1924572
POS_VALIDATION_00350	29	1	0.79356545	71	-29	C	0.18602854	0.18602854
POS_VALIDATION_00350	30	1	0.79356545	96	-4	A	-0.18211803	0.18211803
POS_VALIDATION_00350	31	1	0.79356545	166	66	G	-0.17673984	0.17673984
POS_VALIDATION_00350	32	1	0.79356545	112	12	C	0.16756667	0.16756667
POS_VALIDATION_00350	33	1	0.79356545	167	67	C	0.16211411	0.16211411
POS_VALIDATION_00350	34	1	0.79356545	119	19	C	0.15807843	0.15807843
POS_VALIDATION_00350	35	1	0.79356545	123	23	G	-0.15364251	0.15364251
POS_VALIDATION_00350	36	1	0.79356545	83	-17	C	0.1533937	0.1533937
POS_VALIDATION_00350	37	1	0.79356545	5	-95	G	-0.15142873	0.15142873
POS_VALIDATION_00350	38	1	0.79356545	2	-98	C	-0.14879334	0.14879334
POS_VALIDATION_00350	39	1	0.79356545	172	72	G	-0.14620502	0.14620502
POS_VALIDATION_00350	40	1	0.79356545	54	-46	G	-0.14395528	0.14395528
POS_VALIDATION_00350	41	1	0.79356545	99	-1	T	0.1425629	0.1425629
POS_VALIDATION_00350	42	1	0.79356545	117	17	T	-0.140843	0.140843
POS_VALIDATION_00350	43	1	0.79356545	147	47	G	-0.134967	0.134967
POS_VALIDATION_00350	44	1	0.79356545	11	-89	G	-0.13352562	0.13352562
POS_VALIDATION_00350	45	1	0.79356545	105	5	T	-0.12451912	0.12451912
POS_VALIDATION_00350	46	1	0.79356545	104	4	G	-0.12328593	0.12328593
POS_VALIDATION_00350	47	1	0.79356545	8	-92	G	-0.12213694	0.12213694
POS_VALIDATION_00350	48	1	0.79356545	59	-41	C	-0.12149534	0.12149534
POS_VALIDATION_00350	49	1	0.79356545	149	49	C	0.11988826	0.11988826
POS_VALIDATION_00350	50	1	0.79356545	158	58	G	-0.11799744	0.11799744
POS_VALIDATION_00357	1	1	0.90977693	113	13	C	0.8508662	0.8508662
POS_VALIDATION_00357	2	1	0.90977693	47	-53	G	-0.78067255	0.78067255
POS_VALIDATION_00357	3	1	0.90977693	25	-75	C	-0.4734937	0.4734937
POS_VALIDATION_00357	4	1	0.90977693	32	-68	G	-0.36034429	0.36034429
POS_VALIDATION_00357	5	1	0.90977693	191	91	C	0.35987455	0.35987455
POS_VALIDATION_00357	6	1	0.90977693	161	61	C	0.35819563	0.35819563
POS_VALIDATION_00357	7	1	0.90977693	76	-24	C	0.35738337	0.35738337
POS_VALIDATION_00357	8	1	0.90977693	24	-76	G	-0.3548761	0.3548761
POS_VALIDATION_00357	9	1	0.90977693	41	-59	G	-0.34449902	0.34449902
POS_VALIDATION_00357	10	1	0.90977693	101	1	A	-0.33657074	0.33657074
POS_VALIDATION_00357	11	1	0.90977693	0	-100	T	0.29971519	0.29971519
POS_VALIDATION_00357	12	1	0.90977693	185	85	G	-0.28884283	0.28884283
POS_VALIDATION_00357	13	1	0.90977693	6	-94	T	-0.26947972	0.26947972
POS_VALIDATION_00357	14	1	0.90977693	55	-45	G	-0.2525993	0.2525993
POS_VALIDATION_00357	15	1	0.90977693	23	-77	C	0.24606574	0.24606574
POS_VALIDATION_00357	16	1	0.90977693	196	96	C	0.24440268	0.24440268
POS_VALIDATION_00357	17	1	0.90977693	69	-31	T	-0.24045995	0.24045995
POS_VALIDATION_00357	18	1	0.90977693	138	38	T	-0.23808338	0.23808338
POS_VALIDATION_00357	19	1	0.90977693	167	67	A	-0.23603137	0.23603137
POS_VALIDATION_00357	20	1	0.90977693	90	-10	G	-0.22305737	0.22305737
POS_VALIDATION_00357	21	1	0.90977693	111	11	G	-0.20364332	0.20364332
POS_VALIDATION_00357	22	1	0.90977693	181	81	C	0.19357739	0.19357739
POS_VALIDATION_00357	23	1	0.90977693	125	25	C	-0.18439732	0.18439732
POS_VALIDATION_00357	24	1	0.90977693	84	-16	C	0.18330638	0.18330638
POS_VALIDATION_00357	25	1	0.90977693	10	-90	G	-0.18186046	0.18186046
POS_VALIDATION_00357	26	1	0.90977693	75	-25	C	0.17930374	0.17930374
POS_VALIDATION_00357	27	1	0.90977693	123	23	G	-0.17847194	0.17847194
POS_VALIDATION_00357	28	1	0.90977693	71	-29	C	0.17769726	0.17769726
POS_VALIDATION_00357	29	1	0.90977693	154	54	G	-0.16987404	0.16987404
POS_VALIDATION_00357	30	1	0.90977693	2	-98	T	-0.16580445	0.16580445
POS_VALIDATION_00357	31	1	0.90977693	74	-26	A	-0.16315952	0.16315952
POS_VALIDATION_00357	32	1	0.90977693	174	74	G	-0.16297136	0.16297136
POS_VALIDATION_00357	33	1	0.90977693	16	-84	G	-0.16269207	0.16269207
POS_VALIDATION_00357	34	1	0.90977693	14	-86	A	-0.16081038	0.16081038
POS_VALIDATION_00357	35	1	0.90977693	42	-58	G	-0.15706427	0.15706427
POS_VALIDATION_00357	36	1	0.90977693	48	-52	A	0.15688056	0.15688056
POS_VALIDATION_00357	37	1	0.90977693	80	-20	G	-0.1566779	0.1566779
POS_VALIDATION_00357	38	1	0.90977693	112	12	C	0.15533705	0.15533705
POS_VALIDATION_00357	39	1	0.90977693	109	9	G	-0.15390781	0.15390781
POS_VALIDATION_00357	40	1	0.90977693	106	6	C	0.15050173	0.15050173
POS_VALIDATION_00357	41	1	0.90977693	58	-42	C	0.15037824	0.15037824
POS_VALIDATION_00357	42	1	0.90977693	56	-44	A	0.14789514	0.14789514
POS_VALIDATION_00357	43	1	0.90977693	70	-30	G	-0.14777265	0.14777265
POS_VALIDATION_00357	44	1	0.90977693	52	-48	C	-0.13453506	0.13453506
POS_VALIDATION_00357	45	1	0.90977693	121	21	C	0.13409364	0.13409364
POS_VALIDATION_00357	46	1	0.90977693	29	-71	G	-0.12509298	0.12509298
POS_VALIDATION_00357	47	1	0.90977693	92	-8	G	-0.1230622	0.1230622
POS_VALIDATION_00357	48	1	0.90977693	152	52	C	0.12209305	0.12209305
POS_VALIDATION_00357	49	1	0.90977693	105	5	G	-0.12146614	0.12146614
POS_VALIDATION_00357	50	1	0.90977693	30	-70	T	-0.11989519	0.11989519
POS_VALIDATION_00360	1	1	0.88274288	161	61	T	-1.0114998	1.0114998
POS_VALIDATION_00360	2	1	0.88274288	36	-64	C	0.7916137	0.7916137
POS_VALIDATION_00360	3	1	0.88274288	66	-34	G	-0.71639872	0.71639872
POS_VALIDATION_00360	4	1	0.88274288	140	40	G	-0.66452467	0.66452467
POS_VALIDATION_00360	5	1	0.88274288	35	-65	G	-0.45590603	0.45590603
POS_VALIDATION_00360	6	1	0.88274288	84	-16	C	0.41301429	0.41301429
POS_VALIDATION_00360	7	1	0.88274288	101	1	A	-0.39276671	0.39276671
POS_VALIDATION_00360	8	1	0.88274288	171	71	G	-0.38774669	0.38774669
POS_VALIDATION_00360	9	1	0.88274288	28	-72	G	-0.36151901	0.36151901
POS_VALIDATION_00360	10	1	0.88274288	90	-10	G	-0.34159192	0.34159192
POS_VALIDATION_00360	11	1	0.88274288	56	-44	T	0.32683587	0.32683587
POS_VALIDATION_00360	12	1	0.88274288	75	-25	T	-0.31791121	0.31791121
POS_VALIDATION_00360	13	1	0.88274288	93	-7	T	-0.30366594	0.30366594
POS_VALIDATION_00360	14	1	0.88274288	174	74	G	-0.29469457	0.29469457
POS_VALIDATION_00360	15	1	0.88274288	74	-26	C	0.29002064	0.29002064
POS_VALIDATION_00360	16	1	0.88274288	118	18	T	-0.27649465	0.27649465
POS_VALIDATION_00360	17	1	0.88274288	12	-88	G	-0.27619591	0.27619591
POS_VALIDATION_00360	18	1	0.88274288	7	-93	G	-0.27352232	0.27352232
POS_VALIDATION_00360	19	1	0.88274288	108	8	C	0.27323201	0.27323201
POS_VALIDATION_00360	20	1	0.88274288	132	32	G	-0.26464155	0.26464155
POS_VALIDATION_00360	21	1	0.88274288	121	21	C	0.26380932	0.26380932
POS_VALIDATION_00360	22	1	0.88274288	152	52	C	0.26165462	0.26165462
POS_VALIDATION_00360	23	1	0.88274288	112	12	C	0.24871376	0.24871376
POS_VALIDATION_00360	24	1	0.88274288	115	15	C	0.24623695	0.24623695
POS_VALIDATION_00360	25	1	0.88274288	154	54	G	-0.24611393	0.24611393
POS_VALIDATION_00360	26	1	0.88274288	5	-95	G	-0.24201785	0.24201785
POS_VALIDATION_00360	27	1	0.88274288	169	69	C	0.24136835	0.24136835
POS_VALIDATION_00360	28	1	0.88274288	141	41	G	-0.2396861	0.2396861
POS_VALIDATION_00360	29	1	0.88274288	11	-89	G	-0.23603714	0.23603714
POS_VALIDATION_00360	30	1	0.88274288	47	-53	T	-0.23324153	0.23324153
POS_VALIDATION_00360	31	1	0.88274288	0	-100	A	0.23231709	0.23231709
POS_VALIDATION_00360	32	1	0.88274288	78	-22	C	0.2279188	0.2279188
POS_VALIDATION_00360	33	1	0.88274288	50	-50	G	-0.22658348	0.22658348
POS_VALIDATION_00360	34	1	0.88274288	70	-30	G	-0.22493209	0.22493209
POS_VALIDATION_00360	35	1	0.88274288	64	-36	G	-0.22117862	0.22117862
POS_VALIDATION_00360	36	1	0.88274288	164	64	G	-0.22070485	0.22070485
POS_VALIDATION_00360	37	1	0.88274288	116	16	G	-0.21977153	0.21977153
POS_VALIDATION_00360	38	1	0.88274288	53	-47	G	-0.21369998	0.21369998
POS_VALIDATION_00360	39	1	0.88274288	72	-28	G	-0.21269923	0.21269923
POS_VALIDATION_00360	40	1	0.88274288	139	39	A	0.21217611	0.21217611
POS_VALIDATION_00360	41	1	0.88274288	162	62	G	-0.20916945	0.20916945
POS_VALIDATION_00360	42	1	0.88274288	187	87	C	0.20906952	0.20906952
POS_VALIDATION_00360	43	1	0.88274288	119	19	C	0.20077749	0.20077749
POS_VALIDATION_00360	44	1	0.88274288	106	6	C	0.19545478	0.19545478
POS_VALIDATION_00360	45	1	0.88274288	21	-79	G	-0.19542003	0.19542003
POS_VALIDATION_00360	46	1	0.88274288	147	47	G	-0.19314583	0.19314583
POS_VALIDATION_00360	47	1	0.88274288	8	-92	G	-0.19300897	0.19300897
POS_VALIDATION_00360	48	1	0.88274288	197	97	T	0.18861482	0.18861482
POS_VALIDATION_00360	49	1	0.88274288	77	-23	G	-0.18243873	0.18243873
POS_VALIDATION_00360	50	1	0.88274288	105	5	G	-0.17767364	0.17767364
POS_VALIDATION_00364	1	1	0.9646638	113	13	C	1.2923865	1.2923865
POS_VALIDATION_00364	2	1	0.9646638	42	-58	C	-1.1101327	1.1101327
POS_VALIDATION_00364	3	1	0.9646638	161	61	A	-0.61569262	0.61569262
POS_VALIDATION_00364	4	1	0.9646638	45	-55	G	-0.54110491	0.54110491
POS_VALIDATION_00364	5	1	0.9646638	24	-76	G	-0.4122923	0.4122923
POS_VALIDATION_00364	6	1	0.9646638	84	-16	C	0.38085625	0.38085625
POS_VALIDATION_00364	7	1	0.9646638	75	-25	C	0.37657669	0.37657669
POS_VALIDATION_00364	8	1	0.9646638	28	-72	G	-0.36509681	0.36509681
POS_VALIDATION_00364	9	1	0.9646638	119	19	C	0.3412075	0.3412075
POS_VALIDATION_00364	10	1	0.9646638	35	-65	T	0.29992074	0.29992074
POS_VALIDATION_00364	11	1	0.9646638	171	71	G	-0.29961362	0.29961362
POS_VALIDATION_00364	12	1	0.9646638	0	-100	T	0.29710573	0.29710573
POS_VALIDATION_00364	13	1	0.9646638	142	42	G	-0.29009497	0.29009497
POS_VALIDATION_00364	14	1	0.9646638	109	9	C	0.25788572	0.25788572
POS_VALIDATION_00364	15	1	0.9646638	185	85	G	-0.23090127	0.23090127
POS_VALIDATION_00364	16	1	0.9646638	53	-47	G	-0.22703981	0.22703981
POS_VALIDATION_00364	17	1	0.9646638	59	-41	G	-0.21973169	0.21973169
POS_VALIDATION_00364	18	1	0.9646638	120	20	C	0.21152622	0.21152622
POS_VALIDATION_00364	19	1	0.9646638	71	-29	C	0.20049587	0.20049587
POS_VALIDATION_00364	20	1	0.9646638	154	54	C	-0.1980392	0.1980392
POS_VALIDATION_00364	21	1	0.9646638	10	-90	T	-0.19655478	0.19655478
POS_VALIDATION_00364	22	1	0.9646638	173	73	T	-0.19554929	0.19554929
POS_VALIDATION_00364	23	1	0.9646638	151	51	C	0.1924611	0.1924611
POS_VALIDATION_00364	24	1	0.9646638	139	39	A	0.18741052	0.18741052
POS_VALIDATION_00364	25	1	0.9646638	153	53	C	0.1815239	0.1815239
POS_VALIDATION_00364	26	1	0.9646638	135	35	G	-0.17787081	0.17787081
POS_VALIDATION_00364	27	1	0.9646638	193	93	G	-0.17689382	0.17689382
POS_VALIDATION_00364	28	1	0.9646638	77	-23	G	-0.17574844	0.17574844
POS_VALIDATION_00364	29	1	0.9646638	56	-44	G	-0.17545544	0.17545544
POS_VALIDATION_00364	30	1	0.9646638	182	82	G	-0.1749458	0.1749458
POS_VALIDATION_00364	31	1	0.9646638	115	15	T	0.17212957	0.17212957
POS_VALIDATION_00364	32	1	0.9646638	58	-42	G	-0.16833545	0.16833545
POS_VALIDATION_00364	33	1	0.9646638	162	62	G	-0.16140893	0.16140893
POS_VALIDATION_00364	34	1	0.9646638	70	-30	G	-0.15802142	0.15802142
POS_VALIDATION_00364	35	1	0.9646638	141	41	A	-0.15777621	0.15777621
POS_VALIDATION_00364	36	1	0.9646638	47	-53	T	-0.15540761	0.15540761
POS_VALIDATION_00364	37	1	0.9646638	131	31	C	-0.15239722	0.15239722
POS_VALIDATION_00364	38	1	0.9646638	105	5	G	-0.14473915	0.14473915
POS_VALIDATION_00364	39	1	0.9646638	189	89	C	-0.1430065	0.1430065
POS_VALIDATION_00364	40	1	0.9646638	150	50	C	0.13282615	0.13282615
POS_VALIDATION_00364	41	1	0.9646638	51	-49	G	-0.13273102	0.13273102
POS_VALIDATION_00364	42	1	0.9646638	6	-94	T	-0.13102865	0.13102865
POS_VALIDATION_00364	43	1	0.9646638	5	-95	G	-0.13086736	0.13086736
POS_VALIDATION_00364	44	1	0.9646638	97	-3	G	-0.12913239	0.12913239
POS_VALIDATION_00364	45	1	0.9646638	126	26	A	-0.12841445	0.12841445
POS_VALIDATION_00364	46	1	0.9646638	29	-71	G	-0.12818238	0.12818238
POS_VALIDATION_00364	47	1	0.9646638	110	10	C	-0.12697473	0.12697473
POS_VALIDATION_00364	48	1	0.9646638	95	-5	G	-0.12320978	0.12320978
POS_VALIDATION_00364	49	1	0.9646638	8	-92	T	-0.12102264	0.12102264
POS_VALIDATION_00364	50	1	0.9646638	98	-2	C	0.12073498	0.12073498
POS_VALIDATION_00365	1	1	0.94174886	113	13	C	1.2425059	1.2425059
POS_VALIDATION_00365	2	1	0.94174886	161	61	T	-0.78056288	0.78056288
POS_VALIDATION_00365	3	1	0.94174886	45	-55	G	-0.67927933	0.67927933
POS_VALIDATION_00365	4	1	0.94174886	99	-1	C	0.61615568	0.61615568
POS_VALIDATION_00365	5	1	0.94174886	196	96	C	0.48116031	0.48116031
POS_VALIDATION_00365	6	1	0.94174886	66	-34	G	-0.47609723	0.47609723
POS_VALIDATION_00365	7	1	0.94174886	75	-25	C	0.44834441	0.44834441
POS_VALIDATION_00365	8	1	0.94174886	23	-77	C	0.4262903	0.4262903
POS_VALIDATION_00365	9	1	0.94174886	84	-16	C	0.39301583	0.39301583
POS_VALIDATION_00365	10	1	0.94174886	0	-100	T	0.36937019	0.36937019
POS_VALIDATION_00365	11	1	0.94174886	140	40	G	-0.34090298	0.34090298
POS_VALIDATION_00365	12	1	0.94174886	26	-74	G	-0.33313906	0.33313906
POS_VALIDATION_00365	13	1	0.94174886	41	-59	G	-0.31561297	0.31561297
POS_VALIDATION_00365	14	1	0.94174886	93	-7	T	-0.30326968	0.30326968
POS_VALIDATION_00365	15	1	0.94174886	52	-48	A	-0.30291778	0.30291778
POS_VALIDATION_00365	16	1	0.94174886	106	6	C	0.29795352	0.29795352
POS_VALIDATION_00365	17	1	0.94174886	132	32	G	-0.28967762	0.28967762
POS_VALIDATION_00365	18	1	0.94174886	98	-2	G	-0.28631276	0.28631276
POS_VALIDATION_00365	19	1	0.94174886	169	69	G	-0.28072348	0.28072348
POS_VALIDATION_00365	20	1	0.94174886	184	84	G	-0.27930558	0.27930558
POS_VALIDATION_00365	21	1	0.94174886	139	39	G	-0.2786628	0.2786628
POS_VALIDATION_00365	22	1	0.94174886	116	16	C	-0.27374583	0.27374583
POS_VALIDATION_00365	23	1	0.94174886	25	-75	G	-0.26610336	0.26610336
POS_VALIDATION_00365	24	1	0.94174886	126	26	A	-0.25651622	0.25651622
POS_VALIDATION_00365	25	1	0.94174886	123	23	A	-0.25452012	0.25452012
POS_VALIDATION_00365	26	1	0.94174886	51	-49	C	0.24690989	0.24690989
POS_VALIDATION_00365	27	1	0.94174886	109	9	G	-0.24372143	0.24372143
POS_VALIDATION_00365	28	1	0.94174886	55	-45	G	-0.24116486	0.24116486
POS_VALIDATION_00365	29	1	0.94174886	121	21	C	0.23636681	0.23636681
POS_VALIDATION_00365	30	1	0.94174886	69	-31	T	-0.22781816	0.22781816
POS_VALIDATION_00365	31	1	0.94174886	50	-50	G	-0.21073936	0.21073936
POS_VALIDATION_00365	32	1	0.94174886	90	-10	G	-0.21005465	0.21005465
POS_VALIDATION_00365	33	1	0.94174886	115	15	G	-0.20999092	0.20999092
POS_VALIDATION_00365	34	1	0.94174886	58	-42	G	-0.20483971	0.20483971
POS_VALIDATION_00365	35	1	0.94174886	143	43	C	0.20467058	0.20467058
POS_VALIDATION_00365	36	1	0.94174886	119	19	C	0.20431615	0.20431615
POS_VALIDATION_00365	37	1	0.94174886	117	17	C	-0.20402822	0.20402822
POS_VALIDATION_00365	38	1	0.94174886	48	-52	G	-0.2004239	0.2004239
POS_VALIDATION_00365	39	1	0.94174886	101	1	A	-0.19650137	0.19650137
POS_VALIDATION_00365	40	1	0.94174886	74	-26	G	-0.19631258	0.19631258
POS_VALIDATION_00365	41	1	0.94174886	32	-68	T	-0.19379485	0.19379485
POS_VALIDATION_00365	42	1	0.94174886	35	-65	T	0.19314	0.19314
POS_VALIDATION_00365	43	1	0.94174886	42	-58	G	-0.19201823	0.19201823
POS_VALIDATION_00365	44	1	0.94174886	122	22	A	-0.19154586	0.19154586
POS_VALIDATION_00365	45	1	0.94174886	53	-47	G	-0.1904674	0.1904674
POS_VALIDATION_00365	46	1	0.94174886	2	-98	G	-0.18368655	0.18368655
POS_VALIDATION_00365	47	1	0.94174886	96	-4	A	-0.1809237	0.1809237
POS_VALIDATION_00365	48	1	0.94174886	154	54	G	-0.17462444	0.17462444
POS_VALIDATION_00365	49	1	0.94174886	120	20	C	0.17446154	0.17446154
POS_VALIDATION_00365	50	1	0.94174886	6	-94	G	-0.17164125	0.17164125
POS_VALIDATION_00370	1	1	0.82992733	96	-4	C	0.96810448	0.96810448
POS_VALIDATION_00370	2	1	0.82992733	120	20	G	-0.92997259	0.92997259
POS_VALIDATION_00370	3	1	0.82992733	113	13	C	0.92024332	0.92024332
POS_VALIDATION_00370	4	1	0.82992733	36	-64	C	0.71836537	0.71836537
POS_VALIDATION_00370	5	1	0.82992733	84	-16	C	0.67833686	0.67833686
POS_VALIDATION_00370	6	1	0.82992733	198	98	G	-0.51057309	0.51057309
POS_VALIDATION_00370	7	1	0.82992733	24	-76	G	-0.39012229	0.39012229
POS_VALIDATION_00370	8	1	0.82992733	190	90	C	0.38156056	0.38156056
POS_VALIDATION_00370	9	1	0.82992733	32	-68	G	-0.37407291	0.37407291
POS_VALIDATION_00370	10	1	0.82992733	52	-48	A	-0.36897045	0.36897045
POS_VALIDATION_00370	11	1	0.82992733	75	-25	T	-0.36589223	0.36589223
POS_VALIDATION_00370	12	1	0.82992733	142	42	G	-0.3347297	0.3347297
POS_VALIDATION_00370	13	1	0.82992733	139	39	C	-0.32396877	0.32396877
POS_VALIDATION_00370	14	1	0.82992733	106	6	G	-0.32040274	0.32040274
POS_VALIDATION_00370	15	1	0.82992733	116	16	G	-0.31914622	0.31914622
POS_VALIDATION_00370	16	1	0.82992733	181	81	C	0.31308192	0.31308192
POS_VALIDATION_00370	17	1	0.82992733	93	-7	C	0.30448592	0.30448592
POS_VALIDATION_00370	18	1	0.82992733	184	84	G	-0.30420622	0.30420622
POS_VALIDATION_00370	19	1	0.82992733	185	85	G	-0.30357224	0.30357224
POS_VALIDATION_00370	20	1	0.82992733	40	-60	G	-0.29784948	0.29784948
POS_VALIDATION_00370	21	1	0.82992733	26	-74	G	-0.29194233	0.29194233
POS_VALIDATION_00370	22	1	0.82992733	50	-50	G	-0.27193761	0.27193761
POS_VALIDATION_00370	23	1	0.82992733	0	-100	G	-0.26867771	0.26867771
POS_VALIDATION_00370	24	1	0.82992733	55	-45	G	-0.26786292	0.26786292
POS_VALIDATION_00370	25	1	0.82992733	6	-94	T	-0.2523737	0.2523737
POS_VALIDATION_00370	26	1	0.82992733	135	35	G	-0.25099263	0.25099263
POS_VALIDATION_00370	27	1	0.82992733	66	-34	C	-0.2401789	0.2401789
POS_VALIDATION_00370	28	1	0.82992733	133	33	C	0.23854348	0.23854348
POS_VALIDATION_00370	29	1	0.82992733	54	-46	G	-0.23553176	0.23553176
POS_VALIDATION_00370	30	1	0.82992733	83	-17	C	0.23386849	0.23386849
POS_VALIDATION_00370	31	1	0.82992733	123	23	C	0.22933093	0.22933093
POS_VALIDATION_00370	32	1	0.82992733	129	29	C	0.22477262	0.22477262
POS_VALIDATION_00370	33	1	0.82992733	107	7	G	-0.21157449	0.21157449
POS_VALIDATION_00370	34	1	0.82992733	82	-18	C	0.21036629	0.21036629
POS_VALIDATION_00370	35	1	0.82992733	95	-5	C	0.20973015	0.20973015
POS_VALIDATION_00370	36	1	0.82992733	68	-32	G	-0.20829253	0.20829253
POS_VALIDATION_00370	37	1	0.82992733	74	-26	G	-0.19978276	0.19978276
POS_VALIDATION_00370	38	1	0.82992733	90	-10	G	-0.19896784	0.19896784
POS_VALIDATION_00370	39	1	0.82992733	131	31	C	0.19864649	0.19864649
POS_VALIDATION_00370	40	1	0.82992733	193	93	G	-0.19726691	0.19726691
POS_VALIDATION_00370	41	1	0.82992733	164	64	G	-0.1954512	0.1954512
POS_VALIDATION_00370	42	1	0.82992733	160	60	G	-0.19338761	0.19338761
POS_VALIDATION_00370	43	1	0.82992733	174	74	G	-0.19104096	0.19104096
POS_VALIDATION_00370	44	1	0.82992733	173	73	T	-0.19043875	0.19043875
POS_VALIDATION_00370	45	1	0.82992733	143	43	C	0.18779251	0.18779251
POS_VALIDATION_00370	46	1	0.82992733	130	30	G	-0.18301569	0.18301569
POS_VALIDATION_00370	47	1	0.82992733	69	-31	A	-0.18279535	0.18279535
POS_VALIDATION_00370	48	1	0.82992733	71	-29	C	0.18241636	0.18241636
POS_VALIDATION_00370	49	1	0.82992733	136	36	C	0.18071336	0.18071336
POS_VALIDATION_00370	50	1	0.82992733	138	38	A	-0.17894909	0.17894909
POS_VALIDATION_00371	1	1	0.89006793	1	-99	C	0.97688425	0.97688425
POS_VALIDATION_00371	2	1	0.89006793	161	61	T	-0.78738022	0.78738022
POS_VALIDATION_00371	3	1	0.89006793	181	81	G	-0.73211443	0.73211443
POS_VALIDATION_00371	4	1	0.89006793	47	-53	G	-0.71504605	0.71504605
POS_VALIDATION_00371	5	1	0.89006793	99	-1	C	0.60840756	0.60840756
POS_VALIDATION_00371	6	1	0.89006793	69	-31	C	0.51433396	0.51433396
POS_VALIDATION_00371	7	1	0.89006793	76	-24	C	0.45517251	0.45517251
POS_VALIDATION_00371	8	1	0.89006793	93	-7	C	0.44688034	0.44688034
POS_VALIDATION_00371	9	1	0.89006793	153	53	C	0.4372496	0.4372496
POS_VALIDATION_00371	10	1	0.89006793	198	98	G	-0.42880067	0.42880067
POS_VALIDATION_00371	11	1	0.89006793	148	48	G	-0.400446	0.400446
POS_VALIDATION_00371	12	1	0.89006793	84	-16	T	-0.37349841	0.37349841
POS_VALIDATION_00371	13	1	0.89006793	187	87	C	0.35530254	0.35530254
POS_VALIDATION_00371	14	1	0.89006793	83	-17	C	0.32281771	0.32281771
POS_VALIDATION_00371	15	1	0.89006793	57	-43	G	-0.31049457	0.31049457
POS_VALIDATION_00371	16	1	0.89006793	185	85	G	-0.3062723	0.3062723
POS_VALIDATION_00371	17	1	0.89006793	0	-100	C	0.3062633	0.3062633
POS_VALIDATION_00371	18	1	0.89006793	129	29	C	0.30088902	0.30088902
POS_VALIDATION_00371	19	1	0.89006793	3	-97	C	0.2864356	0.2864356
POS_VALIDATION_00371	20	1	0.89006793	96	-4	A	-0.27802527	0.27802527
POS_VALIDATION_00371	21	1	0.89006793	111	11	G	-0.27276534	0.27276534
POS_VALIDATION_00371	22	1	0.89006793	55	-45	G	-0.26830649	0.26830649
POS_VALIDATION_00371	23	1	0.89006793	15	-85	G	-0.26456979	0.26456979
POS_VALIDATION_00371	24	1	0.89006793	16	-84	G	-0.25403082	0.25403082
POS_VALIDATION_00371	25	1	0.89006793	40	-60	G	-0.25379348	0.25379348
POS_VALIDATION_00371	26	1	0.89006793	98	-2	G	-0.25045711	0.25045711
POS_VALIDATION_00371	27	1	0.89006793	194	94	G	-0.24875823	0.24875823
POS_VALIDATION_00371	28	1	0.89006793	58	-42	G	-0.24144192	0.24144192
POS_VALIDATION_00371	29	1	0.89006793	75	-25	T	-0.23494376	0.23494376
POS_VALIDATION_00371	30	1	0.89006793	87	-13	G	-0.22624972	0.22624972
POS_VALIDATION_00371	31	1	0.89006793	66	-34	C	0.22429205	0.22429205
POS_VALIDATION_00371	32	1	0.89006793	126	26	A	-0.2117019	0.2117019
POS_VALIDATION_00371	33	1	0.89006793	108	8	C	0.21112785	0.21112785
POS_VALIDATION_00371	34	1	0.89006793	171	71	A	0.20558649	0.20558649
POS_VALIDATION_00371	35	1	0.89006793	152	52	C	0.20205423	0.20205423
POS_VALIDATION_00371	36	1	0.89006793	132	32	G	-0.19820419	0.19820419
POS_VALIDATION_00371	37	1	0.89006793	49	-51	C	0.18398991	0.18398991
POS_VALIDATION_00371	38	1	0.89006793	163	63	C	0.18297526	0.18297526
POS_VALIDATION_00371	39	1	0.89006793	2	-98	T	-0.18239601	0.18239601
POS_VALIDATION_00371	40	1	0.89006793	130	30	C	0.18047029	0.18047029
POS_VALIDATION_00371	41	1	0.89006793	114	14	G	-0.17976205	0.17976205
POS_VALIDATION_00371	42	1	0.89006793	125	25	G	-0.17835462	0.17835462
POS_VALIDATION_00371	43	1	0.89006793	110	10	C	-0.17415473	0.17415473
POS_VALIDATION_00371	44	1	0.89006793	115	15	T	0.17133054	0.17133054
POS_VALIDATION_00371	45	1	0.89006793	53	-47	G	-0.17124254	0.17124254
POS_VALIDATION_00371	46	1	0.89006793	6	-94	T	-0.16388524	0.16388524
POS_VALIDATION_00371	47	1	0.89006793	133	33	C	0.15887725	0.15887725
POS_VALIDATION_00371	48	1	0.89006793	51	-49	G	-0.15810311	0.15810311
POS_VALIDATION_00371	49	1	0.89006793	97	-3	G	-0.15514129	0.15514129
POS_VALIDATION_00371	50	1	0.89006793	142	42	C	0.15485801	0.15485801
POS_VALIDATION_00373	1	1	0.84385061	181	81	G	-0.8535881	0.8535881
POS_VALIDATION_00373	2	1	0.84385061	161	61	C	0.69020903	0.69020903
POS_VALIDATION_00373	3	1	0.84385061	1	-99	C	0.67373395	0.67373395
POS_VALIDATION_00373	4	1	0.84385061	191	91	C	0.60340708	0.60340708
POS_VALIDATION_00373	5	1	0.84385061	120	20	G	-0.59987599	0.59987599
POS_VALIDATION_00373	6	1	0.84385061	110	10	G	-0.54658628	0.54658628
POS_VALIDATION_00373	7	1	0.84385061	99	-1	C	0.53889334	0.53889334
POS_VALIDATION_00373	8	1	0.84385061	84	-16	C	0.51701558	0.51701558
POS_VALIDATION_00373	9	1	0.84385061	126	26	T	-0.50587493	0.50587493
POS_VALIDATION_00373	10	1	0.84385061	15	-85	G	-0.47654209	0.47654209
POS_VALIDATION_00373	11	1	0.84385061	106	6	G	-0.46528128	0.46528128
POS_VALIDATION_00373	12	1	0.84385061	98	-2	G	-0.42528114	0.42528114
POS_VALIDATION_00373	13	1	0.84385061	153	53	C	0.40818056	0.40818056
POS_VALIDATION_00373	14	1	0.84385061	93	-7	C	0.3820442	0.3820442
POS_VALIDATION_00373	15	1	0.84385061	75	-25	T	-0.31087118	0.31087118
POS_VALIDATION_00373	16	1	0.84385061	185	85	G	-0.30531737	0.30531737
POS_VALIDATION_00373	17	1	0.84385061	69	-31	T	-0.30436587	0.30436587
POS_VALIDATION_00373	18	1	0.84385061	76	-24	C	0.29501051	0.29501051
POS_VALIDATION_00373	19	1	0.84385061	57	-43	G	-0.29280865	0.29280865
POS_VALIDATION_00373	20	1	0.84385061	19	-81	C	0.2850548	0.2850548
POS_VALIDATION_00373	21	1	0.84385061	187	87	C	0.27128267	0.27128267
POS_VALIDATION_00373	22	1	0.84385061	104	4	G	-0.26883611	0.26883611
POS_VALIDATION_00373	23	1	0.84385061	74	-26	A	-0.26879969	0.26879969
POS_VALIDATION_00373	24	1	0.84385061	130	30	G	-0.26608163	0.26608163
POS_VALIDATION_00373	25	1	0.84385061	25	-75	G	-0.26344961	0.26344961
POS_VALIDATION_00373	26	1	0.84385061	0	-100	C	0.26311582	0.26311582
POS_VALIDATION_00373	27	1	0.84385061	111	11	C	0.24932165	0.24932165
POS_VALIDATION_00373	28	1	0.84385061	125	25	G	-0.24877881	0.24877881
POS_VALIDATION_00373	29	1	0.84385061	27	-73	C	0.24591988	0.24591988
POS_VALIDATION_00373	30	1	0.84385061	123	23	A	-0.23079206	0.23079206
POS_VALIDATION_00373	31	1	0.84385061	53	-47	G	-0.22761703	0.22761703
POS_VALIDATION_00373	32	1	0.84385061	163	63	C	0.22734992	0.22734992
POS_VALIDATION_00373	33	1	0.84385061	78	-22	C	0.22309217	0.22309217
POS_VALIDATION_00373	34	1	0.84385061	66	-34	C	0.21703832	0.21703832
POS_VALIDATION_00373	35	1	0.84385061	131	31	G	-0.21565826	0.21565826
POS_VALIDATION_00373	36	1	0.84385061	58	-42	G	-0.21494573	0.21494573
POS_VALIDATION_00373	37	1	0.84385061	149	49	C	0.21476102	0.21476102
POS_VALIDATION_00373	38	1	0.84385061	5	-95	C	-0.21452887	0.21452887
POS_VALIDATION_00373	39	1	0.84385061	171	71	G	-0.20787406	0.20787406
POS_VALIDATION_00373	40	1	0.84385061	167	67	C	0.20639411	0.20639411
POS_VALIDATION_00373	41	1	0.84385061	137	37	G	-0.20410503	0.20410503
POS_VALIDATION_00373	42	1	0.84385061	139	39	G	-0.20402998	0.20402998
POS_VALIDATION_00373	43	1	0.84385061	114	14	G	-0.19973354	0.19973354
POS_VALIDATION_00373	44	1	0.84385061	143	43	C	0.1963551	0.1963551
POS_VALIDATION_00373	45	1	0.84385061	71	-29	G	-0.19490635	0.19490635
POS_VALIDATION_00373	46	1	0.84385061	23	-77	G	-0.19113572	0.19113572
POS_VALIDATION_00373	47	1	0.84385061	173	73	C	0.18571195	0.18571195
POS_VALIDATION_00373	48	1	0.84385061	30	-70	C	0.17805868	0.17805868
POS_VALIDATION_00373	49	1	0.84385061	117	17	C	-0.17499459	0.17499459
POS_VALIDATION_00373	50	1	0.84385061	42	-58	A	-0.17315771	0.17315771
POS_VALIDATION_00375	1	1	0.93223286	113	13	C	1.4064302	1.4064302
POS_VALIDATION_00375	2	1	0.93223286	42	-58	C	-1.1718382	1.1718382
POS_VALIDATION_00375	3	1	0.93223286	45	-55	G	-0.57071257	0.57071257
POS_VALIDATION_00375	4	1	0.93223286	181	81	G	-0.50859296	0.50859296
POS_VALIDATION_00375	5	1	0.93223286	24	-76	G	-0.48947945	0.48947945
POS_VALIDATION_00375	6	1	0.93223286	75	-25	C	0.48537683	0.48537683
POS_VALIDATION_00375	7	1	0.93223286	84	-16	C	0.38205034	0.38205034
POS_VALIDATION_00375	8	1	0.93223286	0	-100	T	0.37084046	0.37084046
POS_VALIDATION_00375	9	1	0.93223286	184	84	G	-0.343041	0.343041
POS_VALIDATION_00375	10	1	0.93223286	196	96	G	-0.34266034	0.34266034
POS_VALIDATION_00375	11	1	0.93223286	26	-74	G	-0.32588014	0.32588014
POS_VALIDATION_00375	12	1	0.93223286	161	61	G	-0.3227711	0.3227711
POS_VALIDATION_00375	13	1	0.93223286	56	-44	G	-0.29517525	0.29517525
POS_VALIDATION_00375	14	1	0.93223286	59	-41	G	-0.27501285	0.27501285
POS_VALIDATION_00375	15	1	0.93223286	135	35	G	-0.27284312	0.27284312
POS_VALIDATION_00375	16	1	0.93223286	109	9	C	0.27009314	0.27009314
POS_VALIDATION_00375	17	1	0.93223286	93	-7	A	-0.26883039	0.26883039
POS_VALIDATION_00375	18	1	0.93223286	142	42	G	-0.26401019	0.26401019
POS_VALIDATION_00375	19	1	0.93223286	69	-31	G	-0.26250803	0.26250803
POS_VALIDATION_00375	20	1	0.93223286	35	-65	T	0.25869191	0.25869191
POS_VALIDATION_00375	21	1	0.93223286	53	-47	G	-0.25690731	0.25690731
POS_VALIDATION_00375	22	1	0.93223286	70	-30	G	-0.24536237	0.24536237
POS_VALIDATION_00375	23	1	0.93223286	25	-75	A	0.23346102	0.23346102
POS_VALIDATION_00375	24	1	0.93223286	71	-29	C	0.23123662	0.23123662
POS_VALIDATION_00375	25	1	0.93223286	153	53	C	0.22963476	0.22963476
POS_VALIDATION_00375	26	1	0.93223286	139	39	A	0.21764095	0.21764095
POS_VALIDATION_00375	27	1	0.93223286	98	-2	C	0.20831239	0.20831239
POS_VALIDATION_00375	28	1	0.93223286	173	73	T	-0.20824218	0.20824218
POS_VALIDATION_00375	29	1	0.93223286	77	-23	G	-0.20181069	0.20181069
POS_VALIDATION_00375	30	1	0.93223286	193	93	C	-0.20086624	0.20086624
POS_VALIDATION_00375	31	1	0.93223286	58	-42	G	-0.1996929	0.1996929
POS_VALIDATION_00375	32	1	0.93223286	57	-43	C	-0.18824899	0.18824899
POS_VALIDATION_00375	33	1	0.93223286	101	1	G	-0.18678403	0.18678403
POS_VALIDATION_00375	34	1	0.93223286	5	-95	T	0.1852798	0.1852798
POS_VALIDATION_00375	35	1	0.93223286	122	22	C	0.18490744	0.18490744
POS_VALIDATION_00375	36	1	0.93223286	95	-5	G	-0.18012437	0.18012437
POS_VALIDATION_00375	37	1	0.93223286	158	58	C	0.17898282	0.17898282
POS_VALIDATION_00375	38	1	0.93223286	154	54	C	-0.17789897	0.17789897
POS_VALIDATION_00375	39	1	0.93223286	88	-12	C	0.16999665	0.16999665
POS_VALIDATION_00375	40	1	0.93223286	63	-37	G	-0.16898954	0.16898954
POS_VALIDATION_00375	41	1	0.93223286	120	20	C	0.16814679	0.16814679
POS_VALIDATION_00375	42	1	0.93223286	157	57	G	-0.16560689	0.16560689
POS_VALIDATION_00375	43	1	0.93223286	162	62	G	-0.16499838	0.16499838
POS_VALIDATION_00375	44	1	0.93223286	190	90	G	-0.16285582	0.16285582
POS_VALIDATION_00375	45	1	0.93223286	48	-52	G	-0.16174836	0.16174836
POS_VALIDATION_00375	46	1	0.93223286	155	55	A	0.15888681	0.15888681
POS_VALIDATION_00375	47	1	0.93223286	10	-90	T	-0.15859085	0.15859085
POS_VALIDATION_00375	48	1	0.93223286	150	50	C	0.15723488	0.15723488
POS_VALIDATION_00375	49	1	0.93223286	151	51	C	0.15709424	0.15709424
POS_VALIDATION_00375	50	1	0.93223286	172	72	G	-0.15693301	0.15693301
POS_VALIDATION_00376	1	1	0.88579118	113	13	C	1.3381621	1.3381621
POS_VALIDATION_00376	2	1	0.88579118	120	20	G	-0.81675971	0.81675971
POS_VALIDATION_00376	3	1	0.88579118	36	-64	C	0.72212625	0.72212625
POS_VALIDATION_00376	4	1	0.88579118	110	10	G	-0.66181636	0.66181636
POS_VALIDATION_00376	5	1	0.88579118	161	61	A	-0.57177669	0.57177669
POS_VALIDATION_00376	6	1	0.88579118	181	81	G	-0.56823778	0.56823778
POS_VALIDATION_00376	7	1	0.88579118	99	-1	C	0.52407509	0.52407509
POS_VALIDATION_00376	8	1	0.88579118	93	-7	T	-0.51976365	0.51976365
POS_VALIDATION_00376	9	1	0.88579118	177	77	G	-0.47022349	0.47022349
POS_VALIDATION_00376	10	1	0.88579118	35	-65	G	-0.45059177	0.45059177
POS_VALIDATION_00376	11	1	0.88579118	26	-74	G	-0.38348699	0.38348699
POS_VALIDATION_00376	12	1	0.88579118	1	-99	A	0.34378496	0.34378496
POS_VALIDATION_00376	13	1	0.88579118	76	-24	C	0.33291405	0.33291405
POS_VALIDATION_00376	14	1	0.88579118	51	-49	C	0.32571214	0.32571214
POS_VALIDATION_00376	15	1	0.88579118	40	-60	G	-0.31162345	0.31162345
POS_VALIDATION_00376	16	1	0.88579118	198	98	C	-0.28324774	0.28324774
POS_VALIDATION_00376	17	1	0.88579118	184	84	G	-0.27952683	0.27952683
POS_VALIDATION_00376	18	1	0.88579118	3	-97	C	0.26263446	0.26263446
POS_VALIDATION_00376	19	1	0.88579118	94	-6	G	-0.25135407	0.25135407
POS_VALIDATION_00376	20	1	0.88579118	127	27	C	-0.24898469	0.24898469
POS_VALIDATION_00376	21	1	0.88579118	123	23	A	-0.23517424	0.23517424
POS_VALIDATION_00376	22	1	0.88579118	139	39	G	-0.23446707	0.23446707
POS_VALIDATION_00376	23	1	0.88579118	53	-47	G	-0.23013575	0.23013575
POS_VALIDATION_00376	24	1	0.88579118	89	-11	C	0.22044082	0.22044082
POS_VALIDATION_00376	25	1	0.88579118	126	26	A	-0.21398878	0.21398878
POS_VALIDATION_00376	26	1	0.88579118	169	69	G	-0.21148397	0.21148397
POS_VALIDATION_00376	27	1	0.88579118	5	-95	G	-0.21106414	0.21106414
POS_VALIDATION_00376	28	1	0.88579118	125	25	C	-0.21097021	0.21097021
POS_VALIDATION_00376	29	1	0.88579118	74	-26	G	-0.20930097	0.20930097
POS_VALIDATION_00376	30	1	0.88579118	56	-44	A	0.20799762	0.20799762
POS_VALIDATION_00376	31	1	0.88579118	119	19	G	-0.2043083	0.2043083
POS_VALIDATION_00376	32	1	0.88579118	107	7	C	0.20282115	0.20282115
POS_VALIDATION_00376	33	1	0.88579118	121	21	C	0.20236304	0.20236304
POS_VALIDATION_00376	34	1	0.88579118	174	74	G	-0.19502735	0.19502735
POS_VALIDATION_00376	35	1	0.88579118	70	-30	G	-0.19483033	0.19483033
POS_VALIDATION_00376	36	1	0.88579118	77	-23	G	-0.19422281	0.19422281
POS_VALIDATION_00376	37	1	0.88579118	115	15	C	0.18944845	0.18944845
POS_VALIDATION_00376	38	1	0.88579118	155	55	C	0.18792397	0.18792397
POS_VALIDATION_00376	39	1	0.88579118	112	12	C	0.18518595	0.18518595
POS_VALIDATION_00376	40	1	0.88579118	58	-42	C	0.1837731	0.1837731
POS_VALIDATION_00376	41	1	0.88579118	6	-94	G	-0.17948377	0.17948377
POS_VALIDATION_00376	42	1	0.88579118	8	-92	C	-0.16927132	0.16927132
POS_VALIDATION_00376	43	1	0.88579118	84	-16	G	-0.16817582	0.16817582
POS_VALIDATION_00376	44	1	0.88579118	131	31	G	-0.16277121	0.16277121
POS_VALIDATION_00376	45	1	0.88579118	42	-58	G	-0.16094226	0.16094226
POS_VALIDATION_00376	46	1	0.88579118	109	9	A	-0.15963122	0.15963122
POS_VALIDATION_00376	47	1	0.88579118	194	94	C	0.15936804	0.15936804
POS_VALIDATION_00376	48	1	0.88579118	52	-48	T	-0.15331154	0.15331154
POS_VALIDATION_00376	49	1	0.88579118	166	66	C	-0.15106216	0.15106216
POS_VALIDATION_00376	50	1	0.88579118	97	-3	G	-0.14796136	0.14796136
POS_VALIDATION_00377	1	1	0.79278159	113	13	C	1.2946837	1.2946837
POS_VALIDATION_00377	2	1	0.79278159	161	61	T	-0.86160851	0.86160851
POS_VALIDATION_00377	3	1	0.79278159	101	1	T	-0.75322938	0.75322938
POS_VALIDATION_00377	4	1	0.79278159	120	20	G	-0.7393595	0.7393595
POS_VALIDATION_00377	5	1	0.79278159	191	91	C	0.63310999	0.63310999
POS_VALIDATION_00377	6	1	0.79278159	1	-99	C	0.62347555	0.62347555
POS_VALIDATION_00377	7	1	0.79278159	105	5	C	0.59871513	0.59871513
POS_VALIDATION_00377	8	1	0.79278159	0	-100	T	0.56217927	0.56217927
POS_VALIDATION_00377	9	1	0.79278159	148	48	G	-0.53807664	0.53807664
POS_VALIDATION_00377	10	1	0.79278159	25	-75	C	-0.51660645	0.51660645
POS_VALIDATION_00377	11	1	0.79278159	198	98	G	-0.50732017	0.50732017
POS_VALIDATION_00377	12	1	0.79278159	196	96	C	0.50585538	0.50585538
POS_VALIDATION_00377	13	1	0.79278159	32	-68	G	-0.38776839	0.38776839
POS_VALIDATION_00377	14	1	0.79278159	55	-45	G	-0.37817904	0.37817904
POS_VALIDATION_00377	15	1	0.79278159	170	70	C	0.36474663	0.36474663
POS_VALIDATION_00377	16	1	0.79278159	87	-13	G	-0.36455297	0.36455297
POS_VALIDATION_00377	17	1	0.79278159	116	16	G	-0.34946001	0.34946001
POS_VALIDATION_00377	18	1	0.79278159	41	-59	G	-0.34079534	0.34079534
POS_VALIDATION_00377	19	1	0.79278159	139	39	C	-0.32409424	0.32409424
POS_VALIDATION_00377	20	1	0.79278159	40	-60	G	-0.32259691	0.32259691
POS_VALIDATION_00377	21	1	0.79278159	75	-25	T	-0.31481409	0.31481409
POS_VALIDATION_00377	22	1	0.79278159	194	94	G	-0.29816839	0.29816839
POS_VALIDATION_00377	23	1	0.79278159	153	53	G	-0.29103494	0.29103494
POS_VALIDATION_00377	24	1	0.79278159	181	81	C	0.28799874	0.28799874
POS_VALIDATION_00377	25	1	0.79278159	184	84	C	-0.28553531	0.28553531
POS_VALIDATION_00377	26	1	0.79278159	80	-20	G	-0.28109688	0.28109688
POS_VALIDATION_00377	27	1	0.79278159	56	-44	T	0.27993593	0.27993593
POS_VALIDATION_00377	28	1	0.79278159	174	74	G	-0.27708781	0.27708781
POS_VALIDATION_00377	29	1	0.79278159	106	6	C	0.27589834	0.27589834
POS_VALIDATION_00377	30	1	0.79278159	142	42	G	-0.27270165	0.27270165
POS_VALIDATION_00377	31	1	0.79278159	169	69	G	-0.26341099	0.26341099
POS_VALIDATION_00377	32	1	0.79278159	3	-97	C	0.2595503	0.2595503
POS_VALIDATION_00377	33	1	0.79278159	90	-10	G	-0.25511444	0.25511444
POS_VALIDATION_00377	34	1	0.79278159	81	-19	G	-0.25293422	0.25293422
POS_VALIDATION_00377	35	1	0.79278159	98	-2	C	0.24848276	0.24848276
POS_VALIDATION_00377	36	1	0.79278159	104	4	T	-0.24816507	0.24816507
POS_VALIDATION_00377	37	1	0.79278159	129	29	C	0.24487522	0.24487522
POS_VALIDATION_00377	38	1	0.79278159	138	38	G	-0.24078307	0.24078307
POS_VALIDATION_00377	39	1	0.79278159	19	-81	C	0.23360145	0.23360145
POS_VALIDATION_00377	40	1	0.79278159	187	87	C	0.22231087	0.22231087
POS_VALIDATION_00377	41	1	0.79278159	167	67	G	-0.2219878	0.2219878
POS_VALIDATION_00377	42	1	0.79278159	99	-1	T	0.20413023	0.20413023
POS_VALIDATION_00377	43	1	0.79278159	197	97	T	0.19653624	0.19653624
POS_VALIDATION_00377	44	1	0.79278159	162	62	G	-0.1926389	0.1926389
POS_VALIDATION_00377	45	1	0.79278159	5	-95	T	0.19102457	0.19102457
POS_VALIDATION_00377	46	1	0.79278159	150	50	G	-0.19084616	0.19084616
POS_VALIDATION_00377	47	1	0.79278159	2	-98	A	-0.18569325	0.18569325
POS_VALIDATION_00377	48	1	0.79278159	137	37	G	-0.18388808	0.18388808
POS_VALIDATION_00377	49	1	0.79278159	77	-23	G	-0.18240447	0.18240447
POS_VALIDATION_00377	50	1	0.79278159	130	30	G	-0.18006013	0.18006013
POS_VALIDATION_00378	1	1	0.73644686	195	95	G	-1.6478077	1.6478077
POS_VALIDATION_00378	2	1	0.73644686	99	-1	C	0.91159678	0.91159678
POS_VALIDATION_00378	3	1	0.73644686	42	-58	C	-0.81726134	0.81726134
POS_VALIDATION_00378	4	1	0.73644686	161	61	T	-0.81073654	0.81073654
POS_VALIDATION_00378	5	1	0.73644686	47	-53	G	-0.73801851	0.73801851
POS_VALIDATION_00378	6	1	0.73644686	178	78	C	0.67296785	0.67296785
POS_VALIDATION_00378	7	1	0.73644686	120	20	G	-0.5124743	0.5124743
POS_VALIDATION_00378	8	1	0.73644686	109	9	C	0.49174482	0.49174482
POS_VALIDATION_00378	9	1	0.73644686	112	12	C	0.45944279	0.45944279
POS_VALIDATION_00378	10	1	0.73644686	121	21	C	0.38352528	0.38352528
POS_VALIDATION_00378	11	1	0.73644686	93	-7	A	-0.37167433	0.37167433
POS_VALIDATION_00378	12	1	0.73644686	129	29	C	0.36592937	0.36592937
POS_VALIDATION_00378	13	1	0.73644686	75	-25	G	-0.36496437	0.36496437
POS_VALIDATION_00378	14	1	0.73644686	32	-68	G	-0.35074326	0.35074326
POS_VALIDATION_00378	15	1	0.73644686	185	85	G	-0.3482734	0.3482734
POS_VALIDATION_00378	16	1	0.73644686	56	-44	T	0.34479356	0.34479356
POS_VALIDATION_00378	17	1	0.73644686	25	-75	C	-0.32958546	0.32958546
POS_VALIDATION_00378	18	1	0.73644686	90	-10	C	0.3089048	0.3089048
POS_VALIDATION_00378	19	1	0.73644686	3	-97	C	0.28841496	0.28841496
POS_VALIDATION_00378	20	1	0.73644686	87	-13	G	-0.2849353	0.2849353
POS_VALIDATION_00378	21	1	0.73644686	57	-43	G	-0.28243324	0.28243324
POS_VALIDATION_00378	22	1	0.73644686	68	-32	G	-0.28076011	0.28076011
POS_VALIDATION_00378	23	1	0.73644686	7	-93	G	-0.27643928	0.27643928
POS_VALIDATION_00378	24	1	0.73644686	35	-65	C	-0.27522588	0.27522588
POS_VALIDATION_00378	25	1	0.73644686	98	-2	G	-0.27439499	0.27439499
POS_VALIDATION_00378	26	1	0.73644686	111	11	C	0.26937625	0.26937625
POS_VALIDATION_00378	27	1	0.73644686	123	23	A	-0.26427567	0.26427567
POS_VALIDATION_00378	28	1	0.73644686	52	-48	A	-0.26410145	0.26410145
POS_VALIDATION_00378	29	1	0.73644686	0	-100	G	-0.26388603	0.26388603
POS_VALIDATION_00378	30	1	0.73644686	41	-59	G	-0.26016438	0.26016438
POS_VALIDATION_00378	31	1	0.73644686	106	6	G	-0.25238436	0.25238436
POS_VALIDATION_00378	32	1	0.73644686	101	1	C	-0.25218201	0.25218201
POS_VALIDATION_00378	33	1	0.73644686	10	-90	G	-0.25007129	0.25007129
POS_VALIDATION_00378	34	1	0.73644686	107	7	C	0.23887588	0.23887588
POS_VALIDATION_00378	35	1	0.73644686	94	-6	G	-0.23568933	0.23568933
POS_VALIDATION_00378	36	1	0.73644686	171	71	G	-0.23463878	0.23463878
POS_VALIDATION_00378	37	1	0.73644686	70	-30	G	-0.22815609	0.22815609
POS_VALIDATION_00378	38	1	0.73644686	83	-17	C	0.21847844	0.21847844
POS_VALIDATION_00378	39	1	0.73644686	27	-73	C	0.21761629	0.21761629
POS_VALIDATION_00378	40	1	0.73644686	40	-60	G	-0.21660681	0.21660681
POS_VALIDATION_00378	41	1	0.73644686	132	32	G	-0.2144281	0.2144281
POS_VALIDATION_00378	42	1	0.73644686	50	-50	G	-0.21373478	0.21373478
POS_VALIDATION_00378	43	1	0.73644686	11	-89	C	0.21237147	0.21237147
POS_VALIDATION_00378	44	1	0.73644686	142	42	C	0.21193869	0.21193869
POS_VALIDATION_00378	45	1	0.73644686	184	84	T	-0.21010059	0.21010059
POS_VALIDATION_00378	46	1	0.73644686	53	-47	G	-0.20845348	0.20845348
POS_VALIDATION_00378	47	1	0.73644686	141	41	T	-0.20811555	0.20811555
POS_VALIDATION_00378	48	1	0.73644686	23	-77	G	-0.20653152	0.20653152
POS_VALIDATION_00378	49	1	0.73644686	18	-82	C	0.20544933	0.20544933
POS_VALIDATION_00378	50	1	0.73644686	115	15	C	0.20305473	0.20305473
POS_VALIDATION_00380	1	1	0.87300193	195	95	G	-0.9914726	0.9914726
POS_VALIDATION_00380	2	1	0.87300193	161	61	A	-0.66697949	0.66697949
POS_VALIDATION_00380	3	1	0.87300193	99	-1	C	0.59990072	0.59990072
POS_VALIDATION_00380	4	1	0.87300193	45	-55	G	-0.4616729	0.4616729
POS_VALIDATION_00380	5	1	0.87300193	75	-25	C	0.42859858	0.42859858
POS_VALIDATION_00380	6	1	0.87300193	167	67	C	0.40843028	0.40843028
POS_VALIDATION_00380	7	1	0.87300193	24	-76	G	-0.4000386	0.4000386
POS_VALIDATION_00380	8	1	0.87300193	28	-72	G	-0.39572939	0.39572939
POS_VALIDATION_00380	9	1	0.87300193	109	9	C	0.37815267	0.37815267
POS_VALIDATION_00380	10	1	0.87300193	57	-43	G	-0.35516852	0.35516852
POS_VALIDATION_00380	11	1	0.87300193	181	81	G	-0.34526235	0.34526235
POS_VALIDATION_00380	12	1	0.87300193	140	40	G	-0.34349734	0.34349734
POS_VALIDATION_00380	13	1	0.87300193	87	-13	G	-0.33571675	0.33571675
POS_VALIDATION_00380	14	1	0.87300193	69	-31	T	-0.3331621	0.3331621
POS_VALIDATION_00380	15	1	0.87300193	98	-2	C	0.32017004	0.32017004
POS_VALIDATION_00380	16	1	0.87300193	196	96	C	0.30500907	0.30500907
POS_VALIDATION_00380	17	1	0.87300193	35	-65	T	0.3011331	0.3011331
POS_VALIDATION_00380	18	1	0.87300193	112	12	C	0.28250089	0.28250089
POS_VALIDATION_00380	19	1	0.87300193	91	-9	C	0.27921295	0.27921295
POS_VALIDATION_00380	20	1	0.87300193	90	-10	G	-0.27914017	0.27914017
POS_VALIDATION_00380	21	1	0.87300193	25	-75	C	-0.27805635	0.27805635
POS_VALIDATION_00380	22	1	0.87300193	185	85	G	-0.26204413	0.26204413
POS_VALIDATION_00380	23	1	0.87300193	104	4	T	-0.24902588	0.24902588
POS_VALIDATION_00380	24	1	0.87300193	81	-19	G	-0.24563046	0.24563046
POS_VALIDATION_00380	25	1	0.87300193	55	-45	G	-0.24336898	0.24336898
POS_VALIDATION_00380	26	1	0.87300193	107	7	C	0.23485786	0.23485786
POS_VALIDATION_00380	27	1	0.87300193	119	19	C	0.2311708	0.2311708
POS_VALIDATION_00380	28	1	0.87300193	101	1	A	-0.23109031	0.23109031
POS_VALIDATION_00380	29	1	0.87300193	194	94	G	-0.23026605	0.23026605
POS_VALIDATION_00380	30	1	0.87300193	8	-92	A	-0.22964305	0.22964305
POS_VALIDATION_00380	31	1	0.87300193	106	6	G	-0.22555596	0.22555596
POS_VALIDATION_00380	32	1	0.87300193	59	-41	G	-0.20591342	0.20591342
POS_VALIDATION_00380	33	1	0.87300193	96	-4	A	-0.20534985	0.20534985
POS_VALIDATION_00380	34	1	0.87300193	0	-100	A	0.19504476	0.19504476
POS_VALIDATION_00380	35	1	0.87300193	141	41	A	-0.18196145	0.18196145
POS_VALIDATION_00380	36	1	0.87300193	58	-42	G	-0.18108109	0.18108109
POS_VALIDATION_00380	37	1	0.87300193	54	-46	G	-0.17880847	0.17880847
POS_VALIDATION_00380	38	1	0.87300193	93	-7	G	-0.17610019	0.17610019
POS_VALIDATION_00380	39	1	0.87300193	120	20	C	0.16968589	0.16968589
POS_VALIDATION_00380	40	1	0.87300193	11	-89	C	0.16927546	0.16927546
POS_VALIDATION_00380	41	1	0.87300193	115	15	C	0.16728917	0.16728917
POS_VALIDATION_00380	42	1	0.87300193	103	3	A	-0.16276628	0.16276628
POS_VALIDATION_00380	43	1	0.87300193	2	-98	T	-0.16071728	0.16071728
POS_VALIDATION_00380	44	1	0.87300193	80	-20	G	-0.16007128	0.16007128
POS_VALIDATION_00380	45	1	0.87300193	52	-48	G	-0.15617198	0.15617198
POS_VALIDATION_00380	46	1	0.87300193	179	79	G	-0.15585698	0.15585698
POS_VALIDATION_00380	47	1	0.87300193	125	25	T	-0.15431944	0.15431944
POS_VALIDATION_00380	48	1	0.87300193	122	22	G	-0.15205845	0.15205845
POS_VALIDATION_00380	49	1	0.87300193	10	-90	G	-0.15062338	0.15062338
POS_VALIDATION_00380	50	1	0.87300193	67	-33	C	0.14924665	0.14924665
POS_VALIDATION_00381	1	1	0.81630754	47	-53	G	-0.86706114	0.86706114
POS_VALIDATION_00381	2	1	0.81630754	161	61	A	-0.70405769	0.70405769
POS_VALIDATION_00381	3	1	0.81630754	42	-58	C	-0.66752285	0.66752285
POS_VALIDATION_00381	4	1	0.81630754	99	-1	C	0.65706551	0.65706551
POS_VALIDATION_00381	5	1	0.81630754	120	20	G	-0.562837	0.562837
POS_VALIDATION_00381	6	1	0.81630754	196	96	C	0.45590746	0.45590746
POS_VALIDATION_00381	7	1	0.81630754	98	-2	G	-0.44328615	0.44328615
POS_VALIDATION_00381	8	1	0.81630754	173	73	G	-0.41265786	0.41265786
POS_VALIDATION_00381	9	1	0.81630754	41	-59	G	-0.39961368	0.39961368
POS_VALIDATION_00381	10	1	0.81630754	177	77	G	-0.37747774	0.37747774
POS_VALIDATION_00381	11	1	0.81630754	75	-25	G	-0.37160623	0.37160623
POS_VALIDATION_00381	12	1	0.81630754	70	-30	G	-0.35626963	0.35626963
POS_VALIDATION_00381	13	1	0.81630754	112	12	C	0.35175505	0.35175505
POS_VALIDATION_00381	14	1	0.81630754	40	-60	G	-0.34658176	0.34658176
POS_VALIDATION_00381	15	1	0.81630754	171	71	G	-0.33269471	0.33269471
POS_VALIDATION_00381	16	1	0.81630754	94	-6	G	-0.318905	0.318905
POS_VALIDATION_00381	17	1	0.81630754	53	-47	G	-0.30735177	0.30735177
POS_VALIDATION_00381	18	1	0.81630754	129	29	C	0.30070201	0.30070201
POS_VALIDATION_00381	19	1	0.81630754	69	-31	G	-0.29913956	0.29913956
POS_VALIDATION_00381	20	1	0.81630754	106	6	G	-0.29713869	0.29713869
POS_VALIDATION_00381	21	1	0.81630754	2	-98	G	-0.29400599	0.29400599
POS_VALIDATION_00381	22	1	0.81630754	123	23	A	-0.29374766	0.29374766
POS_VALIDATION_00381	23	1	0.81630754	50	-50	G	-0.29345584	0.29345584
POS_VALIDATION_00381	24	1	0.81630754	3	-97	C	0.28570592	0.28570592
POS_VALIDATION_00381	25	1	0.81630754	56	-44	T	0.28376091	0.28376091
POS_VALIDATION_00381	26	1	0.81630754	35	-65	T	0.26456118	0.26456118
POS_VALIDATION_00381	27	1	0.81630754	0	-100	A	0.26276189	0.26276189
POS_VALIDATION_00381	28	1	0.81630754	152	52	C	0.25947523	0.25947523
POS_VALIDATION_00381	29	1	0.81630754	122	22	G	-0.2551378	0.2551378
POS_VALIDATION_00381	30	1	0.81630754	25	-75	C	-0.2518034	0.2518034
POS_VALIDATION_00381	31	1	0.81630754	90	-10	C	0.24946173	0.24946173
POS_VALIDATION_00381	32	1	0.81630754	16	-84	G	-0.24828854	0.24828854
POS_VALIDATION_00381	33	1	0.81630754	91	-9	C	0.22648446	0.22648446
POS_VALIDATION_00381	34	1	0.81630754	132	32	G	-0.22565842	0.22565842
POS_VALIDATION_00381	35	1	0.81630754	30	-70	C	0.22171915	0.22171915
POS_VALIDATION_00381	36	1	0.81630754	12	-88	G	-0.21995388	0.21995388
POS_VALIDATION_00381	37	1	0.81630754	107	7	C	0.21420607	0.21420607
POS_VALIDATION_00381	38	1	0.81630754	114	14	G	-0.20971961	0.20971961
POS_VALIDATION_00381	39	1	0.81630754	150	50	C	0.19368953	0.19368953
POS_VALIDATION_00381	40	1	0.81630754	184	84	C	0.19143274	0.19143274
POS_VALIDATION_00381	41	1	0.81630754	197	97	C	0.18980516	0.18980516
POS_VALIDATION_00381	42	1	0.81630754	17	-83	C	0.18657091	0.18657091
POS_VALIDATION_00381	43	1	0.81630754	117	17	T	-0.18387139	0.18387139
POS_VALIDATION_00381	44	1	0.81630754	81	-19	T	-0.18254676	0.18254676
POS_VALIDATION_00381	45	1	0.81630754	83	-17	C	0.18232782	0.18232782
POS_VALIDATION_00381	46	1	0.81630754	51	-49	G	-0.17535725	0.17535725
POS_VALIDATION_00381	47	1	0.81630754	79	-21	G	-0.17213848	0.17213848
POS_VALIDATION_00381	48	1	0.81630754	72	-28	G	-0.16952822	0.16952822
POS_VALIDATION_00381	49	1	0.81630754	38	-62	G	-0.16539678	0.16539678
POS_VALIDATION_00381	50	1	0.81630754	29	-71	G	-0.16472161	0.16472161
POS_VALIDATION_00386	1	1	0.91919887	161	61	T	-0.74486315	0.74486315
POS_VALIDATION_00386	2	1	0.91919887	96	-4	C	0.53497684	0.53497684
POS_VALIDATION_00386	3	1	0.91919887	139	39	C	-0.47339028	0.47339028
POS_VALIDATION_00386	4	1	0.91919887	99	-1	C	0.42724338	0.42724338
POS_VALIDATION_00386	5	1	0.91919887	177	77	G	-0.37755626	0.37755626
POS_VALIDATION_00386	6	1	0.91919887	41	-59	G	-0.36509296	0.36509296
POS_VALIDATION_00386	7	1	0.91919887	76	-24	C	0.32741052	0.32741052
POS_VALIDATION_00386	8	1	0.91919887	8	-92	C	-0.31040317	0.31040317
POS_VALIDATION_00386	9	1	0.91919887	105	5	C	0.2981948	0.2981948
POS_VALIDATION_00386	10	1	0.91919887	15	-85	G	-0.2958551	0.2958551
POS_VALIDATION_00386	11	1	0.91919887	116	16	G	-0.27628541	0.27628541
POS_VALIDATION_00386	12	1	0.91919887	181	81	G	-0.25510052	0.25510052
POS_VALIDATION_00386	13	1	0.91919887	40	-60	G	-0.24237531	0.24237531
POS_VALIDATION_00386	14	1	0.91919887	69	-31	C	0.2316753	0.2316753
POS_VALIDATION_00386	15	1	0.91919887	138	38	G	-0.22784361	0.22784361
POS_VALIDATION_00386	16	1	0.91919887	56	-44	G	-0.22035749	0.22035749
POS_VALIDATION_00386	17	1	0.91919887	74	-26	T	-0.21852311	0.21852311
POS_VALIDATION_00386	18	1	0.91919887	132	32	G	-0.20703931	0.20703931
POS_VALIDATION_00386	19	1	0.91919887	106	6	C	0.20633163	0.20633163
POS_VALIDATION_00386	20	1	0.91919887	32	-68	T	-0.20345339	0.20345339
POS_VALIDATION_00386	21	1	0.91919887	42	-58	G	-0.20121889	0.20121889
POS_VALIDATION_00386	22	1	0.91919887	6	-94	G	-0.18362471	0.18362471
POS_VALIDATION_00386	23	1	0.91919887	1	-99	A	0.18035568	0.18035568
POS_VALIDATION_00386	24	1	0.91919887	141	41	C	-0.17540458	0.17540458
POS_VALIDATION_00386	25	1	0.91919887	111	11	G	-0.16328523	0.16328523
POS_VALIDATION_00386	26	1	0.91919887	151	51	T	-0.16203663	0.16203663
POS_VALIDATION_00386	27	1	0.91919887	115	15	T	0.16093034	0.16093034
POS_VALIDATION_00386	28	1	0.91919887	10	-90	G	-0.1601776	0.1601776
POS_VALIDATION_00386	29	1	0.91919887	12	-88	C	0.15626451	0.15626451
POS_VALIDATION_00386	30	1	0.91919887	11	-89	G	-0.1554502	0.1554502
POS_VALIDATION_00386	31	1	0.91919887	89	-11	C	0.15463272	0.15463272
POS_VALIDATION_00386	32	1	0.91919887	75	-25	C	0.1508256	0.1508256
POS_VALIDATION_00386	33	1	0.91919887	184	84	T	-0.14602692	0.14602692
POS_VALIDATION_00386	34	1	0.91919887	22	-78	G	-0.14065567	0.14065567
POS_VALIDATION_00386	35	1	0.91919887	135	35	A	-0.13538527	0.13538527
POS_VALIDATION_00386	36	1	0.91919887	3	-97	C	0.13534577	0.13534577
POS_VALIDATION_00386	37	1	0.91919887	25	-75	T	-0.13312218	0.13312218
POS_VALIDATION_00386	38	1	0.91919887	66	-34	T	-0.13282324	0.13282324
POS_VALIDATION_00386	39	1	0.91919887	127	27	C	-0.12602597	0.12602597
POS_VALIDATION_00386	40	1	0.91919887	104	4	T	-0.12339139	0.12339139
POS_VALIDATION_00386	41	1	0.91919887	171	71	A	0.1189779	0.1189779
POS_VALIDATION_00386	42	1	0.91919887	50	-50	G	-0.11796267	0.11796267
POS_VALIDATION_00386	43	1	0.91919887	143	43	C	0.1166921	0.1166921
POS_VALIDATION_00386	44	1	0.91919887	34	-66	G	-0.11631122	0.11631122
POS_VALIDATION_00386	45	1	0.91919887	166	66	G	-0.11568616	0.11568616
POS_VALIDATION_00386	46	1	0.91919887	125	25	G	-0.11543773	0.11543773
POS_VALIDATION_00386	47	1	0.91919887	64	-36	G	-0.11538178	0.11538178
POS_VALIDATION_00386	48	1	0.91919887	23	-77	T	-0.11322311	0.11322311
POS_VALIDATION_00386	49	1	0.91919887	54	-46	T	-0.11215666	0.11215666
POS_VALIDATION_00386	50	1	0.91919887	190	90	G	-0.11213991	0.11213991
POS_VALIDATION_00387	1	1	0.82484996	42	-58	C	-0.94017804	0.94017804
POS_VALIDATION_00387	2	1	0.82484996	99	-1	C	0.84304833	0.84304833
POS_VALIDATION_00387	3	1	0.82484996	181	81	G	-0.61828196	0.61828196
POS_VALIDATION_00387	4	1	0.82484996	23	-77	C	0.51657212	0.51657212
POS_VALIDATION_00387	5	1	0.82484996	66	-34	G	-0.49865407	0.49865407
POS_VALIDATION_00387	6	1	0.82484996	178	78	C	0.48601612	0.48601612
POS_VALIDATION_00387	7	1	0.82484996	69	-31	C	0.44258693	0.44258693
POS_VALIDATION_00387	8	1	0.82484996	76	-24	C	0.42004937	0.42004937
POS_VALIDATION_00387	9	1	0.82484996	153	53	C	0.38641337	0.38641337
POS_VALIDATION_00387	10	1	0.82484996	109	9	C	0.35827345	0.35827345
POS_VALIDATION_00387	11	1	0.82484996	116	16	G	-0.31008387	0.31008387
POS_VALIDATION_00387	12	1	0.82484996	171	71	G	-0.30418086	0.30418086
POS_VALIDATION_00387	13	1	0.82484996	104	4	T	-0.28476566	0.28476566
POS_VALIDATION_00387	14	1	0.82484996	138	38	A	-0.27960813	0.27960813
POS_VALIDATION_00387	15	1	0.82484996	154	54	C	-0.26033455	0.26033455
POS_VALIDATION_00387	16	1	0.82484996	94	-6	G	-0.24413195	0.24413195
POS_VALIDATION_00387	17	1	0.82484996	87	-13	G	-0.23914874	0.23914874
POS_VALIDATION_00387	18	1	0.82484996	25	-75	G	-0.2327387	0.2327387
POS_VALIDATION_00387	19	1	0.82484996	75	-25	A	-0.22689918	0.22689918
POS_VALIDATION_00387	20	1	0.82484996	135	35	G	-0.22223146	0.22223146
POS_VALIDATION_00387	21	1	0.82484996	3	-97	C	0.21944638	0.21944638
POS_VALIDATION_00387	22	1	0.82484996	80	-20	G	-0.20418464	0.20418464
POS_VALIDATION_00387	23	1	0.82484996	41	-59	G	-0.2033737	0.2033737
POS_VALIDATION_00387	24	1	0.82484996	90	-10	G	-0.20172769	0.20172769
POS_VALIDATION_00387	25	1	0.82484996	56	-44	T	0.2010005	0.2010005
POS_VALIDATION_00387	26	1	0.82484996	145	45	C	0.19439936	0.19439936
POS_VALIDATION_00387	27	1	0.82484996	108	8	C	0.1940259	0.1940259
POS_VALIDATION_00387	28	1	0.82484996	167	67	C	0.19216457	0.19216457
POS_VALIDATION_00387	29	1	0.82484996	152	52	C	0.1898355	0.1898355
POS_VALIDATION_00387	30	1	0.82484996	132	32	G	-0.18852246	0.18852246
POS_VALIDATION_00387	31	1	0.82484996	101	1	A	-0.18750075	0.18750075
POS_VALIDATION_00387	32	1	0.82484996	143	43	A	-0.18749933	0.18749933
POS_VALIDATION_00387	33	1	0.82484996	96	-4	A	-0.17892572	0.17892572
POS_VALIDATION_00387	34	1	0.82484996	115	15	G	-0.17625858	0.17625858
POS_VALIDATION_00387	35	1	0.82484996	125	25	G	-0.17590262	0.17590262
POS_VALIDATION_00387	36	1	0.82484996	74	-26	T	-0.17294438	0.17294438
POS_VALIDATION_00387	37	1	0.82484996	53	-47	G	-0.17215362	0.17215362
POS_VALIDATION_00387	38	1	0.82484996	92	-8	A	-0.17209867	0.17209867
POS_VALIDATION_00387	39	1	0.82484996	107	7	G	-0.16573942	0.16573942
POS_VALIDATION_00387	40	1	0.82484996	27	-73	C	0.16447641	0.16447641
POS_VALIDATION_00387	41	1	0.82484996	54	-46	G	-0.16214177	0.16214177
POS_VALIDATION_00387	42	1	0.82484996	6	-94	G	-0.1618299	0.1618299
POS_VALIDATION_00387	43	1	0.82484996	123	23	C	0.16135564	0.16135564
POS_VALIDATION_00387	44	1	0.82484996	93	-7	C	0.16088903	0.16088903
POS_VALIDATION_00387	45	1	0.82484996	197	97	A	0.15864547	0.15864547
POS_VALIDATION_00387	46	1	0.82484996	51	-49	G	-0.15297641	0.15297641
POS_VALIDATION_00387	47	1	0.82484996	141	41	A	-0.15144415	0.15144415
POS_VALIDATION_00387	48	1	0.82484996	50	-50	G	-0.14992052	0.14992052
POS_VALIDATION_00387	49	1	0.82484996	91	-9	C	0.14535928	0.14535928
POS_VALIDATION_00387	50	1	0.82484996	81	-19	G	-0.14332876	0.14332876
POS_VALIDATION_00389	1	1	0.81673628	113	13	C	1.0186583	1.0186583
POS_VALIDATION_00389	2	1	0.81673628	42	-58	C	-0.93786377	0.93786377
POS_VALIDATION_00389	3	1	0.81673628	161	61	A	-0.70513809	0.70513809
POS_VALIDATION_00389	4	1	0.81673628	47	-53	G	-0.6778934	0.6778934
POS_VALIDATION_00389	5	1	0.81673628	45	-55	G	-0.48896527	0.48896527
POS_VALIDATION_00389	6	1	0.81673628	126	26	T	-0.4794181	0.4794181
POS_VALIDATION_00389	7	1	0.81673628	36	-64	C	0.46926311	0.46926311
POS_VALIDATION_00389	8	1	0.81673628	191	91	C	0.45488629	0.45488629
POS_VALIDATION_00389	9	1	0.81673628	99	-1	C	0.44698423	0.44698423
POS_VALIDATION_00389	10	1	0.81673628	177	77	G	-0.41229472	0.41229472
POS_VALIDATION_00389	11	1	0.81673628	24	-76	G	-0.39965981	0.39965981
POS_VALIDATION_00389	12	1	0.81673628	84	-16	C	0.36596864	0.36596864
POS_VALIDATION_00389	13	1	0.81673628	87	-13	G	-0.35583365	0.35583365
POS_VALIDATION_00389	14	1	0.81673628	76	-24	C	0.35460305	0.35460305
POS_VALIDATION_00389	15	1	0.81673628	198	98	G	-0.34318018	0.34318018
POS_VALIDATION_00389	16	1	0.81673628	98	-2	G	-0.33921364	0.33921364
POS_VALIDATION_00389	17	1	0.81673628	196	96	C	0.33631644	0.33631644
POS_VALIDATION_00389	18	1	0.81673628	93	-7	A	-0.32234901	0.32234901
POS_VALIDATION_00389	19	1	0.81673628	32	-68	G	-0.28116217	0.28116217
POS_VALIDATION_00389	20	1	0.81673628	55	-45	G	-0.27172303	0.27172303
POS_VALIDATION_00389	21	1	0.81673628	26	-74	G	-0.26205745	0.26205745
POS_VALIDATION_00389	22	1	0.81673628	102	2	T	-0.24735774	0.24735774
POS_VALIDATION_00389	23	1	0.81673628	16	-84	G	-0.24129039	0.24129039
POS_VALIDATION_00389	24	1	0.81673628	108	8	C	0.23905608	0.23905608
POS_VALIDATION_00389	25	1	0.81673628	75	-25	C	0.23105581	0.23105581
POS_VALIDATION_00389	26	1	0.81673628	197	97	T	0.22714421	0.22714421
POS_VALIDATION_00389	27	1	0.81673628	137	37	G	-0.22492974	0.22492974
POS_VALIDATION_00389	28	1	0.81673628	94	-6	G	-0.22327432	0.22327432
POS_VALIDATION_00389	29	1	0.81673628	51	-49	C	0.22061455	0.22061455
POS_VALIDATION_00389	30	1	0.81673628	66	-34	T	-0.21985933	0.21985933
POS_VALIDATION_00389	31	1	0.81673628	0	-100	A	0.21959433	0.21959433
POS_VALIDATION_00389	32	1	0.81673628	119	19	C	0.21669006	0.21669006
POS_VALIDATION_00389	33	1	0.81673628	59	-41	C	-0.2079518	0.2079518
POS_VALIDATION_00389	34	1	0.81673628	50	-50	G	-0.20784746	0.20784746
POS_VALIDATION_00389	35	1	0.81673628	143	43	C	0.2034481	0.2034481
POS_VALIDATION_00389	36	1	0.81673628	1	-99	A	0.19912088	0.19912088
POS_VALIDATION_00389	37	1	0.81673628	110	10	C	-0.19825719	0.19825719
POS_VALIDATION_00389	38	1	0.81673628	56	-44	G	-0.19821407	0.19821407
POS_VALIDATION_00389	39	1	0.81673628	2	-98	A	-0.195977	0.195977
POS_VALIDATION_00389	40	1	0.81673628	8	-92	C	-0.19584793	0.19584793
POS_VALIDATION_00389	41	1	0.81673628	106	6	C	0.19240573	0.19240573
POS_VALIDATION_00389	42	1	0.81673628	81	-19	G	-0.19151613	0.19151613
POS_VALIDATION_00389	43	1	0.81673628	120	20	C	0.19122018	0.19122018
POS_VALIDATION_00389	44	1	0.81673628	151	51	C	0.18716696	0.18716696
POS_VALIDATION_00389	45	1	0.81673628	7	-93	G	-0.18627574	0.18627574
POS_VALIDATION_00389	46	1	0.81673628	115	15	G	-0.18276893	0.18276893
POS_VALIDATION_00389	47	1	0.81673628	176	76	G	-0.1743971	0.1743971
POS_VALIDATION_00389	48	1	0.81673628	193	93	C	-0.17134166	0.17134166
POS_VALIDATION_00389	49	1	0.81673628	69	-31	G	-0.16960029	0.16960029
POS_VALIDATION_00389	50	1	0.81673628	10	-90	G	-0.16823521	0.16823521
POS_VALIDATION_00390	1	1	0.86978316	161	61	A	-0.75604391	0.75604391
POS_VALIDATION_00390	2	1	0.86978316	52	-48	A	-0.33333665	0.33333665
POS_VALIDATION_00390	3	1	0.86978316	36	-64	C	0.2996234	0.2996234
POS_VALIDATION_00390	4	1	0.86978316	171	71	C	-0.29457429	0.29457429
POS_VALIDATION_00390	5	1	0.86978316	125	25	C	-0.28747907	0.28747907
POS_VALIDATION_00390	6	1	0.86978316	8	-92	C	-0.2580609	0.2580609
POS_VALIDATION_00390	7	1	0.86978316	47	-53	G	-0.25511277	0.25511277
POS_VALIDATION_00390	8	1	0.86978316	120	20	G	-0.24373072	0.24373072
POS_VALIDATION_00390	9	1	0.86978316	1	-99	A	0.22834018	0.22834018
POS_VALIDATION_00390	10	1	0.86978316	75	-25	G	-0.21951945	0.21951945
POS_VALIDATION_00390	11	1	0.86978316	84	-16	T	-0.21899787	0.21899787
POS_VALIDATION_00390	12	1	0.86978316	87	-13	C	-0.2158816	0.2158816
POS_VALIDATION_00390	13	1	0.86978316	35	-65	T	0.20196897	0.20196897
POS_VALIDATION_00390	14	1	0.86978316	164	64	C	-0.19596151	0.19596151
POS_VALIDATION_00390	15	1	0.86978316	74	-26	T	-0.1949006	0.1949006
POS_VALIDATION_00390	16	1	0.86978316	167	67	C	-0.19193786	0.19193786
POS_VALIDATION_00390	17	1	0.86978316	0	-100	A	0.18279129	0.18279129
POS_VALIDATION_00390	18	1	0.86978316	117	17	C	-0.17980258	0.17980258
POS_VALIDATION_00390	19	1	0.86978316	42	-58	T	-0.17900693	0.17900693
POS_VALIDATION_00390	20	1	0.86978316	173	73	T	-0.1706437	0.1706437
POS_VALIDATION_00390	21	1	0.86978316	90	-10	G	-0.16645008	0.16645008
POS_VALIDATION_00390	22	1	0.86978316	23	-77	C	-0.1645979	0.1645979
POS_VALIDATION_00390	23	1	0.86978316	41	-59	T	0.16328825	0.16328825
POS_VALIDATION_00390	24	1	0.86978316	185	85	C	-0.16266906	0.16266906
POS_VALIDATION_00390	25	1	0.86978316	178	78	C	-0.15936768	0.15936768
POS_VALIDATION_00390	26	1	0.86978316	141	41	C	-0.14900421	0.14900421
POS_VALIDATION_00390	27	1	0.86978316	57	-43	C	-0.14172235	0.14172235
POS_VALIDATION_00390	28	1	0.86978316	190	90	C	0.13367869	0.13367869
POS_VALIDATION_00390	29	1	0.86978316	169	69	G	-0.13252592	0.13252592
POS_VALIDATION_00390	30	1	0.86978316	116	16	T	-0.12827665	0.12827665
POS_VALIDATION_00390	31	1	0.86978316	115	15	T	0.12565716	0.12565716
POS_VALIDATION_00390	32	1	0.86978316	108	8	C	0.12247466	0.12247466
POS_VALIDATION_00390	33	1	0.86978316	56	-44	T	0.12206084	0.12206084
POS_VALIDATION_00390	34	1	0.86978316	126	26	A	-0.12199887	0.12199887
POS_VALIDATION_00390	35	1	0.86978316	51	-49	C	0.12040292	0.12040292
POS_VALIDATION_00390	36	1	0.86978316	10	-90	C	-0.11913367	0.11913367
POS_VALIDATION_00390	37	1	0.86978316	138	38	C	-0.11553502	0.11553502
POS_VALIDATION_00390	38	1	0.86978316	33	-67	T	-0.11526588	0.11526588
POS_VALIDATION_00390	39	1	0.86978316	160	60	G	-0.10895947	0.10895947
POS_VALIDATION_00390	40	1	0.86978316	69	-31	C	-0.10637339	0.10637339
POS_VALIDATION_00390	41	1	0.86978316	107	7	G	-0.10391255	0.10391255
POS_VALIDATION_00390	42	1	0.86978316	13	-87	A	-0.1023591	0.1023591
POS_VALIDATION_00390	43	1	0.86978316	54	-46	G	-0.1016817	0.1016817
POS_VALIDATION_00390	44	1	0.86978316	105	5	C	0.09985964	0.09985964
POS_VALIDATION_00390	45	1	0.86978316	183	83	C	-0.09904173	0.09904173
POS_VALIDATION_00390	46	1	0.86978316	32	-68	C	-0.098811775	0.098811775
POS_VALIDATION_00390	47	1	0.86978316	53	-47	G	-0.097609416	0.097609416
POS_VALIDATION_00390	48	1	0.86978316	162	62	G	-0.097533479	0.097533479
POS_VALIDATION_00390	49	1	0.86978316	122	22	G	-0.096061699	0.096061699
POS_VALIDATION_00390	50	1	0.86978316	55	-45	G	-0.094908498	0.094908498
POS_VALIDATION_00391	1	1	0.76689816	42	-58	C	-0.86343098	0.86343098
POS_VALIDATION_00391	2	1	0.76689816	1	-99	C	0.66072887	0.66072887
POS_VALIDATION_00391	3	1	0.76689816	161	61	A	-0.58951378	0.58951378
POS_VALIDATION_00391	4	1	0.76689816	101	1	T	-0.57380772	0.57380772
POS_VALIDATION_00391	5	1	0.76689816	96	-4	C	0.54945922	0.54945922
POS_VALIDATION_00391	6	1	0.76689816	36	-64	C	0.48606369	0.48606369
POS_VALIDATION_00391	7	1	0.76689816	45	-55	G	-0.47180462	0.47180462
POS_VALIDATION_00391	8	1	0.76689816	198	98	G	-0.40023962	0.40023962
POS_VALIDATION_00391	9	1	0.76689816	99	-1	C	0.37259585	0.37259585
POS_VALIDATION_00391	10	1	0.76689816	57	-43	G	-0.35025159	0.35025159
POS_VALIDATION_00391	11	1	0.76689816	32	-68	G	-0.3180576	0.3180576
POS_VALIDATION_00391	12	1	0.76689816	23	-77	C	0.30300722	0.30300722
POS_VALIDATION_00391	13	1	0.76689816	25	-75	C	-0.28408116	0.28408116
POS_VALIDATION_00391	14	1	0.76689816	75	-25	G	-0.27246812	0.27246812
POS_VALIDATION_00391	15	1	0.76689816	68	-32	G	-0.26980701	0.26980701
POS_VALIDATION_00391	16	1	0.76689816	84	-16	T	-0.25513214	0.25513214
POS_VALIDATION_00391	17	1	0.76689816	56	-44	T	0.25118881	0.25118881
POS_VALIDATION_00391	18	1	0.76689816	184	84	G	-0.24684334	0.24684334
POS_VALIDATION_00391	19	1	0.76689816	166	66	C	-0.23185074	0.23185074
POS_VALIDATION_00391	20	1	0.76689816	106	6	G	-0.22590789	0.22590789
POS_VALIDATION_00391	21	1	0.76689816	193	93	G	-0.21678692	0.21678692
POS_VALIDATION_00391	22	1	0.76689816	69	-31	T	-0.21618041	0.21618041
POS_VALIDATION_00391	23	1	0.76689816	40	-60	G	-0.21432036	0.21432036
POS_VALIDATION_00391	24	1	0.76689816	142	42	G	-0.20182003	0.20182003
POS_VALIDATION_00391	25	1	0.76689816	81	-19	G	-0.19903508	0.19903508
POS_VALIDATION_00391	26	1	0.76689816	141	41	A	-0.19360039	0.19360039
POS_VALIDATION_00391	27	1	0.76689816	170	70	C	0.19032983	0.19032983
POS_VALIDATION_00391	28	1	0.76689816	139	39	G	-0.19018103	0.19018103
POS_VALIDATION_00391	29	1	0.76689816	110	10	C	-0.1825996	0.1825996
POS_VALIDATION_00391	30	1	0.76689816	154	54	G	-0.18150106	0.18150106
POS_VALIDATION_00391	31	1	0.76689816	0	-100	A	0.17326555	0.17326555
POS_VALIDATION_00391	32	1	0.76689816	63	-37	G	-0.17253143	0.17253143
POS_VALIDATION_00391	33	1	0.76689816	191	91	T	0.16989946	0.16989946
POS_VALIDATION_00391	34	1	0.76689816	5	-95	C	-0.16657686	0.16657686
POS_VALIDATION_00391	35	1	0.76689816	30	-70	T	-0.16296427	0.16296427
POS_VALIDATION_00391	36	1	0.76689816	115	15	G	-0.16224308	0.16224308
POS_VALIDATION_00391	37	1	0.76689816	197	97	A	0.15962914	0.15962914
POS_VALIDATION_00391	38	1	0.76689816	196	96	G	-0.15936086	0.15936086
POS_VALIDATION_00391	39	1	0.76689816	67	-33	A	0.15211385	0.15211385
POS_VALIDATION_00391	40	1	0.76689816	131	31	G	-0.14994298	0.14994298
POS_VALIDATION_00391	41	1	0.76689816	8	-92	C	-0.14937815	0.14937815
POS_VALIDATION_00391	42	1	0.76689816	119	19	C	0.1488781	0.1488781
POS_VALIDATION_00391	43	1	0.76689816	76	-24	A	-0.14817454	0.14817454
POS_VALIDATION_00391	44	1	0.76689816	87	-13	C	-0.14508307	0.14508307
POS_VALIDATION_00391	45	1	0.76689816	90	-10	C	0.14262207	0.14262207
POS_VALIDATION_00391	46	1	0.76689816	174	74	G	-0.14120993	0.14120993
POS_VALIDATION_00391	47	1	0.76689816	147	47	G	-0.13760683	0.13760683
POS_VALIDATION_00391	48	1	0.76689816	38	-62	G	-0.13659373	0.13659373
POS_VALIDATION_00391	49	1	0.76689816	143	43	C	0.13420849	0.13420849
POS_VALIDATION_00391	50	1	0.76689816	108	8	C	0.13295768	0.13295768
POS_VALIDATION_00394	1	1	0.81574237	113	13	C	1.0543779	1.0543779
POS_VALIDATION_00394	2	1	0.81574237	161	61	A	-0.59409118	0.59409118
POS_VALIDATION_00394	3	1	0.81574237	120	20	G	-0.48755056	0.48755056
POS_VALIDATION_00394	4	1	0.81574237	99	-1	C	0.37287617	0.37287617
POS_VALIDATION_00394	5	1	0.81574237	0	-100	T	0.35434869	0.35434869
POS_VALIDATION_00394	6	1	0.81574237	171	71	G	-0.3508158	0.3508158
POS_VALIDATION_00394	7	1	0.81574237	98	-2	G	-0.34644842	0.34644842
POS_VALIDATION_00394	8	1	0.81574237	148	48	G	-0.33863148	0.33863148
POS_VALIDATION_00394	9	1	0.81574237	106	6	G	-0.32471415	0.32471415
POS_VALIDATION_00394	10	1	0.81574237	15	-85	G	-0.32420331	0.32420331
POS_VALIDATION_00394	11	1	0.81574237	35	-65	T	0.32241681	0.32241681
POS_VALIDATION_00394	12	1	0.81574237	40	-60	G	-0.30613947	0.30613947
POS_VALIDATION_00394	13	1	0.81574237	138	38	G	-0.28599864	0.28599864
POS_VALIDATION_00394	14	1	0.81574237	109	9	C	0.28205886	0.28205886
POS_VALIDATION_00394	15	1	0.81574237	84	-16	T	-0.28129789	0.28129789
POS_VALIDATION_00394	16	1	0.81574237	115	15	G	-0.26942319	0.26942319
POS_VALIDATION_00394	17	1	0.81574237	76	-24	C	0.26546404	0.26546404
POS_VALIDATION_00394	18	1	0.81574237	75	-25	C	0.26159197	0.26159197
POS_VALIDATION_00394	19	1	0.81574237	153	53	G	-0.25952494	0.25952494
POS_VALIDATION_00394	20	1	0.81574237	11	-89	G	-0.25627312	0.25627312
POS_VALIDATION_00394	21	1	0.81574237	10	-90	G	-0.25512081	0.25512081
POS_VALIDATION_00394	22	1	0.81574237	141	41	T	-0.24080735	0.24080735
POS_VALIDATION_00394	23	1	0.81574237	8	-92	C	-0.24071684	0.24071684
POS_VALIDATION_00394	24	1	0.81574237	111	11	G	-0.23617098	0.23617098
POS_VALIDATION_00394	25	1	0.81574237	54	-46	G	-0.22670361	0.22670361
POS_VALIDATION_00394	26	1	0.81574237	2	-98	A	-0.22305492	0.22305492
POS_VALIDATION_00394	27	1	0.81574237	59	-41	G	-0.22213	0.22213
POS_VALIDATION_00394	28	1	0.81574237	137	37	G	-0.21775287	0.21775287
POS_VALIDATION_00394	29	1	0.81574237	69	-31	T	-0.21245354	0.21245354
POS_VALIDATION_00394	30	1	0.81574237	74	-26	G	-0.21145537	0.21145537
POS_VALIDATION_00394	31	1	0.81574237	167	67	G	-0.20549431	0.20549431
POS_VALIDATION_00394	32	1	0.81574237	112	12	C	0.20412463	0.20412463
POS_VALIDATION_00394	33	1	0.81574237	58	-42	G	-0.19066095	0.19066095
POS_VALIDATION_00394	34	1	0.81574237	166	66	C	-0.18766847	0.18766847
POS_VALIDATION_00394	35	1	0.81574237	174	74	G	-0.18630028	0.18630028
POS_VALIDATION_00394	36	1	0.81574237	151	51	G	-0.18223688	0.18223688
POS_VALIDATION_00394	37	1	0.81574237	97	-3	G	-0.18141507	0.18141507
POS_VALIDATION_00394	38	1	0.81574237	66	-34	C	-0.1789279	0.1789279
POS_VALIDATION_00394	39	1	0.81574237	186	86	T	0.17626366	0.17626366
POS_VALIDATION_00394	40	1	0.81574237	184	84	T	-0.16669455	0.16669455
POS_VALIDATION_00394	41	1	0.81574237	32	-68	T	-0.16639459	0.16639459
POS_VALIDATION_00394	42	1	0.81574237	96	-4	G	-0.16438323	0.16438323
POS_VALIDATION_00394	43	1	0.81574237	182	82	G	-0.16361423	0.16361423
POS_VALIDATION_00394	44	1	0.81574237	169	69	G	-0.16335921	0.16335921
POS_VALIDATION_00394	45	1	0.81574237	197	97	T	0.16023606	0.16023606
POS_VALIDATION_00394	46	1	0.81574237	139	39	A	0.15833679	0.15833679
POS_VALIDATION_00394	47	1	0.81574237	143	43	C	0.15471208	0.15471208
POS_VALIDATION_00394	48	1	0.81574237	125	25	C	-0.15346503	0.15346503
POS_VALIDATION_00394	49	1	0.81574237	52	-48	G	-0.1487439	0.1487439
POS_VALIDATION_00394	50	1	0.81574237	131	31	G	-0.14863056	0.14863056
POS_VALIDATION_00397	1	1	0.88733321	101	1	T	-0.93600142	0.93600142
POS_VALIDATION_00397	2	1	0.88733321	96	-4	C	0.82926577	0.82926577
POS_VALIDATION_00397	3	1	0.88733321	161	61	T	-0.71603346	0.71603346
POS_VALIDATION_00397	4	1	0.88733321	47	-53	G	-0.6094147	0.6094147
POS_VALIDATION_00397	5	1	0.88733321	99	-1	C	0.49426147	0.49426147
POS_VALIDATION_00397	6	1	0.88733321	126	26	T	-0.46709347	0.46709347
POS_VALIDATION_00397	7	1	0.88733321	0	-100	T	0.44012973	0.44012973
POS_VALIDATION_00397	8	1	0.88733321	140	40	G	-0.35794431	0.35794431
POS_VALIDATION_00397	9	1	0.88733321	75	-25	C	0.34702528	0.34702528
POS_VALIDATION_00397	10	1	0.88733321	52	-48	A	-0.32350895	0.32350895
POS_VALIDATION_00397	11	1	0.88733321	41	-59	G	-0.31411466	0.31411466
POS_VALIDATION_00397	12	1	0.88733321	105	5	C	0.31012374	0.31012374
POS_VALIDATION_00397	13	1	0.88733321	35	-65	T	0.29004514	0.29004514
POS_VALIDATION_00397	14	1	0.88733321	90	-10	G	-0.28935564	0.28935564
POS_VALIDATION_00397	15	1	0.88733321	106	6	C	0.27703512	0.27703512
POS_VALIDATION_00397	16	1	0.88733321	110	10	G	-0.26840451	0.26840451
POS_VALIDATION_00397	17	1	0.88733321	51	-49	C	0.26221555	0.26221555
POS_VALIDATION_00397	18	1	0.88733321	116	16	G	-0.25534296	0.25534296
POS_VALIDATION_00397	19	1	0.88733321	160	60	G	-0.22969711	0.22969711
POS_VALIDATION_00397	20	1	0.88733321	152	52	C	0.2208021	0.2208021
POS_VALIDATION_00397	21	1	0.88733321	132	32	G	-0.21406525	0.21406525
POS_VALIDATION_00397	22	1	0.88733321	54	-46	G	-0.21368635	0.21368635
POS_VALIDATION_00397	23	1	0.88733321	125	25	G	-0.21158278	0.21158278
POS_VALIDATION_00397	24	1	0.88733321	129	29	G	-0.20841764	0.20841764
POS_VALIDATION_00397	25	1	0.88733321	87	-13	G	-0.20066077	0.20066077
POS_VALIDATION_00397	26	1	0.88733321	42	-58	G	-0.19884422	0.19884422
POS_VALIDATION_00397	27	1	0.88733321	143	43	A	-0.19139133	0.19139133
POS_VALIDATION_00397	28	1	0.88733321	151	51	C	0.19015718	0.19015718
POS_VALIDATION_00397	29	1	0.88733321	50	-50	G	-0.18855637	0.18855637
POS_VALIDATION_00397	30	1	0.88733321	56	-44	A	0.18849543	0.18849543
POS_VALIDATION_00397	31	1	0.88733321	138	38	A	-0.1883328	0.1883328
POS_VALIDATION_00397	32	1	0.88733321	74	-26	T	-0.1876187	0.1876187
POS_VALIDATION_00397	33	1	0.88733321	131	31	C	-0.18548687	0.18548687
POS_VALIDATION_00397	34	1	0.88733321	154	54	G	-0.18534182	0.18534182
POS_VALIDATION_00397	35	1	0.88733321	107	7	C	0.1793133	0.1793133
POS_VALIDATION_00397	36	1	0.88733321	3	-97	C	0.16096032	0.16096032
POS_VALIDATION_00397	37	1	0.88733321	19	-81	C	0.15579961	0.15579961
POS_VALIDATION_00397	38	1	0.88733321	142	42	C	0.15472794	0.15472794
POS_VALIDATION_00397	39	1	0.88733321	162	62	G	-0.15274246	0.15274246
POS_VALIDATION_00397	40	1	0.88733321	102	2	G	-0.14574341	0.14574341
POS_VALIDATION_00397	41	1	0.88733321	166	66	G	-0.14530721	0.14530721
POS_VALIDATION_00397	42	1	0.88733321	109	9	G	-0.14523888	0.14523888
POS_VALIDATION_00397	43	1	0.88733321	77	-23	G	-0.14217025	0.14217025
POS_VALIDATION_00397	44	1	0.88733321	123	23	C	0.14029907	0.14029907
POS_VALIDATION_00397	45	1	0.88733321	169	69	C	0.13479906	0.13479906
POS_VALIDATION_00397	46	1	0.88733321	12	-88	G	-0.13397861	0.13397861
POS_VALIDATION_00397	47	1	0.88733321	115	15	A	0.13330147	0.13330147
POS_VALIDATION_00397	48	1	0.88733321	80	-20	G	-0.13270256	0.13270256
POS_VALIDATION_00397	49	1	0.88733321	135	35	A	-0.1292554	0.1292554
POS_VALIDATION_00397	50	1	0.88733321	58	-42	C	0.12776096	0.12776096
POS_VALIDATION_00401	1	1	0.84357512	1	-99	C	1.0434345	1.0434345
POS_VALIDATION_00401	2	1	0.84357512	45	-55	G	-0.75461757	0.75461757
POS_VALIDATION_00401	3	1	0.84357512	161	61	T	-0.68607962	0.68607962
POS_VALIDATION_00401	4	1	0.84357512	99	-1	C	0.67840403	0.67840403
POS_VALIDATION_00401	5	1	0.84357512	110	10	G	-0.64941275	0.64941275
POS_VALIDATION_00401	6	1	0.84357512	93	-7	T	-0.56055963	0.56055963
POS_VALIDATION_00401	7	1	0.84357512	56	-44	T	0.45220804	0.45220804
POS_VALIDATION_00401	8	1	0.84357512	98	-2	C	0.43743593	0.43743593
POS_VALIDATION_00401	9	1	0.84357512	58	-42	C	0.41290343	0.41290343
POS_VALIDATION_00401	10	1	0.84357512	129	29	C	0.37663424	0.37663424
POS_VALIDATION_00401	11	1	0.84357512	172	72	C	-0.3324106	0.3324106
POS_VALIDATION_00401	12	1	0.84357512	138	38	G	-0.32601705	0.32601705
POS_VALIDATION_00401	13	1	0.84357512	41	-59	G	-0.32551301	0.32551301
POS_VALIDATION_00401	14	1	0.84357512	160	60	G	-0.30901885	0.30901885
POS_VALIDATION_00401	15	1	0.84357512	142	42	C	0.30684751	0.30684751
POS_VALIDATION_00401	16	1	0.84357512	111	11	G	-0.30545115	0.30545115
POS_VALIDATION_00401	17	1	0.84357512	143	43	C	0.29944021	0.29944021
POS_VALIDATION_00401	18	1	0.84357512	132	32	G	-0.292285	0.292285
POS_VALIDATION_00401	19	1	0.84357512	35	-65	T	0.2918331	0.2918331
POS_VALIDATION_00401	20	1	0.84357512	164	64	G	-0.28365409	0.28365409
POS_VALIDATION_00401	21	1	0.84357512	75	-25	T	-0.2800597	0.2800597
POS_VALIDATION_00401	22	1	0.84357512	151	51	G	-0.27667814	0.27667814
POS_VALIDATION_00401	23	1	0.84357512	11	-89	C	0.27313855	0.27313855
POS_VALIDATION_00401	24	1	0.84357512	30	-70	C	0.26777896	0.26777896
POS_VALIDATION_00401	25	1	0.84357512	149	49	C	0.24983954	0.24983954
POS_VALIDATION_00401	26	1	0.84357512	89	-11	C	0.24948856	0.24948856
POS_VALIDATION_00401	27	1	0.84357512	68	-32	G	-0.24199888	0.24199888
POS_VALIDATION_00401	28	1	0.84357512	52	-48	G	-0.23974457	0.23974457
POS_VALIDATION_00401	29	1	0.84357512	42	-58	G	-0.23878038	0.23878038
POS_VALIDATION_00401	30	1	0.84357512	66	-34	T	-0.23842785	0.23842785
POS_VALIDATION_00401	31	1	0.84357512	108	8	G	-0.23498167	0.23498167
POS_VALIDATION_00401	32	1	0.84357512	107	7	G	-0.23112789	0.23112789
POS_VALIDATION_00401	33	1	0.84357512	154	54	G	-0.22865362	0.22865362
POS_VALIDATION_00401	34	1	0.84357512	94	-6	G	-0.22419292	0.22419292
POS_VALIDATION_00401	35	1	0.84357512	0	-100	C	0.21975678	0.21975678
POS_VALIDATION_00401	36	1	0.84357512	119	19	G	-0.21969657	0.21969657
POS_VALIDATION_00401	37	1	0.84357512	97	-3	C	0.2167525	0.2167525
POS_VALIDATION_00401	38	1	0.84357512	74	-26	C	0.21064912	0.21064912
POS_VALIDATION_00401	39	1	0.84357512	116	16	A	-0.20836011	0.20836011
POS_VALIDATION_00401	40	1	0.84357512	162	62	G	-0.20690957	0.20690957
POS_VALIDATION_00401	41	1	0.84357512	173	73	T	-0.20686287	0.20686287
POS_VALIDATION_00401	42	1	0.84357512	114	14	G	-0.20456192	0.20456192
POS_VALIDATION_00401	43	1	0.84357512	96	-4	A	-0.20400026	0.20400026
POS_VALIDATION_00401	44	1	0.84357512	104	4	G	-0.20162311	0.20162311
POS_VALIDATION_00401	45	1	0.84357512	67	-33	G	-0.19909811	0.19909811
POS_VALIDATION_00401	46	1	0.84357512	91	-9	C	0.19479263	0.19479263
POS_VALIDATION_00401	47	1	0.84357512	19	-81	A	0.19373044	0.19373044
POS_VALIDATION_00401	48	1	0.84357512	69	-31	G	-0.19069377	0.19069377
POS_VALIDATION_00401	49	1	0.84357512	136	36	C	0.19049542	0.19049542
POS_VALIDATION_00401	50	1	0.84357512	83	-17	G	-0.18487841	0.18487841
POS_VALIDATION_00402	1	1	0.98428452	113	13	C	1.1086233	1.1086233
POS_VALIDATION_00402	2	1	0.98428452	93	-7	T	-0.58678097	0.58678097
POS_VALIDATION_00402	3	1	0.98428452	161	61	A	-0.56304264	0.56304264
POS_VALIDATION_00402	4	1	0.98428452	99	-1	C	0.52827448	0.52827448
POS_VALIDATION_00402	5	1	0.98428452	110	10	G	-0.46137217	0.46137217
POS_VALIDATION_00402	6	1	0.98428452	66	-34	G	-0.45663542	0.45663542
POS_VALIDATION_00402	7	1	0.98428452	98	-2	G	-0.4318639	0.4318639
POS_VALIDATION_00402	8	1	0.98428452	42	-58	C	-0.40554446	0.40554446
POS_VALIDATION_00402	9	1	0.98428452	196	96	C	0.38298088	0.38298088
POS_VALIDATION_00402	10	1	0.98428452	148	48	G	-0.34983134	0.34983134
POS_VALIDATION_00402	11	1	0.98428452	32	-68	G	-0.34862906	0.34862906
POS_VALIDATION_00402	12	1	0.98428452	75	-25	C	0.33852744	0.33852744
POS_VALIDATION_00402	13	1	0.98428452	116	16	G	-0.33017021	0.33017021
POS_VALIDATION_00402	14	1	0.98428452	106	6	C	0.32624489	0.32624489
POS_VALIDATION_00402	15	1	0.98428452	26	-74	G	-0.28205565	0.28205565
POS_VALIDATION_00402	16	1	0.98428452	25	-75	G	-0.27428162	0.27428162
POS_VALIDATION_00402	17	1	0.98428452	138	38	G	-0.27293187	0.27293187
POS_VALIDATION_00402	18	1	0.98428452	142	42	G	-0.26055157	0.26055157
POS_VALIDATION_00402	19	1	0.98428452	57	-43	G	-0.24813154	0.24813154
POS_VALIDATION_00402	20	1	0.98428452	0	-100	A	0.23677509	0.23677509
POS_VALIDATION_00402	21	1	0.98428452	8	-92	A	-0.23072729	0.23072729
POS_VALIDATION_00402	22	1	0.98428452	1	-99	A	0.21829583	0.21829583
POS_VALIDATION_00402	23	1	0.98428452	191	91	T	0.21164246	0.21164246
POS_VALIDATION_00402	24	1	0.98428452	23	-77	G	-0.21056396	0.21056396
POS_VALIDATION_00402	25	1	0.98428452	56	-44	G	-0.20747483	0.20747483
POS_VALIDATION_00402	26	1	0.98428452	115	15	T	0.20088421	0.20088421
POS_VALIDATION_00402	27	1	0.98428452	35	-65	T	0.19234963	0.19234963
POS_VALIDATION_00402	28	1	0.98428452	94	-6	G	-0.18841413	0.18841413
POS_VALIDATION_00402	29	1	0.98428452	114	14	G	-0.18785957	0.18785957
POS_VALIDATION_00402	30	1	0.98428452	130	30	G	-0.18464747	0.18464747
POS_VALIDATION_00402	31	1	0.98428452	152	52	C	0.18433113	0.18433113
POS_VALIDATION_00402	32	1	0.98428452	120	20	C	0.18346091	0.18346091
POS_VALIDATION_00402	33	1	0.98428452	151	51	T	-0.17699297	0.17699297
POS_VALIDATION_00402	34	1	0.98428452	111	11	A	-0.17409536	0.17409536
POS_VALIDATION_00402	35	1	0.98428452	47	-53	T	-0.17256564	0.17256564
POS_VALIDATION_00402	36	1	0.98428452	29	-71	G	-0.17124316	0.17124316
POS_VALIDATION_00402	37	1	0.98428452	173	73	T	-0.17121555	0.17121555
POS_VALIDATION_00402	38	1	0.98428452	123	23	C	0.16951846	0.16951846
POS_VALIDATION_00402	39	1	0.98428452	166	66	T	-0.16015474	0.16015474
POS_VALIDATION_00402	40	1	0.98428452	122	22	G	-0.15907307	0.15907307
POS_VALIDATION_00402	41	1	0.98428452	53	-47	G	-0.1584747	0.1584747
POS_VALIDATION_00402	42	1	0.98428452	132	32	C	0.1569522	0.1569522
POS_VALIDATION_00402	43	1	0.98428452	92	-8	G	-0.15165669	0.15165669
POS_VALIDATION_00402	44	1	0.98428452	105	5	G	-0.15147777	0.15147777
POS_VALIDATION_00402	45	1	0.98428452	197	97	A	0.15045452	0.15045452
POS_VALIDATION_00402	46	1	0.98428452	170	70	A	0.15024999	0.15024999
POS_VALIDATION_00402	47	1	0.98428452	52	-48	G	-0.15018107	0.15018107
POS_VALIDATION_00402	48	1	0.98428452	27	-73	C	0.14942111	0.14942111
POS_VALIDATION_00402	49	1	0.98428452	54	-46	T	-0.14637595	0.14637595
POS_VALIDATION_00402	50	1	0.98428452	127	27	C	-0.13996826	0.13996826
POS_VALIDATION_00403	1	1	0.76289868	42	-58	C	-1.1403234	1.1403234
POS_VALIDATION_00403	2	1	0.76289868	161	61	T	-0.77475607	0.77475607
POS_VALIDATION_00403	3	1	0.76289868	139	39	C	-0.61035824	0.61035824
POS_VALIDATION_00403	4	1	0.76289868	36	-64	C	0.54281127	0.54281127
POS_VALIDATION_00403	5	1	0.76289868	45	-55	G	-0.44272509	0.44272509
POS_VALIDATION_00403	6	1	0.76289868	96	-4	C	0.43153176	0.43153176
POS_VALIDATION_00403	7	1	0.76289868	0	-100	T	0.39266986	0.39266986
POS_VALIDATION_00403	8	1	0.76289868	1	-99	A	0.34401146	0.34401146
POS_VALIDATION_00403	9	1	0.76289868	191	91	C	0.32067785	0.32067785
POS_VALIDATION_00403	10	1	0.76289868	32	-68	G	-0.30654001	0.30654001
POS_VALIDATION_00403	11	1	0.76289868	116	16	G	-0.29593197	0.29593197
POS_VALIDATION_00403	12	1	0.76289868	185	85	G	-0.27594456	0.27594456
POS_VALIDATION_00403	13	1	0.76289868	194	94	G	-0.27131084	0.27131084
POS_VALIDATION_00403	14	1	0.76289868	106	6	C	0.26543689	0.26543689
POS_VALIDATION_00403	15	1	0.76289868	50	-50	G	-0.24105066	0.24105066
POS_VALIDATION_00403	16	1	0.76289868	107	7	C	0.24036503	0.24036503
POS_VALIDATION_00403	17	1	0.76289868	87	-13	G	-0.23281708	0.23281708
POS_VALIDATION_00403	18	1	0.76289868	71	-29	C	0.23279756	0.23279756
POS_VALIDATION_00403	19	1	0.76289868	75	-25	T	-0.22691748	0.22691748
POS_VALIDATION_00403	20	1	0.76289868	59	-41	G	-0.22250405	0.22250405
POS_VALIDATION_00403	21	1	0.76289868	40	-60	G	-0.2203635	0.2203635
POS_VALIDATION_00403	22	1	0.76289868	12	-88	G	-0.21848246	0.21848246
POS_VALIDATION_00403	23	1	0.76289868	68	-32	G	-0.21234301	0.21234301
POS_VALIDATION_00403	24	1	0.76289868	125	25	G	-0.20434508	0.20434508
POS_VALIDATION_00403	25	1	0.76289868	164	64	G	-0.20074667	0.20074667
POS_VALIDATION_00403	26	1	0.76289868	145	45	C	0.19831583	0.19831583
POS_VALIDATION_00403	27	1	0.76289868	184	84	T	-0.19013584	0.19013584
POS_VALIDATION_00403	28	1	0.76289868	136	36	C	0.1899634	0.1899634
POS_VALIDATION_00403	29	1	0.76289868	173	73	T	-0.18818043	0.18818043
POS_VALIDATION_00403	30	1	0.76289868	6	-94	T	-0.18558601	0.18558601
POS_VALIDATION_00403	31	1	0.76289868	166	66	T	-0.18440993	0.18440993
POS_VALIDATION_00403	32	1	0.76289868	143	43	A	-0.18362641	0.18362641
POS_VALIDATION_00403	33	1	0.76289868	93	-7	C	0.18339792	0.18339792
POS_VALIDATION_00403	34	1	0.76289868	29	-71	G	-0.17825732	0.17825732
POS_VALIDATION_00403	35	1	0.76289868	35	-65	A	0.1685295	0.1685295
POS_VALIDATION_00403	36	1	0.76289868	105	5	C	0.1684166	0.1684166
POS_VALIDATION_00403	37	1	0.76289868	104	4	T	-0.1646314	0.1646314
POS_VALIDATION_00403	38	1	0.76289868	79	-21	C	0.15997219	0.15997219
POS_VALIDATION_00403	39	1	0.76289868	111	11	G	-0.15976961	0.15976961
POS_VALIDATION_00403	40	1	0.76289868	74	-26	A	-0.15585811	0.15585811
POS_VALIDATION_00403	41	1	0.76289868	115	15	T	0.15300401	0.15300401
POS_VALIDATION_00403	42	1	0.76289868	84	-16	G	-0.15124072	0.15124072
POS_VALIDATION_00403	43	1	0.76289868	130	30	G	-0.15088385	0.15088385
POS_VALIDATION_00403	44	1	0.76289868	89	-11	C	0.1495868	0.1495868
POS_VALIDATION_00403	45	1	0.76289868	77	-23	G	-0.14773488	0.14773488
POS_VALIDATION_00403	46	1	0.76289868	25	-75	T	-0.14513385	0.14513385
POS_VALIDATION_00403	47	1	0.76289868	66	-34	T	-0.13966772	0.13966772
POS_VALIDATION_00403	48	1	0.76289868	63	-37	G	-0.13835335	0.13835335
POS_VALIDATION_00403	49	1	0.76289868	127	27	C	-0.13327825	0.13327825
POS_VALIDATION_00403	50	1	0.76289868	69	-31	A	-0.13266605	0.13266605
POS_VALIDATION_00408	1	1	0.88329101	191	91	C	0.75627941	0.75627941
POS_VALIDATION_00408	2	1	0.88329101	101	1	T	-0.67211086	0.67211086
POS_VALIDATION_00408	3	1	0.88329101	181	81	G	-0.64757752	0.64757752
POS_VALIDATION_00408	4	1	0.88329101	161	61	A	-0.62399185	0.62399185
POS_VALIDATION_00408	5	1	0.88329101	87	-13	G	-0.50344592	0.50344592
POS_VALIDATION_00408	6	1	0.88329101	32	-68	G	-0.42412591	0.42412591
POS_VALIDATION_00408	7	1	0.88329101	177	77	G	-0.41681102	0.41681102
POS_VALIDATION_00408	8	1	0.88329101	142	42	C	0.41333726	0.41333726
POS_VALIDATION_00408	9	1	0.88329101	106	6	G	-0.40950182	0.40950182
POS_VALIDATION_00408	10	1	0.88329101	75	-25	C	0.39940792	0.39940792
POS_VALIDATION_00408	11	1	0.88329101	103	3	C	0.39055169	0.39055169
POS_VALIDATION_00408	12	1	0.88329101	169	69	G	-0.37632245	0.37632245
POS_VALIDATION_00408	13	1	0.88329101	40	-60	G	-0.34831083	0.34831083
POS_VALIDATION_00408	14	1	0.88329101	119	19	C	0.34787244	0.34787244
POS_VALIDATION_00408	15	1	0.88329101	171	71	G	-0.3420046	0.3420046
POS_VALIDATION_00408	16	1	0.88329101	95	-5	C	0.32859206	0.32859206
POS_VALIDATION_00408	17	1	0.88329101	90	-10	G	-0.31295317	0.31295317
POS_VALIDATION_00408	18	1	0.88329101	94	-6	C	0.31166321	0.31166321
POS_VALIDATION_00408	19	1	0.88329101	0	-100	G	-0.31107384	0.31107384
POS_VALIDATION_00408	20	1	0.88329101	143	43	C	0.30929288	0.30929288
POS_VALIDATION_00408	21	1	0.88329101	164	64	G	-0.29926345	0.29926345
POS_VALIDATION_00408	22	1	0.88329101	25	-75	G	-0.29809278	0.29809278
POS_VALIDATION_00408	23	1	0.88329101	34	-66	C	0.29180869	0.29180869
POS_VALIDATION_00408	24	1	0.88329101	167	67	C	0.2906819	0.2906819
POS_VALIDATION_00408	25	1	0.88329101	30	-70	C	0.28281599	0.28281599
POS_VALIDATION_00408	26	1	0.88329101	174	74	G	-0.27669975	0.27669975
POS_VALIDATION_00408	27	1	0.88329101	138	38	T	-0.26882949	0.26882949
POS_VALIDATION_00408	28	1	0.88329101	139	39	G	-0.25597754	0.25597754
POS_VALIDATION_00408	29	1	0.88329101	162	62	G	-0.25236672	0.25236672
POS_VALIDATION_00408	30	1	0.88329101	93	-7	A	-0.25129113	0.25129113
POS_VALIDATION_00408	31	1	0.88329101	153	53	G	-0.22584388	0.22584388
POS_VALIDATION_00408	32	1	0.88329101	35	-65	T	0.22505131	0.22505131
POS_VALIDATION_00408	33	1	0.88329101	188	88	C	0.2237462	0.2237462
POS_VALIDATION_00408	34	1	0.88329101	74	-26	G	-0.22361468	0.22361468
POS_VALIDATION_00408	35	1	0.88329101	115	15	G	-0.22157098	0.22157098
POS_VALIDATION_00408	36	1	0.88329101	77	-23	G	-0.21923107	0.21923107
POS_VALIDATION_00408	37	1	0.88329101	120	20	T	0.21842457	0.21842457
POS_VALIDATION_00408	38	1	0.88329101	38	-62	G	-0.21588916	0.21588916
POS_VALIDATION_00408	39	1	0.88329101	147	47	G	-0.2157118	0.2157118
POS_VALIDATION_00408	40	1	0.88329101	114	14	G	-0.21221691	0.21221691
POS_VALIDATION_00408	41	1	0.88329101	44	-56	C	0.21147925	0.21147925
POS_VALIDATION_00408	42	1	0.88329101	56	-44	T	0.20742263	0.20742263
POS_VALIDATION_00408	43	1	0.88329101	170	70	A	0.20311478	0.20311478
POS_VALIDATION_00408	44	1	0.88329101	124	24	G	-0.20172119	0.20172119
POS_VALIDATION_00408	45	1	0.88329101	136	36	C	0.20058744	0.20058744
POS_VALIDATION_00408	46	1	0.88329101	107	7	C	0.19887242	0.19887242
POS_VALIDATION_00408	47	1	0.88329101	179	79	G	-0.19854584	0.19854584
POS_VALIDATION_00408	48	1	0.88329101	4	-96	G	-0.19595736	0.19595736
POS_VALIDATION_00408	49	1	0.88329101	97	-3	G	-0.195464	0.195464
POS_VALIDATION_00408	50	1	0.88329101	64	-36	G	-0.19442721	0.19442721
POS_VALIDATION_00409	1	1	0.78367954	113	13	C	0.88561738	0.88561738
POS_VALIDATION_00409	2	1	0.78367954	154	54	C	-0.41876659	0.41876659
POS_VALIDATION_00409	3	1	0.78367954	184	84	C	-0.34510148	0.34510148
POS_VALIDATION_00409	4	1	0.78367954	171	71	C	-0.29022154	0.29022154
POS_VALIDATION_00409	5	1	0.78367954	99	-1	C	0.28274417	0.28274417
POS_VALIDATION_00409	6	1	0.78367954	191	91	C	0.27892393	0.27892393
POS_VALIDATION_00409	7	1	0.78367954	76	-24	C	0.24838111	0.24838111
POS_VALIDATION_00409	8	1	0.78367954	0	-100	T	0.23929167	0.23929167
POS_VALIDATION_00409	9	1	0.78367954	24	-76	G	-0.23491848	0.23491848
POS_VALIDATION_00409	10	1	0.78367954	26	-74	G	-0.21546605	0.21546605
POS_VALIDATION_00409	11	1	0.78367954	143	43	A	-0.20573562	0.20573562
POS_VALIDATION_00409	12	1	0.78367954	116	16	G	-0.20488912	0.20488912
POS_VALIDATION_00409	13	1	0.78367954	8	-92	A	-0.20196417	0.20196417
POS_VALIDATION_00409	14	1	0.78367954	189	89	C	-0.19858137	0.19858137
POS_VALIDATION_00409	15	1	0.78367954	90	-10	G	-0.17838933	0.17838933
POS_VALIDATION_00409	16	1	0.78367954	111	11	G	-0.16755521	0.16755521
POS_VALIDATION_00409	17	1	0.78367954	6	-94	T	-0.16098222	0.16098222
POS_VALIDATION_00409	18	1	0.78367954	25	-75	T	-0.15746251	0.15746251
POS_VALIDATION_00409	19	1	0.78367954	104	4	C	-0.1555286	0.1555286
POS_VALIDATION_00409	20	1	0.78367954	11	-89	G	-0.15235923	0.15235923
POS_VALIDATION_00409	21	1	0.78367954	117	17	A	-0.14759591	0.14759591
POS_VALIDATION_00409	22	1	0.78367954	23	-77	T	-0.145594	0.145594
POS_VALIDATION_00409	23	1	0.78367954	42	-58	T	-0.14529055	0.14529055
POS_VALIDATION_00409	24	1	0.78367954	47	-53	T	-0.13360959	0.13360959
POS_VALIDATION_00409	25	1	0.78367954	57	-43	C	-0.13358578	0.13358578
POS_VALIDATION_00409	26	1	0.78367954	19	-81	C	-0.13188295	0.13188295
POS_VALIDATION_00409	27	1	0.78367954	115	15	T	0.13133347	0.13133347
POS_VALIDATION_00409	28	1	0.78367954	164	64	G	-0.12981975	0.12981975
POS_VALIDATION_00409	29	1	0.78367954	52	-48	T	-0.12732203	0.12732203
POS_VALIDATION_00409	30	1	0.78367954	74	-26	A	-0.12603331	0.12603331
POS_VALIDATION_00409	31	1	0.78367954	141	41	C	-0.12221187	0.12221187
POS_VALIDATION_00409	32	1	0.78367954	124	24	A	-0.11806262	0.11806262
POS_VALIDATION_00409	33	1	0.78367954	190	90	C	0.11398926	0.11398926
POS_VALIDATION_00409	34	1	0.78367954	97	-3	C	-0.11311825	0.11311825
POS_VALIDATION_00409	35	1	0.78367954	62	-38	T	-0.110817	0.110817
POS_VALIDATION_00409	36	1	0.78367954	110	10	A	-0.11016079	0.11016079
POS_VALIDATION_00409	37	1	0.78367954	16	-84	G	-0.10944486	0.10944486
POS_VALIDATION_00409	38	1	0.78367954	176	76	G	-0.10647078	0.10647078
POS_VALIDATION_00409	39	1	0.78367954	37	-63	T	-0.10355978	0.10355978
POS_VALIDATION_00409	40	1	0.78367954	125	25	G	-0.10293452	0.10293452
POS_VALIDATION_00409	41	1	0.78367954	135	35	A	-0.10241872	0.10241872
POS_VALIDATION_00409	42	1	0.78367954	21	-79	A	-0.10199297	0.10199297
POS_VALIDATION_00409	43	1	0.78367954	137	37	C	-0.098093837	0.098093837
POS_VALIDATION_00409	44	1	0.78367954	2	-98	G	-0.097174436	0.097174436
POS_VALIDATION_00409	45	1	0.78367954	27	-73	C	0.096981958	0.096981958
POS_VALIDATION_00409	46	1	0.78367954	30	-70	A	-0.096711151	0.096711151
POS_VALIDATION_00409	47	1	0.78367954	53	-47	G	-0.096340381	0.096340381
POS_VALIDATION_00409	48	1	0.78367954	36	-64	T	0.094761424	0.094761424
POS_VALIDATION_00409	49	1	0.78367954	139	39	T	-0.094705291	0.094705291
POS_VALIDATION_00409	50	1	0.78367954	84	-16	A	-0.091453984	0.091453984
POS_VALIDATION_00410	1	1	0.78649694	113	13	C	0.87761694	0.87761694
POS_VALIDATION_00410	2	1	0.78649694	161	61	T	-0.8168782	0.8168782
POS_VALIDATION_00410	3	1	0.78649694	93	-7	A	-0.53373224	0.53373224
POS_VALIDATION_00410	4	1	0.78649694	47	-53	G	-0.49411207	0.49411207
POS_VALIDATION_00410	5	1	0.78649694	110	10	G	-0.37792593	0.37792593
POS_VALIDATION_00410	6	1	0.78649694	69	-31	C	0.37640673	0.37640673
POS_VALIDATION_00410	7	1	0.78649694	198	98	G	-0.37531543	0.37531543
POS_VALIDATION_00410	8	1	0.78649694	45	-55	G	-0.37292305	0.37292305
POS_VALIDATION_00410	9	1	0.78649694	66	-34	G	-0.36572811	0.36572811
POS_VALIDATION_00410	10	1	0.78649694	99	-1	C	0.34093961	0.34093961
POS_VALIDATION_00410	11	1	0.78649694	0	-100	G	-0.28137201	0.28137201
POS_VALIDATION_00410	12	1	0.78649694	75	-25	C	0.27412865	0.27412865
POS_VALIDATION_00410	13	1	0.78649694	68	-32	G	-0.25571388	0.25571388
POS_VALIDATION_00410	14	1	0.78649694	51	-49	C	0.2510865	0.2510865
POS_VALIDATION_00410	15	1	0.78649694	166	66	C	-0.24328151	0.24328151
POS_VALIDATION_00410	16	1	0.78649694	142	42	G	-0.23972993	0.23972993
POS_VALIDATION_00410	17	1	0.78649694	56	-44	G	-0.23842907	0.23842907
POS_VALIDATION_00410	18	1	0.78649694	170	70	C	0.23749696	0.23749696
POS_VALIDATION_00410	19	1	0.78649694	167	67	C	0.23568544	0.23568544
POS_VALIDATION_00410	20	1	0.78649694	105	5	C	0.2179119	0.2179119
POS_VALIDATION_00410	21	1	0.78649694	140	40	G	-0.21765876	0.21765876
POS_VALIDATION_00410	22	1	0.78649694	115	15	T	0.21254554	0.21254554
POS_VALIDATION_00410	23	1	0.78649694	42	-58	A	-0.20980218	0.20980218
POS_VALIDATION_00410	24	1	0.78649694	74	-26	T	-0.20161709	0.20161709
POS_VALIDATION_00410	25	1	0.78649694	87	-13	G	-0.19907305	0.19907305
POS_VALIDATION_00410	26	1	0.78649694	164	64	G	-0.19179	0.19179
POS_VALIDATION_00410	27	1	0.78649694	184	84	T	-0.18839893	0.18839893
POS_VALIDATION_00410	28	1	0.78649694	137	37	G	-0.18823411	0.18823411
POS_VALIDATION_00410	29	1	0.78649694	139	39	G	-0.18536146	0.18536146
POS_VALIDATION_00410	30	1	0.78649694	7	-93	G	-0.18430769	0.18430769
POS_VALIDATION_00410	31	1	0.78649694	193	93	G	-0.18079235	0.18079235
POS_VALIDATION_00410	32	1	0.78649694	188	88	G	-0.17830309	0.17830309
POS_VALIDATION_00410	33	1	0.78649694	52	-48	C	-0.17617096	0.17617096
POS_VALIDATION_00410	34	1	0.78649694	30	-70	A	-0.17366113	0.17366113
POS_VALIDATION_00410	35	1	0.78649694	125	25	G	-0.16724022	0.16724022
POS_VALIDATION_00410	36	1	0.78649694	124	24	A	-0.1646736	0.1646736
POS_VALIDATION_00410	37	1	0.78649694	53	-47	C	-0.1644637	0.1644637
POS_VALIDATION_00410	38	1	0.78649694	3	-97	C	0.15728059	0.15728059
POS_VALIDATION_00410	39	1	0.78649694	89	-11	C	0.15531218	0.15531218
POS_VALIDATION_00410	40	1	0.78649694	58	-42	G	-0.15265644	0.15265644
POS_VALIDATION_00410	41	1	0.78649694	120	20	C	0.15216172	0.15216172
POS_VALIDATION_00410	42	1	0.78649694	63	-37	G	-0.15149902	0.15149902
POS_VALIDATION_00410	43	1	0.78649694	179	79	G	-0.15094954	0.15094954
POS_VALIDATION_00410	44	1	0.78649694	98	-2	C	0.1441223	0.1441223
POS_VALIDATION_00410	45	1	0.78649694	92	-8	G	-0.14361873	0.14361873
POS_VALIDATION_00410	46	1	0.78649694	24	-76	T	-0.14105836	0.14105836
POS_VALIDATION_00410	47	1	0.78649694	121	21	C	0.14059308	0.14059308
POS_VALIDATION_00410	48	1	0.78649694	111	11	A	-0.1357372	0.1357372
POS_VALIDATION_00410	49	1	0.78649694	8	-92	C	-0.13500994	0.13500994
POS_VALIDATION_00410	50	1	0.78649694	150	50	G	-0.13421503	0.13421503
POS_VALIDATION_00411	1	1	0.85099292	173	73	C	0.71780759	0.71780759
POS_VALIDATION_00411	2	1	0.85099292	99	-1	C	0.68003726	0.68003726
POS_VALIDATION_00411	3	1	0.85099292	161	61	T	-0.67763507	0.67763507
POS_VALIDATION_00411	4	1	0.85099292	177	77	G	-0.56028843	0.56028843
POS_VALIDATION_00411	5	1	0.85099292	105	5	C	0.51904821	0.51904821
POS_VALIDATION_00411	6	1	0.85099292	148	48	G	-0.50035608	0.50035608
POS_VALIDATION_00411	7	1	0.85099292	110	10	G	-0.49596989	0.49596989
POS_VALIDATION_00411	8	1	0.85099292	66	-34	G	-0.48853612	0.48853612
POS_VALIDATION_00411	9	1	0.85099292	75	-25	T	-0.43345696	0.43345696
POS_VALIDATION_00411	10	1	0.85099292	76	-24	C	0.40967602	0.40967602
POS_VALIDATION_00411	11	1	0.85099292	93	-7	T	-0.40297097	0.40297097
POS_VALIDATION_00411	12	1	0.85099292	106	6	C	0.38349479	0.38349479
POS_VALIDATION_00411	13	1	0.85099292	181	81	G	-0.35750699	0.35750699
POS_VALIDATION_00411	14	1	0.85099292	84	-16	T	-0.33441755	0.33441755
POS_VALIDATION_00411	15	1	0.85099292	15	-85	G	-0.3323369	0.3323369
POS_VALIDATION_00411	16	1	0.85099292	101	1	A	-0.3073802	0.3073802
POS_VALIDATION_00411	17	1	0.85099292	139	39	C	-0.30699509	0.30699509
POS_VALIDATION_00411	18	1	0.85099292	103	3	C	0.29960978	0.29960978
POS_VALIDATION_00411	19	1	0.85099292	47	-53	T	-0.29578596	0.29578596
POS_VALIDATION_00411	20	1	0.85099292	123	23	A	-0.29365242	0.29365242
POS_VALIDATION_00411	21	1	0.85099292	90	-10	G	-0.29283735	0.29283735
POS_VALIDATION_00411	22	1	0.85099292	167	67	G	-0.27935481	0.27935481
POS_VALIDATION_00411	23	1	0.85099292	116	16	G	-0.25978631	0.25978631
POS_VALIDATION_00411	24	1	0.85099292	187	87	C	0.25830218	0.25830218
POS_VALIDATION_00411	25	1	0.85099292	25	-75	G	-0.2552748	0.2552748
POS_VALIDATION_00411	26	1	0.85099292	178	78	C	0.23597772	0.23597772
POS_VALIDATION_00411	27	1	0.85099292	7	-93	G	-0.23271248	0.23271248
POS_VALIDATION_00411	28	1	0.85099292	166	66	G	-0.23223634	0.23223634
POS_VALIDATION_00411	29	1	0.85099292	12	-88	G	-0.23085067	0.23085067
POS_VALIDATION_00411	30	1	0.85099292	10	-90	G	-0.2306214	0.2306214
POS_VALIDATION_00411	31	1	0.85099292	164	64	G	-0.229297	0.229297
POS_VALIDATION_00411	32	1	0.85099292	94	-6	G	-0.22540157	0.22540157
POS_VALIDATION_00411	33	1	0.85099292	56	-44	T	0.22375149	0.22375149
POS_VALIDATION_00411	34	1	0.85099292	23	-77	G	-0.22299188	0.22299188
POS_VALIDATION_00411	35	1	0.85099292	78	-22	C	0.20828399	0.20828399
POS_VALIDATION_00411	36	1	0.85099292	6	-94	A	-0.1909546	0.1909546
POS_VALIDATION_00411	37	1	0.85099292	3	-97	C	0.18997984	0.18997984
POS_VALIDATION_00411	38	1	0.85099292	114	14	G	-0.1885183	0.1885183
POS_VALIDATION_00411	39	1	0.85099292	120	20	C	0.1866339	0.1866339
POS_VALIDATION_00411	40	1	0.85099292	141	41	A	-0.18548539	0.18548539
POS_VALIDATION_00411	41	1	0.85099292	162	62	G	-0.18291786	0.18291786
POS_VALIDATION_00411	42	1	0.85099292	196	96	G	-0.18171814	0.18171814
POS_VALIDATION_00411	43	1	0.85099292	125	25	C	-0.18076703	0.18076703
POS_VALIDATION_00411	44	1	0.85099292	52	-48	G	-0.17771021	0.17771021
POS_VALIDATION_00411	45	1	0.85099292	129	29	C	0.17156798	0.17156798
POS_VALIDATION_00411	46	1	0.85099292	191	91	T	0.1711722	0.1711722
POS_VALIDATION_00411	47	1	0.85099292	30	-70	C	0.16884673	0.16884673
POS_VALIDATION_00411	48	1	0.85099292	70	-30	G	-0.16795361	0.16795361
POS_VALIDATION_00411	49	1	0.85099292	72	-28	G	-0.1678572	0.1678572
POS_VALIDATION_00411	50	1	0.85099292	74	-26	T	-0.16756839	0.16756839
POS_VALIDATION_00414	1	1	0.87070972	120	20	G	-0.79411852	0.79411852
POS_VALIDATION_00414	2	1	0.87070972	96	-4	C	0.78567088	0.78567088
POS_VALIDATION_00414	3	1	0.87070972	198	98	G	-0.68961751	0.68961751
POS_VALIDATION_00414	4	1	0.87070972	84	-16	C	0.67594349	0.67594349
POS_VALIDATION_00414	5	1	0.87070972	36	-64	C	0.64145684	0.64145684
POS_VALIDATION_00414	6	1	0.87070972	110	10	G	-0.61707854	0.61707854
POS_VALIDATION_00414	7	1	0.87070972	161	61	T	-0.58702493	0.58702493
POS_VALIDATION_00414	8	1	0.87070972	101	1	T	-0.53204465	0.53204465
POS_VALIDATION_00414	9	1	0.87070972	142	42	G	-0.52146423	0.52146423
POS_VALIDATION_00414	10	1	0.87070972	116	16	G	-0.49459559	0.49459559
POS_VALIDATION_00414	11	1	0.87070972	35	-65	G	-0.48907208	0.48907208
POS_VALIDATION_00414	12	1	0.87070972	1	-99	C	0.48487785	0.48487785
POS_VALIDATION_00414	13	1	0.87070972	170	70	C	0.44814715	0.44814715
POS_VALIDATION_00414	14	1	0.87070972	0	-100	T	0.43079832	0.43079832
POS_VALIDATION_00414	15	1	0.87070972	15	-85	G	-0.42462134	0.42462134
POS_VALIDATION_00414	16	1	0.87070972	138	38	G	-0.35095933	0.35095933
POS_VALIDATION_00414	17	1	0.87070972	75	-25	G	-0.34776831	0.34776831
POS_VALIDATION_00414	18	1	0.87070972	173	73	G	-0.34099346	0.34099346
POS_VALIDATION_00414	19	1	0.87070972	153	53	G	-0.33915484	0.33915484
POS_VALIDATION_00414	20	1	0.87070972	106	6	G	-0.33037013	0.33037013
POS_VALIDATION_00414	21	1	0.87070972	135	35	G	-0.33021381	0.33021381
POS_VALIDATION_00414	22	1	0.87070972	40	-60	G	-0.32435274	0.32435274
POS_VALIDATION_00414	23	1	0.87070972	56	-44	A	0.30641183	0.30641183
POS_VALIDATION_00414	24	1	0.87070972	59	-41	G	-0.29733279	0.29733279
POS_VALIDATION_00414	25	1	0.87070972	99	-1	T	0.27891612	0.27891612
POS_VALIDATION_00414	26	1	0.87070972	68	-32	G	-0.27472043	0.27472043
POS_VALIDATION_00414	27	1	0.87070972	93	-7	C	0.27264708	0.27264708
POS_VALIDATION_00414	28	1	0.87070972	131	31	G	-0.27210012	0.27210012
POS_VALIDATION_00414	29	1	0.87070972	154	54	G	-0.26620111	0.26620111
POS_VALIDATION_00414	30	1	0.87070972	51	-49	C	0.26501215	0.26501215
POS_VALIDATION_00414	31	1	0.87070972	119	19	G	-0.25887328	0.25887328
POS_VALIDATION_00414	32	1	0.87070972	162	62	G	-0.25712875	0.25712875
POS_VALIDATION_00414	33	1	0.87070972	70	-30	G	-0.24403426	0.24403426
POS_VALIDATION_00414	34	1	0.87070972	69	-31	T	-0.24164125	0.24164125
POS_VALIDATION_00414	35	1	0.87070972	115	15	G	-0.22893262	0.22893262
POS_VALIDATION_00414	36	1	0.87070972	107	7	G	-0.22746146	0.22746146
POS_VALIDATION_00414	37	1	0.87070972	133	33	C	0.22401887	0.22401887
POS_VALIDATION_00414	38	1	0.87070972	34	-66	C	0.21964177	0.21964177
POS_VALIDATION_00414	39	1	0.87070972	74	-26	T	-0.21322836	0.21322836
POS_VALIDATION_00414	40	1	0.87070972	5	-95	C	-0.21079113	0.21079113
POS_VALIDATION_00414	41	1	0.87070972	6	-94	T	-0.19639075	0.19639075
POS_VALIDATION_00414	42	1	0.87070972	108	8	C	0.1874001	0.1874001
POS_VALIDATION_00414	43	1	0.87070972	8	-92	C	-0.18620402	0.18620402
POS_VALIDATION_00414	44	1	0.87070972	191	91	A	0.1825145	0.1825145
POS_VALIDATION_00414	45	1	0.87070972	2	-98	A	-0.18000972	0.18000972
POS_VALIDATION_00414	46	1	0.87070972	130	30	G	-0.17889075	0.17889075
POS_VALIDATION_00414	47	1	0.87070972	155	55	C	0.17796305	0.17796305
POS_VALIDATION_00414	48	1	0.87070972	83	-17	C	0.17510957	0.17510957
POS_VALIDATION_00414	49	1	0.87070972	72	-28	G	-0.17251876	0.17251876
POS_VALIDATION_00414	50	1	0.87070972	104	4	G	-0.1656878	0.1656878
POS_VALIDATION_00415	1	1	0.85170436	113	13	C	1.6707076	1.6707076
POS_VALIDATION_00415	2	1	0.85170436	66	-34	G	-0.82666248	0.82666248
POS_VALIDATION_00415	3	1	0.85170436	36	-64	C	0.65851074	0.65851074
POS_VALIDATION_00415	4	1	0.85170436	111	11	G	-0.54809612	0.54809612
POS_VALIDATION_00415	5	1	0.85170436	148	48	G	-0.53626168	0.53626168
POS_VALIDATION_00415	6	1	0.85170436	93	-7	A	-0.41944182	0.41944182
POS_VALIDATION_00415	7	1	0.85170436	126	26	T	-0.40985671	0.40985671
POS_VALIDATION_00415	8	1	0.85170436	75	-25	G	-0.4029361	0.4029361
POS_VALIDATION_00415	9	1	0.85170436	116	16	G	-0.394041	0.394041
POS_VALIDATION_00415	10	1	0.85170436	26	-74	G	-0.39348975	0.39348975
POS_VALIDATION_00415	11	1	0.85170436	94	-6	G	-0.35175526	0.35175526
POS_VALIDATION_00415	12	1	0.85170436	161	61	G	-0.32664099	0.32664099
POS_VALIDATION_00415	13	1	0.85170436	172	72	G	-0.312354	0.312354
POS_VALIDATION_00415	14	1	0.85170436	95	-5	C	0.31080115	0.31080115
POS_VALIDATION_00415	15	1	0.85170436	154	54	C	-0.30922902	0.30922902
POS_VALIDATION_00415	16	1	0.85170436	164	64	G	-0.30707341	0.30707341
POS_VALIDATION_00415	17	1	0.85170436	135	35	G	-0.30481267	0.30481267
POS_VALIDATION_00415	18	1	0.85170436	137	37	G	-0.29783952	0.29783952
POS_VALIDATION_00415	19	1	0.85170436	125	25	C	-0.29743689	0.29743689
POS_VALIDATION_00415	20	1	0.85170436	198	98	C	-0.29582709	0.29582709
POS_VALIDATION_00415	21	1	0.85170436	106	6	G	-0.29381421	0.29381421
POS_VALIDATION_00415	22	1	0.85170436	69	-31	G	-0.27494758	0.27494758
POS_VALIDATION_00415	23	1	0.85170436	84	-16	T	-0.26773581	0.26773581
POS_VALIDATION_00415	24	1	0.85170436	153	53	G	-0.2596902	0.2596902
POS_VALIDATION_00415	25	1	0.85170436	58	-42	G	-0.25431061	0.25431061
POS_VALIDATION_00415	26	1	0.85170436	83	-17	C	0.24928072	0.24928072
POS_VALIDATION_00415	27	1	0.85170436	90	-10	C	0.2490472	0.2490472
POS_VALIDATION_00415	28	1	0.85170436	1	-99	A	0.2448656	0.2448656
POS_VALIDATION_00415	29	1	0.85170436	145	45	C	0.23888274	0.23888274
POS_VALIDATION_00415	30	1	0.85170436	96	-4	A	-0.23765609	0.23765609
POS_VALIDATION_00415	31	1	0.85170436	173	73	T	-0.23384623	0.23384623
POS_VALIDATION_00415	32	1	0.85170436	74	-26	G	-0.23153055	0.23153055
POS_VALIDATION_00415	33	1	0.85170436	109	9	G	-0.23100869	0.23100869
POS_VALIDATION_00415	34	1	0.85170436	56	-44	T	0.2225357	0.2225357
POS_VALIDATION_00415	35	1	0.85170436	129	29	G	-0.21842185	0.21842185
POS_VALIDATION_00415	36	1	0.85170436	3	-97	C	0.21819113	0.21819113
POS_VALIDATION_00415	37	1	0.85170436	101	1	G	-0.21771775	0.21771775
POS_VALIDATION_00415	38	1	0.85170436	42	-58	A	-0.21565837	0.21565837
POS_VALIDATION_00415	39	1	0.85170436	184	84	T	-0.21552002	0.21552002
POS_VALIDATION_00415	40	1	0.85170436	162	62	G	-0.2094637	0.2094637
POS_VALIDATION_00415	41	1	0.85170436	118	18	G	-0.20901138	0.20901138
POS_VALIDATION_00415	42	1	0.85170436	130	30	G	-0.20851132	0.20851132
POS_VALIDATION_00415	43	1	0.85170436	123	23	A	-0.20264176	0.20264176
POS_VALIDATION_00415	44	1	0.85170436	115	15	G	-0.20137842	0.20137842
POS_VALIDATION_00415	45	1	0.85170436	38	-62	G	-0.19914615	0.19914615
POS_VALIDATION_00415	46	1	0.85170436	114	14	G	-0.19909251	0.19909251
POS_VALIDATION_00415	47	1	0.85170436	78	-22	C	0.19839133	0.19839133
POS_VALIDATION_00415	48	1	0.85170436	72	-28	G	-0.19160934	0.19160934
POS_VALIDATION_00415	49	1	0.85170436	191	91	A	0.19113888	0.19113888
POS_VALIDATION_00415	50	1	0.85170436	105	5	G	-0.19062576	0.19062576
POS_VALIDATION_00416	1	1	0.88845128	23	-77	C	0.91565299	0.91565299
POS_VALIDATION_00416	2	1	0.88845128	42	-58	C	-0.74568653	0.74568653
POS_VALIDATION_00416	3	1	0.88845128	99	-1	C	0.60366917	0.60366917
POS_VALIDATION_00416	4	1	0.88845128	66	-34	G	-0.46395403	0.46395403
POS_VALIDATION_00416	5	1	0.88845128	190	90	C	0.43087643	0.43087643
POS_VALIDATION_00416	6	1	0.88845128	105	5	C	0.37995747	0.37995747
POS_VALIDATION_00416	7	1	0.88845128	161	61	C	0.36435449	0.36435449
POS_VALIDATION_00416	8	1	0.88845128	75	-25	C	0.3572748	0.3572748
POS_VALIDATION_00416	9	1	0.88845128	82	-18	C	0.33315584	0.33315584
POS_VALIDATION_00416	10	1	0.88845128	19	-81	C	0.33246383	0.33246383
POS_VALIDATION_00416	11	1	0.88845128	110	10	G	-0.33174866	0.33174866
POS_VALIDATION_00416	12	1	0.88845128	84	-16	C	0.32525539	0.32525539
POS_VALIDATION_00416	13	1	0.88845128	69	-31	T	-0.31478339	0.31478339
POS_VALIDATION_00416	14	1	0.88845128	140	40	G	-0.30765501	0.30765501
POS_VALIDATION_00416	15	1	0.88845128	198	98	G	-0.30292267	0.30292267
POS_VALIDATION_00416	16	1	0.88845128	25	-75	C	-0.29926413	0.29926413
POS_VALIDATION_00416	17	1	0.88845128	106	6	G	-0.23273234	0.23273234
POS_VALIDATION_00416	18	1	0.88845128	94	-6	G	-0.23060022	0.23060022
POS_VALIDATION_00416	19	1	0.88845128	26	-74	G	-0.22997606	0.22997606
POS_VALIDATION_00416	20	1	0.88845128	164	64	G	-0.22994524	0.22994524
POS_VALIDATION_00416	21	1	0.88845128	111	11	G	-0.22557086	0.22557086
POS_VALIDATION_00416	22	1	0.88845128	194	94	G	-0.22463475	0.22463475
POS_VALIDATION_00416	23	1	0.88845128	27	-73	C	0.22329664	0.22329664
POS_VALIDATION_00416	24	1	0.88845128	166	66	C	-0.20939131	0.20939131
POS_VALIDATION_00416	25	1	0.88845128	96	-4	A	-0.20161024	0.20161024
POS_VALIDATION_00416	26	1	0.88845128	172	72	T	-0.20151731	0.20151731
POS_VALIDATION_00416	27	1	0.88845128	59	-41	G	-0.1960912	0.1960912
POS_VALIDATION_00416	28	1	0.88845128	89	-11	C	0.19066454	0.19066454
POS_VALIDATION_00416	29	1	0.88845128	74	-26	C	0.18751092	0.18751092
POS_VALIDATION_00416	30	1	0.88845128	1	-99	A	0.18207644	0.18207644
POS_VALIDATION_00416	31	1	0.88845128	173	73	A	-0.18149149	0.18149149
POS_VALIDATION_00416	32	1	0.88845128	98	-2	G	-0.17942704	0.17942704
POS_VALIDATION_00416	33	1	0.88845128	11	-89	G	-0.17939688	0.17939688
POS_VALIDATION_00416	34	1	0.88845128	83	-17	C	0.17479385	0.17479385
POS_VALIDATION_00416	35	1	0.88845128	2	-98	A	-0.16643	0.16643
POS_VALIDATION_00416	36	1	0.88845128	193	93	G	-0.16374554	0.16374554
POS_VALIDATION_00416	37	1	0.88845128	58	-42	G	-0.16313171	0.16313171
POS_VALIDATION_00416	38	1	0.88845128	21	-79	A	-0.16256523	0.16256523
POS_VALIDATION_00416	39	1	0.88845128	113	13	T	-0.16189875	0.16189875
POS_VALIDATION_00416	40	1	0.88845128	37	-63	T	-0.15798464	0.15798464
POS_VALIDATION_00416	41	1	0.88845128	154	54	G	-0.15538022	0.15538022
POS_VALIDATION_00416	42	1	0.88845128	153	53	G	-0.15027691	0.15027691
POS_VALIDATION_00416	43	1	0.88845128	126	26	G	0.14734334	0.14734334
POS_VALIDATION_00416	44	1	0.88845128	8	-92	T	-0.1464413	0.1464413
POS_VALIDATION_00416	45	1	0.88845128	97	-3	G	-0.14266042	0.14266042
POS_VALIDATION_00416	46	1	0.88845128	130	30	T	-0.13873914	0.13873914
POS_VALIDATION_00416	47	1	0.88845128	167	67	T	-0.13858718	0.13858718
POS_VALIDATION_00416	48	1	0.88845128	150	50	C	0.13814642	0.13814642
POS_VALIDATION_00416	49	1	0.88845128	77	-23	G	-0.13681376	0.13681376
POS_VALIDATION_00416	50	1	0.88845128	107	7	G	-0.13437715	0.13437715
POS_VALIDATION_00417	1	1	0.91022706	45	-55	G	-0.84311587	0.84311587
POS_VALIDATION_00417	2	1	0.91022706	69	-31	C	0.83199596	0.83199596
POS_VALIDATION_00417	3	1	0.91022706	96	-4	C	0.79007745	0.79007745
POS_VALIDATION_00417	4	1	0.91022706	181	81	G	-0.78652805	0.78652805
POS_VALIDATION_00417	5	1	0.91022706	1	-99	C	0.74304509	0.74304509
POS_VALIDATION_00417	6	1	0.91022706	161	61	A	-0.717884	0.717884
POS_VALIDATION_00417	7	1	0.91022706	191	91	C	0.6671682	0.6671682
POS_VALIDATION_00417	8	1	0.91022706	111	11	G	-0.62557685	0.62557685
POS_VALIDATION_00417	9	1	0.91022706	99	-1	C	0.62280864	0.62280864
POS_VALIDATION_00417	10	1	0.91022706	41	-59	G	-0.45354521	0.45354521
POS_VALIDATION_00417	11	1	0.91022706	129	29	C	0.44081318	0.44081318
POS_VALIDATION_00417	12	1	0.91022706	187	87	C	0.42782673	0.42782673
POS_VALIDATION_00417	13	1	0.91022706	32	-68	G	-0.42195308	0.42195308
POS_VALIDATION_00417	14	1	0.91022706	171	71	G	-0.41981074	0.41981074
POS_VALIDATION_00417	15	1	0.91022706	35	-65	G	-0.39966467	0.39966467
POS_VALIDATION_00417	16	1	0.91022706	106	6	C	0.37836456	0.37836456
POS_VALIDATION_00417	17	1	0.91022706	184	84	G	-0.35248381	0.35248381
POS_VALIDATION_00417	18	1	0.91022706	0	-100	G	-0.3488965	0.3488965
POS_VALIDATION_00417	19	1	0.91022706	119	19	C	0.34546578	0.34546578
POS_VALIDATION_00417	20	1	0.91022706	109	9	G	-0.34149009	0.34149009
POS_VALIDATION_00417	21	1	0.91022706	71	-29	C	0.33904347	0.33904347
POS_VALIDATION_00417	22	1	0.91022706	151	51	T	-0.32657108	0.32657108
POS_VALIDATION_00417	23	1	0.91022706	40	-60	G	-0.32291362	0.32291362
POS_VALIDATION_00417	24	1	0.91022706	80	-20	G	-0.32090506	0.32090506
POS_VALIDATION_00417	25	1	0.91022706	143	43	C	0.31398594	0.31398594
POS_VALIDATION_00417	26	1	0.91022706	135	35	G	-0.31070155	0.31070155
POS_VALIDATION_00417	27	1	0.91022706	123	23	C	0.30700943	0.30700943
POS_VALIDATION_00417	28	1	0.91022706	68	-32	G	-0.30574548	0.30574548
POS_VALIDATION_00417	29	1	0.91022706	75	-25	G	-0.29848188	0.29848188
POS_VALIDATION_00417	30	1	0.91022706	120	20	C	0.29290307	0.29290307
POS_VALIDATION_00417	31	1	0.91022706	138	38	G	-0.28867215	0.28867215
POS_VALIDATION_00417	32	1	0.91022706	194	94	G	-0.28553072	0.28553072
POS_VALIDATION_00417	33	1	0.91022706	59	-41	G	-0.267865	0.267865
POS_VALIDATION_00417	34	1	0.91022706	74	-26	T	-0.26061526	0.26061526
POS_VALIDATION_00417	35	1	0.91022706	79	-21	G	-0.255849	0.255849
POS_VALIDATION_00417	36	1	0.91022706	98	-2	C	0.25213137	0.25213137
POS_VALIDATION_00417	37	1	0.91022706	172	72	C	-0.25115457	0.25115457
POS_VALIDATION_00417	38	1	0.91022706	177	77	C	0.24956584	0.24956584
POS_VALIDATION_00417	39	1	0.91022706	174	74	G	-0.24779895	0.24779895
POS_VALIDATION_00417	40	1	0.91022706	90	-10	G	-0.24754253	0.24754253
POS_VALIDATION_00417	41	1	0.91022706	132	32	C	0.23937334	0.23937334
POS_VALIDATION_00417	42	1	0.91022706	77	-23	G	-0.23917656	0.23917656
POS_VALIDATION_00417	43	1	0.91022706	170	70	A	0.2312232	0.2312232
POS_VALIDATION_00417	44	1	0.91022706	117	17	G	-0.2270664	0.2270664
POS_VALIDATION_00417	45	1	0.91022706	104	4	G	-0.22589149	0.22589149
POS_VALIDATION_00417	46	1	0.91022706	24	-76	C	0.22446027	0.22446027
POS_VALIDATION_00417	47	1	0.91022706	43	-57	G	-0.22411256	0.22411256
POS_VALIDATION_00417	48	1	0.91022706	176	76	G	-0.22388163	0.22388163
POS_VALIDATION_00417	49	1	0.91022706	113	13	T	-0.220763	0.220763
POS_VALIDATION_00417	50	1	0.91022706	12	-88	G	-0.2166166	0.2166166
POS_VALIDATION_00418	1	1	0.83247137	42	-58	C	-0.91586804	0.91586804
POS_VALIDATION_00418	2	1	0.83247137	23	-77	C	0.66284257	0.66284257
POS_VALIDATION_00418	3	1	0.83247137	45	-55	G	-0.62446755	0.62446755
POS_VALIDATION_00418	4	1	0.83247137	66	-34	G	-0.60895538	0.60895538
POS_VALIDATION_00418	5	1	0.83247137	190	90	C	0.51579911	0.51579911
POS_VALIDATION_00418	6	1	0.83247137	35	-65	G	-0.49103084	0.49103084
POS_VALIDATION_00418	7	1	0.83247137	178	78	C	0.46872023	0.46872023
POS_VALIDATION_00418	8	1	0.83247137	105	5	C	0.45695901	0.45695901
POS_VALIDATION_00418	9	1	0.83247137	84	-16	C	0.43522424	0.43522424
POS_VALIDATION_00418	10	1	0.83247137	109	9	C	0.43306753	0.43306753
POS_VALIDATION_00418	11	1	0.83247137	51	-49	C	0.43144059	0.43144059
POS_VALIDATION_00418	12	1	0.83247137	198	98	G	-0.43045855	0.43045855
POS_VALIDATION_00418	13	1	0.83247137	87	-13	G	-0.3790006	0.3790006
POS_VALIDATION_00418	14	1	0.83247137	129	29	C	0.37477911	0.37477911
POS_VALIDATION_00418	15	1	0.83247137	32	-68	G	-0.35364905	0.35364905
POS_VALIDATION_00418	16	1	0.83247137	93	-7	A	-0.33678463	0.33678463
POS_VALIDATION_00418	17	1	0.83247137	96	-4	A	-0.3329792	0.3329792
POS_VALIDATION_00418	18	1	0.83247137	173	73	C	0.31632549	0.31632549
POS_VALIDATION_00418	19	1	0.83247137	75	-25	G	-0.31385449	0.31385449
POS_VALIDATION_00418	20	1	0.83247137	56	-44	A	0.31369397	0.31369397
POS_VALIDATION_00418	21	1	0.83247137	26	-74	G	-0.3064712	0.3064712
POS_VALIDATION_00418	22	1	0.83247137	126	26	A	-0.28663445	0.28663445
POS_VALIDATION_00418	23	1	0.83247137	0	-100	C	0.28317291	0.28317291
POS_VALIDATION_00418	24	1	0.83247137	196	96	G	-0.26885986	0.26885986
POS_VALIDATION_00418	25	1	0.83247137	90	-10	G	-0.26511785	0.26511785
POS_VALIDATION_00418	26	1	0.83247137	167	67	G	-0.2534498	0.2534498
POS_VALIDATION_00418	27	1	0.83247137	161	61	G	-0.24840331	0.24840331
POS_VALIDATION_00418	28	1	0.83247137	2	-98	A	-0.24163991	0.24163991
POS_VALIDATION_00418	29	1	0.83247137	166	66	G	-0.23337007	0.23337007
POS_VALIDATION_00418	30	1	0.83247137	67	-33	C	0.23120642	0.23120642
POS_VALIDATION_00418	31	1	0.83247137	187	87	C	0.22807394	0.22807394
POS_VALIDATION_00418	32	1	0.83247137	52	-48	C	-0.22653197	0.22653197
POS_VALIDATION_00418	33	1	0.83247137	94	-6	G	-0.22601061	0.22601061
POS_VALIDATION_00418	34	1	0.83247137	54	-46	G	-0.224544	0.224544
POS_VALIDATION_00418	35	1	0.83247137	184	84	T	-0.21805575	0.21805575
POS_VALIDATION_00418	36	1	0.83247137	99	-1	T	0.21651044	0.21651044
POS_VALIDATION_00418	37	1	0.83247137	106	6	C	0.21539699	0.21539699
POS_VALIDATION_00418	38	1	0.83247137	74	-26	G	-0.20655356	0.20655356
POS_VALIDATION_00418	39	1	0.83247137	160	60	G	-0.20587116	0.20587116
POS_VALIDATION_00418	40	1	0.83247137	136	36	C	0.20370276	0.20370276
POS_VALIDATION_00418	41	1	0.83247137	29	-71	G	-0.20114753	0.20114753
POS_VALIDATION_00418	42	1	0.83247137	132	32	G	-0.20053495	0.20053495
POS_VALIDATION_00418	43	1	0.83247137	150	50	A	0.19922556	0.19922556
POS_VALIDATION_00418	44	1	0.83247137	162	62	G	-0.1980487	0.1980487
POS_VALIDATION_00418	45	1	0.83247137	5	-95	T	0.18684919	0.18684919
POS_VALIDATION_00418	46	1	0.83247137	163	63	C	0.18669683	0.18669683
POS_VALIDATION_00418	47	1	0.83247137	69	-31	G	-0.17632982	0.17632982
POS_VALIDATION_00418	48	1	0.83247137	62	-38	G	-0.17342584	0.17342584
POS_VALIDATION_00418	49	1	0.83247137	153	53	A	0.16577858	0.16577858
POS_VALIDATION_00418	50	1	0.83247137	8	-92	A	-0.16553453	0.16553453
POS_VALIDATION_00422	1	1	0.89034224	113	13	C	1.072062	1.072062
POS_VALIDATION_00422	2	1	0.89034224	42	-58	C	-0.96100086	0.96100086
POS_VALIDATION_00422	3	1	0.89034224	120	20	G	-0.54083121	0.54083121
POS_VALIDATION_00422	4	1	0.89034224	66	-34	G	-0.52028179	0.52028179
POS_VALIDATION_00422	5	1	0.89034224	36	-64	C	0.51651818	0.51651818
POS_VALIDATION_00422	6	1	0.89034224	110	10	G	-0.49617812	0.49617812
POS_VALIDATION_00422	7	1	0.89034224	23	-77	C	0.45603514	0.45603514
POS_VALIDATION_00422	8	1	0.89034224	101	1	C	-0.43285534	0.43285534
POS_VALIDATION_00422	9	1	0.89034224	45	-55	G	-0.40992716	0.40992716
POS_VALIDATION_00422	10	1	0.89034224	161	61	C	0.36977923	0.36977923
POS_VALIDATION_00422	11	1	0.89034224	139	39	C	-0.34441161	0.34441161
POS_VALIDATION_00422	12	1	0.89034224	75	-25	T	-0.30802065	0.30802065
POS_VALIDATION_00422	13	1	0.89034224	167	67	C	0.30330461	0.30330461
POS_VALIDATION_00422	14	1	0.89034224	99	-1	C	0.29578561	0.29578561
POS_VALIDATION_00422	15	1	0.89034224	26	-74	G	-0.2723996	0.2723996
POS_VALIDATION_00422	16	1	0.89034224	87	-13	G	-0.27157697	0.27157697
POS_VALIDATION_00422	17	1	0.89034224	105	5	C	0.26488072	0.26488072
POS_VALIDATION_00422	18	1	0.89034224	2	-98	A	-0.2532244	0.2532244
POS_VALIDATION_00422	19	1	0.89034224	164	64	G	-0.25262848	0.25262848
POS_VALIDATION_00422	20	1	0.89034224	5	-95	C	-0.2388228	0.2388228
POS_VALIDATION_00422	21	1	0.89034224	0	-100	A	0.23443007	0.23443007
POS_VALIDATION_00422	22	1	0.89034224	68	-32	G	-0.23377575	0.23377575
POS_VALIDATION_00422	23	1	0.89034224	170	70	C	0.22833347	0.22833347
POS_VALIDATION_00422	24	1	0.89034224	16	-84	G	-0.21592396	0.21592396
POS_VALIDATION_00422	25	1	0.89034224	56	-44	A	0.21505398	0.21505398
POS_VALIDATION_00422	26	1	0.89034224	25	-75	G	-0.20076144	0.20076144
POS_VALIDATION_00422	27	1	0.89034224	141	41	T	-0.19906449	0.19906449
POS_VALIDATION_00422	28	1	0.89034224	3	-97	C	0.18687455	0.18687455
POS_VALIDATION_00422	29	1	0.89034224	174	74	G	-0.18303469	0.18303469
POS_VALIDATION_00422	30	1	0.89034224	10	-90	G	-0.18005651	0.18005651
POS_VALIDATION_00422	31	1	0.89034224	59	-41	T	-0.17786559	0.17786559
POS_VALIDATION_00422	32	1	0.89034224	90	-10	C	0.17656541	0.17656541
POS_VALIDATION_00422	33	1	0.89034224	162	62	G	-0.17623794	0.17623794
POS_VALIDATION_00422	34	1	0.89034224	173	73	T	-0.1677179	0.1677179
POS_VALIDATION_00422	35	1	0.89034224	143	43	A	-0.16495241	0.16495241
POS_VALIDATION_00422	36	1	0.89034224	54	-46	G	-0.16291794	0.16291794
POS_VALIDATION_00422	37	1	0.89034224	109	9	C	0.15346953	0.15346953
POS_VALIDATION_00422	38	1	0.89034224	147	47	G	-0.1523677	0.1523677
POS_VALIDATION_00422	39	1	0.89034224	129	29	G	-0.1513259	0.1513259
POS_VALIDATION_00422	40	1	0.89034224	181	81	C	0.15104817	0.15104817
POS_VALIDATION_00422	41	1	0.89034224	179	79	G	-0.14692418	0.14692418
POS_VALIDATION_00422	42	1	0.89034224	86	-14	T	0.14690739	0.14690739
POS_VALIDATION_00422	43	1	0.89034224	166	66	G	-0.14657825	0.14657825
POS_VALIDATION_00422	44	1	0.89034224	160	60	G	-0.14577997	0.14577997
POS_VALIDATION_00422	45	1	0.89034224	74	-26	G	-0.14422461	0.14422461
POS_VALIDATION_00422	46	1	0.89034224	151	51	G	-0.14398171	0.14398171
POS_VALIDATION_00422	47	1	0.89034224	112	12	C	0.14082685	0.14082685
POS_VALIDATION_00422	48	1	0.89034224	69	-31	A	-0.1402624	0.1402624
POS_VALIDATION_00422	49	1	0.89034224	97	-3	G	-0.13984931	0.13984931
POS_VALIDATION_00422	50	1	0.89034224	44	-56	G	-0.13819285	0.13819285
POS_VALIDATION_00423	1	1	0.88518697	113	13	C	1.0154551	1.0154551
POS_VALIDATION_00423	2	1	0.88518697	198	98	G	-0.69700021	0.69700021
POS_VALIDATION_00423	3	1	0.88518697	120	20	G	-0.55339563	0.55339563
POS_VALIDATION_00423	4	1	0.88518697	161	61	C	0.50674224	0.50674224
POS_VALIDATION_00423	5	1	0.88518697	148	48	G	-0.4875595	0.4875595
POS_VALIDATION_00423	6	1	0.88518697	99	-1	C	0.48296139	0.48296139
POS_VALIDATION_00423	7	1	0.88518697	57	-43	G	-0.46456671	0.46456671
POS_VALIDATION_00423	8	1	0.88518697	40	-60	G	-0.40025613	0.40025613
POS_VALIDATION_00423	9	1	0.88518697	196	96	C	0.3866688	0.3866688
POS_VALIDATION_00423	10	1	0.88518697	76	-24	C	0.38196641	0.38196641
POS_VALIDATION_00423	11	1	0.88518697	170	70	C	0.3720251	0.3720251
POS_VALIDATION_00423	12	1	0.88518697	160	60	G	-0.35226095	0.35226095
POS_VALIDATION_00423	13	1	0.88518697	84	-16	T	-0.35174993	0.35174993
POS_VALIDATION_00423	14	1	0.88518697	106	6	G	-0.33988982	0.33988982
POS_VALIDATION_00423	15	1	0.88518697	25	-75	C	-0.33971274	0.33971274
POS_VALIDATION_00423	16	1	0.88518697	190	90	C	0.33492169	0.33492169
POS_VALIDATION_00423	17	1	0.88518697	138	38	G	-0.32065672	0.32065672
POS_VALIDATION_00423	18	1	0.88518697	185	85	G	-0.30106708	0.30106708
POS_VALIDATION_00423	19	1	0.88518697	109	9	C	0.29171953	0.29171953
POS_VALIDATION_00423	20	1	0.88518697	141	41	T	-0.28581077	0.28581077
POS_VALIDATION_00423	21	1	0.88518697	59	-41	G	-0.27660543	0.27660543
POS_VALIDATION_00423	22	1	0.88518697	194	94	G	-0.27409208	0.27409208
POS_VALIDATION_00423	23	1	0.88518697	2	-98	G	-0.27350116	0.27350116
POS_VALIDATION_00423	24	1	0.88518697	56	-44	T	0.27076188	0.27076188
POS_VALIDATION_00423	25	1	0.88518697	58	-42	G	-0.26405898	0.26405898
POS_VALIDATION_00423	26	1	0.88518697	115	15	G	-0.25920051	0.25920051
POS_VALIDATION_00423	27	1	0.88518697	75	-25	T	-0.25134113	0.25134113
POS_VALIDATION_00423	28	1	0.88518697	153	53	C	0.25057125	0.25057125
POS_VALIDATION_00423	29	1	0.88518697	112	12	C	0.25029385	0.25029385
POS_VALIDATION_00423	30	1	0.88518697	12	-88	G	-0.24463697	0.24463697
POS_VALIDATION_00423	31	1	0.88518697	16	-84	G	-0.23896241	0.23896241
POS_VALIDATION_00423	32	1	0.88518697	69	-31	T	-0.2334885	0.2334885
POS_VALIDATION_00423	33	1	0.88518697	11	-89	G	-0.22950919	0.22950919
POS_VALIDATION_00423	34	1	0.88518697	137	37	G	-0.22697879	0.22697879
POS_VALIDATION_00423	35	1	0.88518697	166	66	C	-0.20567712	0.20567712
POS_VALIDATION_00423	36	1	0.88518697	35	-65	A	0.19622456	0.19622456
POS_VALIDATION_00423	37	1	0.88518697	104	4	G	-0.19419247	0.19419247
POS_VALIDATION_00423	38	1	0.88518697	8	-92	A	-0.19155876	0.19155876
POS_VALIDATION_00423	39	1	0.88518697	145	45	G	-0.18852852	0.18852852
POS_VALIDATION_00423	40	1	0.88518697	6	-94	T	-0.18769765	0.18769765
POS_VALIDATION_00423	41	1	0.88518697	95	-5	C	0.18036552	0.18036552
POS_VALIDATION_00423	42	1	0.88518697	54	-46	G	-0.17688802	0.17688802
POS_VALIDATION_00423	43	1	0.88518697	31	-69	G	-0.17273547	0.17273547
POS_VALIDATION_00423	44	1	0.88518697	183	83	G	-0.1717737	0.1717737
POS_VALIDATION_00423	45	1	0.88518697	74	-26	G	-0.17054632	0.17054632
POS_VALIDATION_00423	46	1	0.88518697	98	-2	C	0.1696841	0.1696841
POS_VALIDATION_00423	47	1	0.88518697	37	-63	T	-0.16750354	0.16750354
POS_VALIDATION_00423	48	1	0.88518697	101	1	C	-0.1666123	0.1666123
POS_VALIDATION_00423	49	1	0.88518697	154	54	C	-0.16554734	0.16554734
POS_VALIDATION_00423	50	1	0.88518697	62	-38	T	-0.16205846	0.16205846
POS_VALIDATION_00424	1	1	0.91628492	23	-77	C	0.83627629	0.83627629
POS_VALIDATION_00424	2	1	0.91628492	96	-4	C	0.80047047	0.80047047
POS_VALIDATION_00424	3	1	0.91628492	47	-53	G	-0.54816294	0.54816294
POS_VALIDATION_00424	4	1	0.91628492	198	98	G	-0.46996954	0.46996954
POS_VALIDATION_00424	5	1	0.91628492	110	10	G	-0.4370546	0.4370546
POS_VALIDATION_00424	6	1	0.91628492	161	61	C	0.40607166	0.40607166
POS_VALIDATION_00424	7	1	0.91628492	191	91	C	0.40273982	0.40273982
POS_VALIDATION_00424	8	1	0.91628492	123	23	A	-0.3827675	0.3827675
POS_VALIDATION_00424	9	1	0.91628492	35	-65	G	-0.34964147	0.34964147
POS_VALIDATION_00424	10	1	0.91628492	140	40	G	-0.32998312	0.32998312
POS_VALIDATION_00424	11	1	0.91628492	105	5	C	0.32018334	0.32018334
POS_VALIDATION_00424	12	1	0.91628492	109	9	C	0.32003438	0.32003438
POS_VALIDATION_00424	13	1	0.91628492	26	-74	G	-0.27084327	0.27084327
POS_VALIDATION_00424	14	1	0.91628492	25	-75	G	-0.25881124	0.25881124
POS_VALIDATION_00424	15	1	0.91628492	116	16	G	-0.24682423	0.24682423
POS_VALIDATION_00424	16	1	0.91628492	113	13	T	-0.23537244	0.23537244
POS_VALIDATION_00424	17	1	0.91628492	132	32	G	-0.23252928	0.23252928
POS_VALIDATION_00424	18	1	0.91628492	115	15	G	-0.23198229	0.23198229
POS_VALIDATION_00424	19	1	0.91628492	32	-68	T	-0.22652239	0.22652239
POS_VALIDATION_00424	20	1	0.91628492	66	-34	T	-0.22646315	0.22646315
POS_VALIDATION_00424	21	1	0.91628492	0	-100	A	0.2263397	0.2263397
POS_VALIDATION_00424	22	1	0.91628492	75	-25	C	0.2212289	0.2212289
POS_VALIDATION_00424	23	1	0.91628492	160	60	G	-0.21888252	0.21888252
POS_VALIDATION_00424	24	1	0.91628492	56	-44	T	0.20425893	0.20425893
POS_VALIDATION_00424	25	1	0.91628492	196	96	G	-0.19975679	0.19975679
POS_VALIDATION_00424	26	1	0.91628492	153	53	G	-0.19840877	0.19840877
POS_VALIDATION_00424	27	1	0.91628492	68	-32	G	-0.19763863	0.19763863
POS_VALIDATION_00424	28	1	0.91628492	71	-29	C	0.19758731	0.19758731
POS_VALIDATION_00424	29	1	0.91628492	90	-10	C	0.19581303	0.19581303
POS_VALIDATION_00424	30	1	0.91628492	167	67	G	-0.1954048	0.1954048
POS_VALIDATION_00424	31	1	0.91628492	7	-93	G	-0.19266954	0.19266954
POS_VALIDATION_00424	32	1	0.91628492	99	-1	G	-0.18834439	0.18834439
POS_VALIDATION_00424	33	1	0.91628492	193	93	G	-0.1877737	0.1877737
POS_VALIDATION_00424	34	1	0.91628492	59	-41	C	-0.18323354	0.18323354
POS_VALIDATION_00424	35	1	0.91628492	98	-2	G	-0.18304512	0.18304512
POS_VALIDATION_00424	36	1	0.91628492	152	52	C	0.18135117	0.18135117
POS_VALIDATION_00424	37	1	0.91628492	127	27	T	0.17844288	0.17844288
POS_VALIDATION_00424	38	1	0.91628492	21	-79	A	-0.17810076	0.17810076
POS_VALIDATION_00424	39	1	0.91628492	54	-46	G	-0.17455974	0.17455974
POS_VALIDATION_00424	40	1	0.91628492	149	49	C	0.16988346	0.16988346
POS_VALIDATION_00424	41	1	0.91628492	55	-45	G	-0.16883549	0.16883549
POS_VALIDATION_00424	42	1	0.91628492	121	21	C	0.16666038	0.16666038
POS_VALIDATION_00424	43	1	0.91628492	117	17	C	-0.16651917	0.16651917
POS_VALIDATION_00424	44	1	0.91628492	53	-47	G	-0.16552147	0.16552147
POS_VALIDATION_00424	45	1	0.91628492	74	-26	G	-0.16347307	0.16347307
POS_VALIDATION_00424	46	1	0.91628492	69	-31	G	-0.16322842	0.16322842
POS_VALIDATION_00424	47	1	0.91628492	2	-98	T	-0.16126442	0.16126442
POS_VALIDATION_00424	48	1	0.91628492	131	31	G	-0.16096672	0.16096672
POS_VALIDATION_00424	49	1	0.91628492	77	-23	G	-0.16079853	0.16079853
POS_VALIDATION_00424	50	1	0.91628492	61	-39	C	0.15797588	0.15797588
POS_VALIDATION_00426	1	1	0.78324115	195	95	G	-1.4414368	1.4414368
POS_VALIDATION_00426	2	1	0.78324115	1	-99	C	0.97799349	0.97799349
POS_VALIDATION_00426	3	1	0.78324115	181	81	G	-0.9569822	0.9569822
POS_VALIDATION_00426	4	1	0.78324115	47	-53	G	-0.81241739	0.81241739
POS_VALIDATION_00426	5	1	0.78324115	161	61	C	0.655074	0.655074
POS_VALIDATION_00426	6	1	0.78324115	110	10	G	-0.62571245	0.62571245
POS_VALIDATION_00426	7	1	0.78324115	32	-68	G	-0.52741361	0.52741361
POS_VALIDATION_00426	8	1	0.78324115	99	-1	C	0.52347201	0.52347201
POS_VALIDATION_00426	9	1	0.78324115	90	-10	C	0.4856855	0.4856855
POS_VALIDATION_00426	10	1	0.78324115	139	39	C	0.43675309	0.43675309
POS_VALIDATION_00426	11	1	0.78324115	55	-45	G	-0.41036743	0.41036743
POS_VALIDATION_00426	12	1	0.78324115	106	6	G	-0.39891642	0.39891642
POS_VALIDATION_00426	13	1	0.78324115	111	11	G	-0.39048493	0.39048493
POS_VALIDATION_00426	14	1	0.78324115	167	67	G	-0.36686397	0.36686397
POS_VALIDATION_00426	15	1	0.78324115	89	-11	C	0.34732366	0.34732366
POS_VALIDATION_00426	16	1	0.78324115	95	-5	C	0.33543047	0.33543047
POS_VALIDATION_00426	17	1	0.78324115	143	43	C	0.3297649	0.3297649
POS_VALIDATION_00426	18	1	0.78324115	129	29	C	0.32455719	0.32455719
POS_VALIDATION_00426	19	1	0.78324115	101	1	A	-0.32066631	0.32066631
POS_VALIDATION_00426	20	1	0.78324115	98	-2	C	0.30574921	0.30574921
POS_VALIDATION_00426	21	1	0.78324115	119	19	G	-0.29810655	0.29810655
POS_VALIDATION_00426	22	1	0.78324115	125	25	G	-0.29533732	0.29533732
POS_VALIDATION_00426	23	1	0.78324115	67	-33	C	0.29447094	0.29447094
POS_VALIDATION_00426	24	1	0.78324115	0	-100	C	0.29431158	0.29431158
POS_VALIDATION_00426	25	1	0.78324115	120	20	C	0.28751126	0.28751126
POS_VALIDATION_00426	26	1	0.78324115	56	-44	G	-0.28730538	0.28730538
POS_VALIDATION_00426	27	1	0.78324115	82	-18	C	0.28680551	0.28680551
POS_VALIDATION_00426	28	1	0.78324115	77	-23	G	-0.28448042	0.28448042
POS_VALIDATION_00426	29	1	0.78324115	169	69	C	0.27905348	0.27905348
POS_VALIDATION_00426	30	1	0.78324115	43	-57	G	-0.27845001	0.27845001
POS_VALIDATION_00426	31	1	0.78324115	138	38	G	-0.27560282	0.27560282
POS_VALIDATION_00426	32	1	0.78324115	104	4	G	-0.27417791	0.27417791
POS_VALIDATION_00426	33	1	0.78324115	163	63	C	0.2720474	0.2720474
POS_VALIDATION_00426	34	1	0.78324115	174	74	G	-0.27163357	0.27163357
POS_VALIDATION_00426	35	1	0.78324115	196	96	G	-0.26785341	0.26785341
POS_VALIDATION_00426	36	1	0.78324115	171	71	G	-0.26078558	0.26078558
POS_VALIDATION_00426	37	1	0.78324115	83	-17	C	0.25940621	0.25940621
POS_VALIDATION_00426	38	1	0.78324115	71	-29	C	0.25508943	0.25508943
POS_VALIDATION_00426	39	1	0.78324115	58	-42	C	0.25113091	0.25113091
POS_VALIDATION_00426	40	1	0.78324115	14	-86	T	-0.24417835	0.24417835
POS_VALIDATION_00426	41	1	0.78324115	35	-65	T	0.23955303	0.23955303
POS_VALIDATION_00426	42	1	0.78324115	178	78	G	-0.23803756	0.23803756
POS_VALIDATION_00426	43	1	0.78324115	64	-36	C	0.23794657	0.23794657
POS_VALIDATION_00426	44	1	0.78324115	109	9	G	-0.23685306	0.23685306
POS_VALIDATION_00426	45	1	0.78324115	74	-26	C	0.23568979	0.23568979
POS_VALIDATION_00426	46	1	0.78324115	25	-75	G	-0.2286081	0.2286081
POS_VALIDATION_00426	47	1	0.78324115	69	-31	G	-0.22526589	0.22526589
POS_VALIDATION_00426	48	1	0.78324115	136	36	C	0.22264296	0.22264296
POS_VALIDATION_00426	49	1	0.78324115	6	-94	T	-0.21911943	0.21911943
POS_VALIDATION_00426	50	1	0.78324115	176	76	G	-0.2151345	0.2151345
